# Blender 5.0.1
# www.blender.org
mtllib Auto.mtl
g glass_1_glass_1
v -21.783730 58.112053 -19.840506
v -21.783730 58.112053 -17.996132
v -21.783730 58.112053 -16.151758
v -21.783730 58.112053 -14.307386
v -21.783730 58.112053 -12.463014
v -21.783733 58.112053 -10.618641
v -21.783733 58.112053 -8.774268
v -21.783733 58.112053 -6.929895
v -21.783733 58.112053 -5.085523
v -21.783733 58.112053 -3.241150
v -21.783733 58.112053 -1.396777
v -21.783733 58.112053 0.447596
v -21.783733 58.112053 2.291968
v -21.783733 58.112053 4.136341
v -21.783733 58.112053 5.980714
v -21.783733 58.112053 7.825087
v -21.783733 58.112057 9.669459
v -21.783733 58.112057 11.513833
v -21.783733 58.112057 13.358205
v -21.783733 58.112057 15.202578
v -21.783733 58.112057 17.046951
v -21.783730 57.359451 -19.840506
v -21.783730 57.359451 -17.996132
v -21.783730 57.359451 -16.151758
v -21.783730 57.359451 -14.307386
v -21.783730 57.359451 -12.463014
v -21.783733 57.359451 -10.618641
v -21.783733 57.359451 -8.774268
v -21.783733 57.359455 -6.929895
v -21.783733 57.359455 -5.085523
v -21.783733 57.359455 -3.241150
v -21.783733 57.359455 -1.396777
v -21.783733 57.359455 0.447596
v -21.783733 57.359455 2.291969
v -21.783733 57.359455 4.136341
v -21.783733 57.359455 5.980714
v -21.783733 57.359455 7.825087
v -21.783733 57.359455 9.669459
v -21.783733 57.359455 11.513833
v -21.783733 57.359455 13.358205
v -21.783733 57.359455 15.202578
v -21.783733 57.359455 17.046951
v -21.783730 56.606853 -19.840506
v -21.783730 56.606853 -17.996132
v -21.783730 56.606853 -16.151758
v -21.783730 56.606853 -14.307386
v -21.783730 56.606853 -12.463014
v -21.783733 56.606853 -10.618641
v -21.783733 56.606853 -8.774268
v -21.783733 56.606853 -6.929895
v -21.783733 56.606853 -5.085523
v -21.783733 56.606853 -3.241150
v -21.783733 56.606853 -1.396777
v -21.783733 56.606853 0.447596
v -21.783733 56.606853 2.291969
v -21.783733 56.606853 4.136342
v -21.783733 56.606853 5.980714
v -21.783733 56.606853 7.825087
v -21.783733 56.606853 9.669459
v -21.783733 56.606853 11.513833
v -21.783733 56.606853 13.358205
v -21.783733 56.606853 15.202579
v -21.783733 56.606853 17.046951
v -21.783730 55.854252 -19.840506
v -21.783730 55.854252 -17.996132
v -21.783730 55.854252 -16.151758
v -21.783730 55.854252 -14.307386
v -21.783730 55.854252 -12.463014
v -21.783733 55.854252 -10.618641
v -21.783733 55.854252 -8.774268
v -21.783733 55.854252 -6.929895
v -21.783733 55.854252 -5.085523
v -21.783733 55.854252 -3.241150
v -21.783733 55.854252 -1.396777
v -21.783733 55.854252 0.447596
v -21.783733 55.854252 2.291969
v -21.783733 55.854252 4.136342
v -21.783733 55.854252 5.980714
v -21.783733 55.854252 7.825087
v -21.783733 55.854252 9.669459
v -21.783733 55.854252 11.513833
v -21.783733 55.854256 13.358205
v -21.783733 55.854256 15.202579
v -21.783733 55.854256 17.046951
v -21.783730 55.101650 -19.840506
v -21.783730 55.101650 -17.996132
v -21.783730 55.101650 -16.151758
v -21.783730 55.101650 -14.307386
v -21.783730 55.101650 -12.463014
v -21.783733 55.101650 -10.618641
v -21.783733 55.101650 -8.774268
v -21.783733 55.101650 -6.929895
v -21.783733 55.101654 -5.085523
v -21.783733 55.101654 -3.241150
v -21.783733 55.101654 -1.396777
v -21.783733 55.101654 0.447596
v -21.783733 55.101654 2.291969
v -21.783733 55.101654 4.136342
v -21.783733 55.101654 5.980714
v -21.783733 55.101654 7.825087
v -21.783733 55.101654 9.669459
v -21.783733 55.101654 11.513833
v -21.783733 55.101654 13.358205
v -21.783733 55.101654 15.202579
v -21.783733 55.101654 17.046951
v -21.783730 54.349052 -19.840504
v -21.783730 54.349052 -17.996130
v -21.783730 54.349052 -16.151756
v -21.783730 54.349052 -14.307386
v -21.783730 54.349052 -12.463014
v -21.783733 54.349052 -10.618641
v -21.783733 54.349052 -8.774268
v -21.783733 54.349052 -6.929895
v -21.783733 54.349052 -5.085523
v -21.783733 54.349052 -3.241150
v -21.783733 54.349052 -1.396777
v -21.783733 54.349052 0.447596
v -21.783733 54.349052 2.291969
v -21.783733 54.349052 4.136342
v -21.783733 54.349052 5.980714
v -21.783733 54.349052 7.825088
v -21.783733 54.349052 9.669459
v -21.783733 54.349052 11.513833
v -21.783733 54.349052 13.358205
v -21.783733 54.349052 15.202579
v -21.783733 54.349052 17.046953
v -21.783730 53.596451 -19.840504
v -21.783730 53.596451 -17.996130
v -21.783730 53.596451 -16.151756
v -21.783730 53.596451 -14.307386
v -21.783730 53.596451 -12.463014
v -21.783733 53.596451 -10.618641
v -21.783733 53.596451 -8.774268
v -21.783733 53.596451 -6.929895
v -21.783733 53.596451 -5.085523
v -21.783733 53.596451 -3.241150
v -21.783733 53.596451 -1.396777
v -21.783733 53.596451 0.447596
v -21.783733 53.596451 2.291969
v -21.783733 53.596451 4.136342
v -21.783733 53.596451 5.980714
v -21.783733 53.596451 7.825088
v -21.783733 53.596451 9.669459
v -21.783733 53.596451 11.513833
v -21.783733 53.596451 13.358205
v -21.783733 53.596455 15.202579
v -21.783733 53.596455 17.046953
v -21.783730 52.843849 -19.840502
v -21.783730 52.843849 -17.996130
v -21.783730 52.843849 -16.151756
v -21.783730 52.843849 -14.307386
v -21.783730 52.843849 -12.463014
v -21.783733 52.843849 -10.618641
v -21.783733 52.843849 -8.774268
v -21.783733 52.843849 -6.929895
v -21.783733 52.843849 -5.085523
v -21.783733 52.843849 -3.241150
v -21.783733 52.843853 -1.396777
v -21.783733 52.843853 0.447596
v -21.783733 52.843853 2.291969
v -21.783733 52.843853 4.136342
v -21.783733 52.843853 5.980714
v -21.783733 52.843853 7.825088
v -21.783733 52.843853 9.669460
v -21.783733 52.843853 11.513833
v -21.783733 52.843853 13.358205
v -21.783733 52.843853 15.202579
v -21.783733 52.843853 17.046953
v -21.783730 52.091251 -19.840502
v -21.783730 52.091251 -17.996130
v -21.783730 52.091251 -16.151756
v -21.783730 52.091251 -14.307386
v -21.783730 52.091251 -12.463014
v -21.783733 52.091251 -10.618641
v -21.783733 52.091251 -8.774267
v -21.783733 52.091251 -6.929895
v -21.783733 52.091251 -5.085523
v -21.783733 52.091251 -3.241150
v -21.783733 52.091251 -1.396776
v -21.783733 52.091251 0.447596
v -21.783733 52.091251 2.291969
v -21.783733 52.091251 4.136342
v -21.783733 52.091251 5.980714
v -21.783733 52.091251 7.825088
v -21.783733 52.091251 9.669460
v -21.783733 52.091251 11.513833
v -21.783733 52.091251 13.358205
v -21.783733 52.091251 15.202579
v -21.783733 52.091251 17.046953
v -21.783730 51.338650 -19.840502
v -21.783730 51.338650 -17.996130
v -21.783730 51.338650 -16.151756
v -21.783730 51.338650 -14.307386
v -21.783730 51.338650 -12.463014
v -21.783733 51.338650 -10.618641
v -21.783733 51.338650 -8.774267
v -21.783733 51.338650 -6.929895
v -21.783733 51.338650 -5.085522
v -21.783733 51.338650 -3.241149
v -21.783733 51.338650 -1.396776
v -21.783733 51.338650 0.447596
v -21.783733 51.338650 2.291969
v -21.783733 51.338650 4.136342
v -21.783733 51.338650 5.980715
v -21.783733 51.338650 7.825088
v -21.783733 51.338650 9.669460
v -21.783733 51.338650 11.513833
v -21.783733 51.338650 13.358205
v -21.783733 51.338650 15.202579
v -21.783733 51.338650 17.046953
v -21.783730 50.586048 -19.840502
v -21.783730 50.586048 -17.996130
v -21.783730 50.586048 -16.151756
v -21.783730 50.586048 -14.307386
v -21.783730 50.586048 -12.463014
v -21.783733 50.586048 -10.618641
v -21.783733 50.586048 -8.774267
v -21.783733 50.586048 -6.929894
v -21.783733 50.586048 -5.085522
v -21.783733 50.586048 -3.241149
v -21.783733 50.586048 -1.396776
v -21.783733 50.586052 0.447597
v -21.783733 50.586052 2.291969
v -21.783733 50.586052 4.136342
v -21.783733 50.586052 5.980715
v -21.783733 50.586052 7.825088
v -21.783733 50.586052 9.669460
v -21.783733 50.586052 11.513833
v -21.783733 50.586052 13.358205
v -21.783733 50.586052 15.202579
v -21.783733 50.586052 17.046953
v -21.783730 49.833450 -19.840502
v -21.783730 49.833450 -17.996130
v -21.783730 49.833450 -16.151756
v -21.783730 49.833450 -14.307386
v -21.783730 49.833450 -12.463014
v -21.783733 49.833450 -10.618641
v -21.783733 49.833450 -8.774267
v -21.783733 49.833450 -6.929894
v -21.783733 49.833450 -5.085522
v -21.783733 49.833450 -3.241149
v -21.783733 49.833450 -1.396776
v -21.783733 49.833450 0.447597
v -21.783733 49.833450 2.291969
v -21.783733 49.833450 4.136342
v -21.783733 49.833450 5.980715
v -21.783733 49.833450 7.825088
v -21.783733 49.833450 9.669460
v -21.783733 49.833450 11.513833
v -21.783733 49.833450 13.358205
v -21.783733 49.833450 15.202579
v -21.783733 49.833450 17.046953
v -21.783730 49.080849 -19.840502
v -21.783730 49.080849 -17.996130
v -21.783730 49.080849 -16.151756
v -21.783730 49.080849 -14.307386
v -21.783730 49.080849 -12.463014
v -21.783733 49.080849 -10.618641
v -21.783733 49.080849 -8.774267
v -21.783733 49.080849 -6.929894
v -21.783733 49.080849 -5.085521
v -21.783733 49.080849 -3.241149
v -21.783733 49.080849 -1.396776
v -21.783733 49.080849 0.447597
v -21.783733 49.080849 2.291970
v -21.783733 49.080849 4.136342
v -21.783733 49.080849 5.980715
v -21.783733 49.080849 7.825088
v -21.783733 49.080849 9.669460
v -21.783733 49.080849 11.513833
v -21.783733 49.080849 13.358205
v -21.783733 49.080853 15.202579
v -21.783733 49.080853 17.046953
v -21.783730 48.328247 -19.840502
v -21.783730 48.328247 -17.996130
v -21.783730 48.328247 -16.151756
v -21.783730 48.328247 -14.307384
v -21.783730 48.328247 -12.463013
v -21.783733 48.328247 -10.618640
v -21.783733 48.328247 -8.774266
v -21.783733 48.328247 -6.929894
v -21.783733 48.328247 -5.085521
v -21.783733 48.328247 -3.241149
v -21.783733 48.328247 -1.396776
v -21.783733 48.328247 0.447597
v -21.783733 48.328247 2.291970
v -21.783733 48.328255 4.136342
v -21.783733 48.328255 5.980715
v -21.783733 48.328255 7.825088
v -21.783733 48.328255 9.669461
v -21.783733 48.328255 11.513834
v -21.783733 48.328255 13.358206
v -21.783733 48.328255 15.202579
v -21.783733 48.328255 17.046953
v -21.783730 47.575645 -19.840502
v -21.783730 47.575645 -17.996130
v -21.783730 47.575645 -16.151756
v -21.783730 47.575649 -14.307384
v -21.783730 47.575649 -12.463013
v -21.783733 47.575653 -10.618640
v -21.783733 47.575653 -8.774266
v -21.783733 47.575653 -6.929894
v -21.783733 47.575653 -5.085521
v -21.783733 47.575653 -3.241149
v -21.783733 47.575653 -1.396776
v -21.783733 47.575653 0.447597
v -21.783733 47.575653 2.291970
v -21.783733 47.575653 4.136342
v -21.783733 47.575653 5.980715
v -21.783733 47.575653 7.825088
v -21.783733 47.575653 9.669461
v -21.783733 47.575653 11.513834
v -21.783733 47.575653 13.358206
v -21.783733 47.575653 15.202579
v -21.783733 47.575653 17.046953
v -21.783730 46.823048 -19.840502
v -21.783730 46.823048 -17.996130
v -21.783730 46.823048 -16.151756
v -21.783730 46.823048 -14.307384
v -21.783730 46.823048 -12.463013
v -21.783733 46.823051 -10.618640
v -21.783733 46.823051 -8.774266
v -21.783733 46.823051 -6.929894
v -21.783733 46.823051 -5.085521
v -21.783733 46.823051 -3.241149
v -21.783733 46.823051 -1.396776
v -21.783733 46.823051 0.447597
v -21.783733 46.823051 2.291970
v -21.783733 46.823051 4.136343
v -21.783733 46.823051 5.980715
v -21.783733 46.823051 7.825088
v -21.783733 46.823051 9.669461
v -21.783733 46.823051 11.513834
v -21.783733 46.823051 13.358206
v -21.783733 46.823051 15.202579
v -21.783733 46.823051 17.046953
v -21.783730 46.070450 -19.840502
v -21.783730 46.070450 -17.996130
v -21.783730 46.070450 -16.151756
v -21.783730 46.070450 -14.307384
v -21.783730 46.070450 -12.463013
v -21.783733 46.070450 -10.618640
v -21.783733 46.070450 -8.774266
v -21.783733 46.070450 -6.929894
v -21.783733 46.070450 -5.085521
v -21.783733 46.070450 -3.241149
v -21.783733 46.070450 -1.396776
v -21.783733 46.070450 0.447597
v -21.783733 46.070450 2.291970
v -21.783733 46.070450 4.136343
v -21.783733 46.070450 5.980715
v -21.783733 46.070450 7.825088
v -21.783733 46.070450 9.669461
v -21.783733 46.070450 11.513834
v -21.783733 46.070450 13.358206
v -21.783733 46.070454 15.202579
v -21.783733 46.070454 17.046953
v -21.783730 45.317848 -19.840502
v -21.783730 45.317848 -17.996130
v -21.783730 45.317848 -16.151756
v -21.783730 45.317848 -14.307384
v -21.783730 45.317848 -12.463013
v -21.783733 45.317848 -10.618639
v -21.783733 45.317848 -8.774266
v -21.783733 45.317848 -6.929894
v -21.783733 45.317848 -5.085521
v -21.783733 45.317848 -3.241148
v -21.783733 45.317848 -1.396776
v -21.783733 45.317848 0.447597
v -21.783733 45.317848 2.291970
v -21.783733 45.317848 4.136343
v -21.783733 45.317848 5.980715
v -21.783733 45.317848 7.825089
v -21.783733 45.317848 9.669461
v -21.783733 45.317848 11.513834
v -21.783733 45.317848 13.358206
v -21.783733 45.317852 15.202579
v -21.783733 45.317852 17.046953
v -21.783730 44.565247 -19.840502
v -21.783730 44.565247 -17.996130
v -21.783730 44.565247 -16.151756
v -21.783730 44.565247 -14.307384
v -21.783730 44.565247 -12.463013
v -21.783733 44.565250 -10.618639
v -21.783733 44.565250 -8.774266
v -21.783733 44.565250 -6.929894
v -21.783733 44.565250 -5.085521
v -21.783733 44.565250 -3.241148
v -21.783733 44.565250 -1.396776
v -21.783733 44.565250 0.447597
v -21.783733 44.565250 2.291970
v -21.783733 44.565250 4.136343
v -21.783733 44.565250 5.980715
v -21.783733 44.565250 7.825089
v -21.783733 44.565250 9.669461
v -21.783733 44.565250 11.513834
v -21.783733 44.565250 13.358206
v -21.783733 44.565254 15.202579
v -21.783733 44.565254 17.046953
v -21.783730 43.812645 -19.840502
v -21.783730 43.812645 -17.996130
v -21.783730 43.812645 -16.151756
v -21.783730 43.812645 -14.307384
v -21.783730 43.812645 -12.463013
v -21.783733 43.812649 -10.618639
v -21.783733 43.812649 -8.774266
v -21.783733 43.812649 -6.929894
v -21.783733 43.812649 -5.085521
v -21.783733 43.812649 -3.241148
v -21.783733 43.812649 -1.396775
v -21.783733 43.812649 0.447597
v -21.783733 43.812649 2.291970
v -21.783733 43.812649 4.136343
v -21.783733 43.812649 5.980716
v -21.783733 43.812649 7.825089
v -21.783733 43.812653 9.669461
v -21.783733 43.812653 11.513834
v -21.783733 43.812653 13.358206
v -21.783733 43.812653 15.202579
v -21.783733 43.812653 17.046953
v -21.783730 43.060043 -19.840502
v -21.783730 43.060043 -17.996130
v -21.783730 43.060043 -16.151756
v -21.783730 43.060043 -14.307384
v -21.783730 43.060043 -12.463013
v -21.783733 43.060047 -10.618639
v -21.783733 43.060051 -8.774266
v -21.783733 43.060051 -6.929894
v -21.783733 43.060051 -5.085521
v -21.783733 43.060051 -3.241148
v -21.783733 43.060051 -1.396775
v -21.783733 43.060051 0.447597
v -21.783733 43.060051 2.291970
v -21.783733 43.060051 4.136343
v -21.783733 43.060051 5.980716
v -21.783733 43.060051 7.825089
v -21.783733 43.060051 9.669461
v -21.783733 43.060051 11.513834
v -21.783733 43.060051 13.358206
v -21.783733 43.060051 15.202579
v -21.783733 43.060051 17.046953
v 18.847401 31.541243 41.860878
v 19.615065 31.541243 41.860893
v 19.615065 32.040298 41.981548
v 18.847401 32.040298 41.981537
v 18.847422 31.042192 41.080948
v 19.615086 31.042192 41.080967
v 19.615078 31.175911 41.531265
v 18.847416 31.175911 41.531246
v 18.847450 31.541243 40.301037
v 19.615112 31.541243 40.301048
v 19.615101 31.175911 40.630680
v 18.847435 31.175911 40.630665
v 18.847450 32.539352 40.301037
v 19.615112 32.539352 40.301048
v 19.615112 32.040298 40.180397
v 18.847450 32.040298 40.180382
v 18.847435 32.904694 40.630665
v 19.615101 32.904694 40.630680
v 18.847422 33.038410 41.080948
v 19.615086 33.038410 41.080967
v 18.847416 32.904694 41.531246
v 19.615078 32.904694 41.531265
v 19.615065 32.539352 41.860893
v 18.847401 32.539352 41.860878
v -18.818489 32.539352 41.859978
v -18.818478 32.904694 41.530346
v -18.818462 33.038410 41.080059
v -18.818455 32.904694 40.629765
v -18.818443 32.539352 40.300133
v -18.818443 32.040298 40.179482
v -18.818443 31.541243 40.300133
v -18.818455 31.175911 40.629765
v -18.818462 31.042192 41.080059
v -18.818478 31.175911 41.530346
v -18.818489 31.541243 41.859978
v -18.818489 32.040298 41.980633
v -18.050827 32.539352 41.859993
v -18.050812 32.904694 41.530361
v -18.050777 32.539352 40.300156
v -18.050777 32.040298 40.179504
v -18.050777 31.541243 40.300156
v -18.050793 31.175911 40.629787
v -18.050812 31.175911 41.530361
v -18.050827 31.541243 41.859993
v 18.849567 31.175907 -32.934799
v 19.617233 31.175907 -32.934780
v 19.617226 31.541237 -32.605148
v 18.849560 31.541237 -32.605167
v 18.849596 31.175907 -33.835381
v 19.617260 31.175907 -33.835365
v 19.617245 31.042187 -33.385078
v 18.849583 31.042187 -33.385098
v 18.849611 32.040291 -34.285667
v 19.617275 32.040291 -34.285648
v 19.617268 31.541237 -34.164997
v 18.849602 31.541237 -34.165009
v 18.849560 32.539349 -32.605167
v 19.617226 32.539349 -32.605148
v 19.617233 32.904686 -32.934780
v 18.849567 32.904686 -32.934799
v 19.617268 32.539349 -34.164997
v 19.617260 32.904686 -33.835365
v 19.617245 33.038406 -33.385078
v 19.617218 32.040291 -32.484497
v -18.816330 32.040291 -32.485416
v -18.048672 32.040291 -32.485397
v -18.048668 32.539349 -32.606052
v -18.816330 32.539349 -32.606068
v -18.816322 32.904686 -32.935699
v -18.048660 32.904686 -32.935680
v -18.048645 33.038406 -33.385971
v -18.816311 33.038406 -33.385986
v -18.048630 32.904686 -33.836258
v -18.816292 32.904686 -33.836281
v -18.048626 32.539349 -34.165890
v -18.816288 32.539349 -34.165913
v -18.816280 32.040291 -34.286568
v -18.048615 32.040291 -34.286552
v -18.048626 31.541237 -34.165890
v -18.816288 31.541237 -34.165913
v -18.816292 31.175907 -33.836281
v -18.048630 31.175907 -33.836258
v -18.048645 31.042187 -33.385971
v -18.816311 31.042187 -33.385986
v -18.048660 31.175907 -32.935680
v -18.816322 31.175907 -32.935699
v -18.816330 31.541237 -32.606068
v -18.048668 31.541237 -32.606052
v 18.849554 32.040291 -32.484516
v 18.849583 33.038406 -33.385098
v 18.849596 32.904686 -33.835381
v 18.849602 32.539349 -34.165009
v -18.050827 32.040298 41.980656
v -18.050804 31.042192 41.080074
v -18.050793 32.904694 40.629787
v -18.050804 33.038410 41.080074
v 2.978190 33.468285 -32.935181
v 4.323884 33.248318 -32.935150
v 4.416002 33.606201 -32.605522
v 3.070302 33.826172 -32.605545
v 2.978219 33.468285 -33.835762
v 4.323912 33.248318 -33.835728
v 4.290180 33.117325 -33.385441
v 2.944487 33.337296 -33.385475
v 3.196194 34.315048 -34.286045
v 4.541895 34.095078 -34.286011
v 4.416045 33.606201 -34.165356
v 3.070344 33.826172 -34.165394
v 3.414142 35.161804 -33.835751
v 4.759835 34.941837 -33.835716
v 4.667723 34.583958 -34.165352
v 3.322030 34.803925 -34.165386
v 3.447845 35.292797 -33.385456
v 4.793545 35.072830 -33.385433
v 3.414113 35.161804 -32.935169
v 4.759807 34.941837 -32.935139
v 3.321988 34.803925 -32.605537
v 4.667681 34.583958 -32.605515
v -2.177281 33.468285 -32.935303
v -2.143549 33.337296 -33.385593
v -2.177253 33.468285 -33.835884
v -2.269363 33.826172 -34.165516
v -2.395200 34.315048 -34.286182
v -2.521043 34.803925 -34.165520
v -2.613175 35.161804 -33.835896
v -2.646907 35.292797 -33.385609
v -2.613204 35.161804 -32.935310
v -2.521085 34.803925 -32.605682
v 3.196137 34.315048 -32.484894
v -3.286033 34.315048 -32.485046
v -3.120091 33.826172 -32.605694
v -5.060505 34.095078 -32.485092
v -3.866786 34.583958 -32.605717
v -3.958869 34.941837 -33.835922
v -3.866743 34.583958 -34.165554
v -3.740893 34.095078 -34.286213
v -3.615057 33.606201 -34.165546
v -3.489242 33.117325 -33.385628
v -3.522974 33.248318 -32.935337
v -4.894563 33.606201 -32.605740
v -3.522945 33.248318 -33.835915
v -3.992600 35.072830 -33.385639
v -3.958898 34.941837 -32.935345
v 4.541838 34.095078 -32.484859
v -4.465549 34.666855 -32.328972
v -4.590351 35.151722 -32.775581
v -4.636018 35.329201 -33.385651
v -4.590315 35.151722 -33.995724
v -4.465492 34.666855 -34.442314
v -4.294994 34.004501 -34.605778
v -4.124511 33.342155 -34.442307
v -3.999716 32.857281 -33.995708
v -3.954049 32.679810 -33.385635
v -4.124569 33.342155 -32.328964
v -3.999744 32.857281 -32.775570
v -4.295066 34.004501 -32.165508
v -11.735973 32.788193 -32.165684
v -11.906457 33.450539 -32.329155
v -12.496087 33.337727 -32.354321
v -12.031253 33.935410 -32.775757
v -12.617909 33.811050 -32.790295
v -11.394950 31.463501 -33.385815
v -11.440653 31.640972 -32.775742
v -12.041377 31.571243 -32.790283
v -11.565477 32.125847 -32.329140
v -12.163220 32.044571 -32.354313
v -12.329661 32.691147 -32.194744
v -11.996758 31.397993 -33.385834
v -12.329654 32.691147 -32.340000
v -12.475789 33.258877 -32.480125
v -12.582751 33.674484 -32.862923
v -12.662492 33.984303 -33.385845
v -12.621896 33.826607 -33.385838
v -12.617881 33.811050 -33.981380
v -12.582723 33.674484 -33.908752
v -12.496032 33.337727 -34.417343
v -12.475732 33.258877 -34.291550
v -12.329597 32.691147 -34.431664
v -12.329589 32.691147 -34.576916
v -12.163163 32.044571 -34.417336
v -12.183461 32.123421 -34.291542
v -12.076499 31.707813 -33.908737
v -12.041341 31.571243 -33.981369
v -12.037356 31.555691 -33.385834
v -12.076528 31.707813 -32.862911
v -12.183518 32.123421 -32.480118
v -13.596190 32.484119 -32.485294
v -13.160817 32.555283 -32.310978
v -13.311015 33.138779 -32.454979
v -13.722026 32.972992 -32.605946
v -16.311321 32.539349 -32.606010
v -13.814137 33.330872 -32.935585
v -16.311314 32.904686 -32.935638
v -13.420951 33.565926 -32.848423
v -13.461186 33.722275 -33.385864
v -13.847840 33.461868 -33.385872
v -13.420924 33.565926 -33.923298
v -13.814109 33.330872 -33.836163
v -13.310958 33.138779 -34.316727
v -13.721984 32.972992 -34.165791
v -16.311279 32.539349 -34.165852
v -13.596135 32.484119 -34.286446
v -16.311268 32.040291 -34.286510
v -13.160760 32.555283 -34.460739
v -13.010570 31.971786 -34.316719
v -13.470298 31.995241 -34.165787
v -16.311279 31.541237 -34.165852
v -13.378186 31.637360 -33.836151
v -16.311287 31.175907 -33.836220
v -12.900632 31.544640 -33.923290
v -12.860398 31.388288 -33.385845
v -13.344483 31.506363 -33.385860
v -12.900661 31.544640 -32.848412
v -13.378217 31.637360 -32.935570
v -16.311314 31.175907 -32.935638
v -13.470342 31.995241 -32.605942
v -16.311321 31.541237 -32.606010
v -13.010627 31.971786 -32.454975
v -16.311329 32.040291 -32.485359
v -16.311298 31.042187 -33.385929
v -16.311287 32.904686 -33.836220
v -16.311298 33.038406 -33.385929
v -16.594158 32.040291 -32.223900
v -16.594151 32.684235 -32.379581
v -16.594135 33.155632 -32.804920
v -16.594124 33.328178 -33.385937
v -16.594101 33.155632 -33.966949
v -16.594093 32.684235 -34.392284
v -16.594086 32.040291 -34.547966
v -16.594093 31.396349 -34.392284
v -16.594101 30.924955 -33.966949
v -16.594124 30.752411 -33.385937
v -16.594135 30.924955 -32.804920
v -16.594151 31.396349 -32.379581
v -17.078983 32.539349 -32.606030
v -17.078976 32.904686 -32.935661
v -17.078941 32.539349 -34.165871
v -17.078934 32.040291 -34.286530
v -17.078941 31.541237 -34.165871
v -17.078949 31.175907 -33.836243
v -17.078976 31.175907 -32.935661
v -17.078983 31.541237 -32.606030
v -17.078983 32.040291 -32.485378
v -17.078960 31.042187 -33.385952
v -17.078949 32.904686 -33.836243
v -17.078960 33.038406 -33.385952
v -17.240612 32.040291 -32.282013
v -17.240604 32.652039 -32.429913
v -17.240589 33.099865 -32.833981
v -17.240578 33.263786 -33.385960
v -17.240562 33.099865 -33.937912
v -17.240547 32.652039 -34.341976
v -17.240547 32.040291 -34.489880
v -17.240547 31.428555 -34.341976
v -17.240562 30.980721 -33.937912
v -17.240578 30.816807 -33.385960
v -17.240589 30.980721 -32.833981
v -17.240604 31.428555 -32.429913
v -17.563824 32.523251 -32.631203
v -17.563820 32.876801 -32.950199
v -17.563782 32.523251 -34.140732
v -17.563778 32.040291 -34.257492
v -17.563782 31.557335 -34.140732
v -17.563789 31.203791 -33.821728
v -17.563820 31.203791 -32.950199
v -17.563824 31.557335 -32.631203
v -17.563824 32.040291 -32.514442
v -17.563805 31.074379 -33.385963
v -17.563789 32.876801 -33.821728
v -17.563805 33.006207 -33.385963
v -17.846661 32.040291 -32.252983
v -17.846657 32.668137 -32.404770
v -17.846642 33.127747 -32.819477
v -17.846626 33.295982 -33.385971
v -17.846611 33.127747 -33.952457
v -17.846600 32.668137 -34.367161
v -17.846600 32.040291 -34.518951
v -17.846600 31.412455 -34.367161
v -17.846611 30.952839 -33.952457
v -17.846626 30.784611 -33.385971
v -17.846642 30.952839 -32.819477
v -17.846657 31.412455 -32.404770
v -12.031217 33.935410 -33.995895
v -11.906400 33.450539 -34.442493
v -11.735905 32.788193 -34.605953
v -11.565420 32.125847 -34.442490
v -11.440618 31.640972 -33.995884
v -12.076921 34.112892 -33.385834
v 18.647541 31.412455 -32.403904
v 18.647541 32.040291 -32.252110
v 18.647572 30.784611 -33.385101
v 18.647556 30.952839 -32.818604
v 18.647598 31.412455 -34.366295
v 18.647585 30.952839 -33.951584
v 18.647598 32.668137 -34.366295
v 18.647606 32.040291 -34.518082
v 18.647585 33.127747 -33.951584
v 18.647572 33.295982 -33.385101
v 18.647556 33.127747 -32.818604
v 18.647541 32.668137 -32.403904
v 18.364727 31.203791 -32.949337
v 18.364719 31.557335 -32.630341
v 18.364754 31.203791 -33.820866
v 18.364742 31.074379 -33.385101
v 18.364769 32.040291 -34.256630
v 18.364763 31.557335 -34.139870
v 18.364719 32.523251 -32.630341
v 18.364727 32.876801 -32.949337
v 18.364712 32.040291 -32.513580
v 18.364742 33.006207 -33.385101
v 18.364754 32.876801 -33.820866
v 18.364763 32.523251 -34.139870
v 18.041492 31.428555 -32.429073
v 18.041492 32.040291 -32.281174
v 18.041521 30.816807 -33.385109
v 18.041504 30.980721 -32.833141
v 18.041550 31.428555 -34.341133
v 18.041534 30.980721 -33.937073
v 18.041550 32.652039 -34.341133
v 18.041557 32.040291 -34.489037
v 18.041534 33.099865 -33.937073
v 18.041521 33.263786 -33.385109
v 18.041504 33.099865 -32.833141
v 18.041492 32.652039 -32.429073
v 17.879885 31.175907 -32.934826
v 17.879879 31.541237 -32.605198
v 17.879915 31.175907 -33.835403
v 17.879898 31.042187 -33.385117
v 17.879929 32.040291 -34.285694
v 17.879921 31.541237 -34.165035
v 17.879879 32.539349 -32.605198
v 17.879885 32.904686 -32.934826
v 17.879871 32.040291 -32.484543
v 17.879898 33.038406 -33.385117
v 17.879915 32.904686 -33.835403
v 17.879921 32.539349 -34.165035
v 17.395031 31.396349 -32.378769
v 17.395023 32.040291 -32.223087
v 17.395058 30.752411 -33.385128
v 17.395042 30.924955 -32.804111
v 17.395086 31.396349 -34.391472
v 17.395073 30.924955 -33.966141
v 17.395086 32.684235 -34.391472
v 17.395092 32.040291 -34.547153
v 17.395073 33.155632 -33.966141
v 17.395058 33.328178 -33.385128
v 17.395042 33.155632 -32.804111
v 17.395031 32.684235 -32.378769
v 17.112228 31.175907 -32.934837
v 17.112221 31.541237 -32.605209
v 17.112255 31.175907 -33.835426
v 17.112244 31.042187 -33.385136
v 17.112272 32.040291 -34.285713
v 17.112267 31.541237 -34.165054
v 17.112221 32.539349 -32.605209
v 17.112228 32.904686 -32.934837
v 17.112213 32.040291 -32.484558
v 17.112244 33.038406 -33.385136
v 17.112255 32.904686 -33.835426
v 17.112267 32.539349 -34.165054
v 12.984406 32.123421 -32.479519
v 13.811505 31.971786 -32.454334
v 13.961697 32.555283 -32.310322
v 13.130541 32.691147 -32.339390
v 14.271242 31.995241 -32.605278
v 14.397071 32.484119 -32.484627
v 13.701569 31.544640 -32.847778
v 14.179124 31.637360 -32.934910
v 12.838294 31.555691 -33.385231
v 13.661334 31.388288 -33.385220
v 12.877437 31.707813 -32.862316
v 14.145421 31.506363 -33.385208
v 13.701597 31.544640 -33.922646
v 14.179152 31.637360 -33.835495
v 12.984464 32.123421 -34.290939
v 13.811563 31.971786 -34.316078
v 12.877465 31.707813 -33.908142
v 14.271284 31.995241 -34.165119
v 13.961754 32.555283 -34.460083
v 14.397128 32.484119 -34.285778
v 13.276733 33.258877 -34.290932
v 14.111959 33.138779 -34.316071
v 13.130598 32.691147 -34.431049
v 14.522964 32.972992 -34.165112
v 13.383697 33.674484 -33.908127
v 14.221889 33.565926 -33.922634
v 14.615074 33.330872 -33.835484
v 13.422839 33.826607 -33.385227
v 14.262124 33.722275 -33.385197
v 14.648786 33.461868 -33.385193
v 13.383668 33.674484 -32.862309
v 14.221861 33.565926 -32.847763
v 14.615047 33.330872 -32.934902
v 14.111903 33.138779 -32.454323
v 14.522921 32.972992 -32.605274
v 13.276676 33.258877 -32.479511
v 12.842278 31.571243 -32.789688
v 12.964100 32.044571 -32.353710
v 12.842307 31.571243 -33.980774
v 12.797703 31.397993 -33.385239
v 13.130605 32.691147 -34.576309
v 12.964157 32.044571 -34.416733
v 13.296968 33.337727 -32.353703
v 13.418824 33.811050 -32.789673
v 13.130534 32.691147 -32.194138
v 13.463430 33.984303 -33.385227
v 13.418853 33.811050 -33.980762
v 13.297025 33.337727 -34.416729
v 12.366357 32.125847 -32.328571
v 12.536840 32.788193 -32.165108
v 4.800654 32.857281 -32.775356
v 12.241562 31.640972 -32.775181
v 4.925448 33.342155 -32.328754
v 12.195894 31.463501 -33.385250
v 5.266437 34.666855 -32.328739
v 12.707338 33.450539 -32.328564
v 12.832162 33.935410 -32.775169
v 5.391260 35.151722 -32.775345
v 5.095939 34.004501 -32.165279
v 4.754986 32.679810 -33.385433
v 4.925505 33.342155 -34.442093
v 4.800683 32.857281 -33.995495
v 5.266494 34.666855 -34.442089
v 5.096011 34.004501 -34.605553
v 5.436955 35.329201 -33.385414
v 5.391296 35.151722 -33.995483
v 12.877865 34.112892 -33.385231
v 12.832197 33.935410 -33.995308
v 12.241597 31.640972 -33.995323
v 12.366414 32.125847 -34.441914
v 12.536911 32.788193 -34.605377
v 12.707396 33.450539 -34.441906
v 3.068141 33.826180 41.860500
v 4.413842 33.606205 41.860523
v 4.539684 34.095085 41.981194
v 3.193984 34.315052 41.981159
v 2.942334 33.337303 41.080570
v 4.288027 33.117332 41.080605
v 4.321730 33.248322 41.530895
v 2.976037 33.468292 41.530865
v 3.068191 33.826180 40.300652
v 4.413891 33.606205 40.300686
v 4.321752 33.248322 40.630318
v 2.976058 33.468292 40.630283
v 3.319877 34.803932 40.300659
v 4.665570 34.583961 40.300694
v 4.539734 34.095085 40.180042
v 3.194034 34.315052 40.180008
v 4.665520 34.583961 41.860531
v 3.319827 34.803932 41.860500
v -2.271567 33.826180 41.860371
v -2.179435 33.468292 41.530743
v -2.145702 33.337303 41.080452
v -2.179413 33.468292 40.630161
v -2.271517 33.826180 40.300529
v -2.397360 34.315052 40.179871
v 3.411982 35.161812 40.630295
v -2.523196 34.803932 40.300526
v -2.615335 35.161812 40.630146
v 3.411960 35.161812 41.530876
v 3.445692 35.292801 41.080589
v -2.649060 35.292801 41.080437
v -2.615357 35.161812 41.530735
v -2.523246 34.803932 41.860363
v -2.397410 34.315052 41.981026
v -3.868946 34.583961 41.860329
v -3.961050 34.941841 41.530701
v -3.994754 35.072834 41.080406
v -3.961030 34.941841 40.630123
v -3.868896 34.583961 40.300491
v -3.743053 34.095085 40.179840
v -3.617210 33.606205 40.300499
v -3.525106 33.248322 40.630131
v -3.491395 33.117332 41.080418
v -3.525128 33.248322 41.530704
v -3.617260 33.606205 41.860340
v -3.743103 34.095085 41.980991
v 4.757653 34.941841 41.530907
v 4.791392 35.072834 41.080612
v 4.757674 34.941841 40.630329
v -4.297219 34.004509 42.300537
v -4.467710 34.666862 42.137066
v -4.592476 35.151726 40.470322
v -4.467646 34.666862 40.023731
v -4.297155 34.004509 39.860268
v -4.126664 33.342163 40.023739
v -3.956202 32.679813 41.080406
v -4.001904 32.857285 41.690475
v -4.126728 33.342163 42.137074
v -4.001869 32.857285 40.470337
v -4.638171 35.329208 41.080395
v -4.592511 35.151726 41.690464
v -12.331815 32.691154 42.271294
v -11.738128 32.788197 42.300362
v -11.908618 33.450542 42.136883
v -12.498248 33.337730 42.111713
v -12.033414 33.935417 41.690289
v -11.998912 31.397999 41.080212
v -11.397104 31.463505 41.080231
v -11.442814 31.640978 41.690300
v -12.043530 31.571251 41.675762
v -11.567636 32.125851 42.136898
v -12.165381 32.044575 42.111721
v -12.620069 33.811058 41.675747
v -12.477942 33.258881 41.985920
v -12.584912 33.674488 41.603123
v -12.477893 33.258881 40.174488
v -12.498183 33.337730 40.048695
v -12.331750 32.691154 39.889126
v -12.331750 32.691154 40.034382
v -12.185622 32.123425 40.174496
v -12.165317 32.044575 40.048702
v -12.043494 31.571251 40.484676
v -12.078652 31.707817 40.557301
v -12.078689 31.707817 41.603134
v -12.185674 32.123425 41.985928
v -12.331815 32.691154 42.126038
v -12.039508 31.555696 41.080212
v -12.584878 33.674488 40.557285
v -12.620034 33.811058 40.484661
v -12.624049 33.826611 41.080204
v -12.664647 33.984306 41.080200
v -16.313480 32.040298 41.980694
v -13.598344 32.484127 41.980759
v -13.724187 32.972996 41.860100
v -16.313480 32.539352 41.860031
v -13.162978 32.555290 42.155067
v -13.313169 33.138783 42.011059
v -13.423112 33.565933 41.617622
v -13.816293 33.330879 41.530460
v -16.313465 32.904694 41.530403
v -13.849996 33.461876 41.080170
v -16.313457 33.038410 41.080112
v -13.463340 33.722282 41.080181
v -13.816270 33.330879 40.629883
v -16.313446 32.904694 40.629826
v -13.423078 33.565933 40.542747
v -13.724137 32.972996 40.300251
v -16.313431 32.539352 40.300194
v -13.313119 33.138783 40.149315
v -13.162913 32.555290 40.005306
v -13.598294 32.484127 40.179604
v -16.313431 32.040298 40.179543
v -13.472451 31.995247 40.300259
v -16.313431 31.541243 40.300194
v -13.012729 31.971792 40.149319
v -12.902785 31.544643 40.542755
v -13.380347 31.637367 40.629894
v -16.313446 31.175911 40.629826
v -13.346637 31.506367 41.080185
v -16.313457 31.042192 41.080112
v -12.862550 31.388294 41.080200
v -13.380368 31.637367 41.530476
v -16.313465 31.175911 41.530403
v -12.902822 31.544643 41.617638
v -13.012778 31.971792 42.011066
v -13.472501 31.995247 41.860100
v -16.313480 31.541243 41.860031
v -16.596302 32.684242 42.086460
v -16.596294 33.155636 41.661125
v -16.596245 32.684242 40.073757
v -16.596245 32.040298 39.918079
v -16.596245 31.396355 40.073757
v -16.596260 30.924961 40.499096
v -16.596294 30.924961 41.661125
v -16.596302 31.396355 42.086460
v -16.596310 32.040298 42.242146
v -16.596275 30.752419 41.080109
v -16.596260 33.155636 40.499096
v -16.596275 33.328186 41.080109
v -17.081146 32.040298 41.980675
v -17.081146 32.539352 41.860016
v -17.081131 32.904694 41.530384
v -17.081116 33.038410 41.080093
v -17.081108 32.904694 40.629803
v -17.081093 32.539352 40.300175
v -17.081093 32.040298 40.179523
v -17.081093 31.541243 40.300175
v -17.081108 31.175911 40.629803
v -17.081116 31.042192 41.080093
v -17.081131 31.175911 41.530384
v -17.081146 31.541243 41.860016
v -17.242760 32.652046 42.036129
v -17.242752 33.099869 41.632061
v -17.242706 32.652046 40.124065
v -17.242702 32.040298 39.976158
v -17.242706 31.428558 40.124065
v -17.242714 30.980726 40.528133
v -17.242752 30.980726 41.632061
v -17.242760 31.428558 42.036129
v -17.242764 32.040298 42.184032
v -17.242737 30.816814 41.080086
v -17.242714 33.099869 40.528133
v -17.242737 33.263794 41.080086
v -17.565987 32.040298 41.951603
v -17.565987 32.523254 41.834843
v -17.565971 32.876808 41.515846
v -17.565956 33.006214 41.080082
v -17.565952 32.876808 40.644318
v -17.565933 32.523254 40.325314
v -17.565933 32.040298 40.208557
v -17.565933 31.557341 40.325314
v -17.565952 31.203796 40.644318
v -17.565956 31.074383 41.080082
v -17.565971 31.203796 41.515846
v -17.565987 31.557341 41.834843
v -17.848808 32.668144 42.061268
v -17.848801 33.127754 41.646568
v -17.848759 32.668144 40.098885
v -17.848751 32.040298 39.947094
v -17.848759 31.412460 40.098885
v -17.848766 30.952843 40.513592
v -17.848801 30.952843 41.646568
v -17.848808 31.412460 42.061268
v -17.848816 32.040298 42.213058
v -17.848789 30.784615 41.080074
v -17.848766 33.127754 40.513592
v -17.848789 33.295990 41.080074
v -12.033378 33.935417 40.470150
v -11.908555 33.450542 40.023548
v -11.738057 32.788197 39.860092
v -11.567573 32.125851 40.023556
v -11.442779 31.640978 40.470161
v -12.079074 34.112900 41.080212
v 18.645395 30.952843 41.647442
v 18.645390 31.412460 42.062141
v 18.645432 30.952843 40.514462
v 18.645416 30.784615 41.080940
v 18.645447 32.040298 39.947964
v 18.645447 31.412460 40.099758
v 18.645390 32.668144 42.062141
v 18.645395 33.127754 41.647442
v 18.645382 32.040298 42.213936
v 18.645416 33.295990 41.080940
v 18.645432 33.127754 40.514462
v 18.645447 32.668144 40.099758
v 18.362560 31.557341 41.835705
v 18.362560 32.040298 41.952465
v 18.362579 31.074383 41.080940
v 18.362574 31.203796 41.516708
v 18.362610 31.557341 40.326176
v 18.362595 31.203796 40.645180
v 18.362610 32.523254 40.326176
v 18.362610 32.040298 40.209419
v 18.362595 32.876808 40.645180
v 18.362579 33.006214 41.080940
v 18.362574 32.876808 41.516708
v 18.362560 32.523254 41.835705
v 18.039345 30.980726 41.632904
v 18.039339 31.428558 42.036968
v 18.039381 30.980726 40.528973
v 18.039368 30.816814 41.080936
v 18.039396 32.040298 39.977005
v 18.039396 31.428558 40.124905
v 18.039339 32.652046 42.036968
v 18.039345 33.099869 41.632904
v 18.039333 32.040298 42.184872
v 18.039368 33.263794 41.080936
v 18.039381 33.099869 40.528973
v 18.039396 32.652046 40.124905
v 17.877720 31.541243 41.860847
v 17.877720 32.040298 41.981506
v 17.877739 31.042192 41.080929
v 17.877731 31.175911 41.531219
v 17.877768 31.541243 40.301010
v 17.877754 31.175911 40.630642
v 17.877768 32.539352 40.301010
v 17.877768 32.040298 40.180355
v 17.877754 32.904694 40.630642
v 17.877739 33.038410 41.080929
v 17.877731 32.904694 41.531219
v 17.877720 32.539352 41.860847
v 17.392883 30.924961 41.661934
v 17.392868 31.396355 42.087265
v 17.392920 30.924961 40.499905
v 17.392897 30.752419 41.080917
v 17.392933 32.040298 39.918892
v 17.392925 31.396355 40.074566
v 17.392868 32.684242 42.087265
v 17.392883 33.155636 41.661934
v 17.392868 32.040298 42.242958
v 17.392897 33.328186 41.080917
v 17.392920 33.155636 40.499905
v 17.392925 32.684242 40.074566
v 17.110062 31.541243 41.860836
v 17.110062 32.040298 41.981487
v 17.110083 31.042192 41.080914
v 17.110077 31.175911 41.531208
v 17.110111 31.541243 40.300991
v 17.110098 31.175911 40.630619
v 17.110111 32.539352 40.300991
v 17.110111 32.040298 40.180340
v 17.110098 32.904694 40.630619
v 17.110083 33.038410 41.080914
v 17.110077 32.904694 41.531208
v 17.110062 32.539352 41.860836
v 13.809353 31.971792 42.011707
v 14.269081 31.995247 41.860767
v 14.394917 32.484127 41.981422
v 13.959537 32.555290 42.155724
v 12.875277 31.707817 41.603729
v 13.699408 31.544643 41.618267
v 12.982254 32.123425 41.986526
v 14.176970 31.637367 41.531136
v 13.659182 31.388294 41.080826
v 14.143267 31.506367 41.080837
v 12.875312 31.707817 40.557896
v 13.699445 31.544643 40.543400
v 12.836140 31.555696 41.080807
v 14.176992 31.637367 40.630550
v 13.809402 31.971792 40.149960
v 14.269132 31.995247 40.300926
v 13.128446 32.691154 40.034996
v 13.959600 32.555290 40.005955
v 12.982303 32.123425 40.175102
v 14.394968 32.484127 40.180271
v 14.109799 33.138783 40.149967
v 14.520810 32.972996 40.300934
v 14.219735 33.565933 40.543411
v 14.612913 33.330879 40.630562
v 14.259970 33.722282 41.080849
v 14.646625 33.461876 41.080853
v 14.219700 33.565933 41.618282
v 14.612893 33.330879 41.531139
v 13.274523 33.258881 41.986534
v 14.109750 33.138783 42.011711
v 13.381508 33.674488 41.603737
v 14.520761 32.972996 41.860771
v 13.128380 32.691154 42.126648
v 13.420687 33.826611 41.080818
v 13.381542 33.674488 40.557911
v 13.274572 33.258881 40.175106
v 12.961939 32.044575 42.112324
v 13.128380 32.691154 42.271900
v 12.795549 31.397999 41.080807
v 12.840118 31.571251 41.676357
v 12.962005 32.044575 40.049305
v 12.840154 31.571251 40.485271
v 13.294871 33.337730 40.049309
v 13.128446 32.691154 39.889740
v 13.416700 33.811058 40.485283
v 13.461276 33.984306 41.080818
v 13.416665 33.811058 41.676373
v 13.294807 33.337730 42.112328
v 4.923288 33.342163 42.137287
v 12.364197 32.125851 42.137466
v 12.534688 32.788197 42.300938
v 5.093786 34.004509 42.300766
v 12.239401 31.640978 41.690861
v 4.752833 32.679813 41.080612
v 12.193742 31.463505 41.080795
v 4.798493 32.857285 41.690685
v 12.705177 33.450542 42.137474
v 12.830001 33.935417 41.690876
v 5.264277 34.666862 42.137302
v 5.389100 35.151726 41.690701
v 4.798529 32.857285 40.470551
v 5.093857 34.004509 39.860493
v 4.923353 33.342163 40.023952
v 5.389135 35.151726 40.470562
v 5.264340 34.666862 40.023956
v 5.434803 35.329208 41.080631
v 12.875711 34.112900 41.080807
v 12.830036 33.935417 40.470737
v 12.239438 31.640978 40.470722
v 12.364261 32.125851 40.024132
v 12.534752 32.788197 39.860664
v 12.705241 33.450542 40.024139
v -15.969314 35.220695 39.164452
v -15.969377 35.220695 41.776081
v -15.068583 35.220695 41.776108
v -15.068522 35.220695 39.164474
v -9.704065 35.657898 33.384731
v -9.450640 35.876465 33.370983
v -8.995575 35.876465 33.346272
v -8.742538 35.657898 33.332531
v -8.742538 35.220695 33.332531
v -9.704065 35.220695 33.384731
v -8.742595 35.220695 35.578522
v -8.742595 34.631615 35.578522
v -8.742538 34.631615 33.332531
v -8.742595 35.657898 35.578522
v -8.995632 35.876465 35.578514
v -9.501625 35.876465 35.578503
v -9.754725 35.657898 35.578499
v -9.754725 35.220695 35.578499
v -9.754793 35.657898 38.378162
v -9.501763 35.876465 38.378178
v -9.096986 35.876465 38.378185
v -8.843875 35.657898 38.378189
v -8.843875 35.220695 38.378189
v -9.754793 35.220695 38.378162
v -8.894539 35.220695 40.519722
v -8.894539 34.631615 40.519722
v -8.843875 34.631615 38.378189
v -9.518673 35.876465 38.743801
v -9.501814 35.876469 40.154079
v -9.147653 35.876469 40.519711
v -9.754806 35.657898 38.743793
v -9.754844 35.657898 40.154072
v 15.117779 34.631615 39.478695
v 16.180525 34.631615 39.165321
v 16.180464 34.631615 41.776955
v 15.269580 34.631615 40.209946
v 10.866798 35.657898 40.154636
v 10.866791 35.657898 40.520260
v 10.866791 35.220695 40.520260
v 10.866798 35.220695 40.154636
v 17.081261 34.631615 41.776978
v 17.081261 35.220695 41.776978
v 16.180464 35.220695 41.776955
v -13.853982 35.220695 40.365860
v -14.157628 35.220695 40.209148
v -9.754844 35.220695 40.154072
v -9.754806 35.220695 38.743793
v -14.005788 35.220695 39.477898
v -15.969377 34.631615 41.776081
v -15.969314 34.631615 39.164452
v -15.068522 34.631615 39.164474
v -15.068583 34.631615 41.776108
v -13.853982 34.631615 40.365860
v -9.754806 34.631615 38.743793
v -9.754844 34.631615 40.154072
v -9.754725 34.631615 35.578499
v -9.704065 34.631615 33.384731
v -14.157628 34.631615 40.209148
v -9.754793 34.631615 38.378162
v -14.005788 34.631615 39.477898
v -9.754850 34.631615 40.519695
v -9.754850 35.657898 40.519695
v -9.754850 35.220695 40.519695
v 17.083149 34.631607 -32.443565
v 17.083149 35.220692 -32.443565
v 16.182350 35.220692 -32.443581
v 16.182350 34.631607 -32.443581
v 10.109386 35.876465 -25.729584
v 10.109442 35.876465 -27.961843
v 9.856405 35.657894 -27.961843
v 9.856348 35.657894 -25.715858
v 10.868536 35.657894 -27.961819
v 10.817877 35.657894 -25.768061
v 10.817877 35.220692 -25.768061
v 10.868536 35.220692 -27.961819
v 10.615437 35.876465 -27.961826
v 10.564451 35.876465 -25.754303
v 14.967822 35.220692 -33.644966
v 10.868617 35.220692 -31.127117
v 10.868617 34.631607 -31.127117
v 14.967822 34.631607 -33.644966
v 15.119617 35.220692 -32.756992
v 15.271463 35.220692 -33.488247
v 15.271463 34.631607 -33.488247
v 15.119617 34.631607 -32.756992
v 10.817877 34.631607 -25.768061
v -9.145783 35.876465 -32.903572
v -9.095231 35.876465 -30.762039
v -8.842117 35.657894 -30.762028
v -8.892670 35.657894 -32.903568
v -9.449135 35.876465 -25.754847
v -9.500007 35.876465 -27.962376
v -9.753106 35.657894 -27.962383
v -9.702560 35.657894 -25.768616
v -13.852099 35.220692 -33.645752
v -14.155744 35.220692 -33.489044
v -14.155744 34.631607 -33.489044
v -13.852099 34.631607 -33.645752
v -14.003949 35.220692 -32.757786
v -9.753106 35.220692 -27.962383
v -9.753106 34.631607 -27.962383
v -14.003949 34.631607 -32.757786
v -15.967420 35.220692 -35.056076
v -15.967420 34.631607 -35.056076
v -15.967488 34.631607 -32.444454
v -15.967488 35.220692 -32.444454
v 17.081322 35.220695 39.165344
v 17.081322 34.631615 39.165344
v 16.180525 35.220695 39.165321
v 10.107824 35.876465 35.579033
v 10.107880 35.876465 33.346790
v 9.854843 35.657898 33.333035
v 9.854787 35.657898 35.579029
v 10.816372 35.657898 33.385288
v 10.866917 35.657898 35.579060
v 10.866917 35.220695 35.579060
v 10.816372 35.220695 33.385288
v 10.613816 35.876465 35.579056
v 10.562944 35.876465 33.371529
v 10.866836 35.220695 38.744354
v 14.965941 35.220695 40.366642
v 14.965941 34.631615 40.366642
v 10.866836 34.631615 38.744354
v 15.269580 35.220695 40.209946
v 15.117779 35.220695 39.478695
v 10.816372 34.631615 33.385288
v -8.894539 35.657898 40.519722
v 10.866917 34.631615 35.579060
v 10.259594 35.876469 40.520237
v 10.209042 35.876465 38.378708
v 9.955935 35.657898 38.378704
v 10.006481 35.657898 40.520229
v -9.702560 35.220692 -25.768616
v -15.066697 35.220692 -32.444431
v -15.066697 34.631607 -32.444431
v -9.702560 34.631607 -25.768616
v -9.753024 35.220692 -31.127678
v -9.753024 34.631607 -31.127678
v -8.994013 35.876465 -27.962362
v -8.994070 35.876465 -25.730103
v -8.741033 35.657894 -25.716360
v -8.740976 35.657894 -27.962358
v 17.083218 34.631607 -35.055183
v 17.083218 35.220692 -35.055183
v 10.868536 34.631607 -27.961819
v 10.210798 35.876465 -30.761513
v 10.261463 35.876465 -32.903049
v 10.008351 35.657894 -32.903053
v 9.957691 35.657894 -30.761520
v -9.501820 35.876469 40.519699
v 10.866791 34.631615 40.520260
v 10.006481 34.631615 40.520229
v 10.866798 34.631615 40.154636
v 9.955935 34.631615 38.378704
v 10.866848 34.631615 38.378727
v 9.854787 34.631615 35.579029
v 9.854843 34.631615 33.333035
v 10.866836 35.657898 38.744354
v 10.866848 35.220695 38.378727
v 10.866848 35.657898 38.378727
v 9.854843 35.220695 33.333035
v 9.854787 35.220695 35.579029
v 10.613816 35.876465 38.378719
v 9.955935 35.220695 38.378704
v 10.006481 35.220695 40.520229
v 10.613762 35.876469 40.520252
v 10.630695 35.876465 38.744347
v 10.613768 35.876469 40.154629
v -15.066628 35.220692 -35.056049
v -9.752986 35.220692 -32.537949
v -15.066628 34.631607 -35.056049
v -9.752986 34.631607 -32.537949
v -8.740976 34.631607 -27.962358
v -8.741033 34.631607 -25.716360
v -8.892670 34.631607 -32.903568
v -8.842117 34.631607 -30.762028
v -9.753037 34.631607 -30.762056
v -9.752981 34.631607 -32.903591
v -9.753037 35.657894 -30.762056
v -9.753024 35.657894 -31.127678
v -9.753037 35.220692 -30.762056
v -9.752986 35.657894 -32.537949
v -9.752981 35.657894 -32.903591
v -9.752981 35.220692 -32.903591
v -8.741033 35.220692 -25.716360
v -8.740976 35.220692 -27.962358
v -8.842117 35.220692 -30.762028
v -9.500007 35.876465 -30.762051
v -8.892670 35.220692 -32.903568
v -9.499949 35.876465 -32.903580
v -9.499956 35.876465 -32.537945
v -9.516890 35.876465 -31.127674
v 16.182421 35.220692 -35.055206
v 10.868655 35.220692 -32.537388
v 10.868660 34.631607 -32.903030
v 10.868655 34.631607 -32.537388
v 10.008351 34.631607 -32.903053
v 16.182421 34.631607 -35.055206
v 10.868607 34.631607 -30.761492
v 9.957691 34.631607 -30.761520
v 9.856348 34.631607 -25.715858
v 9.856405 34.631607 -27.961843
v 10.868655 35.657894 -32.537388
v 10.868617 35.657894 -31.127117
v 10.868660 35.220692 -32.903030
v 10.868607 35.220692 -30.761492
v 10.868660 35.657894 -32.903030
v 10.868607 35.657894 -30.761492
v 9.856348 35.220692 -25.715858
v 9.856405 35.220692 -27.961843
v 10.615575 35.876465 -30.761499
v 9.957691 35.220692 -30.761520
v 10.008351 35.220692 -32.903053
v 10.615629 35.876465 -32.903038
v 10.632477 35.876465 -31.127121
v 10.615623 35.876465 -32.537392
v -15.068610 26.993685 42.694847
v -14.157647 26.993685 41.127892
v -14.005813 26.993685 40.396637
v -15.068547 26.993685 40.083218
v -8.493446 30.770786 33.384769
v -7.647687 30.770786 33.332561
v -7.647687 29.507744 33.332561
v -8.493446 29.507744 33.384769
v -7.647687 31.207993 33.332561
v -7.647743 31.207993 35.578556
v -7.647743 30.770786 35.578556
v -8.538014 30.770786 35.578533
v -8.538014 29.507744 35.578533
v -7.647743 29.507744 35.578556
v -8.538252 30.770786 44.866482
v -7.737008 30.770786 44.866501
v -7.737008 29.507744 44.866501
v -8.538252 29.507744 44.866482
v -7.737008 31.207993 44.866501
v -7.781581 31.207994 47.008041
v -7.781581 30.770786 47.008041
v -8.315745 31.426563 47.008015
v -8.004213 31.426563 47.008038
v -8.315733 31.426563 46.642387
v -8.330554 31.426563 45.232113
v -8.538259 31.207993 45.232105
v -8.538296 31.207994 46.642384
v 14.965915 25.730637 41.285381
v 16.180435 25.730637 42.695694
v 9.600456 29.507744 46.642883
v 9.600494 29.507744 45.232601
v 9.600456 30.770786 46.642883
v 9.600451 30.770786 47.008511
v 9.600451 29.507744 47.008511
v 16.180435 26.993685 42.695694
v -8.538296 30.770786 46.642384
v -8.538259 30.770786 45.232105
v -13.854007 26.993685 41.284595
v -15.969340 26.993685 40.083195
v -15.969403 26.993685 42.694817
v -8.538301 29.507744 47.008011
v -8.538296 29.507744 46.642384
v -7.781581 29.507744 47.008041
v -15.068547 25.730637 40.083218
v -14.005813 25.730637 40.396637
v -14.157647 25.730637 41.127892
v -15.068610 25.730637 42.694847
v -8.538259 29.507744 45.232105
v -13.854007 25.730637 41.284595
v -15.969403 25.730637 42.694817
v -15.969340 25.730637 40.083195
v -8.538301 30.770786 47.008011
v -8.538301 31.207994 47.008011
v -8.538252 31.207993 44.866482
v 9.023996 31.426558 -37.775314
v 9.068563 31.426558 -39.916832
v 8.845931 31.207989 -39.916843
v 8.801365 31.207989 -37.775322
v 9.379757 31.426559 -29.324129
v 9.334915 31.426559 -27.116604
v 9.557823 31.207989 -27.130356
v 9.602389 31.207989 -29.324123
v 15.271500 26.993679 -35.054394
v 14.967862 26.993679 -35.211090
v 14.967862 25.730629 -35.211090
v 15.271500 25.730629 -35.054394
v 9.602389 30.770781 -29.324123
v 15.119662 26.993679 -34.323143
v 15.119662 25.730629 -34.323143
v 9.602389 29.507738 -29.324121
v 17.083256 25.730629 -36.621323
v 17.083256 26.993679 -36.621323
v 17.083193 26.993679 -34.009686
v 17.083193 25.730629 -34.009686
v -15.967444 26.993679 -34.010578
v -15.967444 25.730629 -34.010578
v -15.066651 25.730629 -34.010551
v -15.066651 26.993679 -34.010551
v -7.868663 31.426559 -29.324602
v -7.868718 31.426559 -27.092346
v -7.646149 31.207989 -27.078588
v -7.646087 31.207989 -29.324596
v -8.491903 31.207989 -27.130840
v -8.536356 31.207989 -29.324619
v -8.536356 30.770781 -29.324619
v -8.491903 30.770781 -27.130840
v -8.313738 31.426559 -29.324615
v -8.268989 31.426559 -27.117077
v -8.536138 30.770779 -38.141418
v -13.852063 26.993679 -35.211872
v -13.852063 25.730629 -35.211872
v -8.536138 29.507736 -38.141418
v -14.155707 26.993679 -35.055187
v -14.003907 26.993679 -34.323933
v -14.003907 25.730629 -34.323933
v -14.155707 25.730629 -35.055187
v -8.491903 29.507738 -27.130838
v 9.066355 31.426563 47.008492
v 9.021889 31.426563 44.866962
v 8.799256 31.207993 44.866951
v 8.843718 31.207994 47.008484
v 9.333370 31.426563 33.371487
v 9.378107 31.426563 35.579021
v 9.600739 31.207993 35.579029
v 9.556278 31.207993 33.385258
v 14.965915 26.993685 41.285381
v 15.269562 26.993685 41.128689
v 15.269562 25.730637 41.128689
v 15.117754 26.993685 40.397438
v 9.600739 30.770786 35.579029
v 9.600739 29.507744 35.579029
v 15.117754 25.730637 40.397438
v 17.081236 26.993685 42.695721
v 17.081236 25.730637 42.695721
v 17.081306 25.730637 40.084087
v 17.081306 26.993685 40.084087
v -7.870255 31.426563 33.346294
v -7.870312 31.426563 35.578552
v -8.538014 31.207993 35.578533
v -8.493446 31.207993 33.384769
v -8.315388 31.426563 35.578537
v -8.270533 31.426563 33.371017
v -7.959647 31.426563 44.866493
v 9.556278 30.770786 33.385258
v 16.180508 26.993685 40.084068
v 16.180508 25.730637 40.084068
v 9.556278 29.507744 33.385258
v 9.600494 30.770786 45.232601
v 8.933032 31.426563 35.579010
v 8.933088 31.426563 33.346756
v 8.710525 31.207993 33.333008
v 8.710468 31.207993 35.579006
v -15.967381 26.993679 -36.622211
v -15.967381 25.730629 -36.622211
v -8.536356 29.507738 -29.324617
v -8.001998 31.426558 -39.917294
v -7.957538 31.426558 -37.775776
v -7.734900 31.207989 -37.775768
v -7.779366 31.207989 -39.917290
v 16.182392 26.993679 -34.009701
v 9.557823 30.770781 -27.130356
v 9.557823 29.507738 -27.130354
v 16.182392 25.730629 -34.009701
v 9.602615 30.770779 -38.140919
v 9.602615 29.507736 -38.140919
v 8.934682 31.426559 -29.324141
v 8.934625 31.426559 -27.091883
v 8.712118 31.207989 -29.324148
v 8.712063 31.207989 -27.078144
v -8.315690 31.426563 44.866489
v 8.710468 29.507744 35.579006
v 8.710525 29.507744 33.333008
v 8.843718 29.507744 47.008484
v 8.799256 29.507744 44.866951
v 9.600501 29.507744 44.866970
v 9.600501 31.207993 44.866970
v 9.600494 31.207993 45.232601
v 9.600501 30.770786 44.866970
v 9.600456 31.207994 46.642883
v 9.600451 31.207994 47.008511
v 8.710525 30.770786 33.333008
v 8.710468 30.770786 35.579006
v 8.799256 30.770786 44.866951
v 9.377932 31.426563 44.866966
v 8.843718 30.770786 47.008484
v 9.377882 31.426563 47.008507
v 9.377888 31.426563 46.642872
v 9.392782 31.426563 45.232594
v -15.066588 26.993679 -36.622189
v -8.536099 30.770779 -39.551682
v -8.536087 29.507736 -39.917316
v -7.779366 29.507736 -39.917290
v -8.536099 29.507736 -39.551682
v -15.066588 25.730629 -36.622189
v -7.734900 29.507736 -37.775768
v -8.536144 29.507736 -37.775795
v -7.646087 29.507738 -29.324594
v -7.646149 29.507738 -27.078587
v -8.536138 31.207989 -38.141418
v -8.536099 31.207989 -39.551682
v -8.536087 30.770779 -39.917316
v -8.536144 30.770779 -37.775795
v -8.536087 31.207989 -39.917316
v -8.536144 31.207989 -37.775795
v -7.646149 30.770781 -27.078588
v -7.646087 30.770781 -29.324596
v -8.313581 31.426558 -37.775787
v -7.734900 30.770779 -37.775768
v -7.779366 30.770779 -39.917290
v -8.313530 31.426558 -39.917309
v -8.328432 31.426558 -38.141411
v -8.313537 31.426558 -39.551678
v 16.182457 26.993679 -36.621342
v 9.602652 30.770779 -39.551186
v 16.182457 25.730629 -36.621342
v 9.602652 29.507736 -39.551186
v 8.712063 29.507738 -27.078142
v 8.712118 29.507738 -29.324146
v 9.602609 29.507736 -37.775299
v 8.801365 29.507736 -37.775322
v 8.845931 29.507736 -39.916843
v 9.602659 29.507736 -39.916813
v 9.602615 31.207989 -38.140919
v 9.602609 31.207989 -37.775299
v 9.602609 30.770779 -37.775299
v 9.602659 31.207989 -39.916813
v 9.602652 31.207989 -39.551186
v 9.602659 30.770779 -39.916813
v 8.712063 30.770781 -27.078144
v 8.712118 30.770781 -29.324148
v 8.801365 30.770779 -37.775322
v 9.380039 31.426558 -37.775303
v 8.845931 30.770779 -39.916843
v 9.380096 31.426558 -39.916821
v 9.380083 31.426558 -39.551193
v 9.394903 31.426558 -38.140926
v 23.031628 32.888222 3.832014
v 23.031681 46.671257 1.638246
v 24.195637 46.671257 1.638278
v 24.195583 32.888222 3.832046
v 25.795055 56.286152 16.780447
v 25.795403 56.286152 2.975994
v 24.619572 56.378769 2.975961
v 24.619221 56.378769 16.780415
v 23.031269 33.845646 17.846493
v 23.031258 35.090187 18.314360
v 23.031258 46.683571 18.314360
v 23.031307 32.888222 16.244774
v 23.031277 33.386017 17.414486
v -23.297688 32.888222 3.830751
v -23.297630 46.671257 1.636983
v -22.133678 46.671257 1.637016
v -22.133732 32.888222 3.830783
v -23.721989 56.378769 16.779108
v -23.721638 56.378769 2.974653
v -24.897472 56.286152 2.974621
v -24.897823 56.286152 16.779076
v -22.134075 33.386017 17.413261
v -22.134052 32.888222 16.243544
v -22.134106 46.683571 18.313129
v -22.134106 35.090187 18.313129
v -22.134090 33.845646 17.845263
v -23.722042 57.940197 18.771660
v -23.298069 57.940197 18.771666
v -23.297619 57.940197 1.197106
v -23.721588 57.940197 1.197100
v -23.721989 48.133217 16.779108
v -23.914299 48.133217 16.779102
v -23.721638 48.133217 2.964111
v -23.913940 48.133217 2.964104
v -23.298061 46.683571 18.313095
v 24.619621 57.940197 1.198408
v 24.195652 57.940197 1.198401
v 24.195198 57.940197 18.772963
v 24.619167 57.940197 18.772968
v 24.811527 48.133217 16.780422
v 24.619221 48.133217 16.780416
v 24.811878 48.133217 2.965425
v 24.619576 48.133217 2.965419
v 24.195213 46.683571 18.314392
v -23.721977 32.280674 16.421190
v -23.298008 32.280674 16.421204
v -23.298046 32.836349 17.726969
v -23.722015 32.836349 17.726955
v -23.298069 46.879257 18.771667
v -23.722042 46.921707 18.771662
v -23.722042 34.781494 18.771662
v -23.298069 34.781494 18.771667
v -23.721588 32.280670 1.009067
v -23.297619 32.280670 1.009074
v -23.298061 33.392204 18.249399
v -23.722031 33.392204 18.249386
v -23.721588 46.921707 1.009066
v -23.297619 46.879253 1.009073
v -23.721954 34.754093 15.379262
v -23.721954 34.165226 15.403728
v -23.721970 44.677811 16.067753
v -23.721970 45.265755 16.107296
v -23.721672 45.307823 4.226020
v -23.721958 45.307823 15.554701
v -23.721790 40.947182 8.956182
v -23.721832 40.906853 10.780788
v -23.721939 34.139187 14.850265
v -23.721985 48.411087 16.517941
v -23.721645 48.411087 3.250450
v -23.721775 40.317162 8.443127
v -23.721775 38.792149 8.486878
v -23.721794 38.984909 9.294198
v -23.721813 39.534500 9.890365
v -23.721794 40.084091 9.294198
v -23.721848 38.776848 11.162906
v -23.721848 40.276833 11.293856
v -23.721828 40.084091 10.486529
v -23.721828 39.028248 10.410198
v -23.721653 45.265751 3.673424
v -23.721790 38.162132 8.999940
v -23.721832 38.153046 10.643551
v -23.721672 33.761177 4.226021
v -23.721657 44.677807 3.712960
v -23.298016 47.571804 16.521086
v -23.297665 47.561272 2.852440
v -23.297638 57.095467 1.770075
v -23.297665 56.101116 2.963968
v -23.298061 57.095467 18.313093
v -23.298016 56.101116 16.521086
v -23.298035 33.386017 17.413229
v -23.298046 33.845646 17.845232
v -23.298061 35.090187 18.313095
v -23.298008 32.888222 16.243517
v -24.096272 40.947182 8.956168
v -24.096153 45.307823 4.226007
v -24.096142 44.677807 3.712946
v -24.096260 40.317162 8.443114
v -24.096279 40.084091 9.294185
v -24.096134 45.265751 3.673411
v -24.096455 44.677811 16.067741
v -24.096455 45.265755 16.107281
v -24.096443 45.307823 15.554686
v -24.096317 40.906853 10.780776
v -24.096310 40.084091 10.486517
v -24.096329 40.276833 11.293842
v -24.096436 34.754093 15.379248
v -24.096329 38.776848 11.162893
v -24.096317 38.153046 10.643538
v -24.096424 34.139187 14.850250
v -24.096436 34.165226 15.403722
v -24.096310 39.028248 10.410185
v -24.096272 38.162132 8.999933
v -24.096279 38.984909 9.294185
v -24.096260 38.792149 8.486865
v -24.096142 34.391190 3.712947
v -24.096134 33.803238 3.673412
v -24.096153 33.761177 4.226008
v -23.721653 33.803238 3.673425
v -23.721657 34.391190 3.712961
v -23.913952 48.411087 3.250443
v -24.866398 56.010387 3.212824
v -24.866734 56.010387 16.517906
v -23.914291 48.411087 16.517935
v -23.721985 56.100895 16.517939
v -23.721645 56.100895 3.212857
v 24.619194 32.836349 17.728264
v 24.195225 32.836349 17.728256
v 24.195263 32.280674 16.422493
v 24.619232 32.280674 16.422504
v 24.195198 34.781494 18.772964
v 24.619167 34.781494 18.772970
v 24.619167 46.921707 18.772970
v 24.195198 46.879257 18.772964
v 24.195652 32.280670 1.010369
v 24.619621 32.280670 1.010375
v 24.619183 33.392204 18.250694
v 24.195213 33.392204 18.250687
v 24.195652 46.879253 1.010368
v 24.619621 46.921707 1.010374
v 24.619255 34.165226 15.405042
v 24.619255 34.754093 15.380569
v 24.619236 45.265755 16.108603
v 24.619236 44.677811 16.069063
v 24.619251 45.307823 15.556007
v 24.619541 45.307823 4.227328
v 24.619373 40.906853 10.782096
v 24.619423 40.947182 8.957489
v 24.619267 34.139187 14.851572
v 24.619564 48.411087 3.251758
v 24.619225 48.411087 16.519249
v 24.619411 40.084091 9.295506
v 24.619392 39.534500 9.891671
v 24.619411 38.984909 9.295506
v 24.619431 38.792149 8.488187
v 24.619431 40.317162 8.444435
v 24.619381 39.028248 10.411506
v 24.619381 40.084091 10.487838
v 24.619362 40.276833 11.295163
v 24.619362 38.776848 11.164214
v 24.619556 45.265751 3.674732
v 24.619373 38.153046 10.644859
v 24.619423 38.162132 9.001247
v 24.619541 33.761177 4.227329
v 24.619553 44.677807 3.714268
v 24.195606 47.561272 2.853736
v 24.195255 47.571804 16.522375
v 24.195599 56.101116 2.965263
v 24.195633 57.095467 1.771371
v 24.195255 56.101116 16.522375
v 24.195213 57.095467 18.314390
v 24.195225 33.845646 17.846527
v 24.195240 33.386017 17.414524
v 24.195213 35.090187 18.314392
v 24.195263 32.888222 16.244806
v 24.993916 40.317162 8.444448
v 24.994034 44.677807 3.714281
v 24.994022 45.307823 4.227341
v 24.993900 40.947182 8.957502
v 24.993896 40.084091 9.295519
v 24.994038 45.265751 3.674745
v 24.993736 45.307823 15.556020
v 24.993717 45.265755 16.108618
v 24.993717 44.677811 16.069075
v 24.993843 40.276833 11.295177
v 24.993866 40.084091 10.487850
v 24.993858 40.906853 10.782110
v 24.993752 34.139187 14.851584
v 24.993858 38.153046 10.644872
v 24.993843 38.776848 11.164227
v 24.993740 34.754093 15.380582
v 24.993740 34.165226 15.405055
v 24.993866 39.028248 10.411519
v 24.993916 38.792149 8.488199
v 24.993896 38.984909 9.295519
v 24.993900 38.162132 9.001266
v 24.994022 33.761177 4.227342
v 24.994038 33.803238 3.674746
v 24.994034 34.391190 3.714282
v 24.619556 33.803238 3.674733
v 24.619553 34.391190 3.714269
v 25.764313 56.010387 3.214197
v 24.811871 48.411087 3.251764
v 24.811531 48.411087 16.519255
v 25.763977 56.010387 16.519279
v 24.619225 56.100895 16.519247
v 24.619564 56.100895 3.214165
v -23.297585 46.879253 -0.445087
v -23.721550 46.921707 -0.445093
v -23.721550 32.280670 -0.445092
v -23.297585 32.280670 -0.445086
v -23.720955 46.921703 -23.723446
v -23.296986 46.879250 -23.723431
v -23.297131 34.781490 -18.207680
v -23.721100 34.781490 -18.207685
v -23.297142 35.090187 -17.749107
v -23.297001 46.683563 -23.264868
v -22.133045 46.683563 -23.264841
v -22.133186 35.090187 -17.749075
v -23.721550 57.940197 -0.445094
v -23.297585 57.940197 -0.445088
v -23.297123 57.095467 -18.438581
v -23.297565 57.095467 -1.018050
v -23.297531 56.101116 -2.413045
v -23.297161 56.101116 -16.905628
v 23.032314 46.683563 -23.263611
v 23.031750 46.671257 -1.071741
v 24.195705 46.671257 -1.071709
v 24.196274 46.683563 -23.263578
v 25.795536 56.286152 -2.221300
v 25.795910 56.286152 -16.903265
v 24.620079 56.378769 -16.903297
v 24.619705 56.378769 -2.221333
v 24.196159 57.940197 -18.895864
v 24.620129 57.940197 -18.895851
v 24.620255 46.921703 -23.722137
v 24.196285 46.879250 -23.722145
v 24.195690 57.940197 -0.443792
v 24.619659 57.940197 -0.443786
v -23.297565 46.671257 -1.073004
v -23.297558 32.888222 -1.323718
v -22.133602 32.888222 -1.323686
v -22.133610 46.671257 -1.072971
v -23.721508 48.133217 -2.212104
v -23.721508 56.378769 -2.222641
v -24.897335 56.286152 -2.222673
v -23.913811 48.133217 -2.212110
v -23.721130 56.378769 -16.904606
v -23.721130 48.133217 -16.904604
v -23.913441 48.133217 -16.904610
v -24.896965 56.286152 -16.904638
v -23.297112 57.940197 -18.897154
v -23.721081 57.940197 -18.897160
v 24.812386 48.133217 -16.903290
v 24.620079 48.133217 -16.903296
v 24.812012 48.133217 -2.210789
v 24.619705 48.133217 -2.210795
v 23.031757 32.888222 -1.322455
v 24.195717 32.888222 -1.322423
v -23.297188 32.280670 -15.857217
v -23.721153 32.280670 -15.857230
v -23.721123 32.836349 -17.162979
v -23.297153 32.836349 -17.162968
v -23.721111 33.392197 -17.685425
v -23.297142 33.392197 -17.685417
v -23.721256 40.276833 -11.881330
v -23.721264 38.776844 -11.730494
v -23.721287 39.028248 -10.863453
v -23.721298 39.534500 -10.264659
v -23.721283 40.084091 -10.951377
v -23.721462 45.307823 -3.739978
v -23.721481 45.265751 -3.103448
v -23.721130 45.307819 -16.789345
v -23.721119 45.265747 -17.425875
v -23.721344 38.792149 -8.648012
v -23.721344 40.317162 -8.597617
v -23.721321 40.084091 -9.577940
v -23.721321 38.984909 -9.577940
v -23.721153 34.139183 -15.977916
v -23.721134 34.165222 -16.615448
v -23.721462 33.761177 -3.739977
v -23.721481 33.803238 -3.103447
v -23.721325 40.947182 -9.188602
v -23.721275 40.906853 -11.290339
v -23.721134 34.754089 -16.587257
v -23.721119 44.677803 -17.380331
v -23.721481 44.677807 -3.148993
v -23.721481 34.391190 -3.148993
v -23.721493 48.411087 -2.498449
v -23.721134 48.411083 -16.643444
v -23.721275 38.153046 -11.132249
v -23.721325 38.162132 -9.238997
v -23.297161 47.571762 -16.913794
v -23.297527 47.561226 -2.459095
v -23.297150 33.845642 -17.281242
v -23.297161 33.386009 -16.849241
v -23.297192 32.888218 -15.679524
v -22.133205 33.386009 -16.849215
v -22.133194 33.845642 -17.281212
v -22.133236 32.888218 -15.679492
v -24.095966 45.265751 -3.103461
v -24.095947 45.307823 -3.739991
v -24.095966 44.677807 -3.149006
v -24.095802 40.084091 -9.577953
v -24.095829 40.317162 -8.597630
v -24.095810 40.947182 -9.188615
v -24.095600 44.677803 -17.380342
v -24.095741 40.276833 -11.881343
v -24.095760 40.906853 -11.290352
v -24.095612 45.307819 -16.789358
v -24.095768 40.084091 -10.951389
v -24.095600 45.265747 -17.425890
v -24.095768 39.028248 -10.863466
v -24.095745 38.776844 -11.730508
v -24.095760 38.153046 -11.132262
v -24.095619 34.165222 -16.615461
v -24.095638 34.139183 -15.977929
v -24.095619 34.754089 -16.587271
v -24.095810 38.162132 -9.239010
v -24.095947 33.761177 -3.739991
v -24.095966 34.391190 -3.149005
v -24.095829 38.792149 -8.648026
v -24.095966 33.803238 -3.103460
v -24.095802 38.984909 -9.577953
v -24.865891 56.010387 -16.643478
v -24.866249 56.010387 -2.460883
v -23.913448 48.411083 -16.643450
v -23.913803 48.411087 -2.498456
v -23.721134 56.100895 -16.643446
v -23.721500 56.100895 -2.460850
v 24.620098 33.392197 -17.684116
v 24.196125 33.392197 -17.684128
v 24.196140 34.781490 -18.206385
v 24.620110 34.781490 -18.206379
v 24.620087 32.836349 -17.161671
v 24.196114 32.836349 -17.161678
v 24.619659 32.280670 -0.443784
v 24.195690 32.280670 -0.443790
v 24.196083 32.280670 -15.855929
v 24.620056 32.280670 -15.855922
v 24.195690 46.879253 -0.443792
v 24.619659 46.921707 -0.443785
v 24.620090 45.265747 -17.424568
v 24.620090 44.677803 -17.379023
v 24.620071 34.165222 -16.614140
v 24.620071 34.754089 -16.585949
v 24.619743 45.307823 -3.738670
v 24.620079 45.307819 -16.788038
v 24.619881 40.947182 -9.187294
v 24.619934 40.906853 -11.289031
v 24.619869 38.792149 -8.646705
v 24.619869 40.317162 -8.596309
v 24.619724 44.677807 -3.147685
v 24.619724 34.391190 -3.147685
v 24.620056 34.139183 -15.976607
v 24.619934 38.153046 -11.130941
v 24.619881 38.162132 -9.237690
v 24.619743 33.761177 -3.738669
v 24.619926 39.028248 -10.862145
v 24.619907 39.534500 -10.263350
v 24.619888 38.984909 -9.576632
v 24.620071 48.411083 -16.642136
v 24.619717 48.411087 -2.497141
v 24.619724 45.265751 -3.102140
v 24.619724 33.803238 -3.102139
v 24.619953 40.276833 -11.880023
v 24.619946 38.776844 -11.729186
v 24.619888 40.084091 -9.576632
v 24.619926 40.084091 -10.950069
v 24.196110 47.571762 -16.912498
v 24.196110 56.101116 -16.904335
v 24.196148 57.095467 -18.437292
v 24.195736 56.101116 -2.411750
v 24.195736 47.561226 -2.457800
v 24.195698 57.095467 -1.016755
v 24.196075 32.888218 -15.678237
v 24.196110 33.386009 -16.847952
v 24.196121 33.845642 -17.279947
v 24.196125 35.090187 -17.747820
v 23.032120 32.888218 -15.678267
v 23.032173 35.090187 -17.747852
v 23.032166 33.845642 -17.279980
v 23.032154 33.386009 -16.847984
v 24.994209 44.677807 -3.147672
v 24.994354 40.317162 -8.596295
v 24.994366 40.947182 -9.187281
v 24.994228 45.307823 -3.738657
v 24.994373 40.084091 -9.576620
v 24.994209 45.265751 -3.102127
v 24.994560 45.307819 -16.788023
v 24.994576 44.677803 -17.379009
v 24.994576 45.265747 -17.424555
v 24.994438 40.276833 -11.880009
v 24.994419 40.906853 -11.289018
v 24.994411 40.084091 -10.950055
v 24.994419 38.153046 -11.130928
v 24.994537 34.139183 -15.976594
v 24.994556 34.754089 -16.585938
v 24.994427 38.776844 -11.729174
v 24.994556 34.165222 -16.614128
v 24.994411 39.028248 -10.862133
v 24.994354 38.792149 -8.646691
v 24.994366 38.162132 -9.237676
v 24.994373 38.984909 -9.576620
v 24.994228 33.761177 -3.738657
v 24.994209 34.391190 -3.147672
v 24.994209 33.803238 -3.102127
v 24.812023 48.411087 -2.497135
v 25.764454 56.010387 -2.459510
v 25.764824 56.010387 -16.642105
v 24.812382 48.411083 -16.642130
v 24.620071 56.100895 -16.642138
v 24.619705 56.100895 -2.459542
v 11.086625 31.745268 -44.203499
v 11.086630 34.572849 -44.498684
v 10.054173 36.582729 -41.033852
v 10.054166 33.744671 -40.756733
v 10.052353 28.606674 30.414152
v 10.052378 32.417652 29.472670
v 10.052321 34.634567 31.584879
v 10.052302 32.038189 32.349270
v 10.052082 34.006306 40.895493
v 10.052082 37.360012 40.932125
v 10.051945 36.298538 46.361431
v 10.051950 34.006306 46.117050
v 10.051844 32.510712 50.316925
v 10.051844 34.592197 50.316925
v 10.051844 33.551460 50.316925
v 10.052171 34.006302 37.552490
v 10.052171 37.055458 37.458580
v 10.052252 33.272736 34.292168
v 10.052264 36.120033 33.902332
v 10.052464 28.534140 25.861807
v 10.052484 31.369133 25.233143
v 10.053600 28.534136 -18.503977
v 10.053589 31.369129 -18.150660
v 10.053770 33.547653 -25.299042
v 10.053764 36.378819 -24.940523
v 11.937016 31.541271 -51.964523
v 11.937021 33.423954 -51.990868
v 12.014578 32.510712 50.977322
v 12.014561 32.510712 51.893318
v 10.051805 32.510712 51.893257
v 10.051825 32.510712 50.977272
v 8.419006 32.510719 51.893211
v 8.419025 32.510719 50.977230
v 8.419464 32.964180 33.806530
v 8.419503 32.038189 32.349224
v 8.925514 33.272736 34.292145
v 8.419439 33.387951 34.804188
v 8.419371 34.006302 37.552444
v 8.419283 34.006306 40.895439
v 8.419139 33.825962 46.623451
v 8.925213 34.006306 46.117020
v 8.419044 32.510712 50.316872
v 8.419165 34.006306 45.591320
v 12.014597 32.510712 50.316978
v 8.419025 33.551460 50.977230
v 8.419044 33.551460 50.316872
v 8.419132 36.081741 46.863949
v 8.419044 34.592197 50.316872
v 8.419025 34.592201 50.977230
v 8.419006 33.551460 51.893211
v -0.659750 36.081741 46.863701
v 1.212742 36.081741 46.863758
v 1.212767 36.399220 45.846252
v -0.659724 36.399220 45.846203
v -0.487362 36.254051 34.411533
v 1.213062 36.254051 34.411579
v 1.213087 35.808990 33.416840
v -0.487337 35.808990 33.416794
v -7.693747 36.254051 34.411339
v -8.199808 36.120033 33.901840
v -9.326540 36.120033 33.901806
v -9.326633 37.055458 37.458054
v -7.693828 37.055458 37.458099
v -7.693721 35.808990 33.416599
v -7.693677 34.634567 31.584398
v -9.326483 34.634567 31.584352
v -7.693622 32.417652 29.472191
v -9.326427 32.417652 29.472143
v -1.570669 36.081741 46.863678
v -1.570643 36.399220 45.846176
v -7.694041 36.399220 45.846016
v -7.694066 36.081741 46.863518
v -1.570349 36.254051 34.411503
v -0.720127 35.808990 33.416786
v 2.295747 36.399220 45.846287
v 2.296042 36.254051 34.411602
v 2.295722 36.081741 46.863792
v 8.925207 36.298538 46.361408
v 8.419158 36.399220 45.846447
v 8.925528 36.120033 33.902306
v 8.419477 35.808990 33.417034
v 8.419453 36.254051 34.411774
v 8.419579 32.417652 29.472622
v 8.419521 34.634567 31.584833
v 8.419371 37.055458 37.458530
v 8.419283 37.360012 40.932083
v 1.445877 35.808990 33.416847
v -8.200129 36.298538 46.360939
v -9.326721 37.360012 40.931602
v -7.693915 37.360012 40.931644
v -9.326859 36.298538 46.360905
v -9.326961 34.592197 50.316395
v -7.694155 34.592197 50.316441
v 8.419685 31.369133 25.233097
v 8.419666 28.534140 25.861763
v 8.419554 28.606674 30.414106
v 8.420789 31.369129 -18.150705
v 8.420801 28.534136 -18.504023
v 8.420965 36.378819 -24.940567
v 8.420971 33.547653 -25.299086
v 8.421021 36.407639 -27.214869
v 8.421028 33.574104 -27.361504
v -9.326451 28.606674 30.413626
v -7.693645 28.606674 30.413671
v -7.693696 32.038189 32.348793
v -9.326502 32.038189 32.348743
v -9.325034 33.547653 -25.299566
v -7.692228 33.547653 -25.299520
v -7.692397 28.534136 -18.504456
v -9.325203 28.534136 -18.504501
v -7.692234 36.378819 -24.941000
v -9.325040 36.378819 -24.941046
v -9.325215 31.369129 -18.151184
v -7.692410 31.369129 -18.151138
v -9.324638 33.744671 -40.757259
v -7.881613 33.744671 -40.757217
v -7.691840 33.742165 -40.560040
v -7.691895 33.713535 -38.331921
v -7.691857 33.731647 -39.751011
v -7.692141 33.592152 -28.780228
v -7.692179 33.574104 -27.361937
v -9.574119 31.541271 -51.965111
v -11.206923 31.541271 -51.965149
v -11.206919 33.423954 -51.991497
v -9.574119 33.423954 -51.991455
v -7.856190 33.425228 -41.307911
v -1.185889 36.263241 -44.593536
v -1.185902 33.425228 -44.316341
v -7.855919 36.263241 -41.585125
v -1.185921 33.742165 -43.568474
v -1.185908 36.580231 -43.845589
v -7.691833 36.580231 -40.837166
v -7.692141 36.425781 -28.647074
v -7.691895 36.549171 -38.385799
v -6.499071 29.797888 46.623043
v -7.694060 29.797888 46.623016
v -7.694035 29.797888 45.590893
v -6.499046 29.797888 45.590923
v -6.498770 29.797886 34.803783
v -7.693760 29.797886 34.803753
v -7.693734 29.797886 33.806091
v -6.498745 29.797886 33.806126
v -1.570362 33.387951 34.803917
v -1.570637 34.006306 45.591049
v -0.659718 34.006306 45.591076
v -0.487375 33.387951 34.803947
v -7.691857 29.797882 -39.751011
v -7.691895 29.797882 -38.331921
v -5.474673 29.797882 -38.331863
v -5.474636 29.797882 -39.750954
v -2.418651 33.731647 -39.750874
v -2.418687 33.713535 -38.331776
v -7.692141 29.797882 -28.780226
v -7.692179 29.797882 -27.361935
v -7.693760 33.387951 34.803753
v -7.693734 32.964180 33.806091
v -1.570336 32.964180 33.806255
v -7.694060 33.825962 46.623016
v -7.694035 34.006306 45.590893
v 7.224168 29.797888 45.591297
v 7.224143 29.797888 46.623425
v 2.295729 33.825962 46.623287
v 2.295753 34.006306 45.591164
v 8.419139 29.797888 46.623451
v 8.419165 29.797888 45.591320
v 7.224470 29.797886 33.806496
v 7.224444 29.797886 34.804153
v 2.296030 33.387951 34.804016
v 2.296055 32.964180 33.806358
v 8.419439 29.797886 34.804188
v 8.419464 29.797886 33.806530
v 6.689659 29.797882 -28.779840
v 6.689620 29.797882 -27.361544
v 3.147813 33.574104 -27.361645
v 3.147845 33.592152 -28.779932
v 8.421028 29.797882 -27.361502
v 8.421059 29.797882 -28.779795
v 8.421059 33.592152 -28.779797
v 6.689940 29.797882 -39.750626
v 6.689903 29.797882 -38.331532
v 3.148089 33.713535 -38.331623
v 3.148127 33.731647 -39.750717
v 8.421304 29.797882 -38.331486
v 8.421342 29.797882 -39.750576
v 8.421342 33.731647 -39.750576
v 8.421304 33.713535 -38.331486
v 1.761463 33.713535 -38.331661
v 1.761219 33.592152 -28.779974
v 1.761219 36.425781 -28.646822
v 1.761463 36.549171 -38.385548
v 3.148089 36.549171 -38.385506
v 3.147845 36.425781 -28.646780
v 8.421059 36.425781 -28.646639
v 8.421304 36.549171 -38.385365
v 1.915586 36.580231 -43.845505
v 1.915580 33.742165 -43.568382
v 8.421360 33.742165 -40.559605
v 8.421366 36.580231 -40.836731
v 1.915598 33.425228 -44.316257
v 1.915611 36.263241 -44.593452
v 8.585490 36.263241 -41.584682
v 8.585735 33.425228 -41.307468
v 8.611134 33.744671 -40.756775
v 10.304216 33.423954 -51.990917
v 10.304209 31.541271 -51.964573
v 9.956318 31.562548 -48.771851
v 9.956894 33.893196 -48.930882
v 9.453832 34.572849 -44.498730
v 8.611139 36.582729 -41.033901
v 9.453827 31.745268 -44.203548
v 1.915623 33.320679 -45.261799
v -1.185877 33.320679 -45.261883
v -1.185870 36.158691 -45.539097
v 1.915630 36.158691 -45.539013
v 9.857115 34.028000 -48.051758
v 9.857673 31.648392 -47.889256
v 8.421342 36.567299 -39.815804
v 1.213049 33.387951 34.803993
v 1.212773 34.006306 45.591129
v -1.570662 33.825962 46.623184
v -5.474950 29.797882 -27.361876
v -5.474918 29.797882 -28.780172
v -2.418933 33.592152 -28.780088
v -2.418963 33.574104 -27.361794
v -1.032306 33.592152 -28.780050
v -1.032062 33.713535 -38.331738
v -1.032062 36.549171 -38.385616
v -1.032306 36.425781 -28.646891
v -2.418933 36.425781 -28.646933
v -2.418687 36.549171 -38.385658
v -7.691857 36.567299 -39.816238
v -9.226388 31.562548 -48.772377
v -9.226954 33.893196 -48.931404
v -9.127211 34.028000 -48.052277
v -9.127788 31.648392 -47.889774
v -7.881606 36.582729 -41.034344
v -8.724117 34.572849 -44.499222
v -10.356916 34.572849 -44.499268
v -9.324632 36.582729 -41.034386
v -10.356923 31.745268 -44.204082
v -8.724122 31.745268 -44.204033
v -1.032344 36.407639 -27.215122
v 1.761181 36.407639 -27.215040
v 1.761501 36.567299 -39.815979
v -1.032024 36.567299 -39.816059
v 3.148127 36.567299 -39.815945
v 3.147808 36.407639 -27.215012
v -2.418651 36.567299 -39.816093
v -2.418970 36.407639 -27.215158
v -7.692179 36.407639 -27.215300
v 12.014578 33.551460 50.977322
v 12.014578 34.592201 50.977322
v 10.051825 34.592201 50.977272
v 10.051825 33.551460 50.977272
v 12.014597 34.592197 50.316978
v 12.014561 33.551460 51.893318
v 12.014597 33.551460 50.316978
v 10.051805 33.551460 51.893257
v 1.761187 33.574104 -27.361677
v -1.032338 33.574104 -27.361753
v -1.032024 33.731647 -39.750832
v 1.761501 33.731647 -39.750759
v 1.212749 33.825962 46.623253
v -0.659743 33.825962 46.623203
v 1.213074 32.964180 33.806335
v -0.487350 32.964180 33.806286
v -8.199821 33.272736 34.291676
v -9.326552 33.272736 34.291645
v -7.694174 32.510719 50.976795
v -9.326980 32.510712 50.976749
v -9.326961 32.510712 50.316395
v -7.694155 32.510712 50.316441
v -11.289759 32.510712 51.892681
v -11.289740 32.510712 50.976700
v -9.326999 32.510712 51.892735
v -8.200122 34.006306 46.116554
v -11.289721 32.510712 50.316341
v -7.694191 32.510719 51.892780
v -7.693828 34.006302 37.552013
v -9.326633 34.006302 37.551968
v -7.693915 34.006306 40.895008
v -9.326721 34.006306 40.894962
v -9.326853 34.006306 46.116520
v -11.289759 33.551460 51.892681
v -9.326999 33.551460 51.892735
v -7.694191 33.551460 51.892780
v -11.289721 33.551460 50.316341
v -11.289721 34.592197 50.316341
v -9.326961 33.551460 50.316395
v -11.289740 34.592201 50.976700
v -9.326980 34.592201 50.976749
v -7.694174 34.592201 50.976795
v -11.289740 33.551460 50.976700
v -9.326980 33.551460 50.976749
v -7.694174 33.551460 50.976795
v -7.694155 33.551460 50.316441
v -9.326339 28.534140 25.861284
v -9.326320 31.369133 25.232618
v -7.693515 31.369133 25.232664
v -7.693533 28.534140 25.861328
v -27.535572 56.434372 18.804674
v -27.535572 50.628517 18.804676
v -27.549549 50.613365 18.947378
v -27.549549 56.449532 18.947376
v -26.636486 56.403988 18.810995
v -25.944393 56.403992 18.803877
v -25.944393 50.658905 18.803879
v -26.636486 50.658913 18.810997
v -24.444523 56.434372 18.803982
v -24.444523 50.628517 18.803984
v 24.394615 56.434372 18.805302
v 24.394615 50.628517 18.805304
v 24.380753 50.613323 18.948072
v 24.380753 56.449570 18.948071
v 26.586582 50.658913 18.812449
v 27.485664 56.434372 18.806164
v 27.485664 50.628517 18.806166
v 25.894493 50.658905 18.805290
v 25.894493 56.403992 18.805288
v 26.586582 56.403988 18.812447
v 27.499641 56.449532 18.948866
v 27.499641 50.613365 18.948868
v -24.430660 56.449570 18.946749
v -24.430660 50.613323 18.946751
v 26.586433 56.426739 18.955141
v 25.894161 56.426781 18.948057
v 26.586433 50.636158 18.955143
v 25.894161 50.636120 18.948059
v -25.944065 56.426781 18.946646
v -26.636333 56.426739 18.953699
v -25.944065 50.636120 18.946648
v -26.636333 50.636158 18.953701
v 24.207855 50.423458 18.948013
v 24.207855 56.639446 18.948011
v 25.927414 56.648556 18.952513
v 26.553299 56.648556 18.959332
v 27.672665 56.639404 18.949041
v 27.672665 50.423489 18.949043
v 26.553299 50.414352 18.959333
v 25.927414 50.414345 18.952515
v 25.927441 57.100357 18.931040
v 26.553505 57.100609 18.937864
v 26.553505 49.962288 18.937866
v 25.927441 49.962540 18.931042
v -26.599709 56.634022 19.425526
v -25.982704 56.634193 19.418518
v -25.977837 57.165390 19.159191
v -26.605461 57.165455 19.166088
v -24.277008 56.624252 19.175749
v -24.257771 56.639446 18.946697
v -25.977322 56.648556 18.951101
v -24.257771 50.423458 18.946699
v -24.277008 50.438648 19.175751
v -25.982704 50.428703 19.418520
v -25.977322 50.414345 18.951103
v -27.722572 56.639404 18.947538
v -27.722572 50.423489 18.947540
v -27.704021 50.438648 19.177525
v -27.704021 56.624252 19.177523
v -26.599709 50.428879 19.425528
v -26.605461 49.897446 19.166090
v -25.977837 49.897507 19.159193
v 25.932777 56.634193 19.419931
v 26.549786 56.634022 19.426964
v 26.555538 57.165455 19.167524
v 25.927914 57.165390 19.160604
v 24.227077 56.624252 19.177071
v 24.227077 50.438648 19.177073
v 25.932777 50.428703 19.419933
v 25.927914 49.897507 19.160606
v 26.549786 50.428879 19.426966
v 26.555538 49.897446 19.167526
v 27.654110 56.624252 19.179028
v 27.654110 50.438648 19.179029
v -26.603199 50.414352 18.957897
v -26.603420 49.962288 18.936428
v -25.977345 49.962540 18.929628
v -26.603199 56.648556 18.957895
v -25.977345 57.100357 18.929626
v -26.603420 57.100609 18.936426
v 28.832737 54.920597 18.792217
v 28.832737 52.142307 18.792217
v 28.579720 52.142307 18.722237
v 28.579720 54.920589 18.722237
v 28.017387 57.592468 18.792299
v 27.980625 57.314480 18.722359
v 26.591198 57.334286 18.722183
v 26.597450 57.612076 18.792156
v 28.476425 57.458225 18.792818
v 28.332214 57.207970 18.723032
v 28.513569 50.086906 18.722904
v 28.755306 49.962936 18.792715
v 28.476425 49.604675 18.792820
v 28.332214 49.854931 18.723034
v 28.017387 49.470432 18.792301
v 27.980625 49.748425 18.722361
v 26.597450 49.450832 18.792158
v 26.591198 49.728615 18.722185
v 28.579605 50.515553 18.722303
v 28.833008 50.492527 18.792269
v 25.894176 49.450832 18.785002
v 25.894066 49.728615 18.715023
v 23.491554 49.447739 18.782030
v 23.491554 49.729752 18.710976
v 23.491554 57.333149 18.710974
v 23.491554 57.615170 18.782028
v 25.894176 57.612076 18.785000
v 25.894066 57.334286 18.715021
v 28.579605 56.547344 18.722301
v 28.833008 56.570370 18.792267
v 28.513569 56.975990 18.722902
v 28.755306 57.099964 18.792713
v 23.491547 49.936207 18.905066
v 27.953693 49.951931 18.913431
v 28.226643 50.038120 18.913614
v 28.265293 49.971046 19.173958
v 27.963535 49.877441 19.174450
v 28.265293 57.091854 19.173956
v 28.409496 57.342110 19.243740
v 28.000317 57.463451 19.244394
v 27.963535 57.185455 19.174448
v 28.401382 56.918461 19.174067
v 28.643120 57.042439 19.243883
v 28.461994 56.536652 19.174519
v 28.715397 56.559685 19.244493
v 28.462269 54.920589 19.174580
v 28.715286 54.920589 19.244558
v 23.491539 57.484280 19.241247
v 23.491547 57.202259 19.170214
v 25.894859 57.483147 19.237343
v 23.491547 49.860645 19.170216
v 23.491539 49.578621 19.241249
v 25.894859 49.579762 19.237345
v 28.715286 52.142307 19.244558
v 28.462269 52.142307 19.174580
v 28.461994 50.526249 19.174520
v 28.715397 50.503216 19.244495
v 28.401382 50.144432 19.174068
v 28.643120 50.020462 19.243885
v 28.409496 49.720791 19.243742
v 28.000317 49.599449 19.244396
v 26.595272 49.579762 19.244507
v 26.595272 57.483147 19.244505
v 25.894562 49.376396 19.046169
v 26.599499 49.376396 19.053326
v 28.515072 49.537605 19.053175
v 28.027233 49.395939 19.053326
v 23.491547 49.372158 19.047167
v -28.451294 56.918461 19.172525
v -28.386509 56.885239 18.912039
v -28.276546 57.024784 18.912077
v -28.315212 57.091854 19.172421
v -28.869995 57.133186 19.051645
v -28.693043 57.042439 19.242331
v -28.459427 57.342110 19.242201
v -28.564980 57.525291 19.051620
v -23.529800 57.690742 19.045889
v -23.529808 57.484280 19.239971
v -23.529800 57.202259 19.168943
v -23.529793 57.126690 18.903788
v -23.529793 57.333149 18.709705
v -23.529793 57.615170 18.780752
v -28.869995 49.929710 19.051647
v -28.805206 49.962936 18.791147
v -28.526329 49.604675 18.791271
v -28.564980 49.537605 19.051622
v -28.563461 50.086906 18.721350
v -28.386509 50.177662 18.912041
v -28.276546 50.038120 18.912079
v -28.382111 49.854931 18.721495
v 28.336601 56.885239 18.913580
v 28.226643 57.024784 18.913612
v 28.820076 57.133186 19.053213
v 28.515072 57.525291 19.053173
v 28.820076 49.929710 19.053215
v 28.336601 50.177662 18.913582
v 23.491547 57.126690 18.905064
v 23.491547 57.690742 19.047165
v -28.451294 50.144432 19.172527
v -28.315212 49.971046 19.172422
v -28.693043 50.020462 19.242332
v -28.459427 49.720791 19.242203
v -23.529793 49.936207 18.903790
v -23.529800 49.860645 19.168945
v -23.529808 49.578621 19.239973
v -23.529800 49.372158 19.045891
v -23.529793 49.447739 18.780754
v -23.529793 49.729752 18.709707
v -28.805206 57.099964 18.791145
v -28.526329 57.458225 18.791269
v -28.563461 56.975990 18.721348
v -28.382111 57.207970 18.721493
v 28.394100 56.530483 18.913424
v 28.394482 54.920589 18.913412
v 28.394482 52.142307 18.913412
v 28.394100 50.532413 18.913425
v 28.900532 52.142307 19.053383
v 28.900532 54.920597 19.053383
v 28.900909 50.486355 19.053364
v 28.900909 56.576546 19.053362
v 27.953693 57.110958 18.913429
v 28.027233 57.666958 19.053324
v 25.894562 57.686504 19.046167
v 26.599499 57.686504 19.053324
v -28.629513 56.547344 18.720745
v -28.882912 56.570370 18.790699
v -28.629604 54.920589 18.720684
v -28.882637 54.920597 18.790648
v -25.944080 57.612076 18.783590
v -25.943977 57.334286 18.713610
v -26.641090 57.334286 18.720739
v -26.647358 57.612076 18.790705
v -28.067287 49.470432 18.790771
v -28.030518 49.748425 18.720846
v -26.641090 49.728615 18.720741
v -26.647358 49.450832 18.790707
v -28.882912 50.492527 18.790701
v -28.629513 50.515553 18.720747
v -28.882637 52.142307 18.790648
v -28.629604 52.142307 18.720684
v -25.943977 49.728615 18.713612
v -25.944080 49.450832 18.783592
v -28.067287 57.592468 18.790770
v -28.030518 57.314480 18.720844
v -28.003597 49.951931 18.911917
v -28.013458 49.877441 19.172935
v -28.512180 52.142307 19.173033
v -28.512180 54.920589 19.173033
v -28.765228 54.920589 19.243006
v -28.765228 52.142307 19.243006
v -28.050240 57.463451 19.242867
v -28.013458 57.185455 19.172934
v -26.645203 57.483147 19.243055
v -25.944782 57.483147 19.235931
v -25.944782 49.579762 19.235933
v -28.765327 50.503216 19.242939
v -28.511917 50.526249 19.172979
v -28.050240 49.599449 19.242868
v -26.645203 49.579762 19.243057
v -28.511917 56.536652 19.172977
v -28.765327 56.559685 19.242937
v -25.944485 49.376396 19.044758
v -26.649410 49.376396 19.051874
v -28.077145 49.395939 19.051796
v -28.444386 54.920589 18.911873
v -28.444386 52.142307 18.911873
v -28.444004 50.532413 18.911884
v -28.444004 56.530483 18.911882
v -28.950821 56.576546 19.051794
v -28.950443 54.920597 19.051817
v -28.950821 50.486355 19.051796
v -28.950443 52.142307 19.051817
v -28.003597 57.110958 18.911915
v -28.077145 57.666958 19.051794
v -26.649410 57.686504 19.051872
v -25.944485 57.686504 19.044756
v -0.705332 47.454067 19.147263
v -22.241638 47.077816 19.283785
v -22.246914 47.101685 18.999304
v -0.710615 47.477936 18.862780
v -0.728911 47.560555 17.878407
v -0.728704 59.283989 18.153255
v -0.723415 59.260105 18.437737
v -0.723622 47.536674 18.162893
v 1.518722 47.560555 17.878466
v 23.055527 47.186584 17.988977
v 23.050217 47.162704 18.273451
v 1.513414 47.536674 18.162952
v 23.031376 47.077816 19.285013
v 1.495080 47.454067 19.147324
v 1.500376 47.477936 18.862835
v 23.036663 47.101685 19.000534
v 1.495080 59.178478 19.410482
v 1.500376 59.202351 19.126015
v 1.518502 59.283989 18.153320
v 1.513201 59.260105 18.437794
v -22.265720 47.186584 17.987747
v -22.260429 47.162704 18.272221
v -0.705345 59.178478 19.410423
v -0.710628 59.202351 19.125952
v -23.254841 46.355850 18.259922
v 0.394896 46.766548 18.139523
v 0.394884 46.769402 18.489119
v -23.255219 46.357479 18.624102
v 24.044632 46.355850 18.261204
v 24.044991 46.357479 18.625383
v 24.031090 46.294853 18.988003
v 0.394877 46.707993 18.837147
v -23.241341 46.294853 18.986719
v -20.109154 59.656815 19.270079
v 0.394871 59.844620 19.132296
v 0.394877 59.905487 18.790531
v -20.123096 59.719723 18.904118
v -20.122818 59.718369 18.536598
v -21.638714 59.227695 18.525335
v -21.638844 59.228275 18.902096
v 20.912590 59.718369 18.537710
v 20.912861 59.719723 18.905231
v 22.428608 59.228275 18.903296
v 22.428486 59.227695 18.526533
v 20.898888 59.656815 19.271193
v 0.394890 59.902119 18.447197
v 22.414474 59.164593 19.278498
v -21.624737 59.164593 19.277300
v 23.624157 57.691818 19.230122
v 23.638088 57.754616 18.865437
v 22.932419 58.746422 18.895338
v 22.918137 58.682076 19.278517
v 22.932446 58.746517 18.510603
v 23.637768 57.753166 18.499186
v 24.015026 53.970173 19.115000
v 24.028133 54.028687 18.796827
v 23.961651 56.177181 18.843485
v 23.948212 56.116611 19.181696
v 24.026985 54.022995 18.477091
v 23.960835 56.173512 18.503700
v -21.390564 58.194653 19.260338
v -20.959194 58.608044 19.259743
v -22.128399 58.682076 19.277292
v -22.319942 53.858452 19.109497
v -23.225277 53.970173 19.113720
v -19.515877 59.031155 19.251900
v -22.284859 55.902706 19.171982
v -23.158470 56.116611 19.180412
v 21.748928 58.608044 19.260902
v 20.305618 59.031155 19.252981
v 22.782303 57.375710 19.217688
v 23.074604 55.902706 19.173212
v 22.180298 58.194653 19.261524
v 23.109692 53.858452 19.110733
v -22.834404 57.691818 19.228861
v -21.992569 57.375710 19.216471
v 21.743629 58.584167 19.545383
v 20.300323 59.007286 19.537462
v 22.175007 58.170784 19.545998
v 22.777008 57.351833 19.502163
v 23.104401 53.834583 19.395214
v 23.069309 55.878841 19.457693
v 22.855694 53.774540 19.392605
v 22.830933 55.785419 19.454084
v 22.548965 57.225025 19.497849
v 21.997974 57.971764 19.540344
v 1.748099 47.727295 19.155153
v 1.748105 58.898434 19.405624
v 22.749474 47.360374 19.289747
v 21.607292 58.346298 19.539089
v 20.204659 58.730576 19.530500
v 1.762737 47.793312 18.368172
v 22.764622 47.428680 18.475595
v 22.773624 47.469147 17.993723
v 1.771741 47.833786 17.886309
v 22.758434 47.400787 18.807882
v 1.757052 47.767708 18.673267
v 1.762524 58.963470 18.630323
v 1.757059 58.938847 18.923740
v 1.771527 59.003944 18.148451
v 21.616241 58.386715 19.057215
v 20.213612 58.770988 19.048628
v 20.219952 58.799381 18.710371
v 20.228947 58.839848 18.228500
v 21.631870 58.457047 18.219603
v 21.622883 58.416573 18.701475
v 22.564186 57.293655 18.679832
v 22.557926 57.265438 19.015976
v 22.006935 58.012173 19.058470
v 22.013836 58.043282 18.687868
v 22.022839 58.083748 18.206009
v 22.573185 57.334118 18.197958
v 22.869419 53.835281 18.659266
v 22.864651 53.814957 18.910738
v 22.839878 55.825832 18.972212
v 22.845234 55.849907 18.685387
v 22.854225 55.890377 18.203514
v 22.878410 53.875751 18.177393
v 23.092606 55.983795 18.207130
v 23.127102 53.935776 18.180613
v 22.199867 58.282768 18.211662
v 22.801228 57.460922 18.202272
v 20.324612 59.116558 18.235416
v 21.768219 58.694916 18.225903
v 22.795925 57.437042 18.486752
v 23.087303 55.959908 18.491608
v 23.121799 53.911892 18.465084
v 21.762913 58.671024 18.510376
v 22.194561 58.258896 18.496141
v 20.319309 59.092674 18.519897
v -19.529533 59.092674 18.518814
v -22.006153 57.437042 18.485535
v -22.297531 55.959908 18.490372
v -23.171066 56.173512 18.502417
v -22.847996 57.753166 18.497925
v -22.332024 53.911892 18.463848
v -23.237213 54.022995 18.475809
v -20.973137 58.671024 18.509216
v -22.142673 58.746517 18.509378
v -21.404789 58.258896 18.494959
v -22.279579 55.878841 19.456463
v -21.987286 57.351833 19.500944
v -22.314667 53.834583 19.393984
v -21.208252 57.971764 19.539171
v -20.817566 58.346298 19.537935
v -20.953911 58.584167 19.544224
v -21.385281 58.170784 19.544813
v -21.959740 47.360374 19.288536
v -22.065960 53.774540 19.391388
v -0.958369 58.898434 19.405554
v -0.958351 47.727295 19.155075
v -22.041206 55.785419 19.452868
v -19.414928 58.730576 19.529425
v -19.510601 59.007286 19.536381
v -21.759243 57.225025 19.496643
v -22.050133 55.825832 18.970995
v -21.768169 57.265438 19.014772
v -22.079643 53.835281 18.658049
v -21.974846 47.428680 18.474379
v -21.983818 47.469147 17.992506
v -22.088615 53.875751 18.176176
v -22.074890 53.814957 18.909513
v -21.968674 47.400787 18.806665
v -22.055458 55.849907 18.684172
v -22.064445 55.890377 18.202291
v -21.774414 57.293655 18.678627
v -21.783394 57.334118 18.196754
v -0.981729 59.003944 18.148375
v -19.439163 58.839848 18.227425
v -19.534821 59.116558 18.234335
v -0.981930 47.833786 17.886229
v -22.302826 55.983795 18.205898
v -22.011433 57.460922 18.201054
v -21.410080 58.282768 18.210478
v -21.233047 58.083748 18.204830
v -20.842091 58.457047 18.218449
v -20.978428 58.694916 18.224743
v -22.337315 53.935776 18.179380
v -22.848324 57.754616 18.864176
v -23.171890 56.177181 18.842201
v -23.238369 54.028687 18.795544
v -19.423862 58.770988 19.047554
v -0.967298 58.938847 18.923670
v -20.826496 58.386715 19.056063
v -20.833107 58.416573 18.700321
v -19.430187 58.799381 18.709297
v -0.972750 58.963470 18.630251
v -21.224072 58.043282 18.686697
v -21.217182 58.012173 19.057299
v -22.142662 58.746422 18.894114
v -0.967279 47.767708 18.673195
v -0.972951 47.793312 18.368103
v 12.429086 31.885889 -50.350189
v 12.429086 34.731621 -50.350189
v -10.875237 34.731621 -50.350822
v -10.875237 31.885889 -50.350822
v -10.875194 31.885889 -52.085258
v 12.429131 31.885889 -52.084633
v -10.875194 34.731621 -52.085258
v 12.429131 34.731621 -52.084633
v -10.877855 35.070511 52.272961
v -10.877855 37.916241 52.272961
v 12.426471 37.916241 52.273590
v 12.426471 35.070511 52.273590
v -10.877897 37.916241 54.007404
v 12.426426 37.916241 54.008038
v 12.426426 35.070511 54.008038
v -10.877897 35.070511 54.007404
v -5.692858 41.244751 52.510159
v -5.691684 38.774052 52.540085
v -5.691697 38.779922 52.968349
v -5.692870 41.250610 52.938435
v -6.551768 41.676003 52.504898
v -6.122411 41.676003 52.504917
v -6.122423 41.681885 52.933182
v -6.551782 41.681885 52.933174
v -6.979081 38.774052 52.540043
v -6.980813 41.244751 52.510124
v -6.980825 41.250610 52.938396
v -6.979095 38.779922 52.968311
v -6.120579 38.342789 52.545296
v -6.549680 38.342789 52.545288
v -6.549692 38.348660 52.973564
v -6.120591 38.348660 52.973572
v -4.806853 38.774052 52.540108
v -4.808026 41.244740 52.510181
v -4.808039 41.250610 52.938461
v -4.806866 38.779922 52.968376
v -3.948457 38.342789 52.545361
v -4.377552 38.342789 52.545349
v -4.377564 38.348660 52.973621
v -3.948469 38.348660 52.973644
v -3.520065 41.244740 52.510223
v -3.519462 38.774052 52.540142
v -3.519475 38.779922 52.968410
v -3.520077 41.250610 52.938496
v -4.378881 41.676003 52.504967
v -3.949523 41.676003 52.504982
v -3.949535 41.681885 52.933243
v -4.378894 41.681885 52.933231
v -1.347278 41.244751 52.510277
v -1.347240 38.774052 52.540199
v -1.347252 38.779922 52.968472
v -1.347290 41.250610 52.938553
v -2.205988 41.676003 52.505020
v -1.776636 41.676003 52.505039
v -1.776649 41.681885 52.933300
v -2.206001 41.681885 52.933292
v -2.634632 38.774052 52.540169
v -2.635233 41.244751 52.510246
v -2.635246 41.250610 52.938519
v -2.634644 38.779922 52.968445
v -1.776329 38.342789 52.545422
v -2.205430 38.342789 52.545406
v -2.205442 38.348660 52.973682
v -1.776341 38.348660 52.973694
v -0.462409 38.774052 52.540222
v -0.462447 41.244751 52.510300
v -0.462460 41.250610 52.938583
v -0.462421 38.779922 52.968494
v 0.395793 38.342789 52.545479
v -0.033301 38.342789 52.545471
v -0.033314 38.348660 52.973743
v 0.395781 38.348660 52.973755
v 0.825510 41.244751 52.510342
v 0.824989 38.774052 52.540260
v 0.824976 38.779922 52.968529
v 0.825497 41.250610 52.938614
v -0.033101 41.676003 52.505085
v 0.396258 41.676003 52.505093
v 0.396245 41.681885 52.933365
v -0.033113 41.681885 52.933350
v 2.998296 41.244751 52.510395
v 2.997211 38.774052 52.540318
v 2.997198 38.779922 52.968582
v 2.998284 41.250610 52.938667
v 2.139793 41.676003 52.505142
v 2.569145 41.676003 52.505154
v 2.569132 41.681885 52.933422
v 2.139780 41.681885 52.933414
v 1.709813 38.774052 52.540287
v 1.710340 41.244751 52.510365
v 1.710328 41.250610 52.938637
v 1.709800 38.779922 52.968555
v 2.567922 38.342789 52.545532
v 2.138820 38.342789 52.545528
v 2.138808 38.348660 52.973804
v 2.567909 38.348660 52.973812
v 3.882035 38.774052 52.540340
v 3.883127 41.244740 52.510422
v 3.883114 41.250610 52.938694
v 3.882023 38.779922 52.968609
v 4.740043 38.342789 52.545597
v 4.310942 38.342789 52.545582
v 4.310929 38.348660 52.973862
v 4.740030 38.348660 52.973869
v 5.171089 41.244740 52.510456
v 5.169433 38.774052 52.540382
v 5.169421 38.779922 52.968647
v 5.171077 41.250610 52.938732
v 4.312674 41.676003 52.505203
v 4.742025 41.676003 52.505211
v 4.742013 41.681885 52.933479
v 4.312661 41.681885 52.933468
v 6.054264 38.774052 52.540405
v 6.055920 41.244751 52.510479
v 6.055907 41.250610 52.938755
v 6.054251 38.779922 52.968674
v 6.912165 38.342789 52.545650
v 6.483069 38.342789 52.545647
v 6.483058 38.348660 52.973919
v 6.912152 38.348660 52.973930
v 7.343883 41.244751 52.510513
v 7.341648 38.774052 52.540436
v 7.341636 38.779922 52.968700
v 7.343870 41.250610 52.938786
v 6.485561 41.676003 52.505260
v 6.914913 41.676003 52.505276
v 6.914901 41.681885 52.933544
v 6.485548 41.681885 52.933529
v -10.863795 38.603466 52.624477
v -11.541347 39.485626 52.624111
v -11.540982 39.492470 53.115051
v -10.863423 38.610306 53.115417
v -9.247715 38.587326 52.625896
v -10.082690 38.353085 52.627758
v -10.082327 38.359917 53.118698
v -9.247358 38.594162 53.116840
v -8.807603 41.112732 52.596893
v -8.509849 40.422768 52.604919
v -8.509484 40.429604 53.095856
v -8.807245 41.119576 53.087830
v -10.190082 41.798176 52.586754
v -9.531233 41.696598 52.588638
v -9.530869 41.703438 53.079578
v -10.189717 41.805008 53.077698
v -11.406102 40.985779 52.596458
v -10.791970 41.603580 52.588764
v -10.791607 41.610420 53.079700
v -11.405740 40.992615 53.087399
v 9.738291 38.638130 52.625839
v 9.391747 38.962360 52.622833
v 9.391384 38.969177 53.113785
v 9.737934 38.644951 53.116802
v 11.439600 38.680641 52.624275
v 10.627307 38.386353 52.627960
v 10.626944 38.393173 53.118904
v 11.439236 38.687469 53.115223
v 11.317288 41.561562 52.589886
v 11.919793 40.929825 52.597855
v 11.919436 40.936649 53.088818
v 11.316931 41.568371 53.080837
v 10.006995 41.647713 52.589737
v 10.692955 41.767365 52.587673
v 10.692591 41.774185 53.078629
v 10.006638 41.654533 53.080700
v -10.203955 42.017632 53.075096
v -9.457071 41.902489 53.077072
v -9.457372 41.897099 52.690582
v -10.204255 42.012253 52.688606
v -11.561360 41.118679 53.085972
v -10.887385 41.796684 53.077488
v -10.887679 41.791306 52.690998
v -11.561663 41.113297 52.699482
v -10.085659 38.143906 53.121361
v -10.971569 38.427891 53.117760
v -10.971863 38.422501 52.731266
v -10.085958 38.138527 52.734879
v -8.749051 38.766888 53.115616
v -9.160489 38.403458 53.119122
v -9.160785 38.398079 52.732635
v -8.749345 38.761505 52.729130
v 9.928177 41.851849 53.078209
v 10.705635 41.987450 53.076019
v 10.705918 41.982079 52.689529
v 9.928459 41.846474 52.691719
v 10.633499 38.176109 53.121574
v 9.648167 38.455170 53.119064
v 9.648449 38.449799 52.732574
v 10.633783 38.170742 52.735085
v 12.216694 39.434895 53.116173
v 11.552976 38.509243 53.117512
v 11.553253 38.503868 52.731022
v 12.216976 39.429520 52.729683
v 11.415072 41.753597 53.078640
v 11.415356 41.748230 52.692150
v -8.527586 38.577911 52.731171
v -9.042933 38.122704 52.736061
v -9.042746 38.126053 52.976330
v -8.527397 38.581253 52.971424
v -9.334193 42.187096 52.686951
v -8.436043 41.462418 52.696564
v -8.435848 41.465767 52.936813
v -9.334006 42.190437 52.927216
v -11.022936 42.061546 52.688114
v -10.214665 42.322853 52.684986
v -10.214469 42.326195 52.925247
v -11.022748 42.064896 52.928368
v -11.128695 38.165939 52.735031
v -11.952302 39.238182 52.731106
v -11.952115 39.241531 52.971367
v -11.128508 38.169281 52.975292
v 12.457728 39.281837 52.730854
v 11.715878 38.247265 52.734760
v 11.715701 38.250607 52.975018
v 12.457540 39.285179 52.971111
v 10.714803 42.298309 52.685863
v 11.555084 42.021324 52.689224
v 11.554903 42.024666 52.929478
v 10.714621 42.301655 52.926117
v 8.926124 41.385963 52.697948
v 9.798662 42.138515 52.688068
v 9.798481 42.141846 52.928326
v 8.925941 41.389297 52.938213
v 9.526420 38.169708 52.736042
v 9.014234 38.648899 52.730831
v 9.014052 38.652241 52.971092
v 9.526237 38.173050 52.976292
v 10.635138 37.855717 52.739307
v 10.634950 37.859058 52.979568
v 12.287204 41.253700 52.699009
v 12.287022 41.257042 52.939259
v -10.083312 37.830837 52.739029
v -10.083124 37.834179 52.979290
v -11.765215 41.314842 52.697536
v -11.765026 41.318192 52.937794
v -8.054728 40.578835 52.706944
v -8.054540 40.582176 52.947205
v 12.077397 41.059151 53.087429
v 12.077681 41.053780 52.700943
v 9.241415 38.835720 53.115314
v 9.241697 38.830345 52.728825
v 9.152985 41.183254 53.087349
v 9.153267 41.177887 52.700855
v -8.656266 41.256348 53.086021
v -8.323419 40.485073 53.095032
v -8.323720 40.479691 52.708542
v -8.656562 41.250961 52.699535
v -11.716475 39.397717 53.116360
v -11.716770 39.392334 52.729874
v 9.307684 41.044579 52.598137
v 9.307321 41.051399 53.089096
v 12.040297 39.518433 52.623962
v 12.039940 39.525253 53.114918
v -8.896146 38.897881 52.623096
v -8.895782 38.904724 53.114040
v 8.542198 39.974506 52.714699
v 8.583326 40.537315 52.707954
v 8.583143 40.540657 52.948219
v 8.542015 39.977844 52.954956
v 8.627892 39.430981 52.721226
v 8.627710 39.434319 52.961487
v 12.509762 40.708439 52.708218
v 12.590619 39.985596 52.719925
v 12.590430 39.988934 52.960178
v 12.509573 40.711777 52.948463
v -12.007880 40.751854 52.707085
v -12.007686 40.755196 52.947334
v -12.099416 39.984253 52.719521
v -12.099229 39.987602 52.959778
v -8.006139 39.972424 52.714218
v -8.103065 39.388420 52.721226
v -8.102877 39.391762 52.961483
v -8.005951 39.975765 52.954472
v 8.856203 40.442474 52.709480
v 8.892618 39.536995 52.720222
v 8.822521 39.981594 52.714962
v 12.323125 39.991600 52.720085
v 12.252107 40.626438 52.709034
v -8.283633 39.979370 52.714500
v -11.753901 40.667290 52.707905
v -11.834664 39.990128 52.719688
v -8.363487 39.498207 52.720184
v 12.251823 40.631813 53.095520
v 12.322836 39.996967 53.106567
v 8.855921 40.447838 53.095970
v 8.892344 39.542362 53.106712
v 8.822240 39.986961 53.101448
v -8.283333 39.984749 53.100990
v -8.363185 39.503593 53.106670
v -11.834363 39.995514 53.106178
v -11.753607 40.672668 53.094395
v 9.074017 39.611641 53.106007
v 9.013324 39.996552 53.101482
v 12.130667 40.005650 53.106308
v 12.066952 40.575237 53.096066
v 9.042500 40.395798 53.096756
v -11.569311 40.613136 53.094978
v -11.641924 40.004288 53.105923
v -8.474624 39.994480 53.101021
v -8.544018 39.576317 53.105930
v 9.042864 40.388977 52.605801
v 9.074379 39.604820 52.615051
v 9.013687 39.989738 52.610523
v 12.131024 39.998825 52.615356
v 12.067314 40.568417 52.605110
v -11.642287 39.997448 52.614975
v -11.569681 40.606300 52.604046
v -8.544383 39.569481 52.614990
v -8.474989 39.987637 52.610081
v -9.118696 42.939575 52.768402
v -9.117887 48.344154 21.005119
v 9.759737 48.344154 21.005630
v 9.758928 42.939575 52.768913
v 13.532928 42.939575 52.769020
v -17.903175 43.064217 50.988949
v -21.840897 43.050705 50.988842
v -21.844261 39.856407 50.988846
v -17.903175 39.856407 50.988953
v -17.903175 40.083565 50.988953
v 22.484581 39.856407 50.990044
v 22.481216 43.050705 50.990040
v 18.543491 43.064217 50.989937
v 18.543491 40.083565 50.989941
v 18.543491 39.856407 50.989941
v 18.543499 43.070969 50.684750
v 14.605159 43.077724 50.684635
v 14.592323 40.114807 50.684639
v 18.543499 40.114807 50.684753
v -13.964824 43.077724 50.683861
v -17.903164 43.070969 50.683754
v -17.903164 40.114807 50.683758
v -13.951987 40.114807 50.683868
v -23.534458 40.354073 51.675346
v -23.534286 40.377792 51.645912
v -23.533886 40.390038 51.608086
v -23.533611 40.389725 51.581642
v -23.533375 40.376698 51.544350
v -23.533100 40.353012 51.515934
v -23.533134 40.331402 51.501617
v -23.533184 40.299789 51.491177
v -23.533260 40.261948 51.490707
v -23.533333 40.229450 51.500729
v -23.533390 40.206444 51.515594
v -23.533203 40.180103 51.548382
v -23.533070 40.168861 51.584633
v -23.532875 40.169128 51.609684
v -23.532581 40.181389 51.646221
v -23.532429 40.208809 51.678535
v -23.532757 40.231506 51.692486
v -23.533222 40.263367 51.701733
v -23.533745 40.300674 51.700897
v -23.534168 40.332298 51.690117
v -23.637276 41.808529 48.721115
v -23.637302 41.808144 49.557106
v -23.242825 41.807758 50.393105
v -23.242764 41.808922 47.885139
v -23.637276 41.216198 48.751312
v -23.637302 41.214783 49.466991
v -23.305119 41.213371 50.182686
v -23.305061 41.217598 48.035648
v -23.305119 41.720497 50.196140
v -23.637302 41.720734 49.488888
v -23.637276 41.129143 48.681786
v -23.637302 41.126869 49.528725
v -23.242783 41.672787 48.554123
v -23.242805 41.671562 49.699497
v -23.305061 41.721218 48.074467
v -23.242805 41.260605 49.694946
v -23.242783 41.267708 48.541050
v -23.369675 41.267708 48.541046
v -23.369675 41.672787 48.554119
v -23.369698 41.671562 49.699493
v -23.369698 41.260605 49.694942
v -23.287109 41.368576 51.412544
v -23.289345 41.374176 51.754833
v -23.236214 41.374393 51.754902
v -23.233986 41.368797 51.412575
v 23.929619 41.374176 51.756123
v 23.927410 41.368576 51.413830
v 23.874287 41.368797 51.413857
v 23.876495 41.374393 51.756184
v 24.010113 41.267708 48.542324
v 24.073540 41.266525 48.734821
v 24.073521 41.261795 49.503750
v 24.010086 41.260605 49.696220
v 23.883198 41.260605 49.696220
v 23.883221 41.267708 48.542324
v 24.010086 41.671562 49.700783
v 24.073521 41.671768 49.508305
v 24.073540 41.672577 48.747936
v 24.010113 41.672787 48.555401
v 23.883221 41.672787 48.555397
v 23.883198 41.671562 49.700771
v 23.945526 41.217598 48.036934
v 23.945526 41.721218 48.075756
v 23.945469 41.720497 50.197418
v 23.945469 41.213371 50.183964
v 24.277706 41.720978 48.782982
v 24.277714 41.808529 48.722420
v 24.277687 41.808144 49.558403
v 24.277687 41.720734 49.490189
v 24.277687 41.214783 49.468296
v 24.277714 41.216198 48.752617
v 23.883240 41.808922 47.886417
v 23.883179 41.807758 50.394386
v 24.173496 40.263367 51.703026
v 24.173046 40.231506 51.693787
v 24.172718 40.208809 51.679829
v 24.172859 40.181389 51.647526
v 24.173164 40.169128 51.610981
v 24.173359 40.168861 51.585922
v 24.173489 40.180103 51.549686
v 24.173676 40.206444 51.516899
v 24.173622 40.229450 51.502026
v 24.173542 40.261948 51.492012
v 24.173466 40.299789 51.492466
v 24.173416 40.331402 51.502911
v 24.173389 40.353012 51.517239
v 24.173660 40.376698 51.545643
v 24.173897 40.389725 51.582947
v 24.174175 40.390038 51.609379
v 24.174564 40.377792 51.647209
v 24.174744 40.354073 51.676651
v 24.174454 40.332298 51.691414
v 24.174015 40.300674 51.702202
v 24.277714 41.129143 48.683090
v 24.277687 41.126869 49.530029
v 23.883179 41.124596 50.376968
v 23.883240 41.131413 47.836128
v 23.920830 39.133919 51.436127
v 23.919479 39.139832 51.780384
v 23.866348 39.140053 51.780434
v 23.867714 39.134132 51.436169
v -23.279205 39.139832 51.779099
v -23.280540 39.133919 51.434849
v -23.227406 39.134132 51.434895
v -23.226074 39.140053 51.779160
v -23.433132 41.261795 49.502460
v -23.433113 41.266525 48.733536
v -23.433113 41.672577 48.746643
v -23.433132 41.671768 49.507011
v -23.637283 41.720978 48.781681
v -23.242764 41.131413 47.834850
v -23.242825 41.124596 50.375690
v 23.883167 41.806595 50.700409
v 23.883167 41.117790 50.709042
v 23.923565 40.385338 51.034679
v 23.923748 40.184551 51.032288
v 23.923504 40.155441 50.864334
v 23.923420 40.414856 50.863003
v 23.923489 40.673630 51.169708
v 23.923473 40.554199 51.090546
v 23.923439 40.636208 50.931927
v 23.923504 40.785576 51.025864
v 23.925941 40.867897 51.516903
v 23.924801 40.799313 51.320400
v 23.925091 41.009823 51.159744
v 23.928925 40.805141 51.863930
v 23.927189 40.869690 51.664608
v 23.930618 41.019165 52.020290
v 23.928307 40.559116 52.101673
v 23.929665 40.679398 52.020039
v 23.930767 40.792397 52.161259
v 23.929134 40.641827 52.258007
v 23.923779 40.192261 52.163574
v 23.926250 40.390251 52.159161
v 23.926678 40.421017 52.328659
v 23.923737 40.165817 52.330032
v 23.919994 39.895786 52.036690
v 23.921581 40.021919 52.114155
v 23.921150 39.947884 52.263454
v 23.919334 39.799515 52.172085
v 23.921787 39.686745 51.673153
v 23.920540 39.751762 51.866821
v 23.919144 39.525116 52.037479
v 23.923225 39.744926 51.340576
v 23.922619 39.685295 51.532784
v 23.922543 39.511436 51.173592
v 23.923977 40.010880 51.085732
v 23.924141 39.883404 51.168221
v 23.923817 39.782848 51.034039
v 23.923645 39.932888 50.936501
v 23.868656 39.686966 51.673214
v 23.867420 39.751984 51.866859
v 23.870102 39.745148 51.340614
v 23.869492 39.685513 51.532833
v 23.874065 40.869911 51.664639
v 23.872814 40.868118 51.516960
v 23.871670 40.799534 51.320457
v 23.870358 40.673851 51.169743
v 23.870338 40.554424 51.090584
v 23.870434 40.385559 51.034714
v 23.870625 40.184769 51.032337
v 23.870853 40.011108 51.085781
v 23.871017 39.883625 51.168266
v 23.875797 40.805367 51.863972
v 23.866863 39.896004 52.036724
v 23.868458 40.022141 52.114185
v 23.870651 40.192482 52.163620
v 23.873127 40.390472 52.159199
v 23.875183 40.559334 52.101723
v 23.876537 40.679619 52.020096
v 23.877495 41.019386 52.020321
v 23.877647 40.792618 52.161293
v 23.876011 40.642048 52.258057
v 23.873547 40.421234 52.328720
v 23.870605 40.166039 52.330078
v 23.868019 39.948101 52.263493
v 23.866199 39.799736 52.172134
v 23.866020 39.525337 52.037510
v 23.869411 39.511658 51.173618
v 23.870686 39.783062 51.034065
v 23.870522 39.933109 50.936546
v 23.870377 40.155663 50.864376
v 23.870296 40.415077 50.863064
v 23.870316 40.636429 50.931988
v 23.870369 40.785789 51.025913
v 23.871964 41.010040 51.159779
v 23.871319 40.712311 51.366070
v 23.870121 40.606457 51.239147
v 23.873596 40.771927 51.650932
v 23.872379 40.770500 51.532795
v 23.876144 40.611183 51.951569
v 23.875347 40.717197 51.819962
v 23.872936 40.372543 52.065735
v 23.874874 40.513897 52.017601
v 23.868546 40.063431 52.028126
v 23.870605 40.205833 52.069435
v 23.867767 39.839443 51.821312
v 23.867088 39.961967 51.965809
v 23.869957 39.783463 51.546051
v 23.869099 39.784618 51.658028
v 23.871391 39.951424 51.237595
v 23.870552 39.833698 51.384098
v 23.870792 40.199486 51.126373
v 23.871136 40.054237 51.171066
v 23.870228 40.509872 51.175125
v 23.870464 40.368587 51.128376
v 24.073025 40.601570 51.632359
v 24.072227 40.600639 51.555061
v 24.074688 40.496391 51.829067
v 24.074169 40.565758 51.742962
v 24.072605 40.340256 51.903767
v 24.073860 40.432743 51.872272
v 24.069725 40.138008 51.879173
v 24.071068 40.231186 51.906185
v 24.069210 39.991463 51.743847
v 24.068771 40.071625 51.838383
v 24.070648 39.954826 51.563736
v 24.070076 39.955585 51.637009
v 24.071590 40.064728 51.361927
v 24.071037 39.987701 51.457779
v 24.071186 40.227020 51.289143
v 24.071419 40.131996 51.318386
v 24.070824 40.430111 51.321053
v 24.070976 40.337666 51.290466
v 24.071533 40.562561 51.445999
v 24.070755 40.493309 51.362923
v -23.433891 40.565758 51.741676
v -23.432739 40.601570 51.631069
v -23.431942 40.600639 51.553772
v -23.431244 40.562561 51.444710
v -23.430454 40.493309 51.361633
v -23.430523 40.430111 51.319763
v -23.430672 40.337666 51.289181
v -23.430885 40.227020 51.287853
v -23.431122 40.131996 51.317097
v -23.431286 40.064728 51.360645
v -23.430740 39.987701 51.456493
v -23.430355 39.954826 51.562447
v -23.429794 39.955585 51.635719
v -23.428932 39.991463 51.742558
v -23.428497 40.071625 51.837093
v -23.429447 40.138008 51.877884
v -23.430790 40.231186 51.904896
v -23.432323 40.340256 51.902477
v -23.433594 40.432743 51.870979
v -23.434418 40.496391 51.827778
v -23.232098 40.770500 51.531517
v -23.231018 40.712311 51.364796
v -23.229824 40.606457 51.237873
v -23.229919 40.509872 51.173851
v -23.230152 40.368587 51.127102
v -23.230480 40.199486 51.125095
v -23.230835 40.054237 51.169788
v -23.231106 39.951424 51.236317
v -23.230251 39.833698 51.382816
v -23.229668 39.783463 51.544773
v -23.228817 39.784618 51.656750
v -23.227497 39.839443 51.820038
v -23.226826 39.961967 51.964527
v -23.228283 40.063431 52.026852
v -23.230350 40.205833 52.068161
v -23.232674 40.372543 52.064457
v -23.234615 40.513897 52.016327
v -23.235878 40.611183 51.950294
v -23.235065 40.717197 51.818687
v -23.233315 40.771927 51.649651
v -23.230122 40.385559 51.033440
v -23.230305 40.184769 51.031063
v -23.230541 40.011108 51.084507
v -23.230705 39.883625 51.166992
v -23.229801 39.745148 51.339340
v -23.229206 39.685513 51.531559
v -23.228371 39.686966 51.671940
v -23.227146 39.751984 51.865585
v -23.226608 39.896004 52.035450
v -23.228191 40.022141 52.112907
v -23.230385 40.192482 52.162346
v -23.232864 40.390472 52.157925
v -23.234921 40.559334 52.100449
v -23.236271 40.679619 52.018822
v -23.235531 40.805367 51.862690
v -23.233784 40.869911 51.663361
v -23.232529 40.868118 51.515682
v -23.231369 40.799534 51.319180
v -23.230057 40.673851 51.168468
v -23.230034 40.554424 51.089302
v -23.283188 40.785576 51.024586
v -23.284786 41.009823 51.158463
v -23.231651 41.010040 51.158497
v -23.230064 40.785789 51.024639
v -23.283096 40.414856 50.861729
v -23.283115 40.636208 50.930653
v -23.229992 40.636429 50.930710
v -23.229973 40.415077 50.861790
v -23.283340 39.932888 50.935219
v -23.283176 40.155441 50.863056
v -23.230053 40.155663 50.863102
v -23.230213 39.933109 50.935272
v -23.282230 39.511436 51.172310
v -23.283504 39.782848 51.032753
v -23.230370 39.783062 51.032791
v -23.229103 39.511658 51.172344
v -23.278885 39.525116 52.036194
v -23.225746 39.525337 52.036232
v -23.280895 39.947884 52.262173
v -23.279079 39.799515 52.170811
v -23.225956 39.799736 52.170853
v -23.227768 39.948101 52.262218
v -23.286427 40.421017 52.327385
v -23.283485 40.165817 52.328751
v -23.230362 40.166039 52.328804
v -23.233295 40.421234 52.327446
v -23.290508 40.792397 52.159969
v -23.288887 40.641827 52.256718
v -23.235760 40.642048 52.256783
v -23.237381 40.792618 52.160019
v -23.290359 41.019165 52.019001
v -23.237232 41.019386 52.019047
v -23.282330 39.685295 51.531509
v -23.281513 39.686745 51.671879
v -23.280273 39.751762 51.865540
v -23.282928 39.744926 51.339291
v -23.288044 40.559116 52.100384
v -23.289410 40.679398 52.018749
v -23.283516 40.192261 52.162292
v -23.285988 40.390251 52.157883
v -23.279732 39.895786 52.035404
v -23.281319 40.021919 52.112869
v -23.288651 40.805141 51.862648
v -23.283829 39.883404 51.166943
v -23.283440 40.184551 51.031002
v -23.283665 40.010880 51.084446
v -23.283157 40.554199 51.089260
v -23.283249 40.385338 51.033394
v -23.284500 40.799313 51.319122
v -23.283188 40.673630 51.168430
v -23.286907 40.869690 51.663326
v -23.285656 40.867897 51.515625
v -23.242840 41.117790 50.707767
v -23.242840 41.806595 50.699135
v 10.248017 45.020634 21.694874
v 10.247860 45.430443 27.828758
v 10.247709 44.874458 33.777672
v 9.759718 36.868450 21.694862
v 10.247634 45.480415 36.904987
v 10.247553 45.154030 40.032288
v 10.247459 44.624306 43.579029
v 10.247372 43.724594 47.125786
v 10.247328 43.230164 48.899155
v 9.758989 38.176399 50.271954
v 13.533725 45.020634 21.694965
v 13.533562 45.430443 27.828850
v 13.533410 44.874458 33.777763
v 13.533336 45.480415 36.905079
v 13.533256 45.154030 40.032379
v 13.533167 44.624306 43.579117
v 13.533072 43.724594 47.125877
v 13.533030 43.230164 48.899250
v -11.300436 37.292686 53.249722
v -12.404450 38.226326 53.249695
v -12.892640 38.176399 50.271343
v -9.118633 38.176399 50.271442
v 11.940637 37.292686 53.250355
v 13.532991 38.176399 50.272057
v 13.044647 38.226326 53.250378
v -9.117906 36.868450 21.694349
v -9.606858 43.724594 47.125252
v -9.606902 43.230164 48.898617
v -12.892604 43.230164 48.898529
v -12.892562 43.724594 47.125156
v -9.606676 45.154030 40.031750
v -9.606765 44.624306 43.578491
v -12.892467 44.624306 43.578400
v -12.892377 45.154030 40.031662
v -9.606520 44.874458 33.777134
v -9.606594 45.480415 36.904449
v -12.892303 45.480415 36.904362
v -12.892220 44.874458 33.777046
v -9.606213 45.020634 21.694336
v -9.606367 45.430443 27.828222
v -12.892072 45.430443 27.828133
v -12.891913 45.020634 21.694246
v 24.175549 43.420929 21.010727
v 24.175385 39.820145 27.471821
v 24.175549 26.218658 21.010729
v 24.175350 39.662964 29.023703
v 24.175266 39.662964 31.999071
v 24.175373 26.218658 27.902878
v 24.175140 42.012619 36.956429
v 24.175220 41.873474 33.880173
v 24.175190 45.811218 34.953484
v 24.174793 38.514885 50.672901
v 24.174793 38.176399 50.672901
v 24.174839 39.895737 48.899532
v 24.174835 40.109684 49.091442
v 24.165501 38.514267 53.091740
v 24.165501 38.223660 53.091740
v 24.175228 46.156128 33.466053
v 24.175266 39.994244 32.182205
v 24.175343 39.994244 29.039114
v 24.175259 39.828598 32.211826
v 24.174885 42.928818 47.090771
v 24.174885 41.137428 47.126175
v 24.174973 41.495819 43.579407
v 24.175064 41.952980 40.032677
v 24.175064 45.032112 40.032673
v 24.174885 40.899517 47.126175
v -23.392273 39.828598 32.051571
v -23.533985 39.828598 32.210522
v -23.533981 39.662964 31.997776
v -15.787616 47.822594 20.942741
v -15.787610 47.335136 20.924967
v -15.787772 47.335136 27.214216
v -15.787772 47.626877 27.221598
v -23.533974 46.272163 31.966742
v -23.533699 46.678673 21.009432
v -23.533699 43.805092 21.009432
v -23.533867 40.142799 27.571037
v -23.245216 46.852570 32.391434
v -23.244682 47.178650 28.692551
v -23.244614 47.201767 28.169191
v -23.243572 47.201767 20.981068
v -23.366482 43.420929 21.009438
v -23.366482 43.805092 21.009438
v -23.533699 43.420929 21.009432
v -23.264648 39.994244 29.037823
v -23.366764 39.994244 32.180908
v -23.533981 39.994244 32.180904
v -23.533905 39.994244 29.037811
v -23.077957 46.735245 33.906620
v -22.652527 47.167435 34.205322
v -22.652424 47.206707 33.699535
v -23.077976 46.758141 33.610794
v -23.471634 44.930389 32.157352
v -23.471622 44.728752 31.770224
v -23.264717 44.728752 31.770231
v -23.264721 44.930389 32.157356
v -22.859333 47.206707 33.699528
v -23.284870 46.758141 33.610794
v -23.471615 44.772850 31.276098
v -23.471615 45.004196 31.242128
v -23.264698 45.004196 31.242134
v -23.264706 44.772850 31.276106
v -23.471638 45.257210 32.222546
v -23.471619 45.304893 31.688116
v -23.264713 45.304893 31.688122
v -23.264721 45.257210 32.222549
v -12.892634 43.440247 50.190601
v -12.892634 43.561852 50.195805
v -19.170464 46.427994 39.955952
v -19.279549 46.173019 39.950752
v -13.937398 42.465351 52.761044
v -13.939250 40.114807 52.760258
v -22.023087 42.559807 52.764622
v -22.023476 42.344246 52.923534
v -21.850277 42.391212 52.757500
v -23.060131 38.514229 53.001118
v -23.059971 41.928978 52.974735
v -23.258278 42.005360 52.799736
v -23.233711 38.511322 52.842495
v -22.578922 42.330017 52.921127
v -22.646381 42.540100 52.762836
v -22.020599 39.690849 52.924217
v -17.725197 39.690811 52.923336
v -17.898533 39.856407 52.759289
v -21.847610 39.856407 52.758301
v -17.725197 39.949203 52.923771
v -13.765569 39.949211 52.924328
v -17.898533 40.112583 52.759727
v -13.763595 42.433044 52.925064
v -12.892705 42.449951 52.923687
v -12.892705 42.661705 52.768299
v -13.765973 42.653961 52.769978
v -22.013035 43.262177 50.874405
v -13.873281 43.274979 50.641132
v -23.533875 26.218658 27.901575
v -22.463390 26.218658 27.901609
v -22.463501 39.828598 32.051594
v -11.300436 37.580593 53.249722
v -11.300431 37.580593 52.982750
v -12.892711 38.514229 52.982708
v -12.892718 38.514229 53.249676
v -12.404443 38.514229 52.982723
v -12.404450 38.514229 53.249695
v 7.782972 37.580593 52.983269
v 11.940637 37.580593 53.250355
v 11.940641 37.580593 52.983379
v 5.611027 37.580593 52.983208
v 3.439080 37.580593 52.983150
v 1.267128 37.580593 52.983093
v -0.904819 37.580593 52.983028
v -3.076765 37.580593 52.982975
v -5.248710 37.580593 52.982910
v -7.420663 37.580593 52.982853
v -9.118696 42.661705 52.768402
v 9.758928 42.661705 52.768913
v 13.532928 42.727821 52.924404
v 9.759718 31.583879 21.694862
v 9.759737 31.583879 21.010338
v 13.533737 26.218658 21.010443
v 13.533725 26.218658 21.694967
v 24.033546 39.828598 32.052856
v 23.104736 41.873474 33.829082
v 23.104778 39.828598 32.052834
v 23.104885 26.218658 27.902843
v 14.513625 43.274979 50.641903
v 14.406196 42.653961 52.770737
v 14.577622 42.465351 52.761822
v 22.663303 42.559807 52.765839
v 22.653351 43.262177 50.875614
v 22.490501 42.391212 52.758701
v 14.403811 42.433044 52.925823
v 14.405800 39.949211 52.925091
v 14.579474 40.114807 52.761032
v 18.365421 39.949203 52.924755
v 18.365421 39.690811 52.924316
v 18.538754 39.856407 52.760281
v 18.538754 40.112583 52.760723
v 22.660824 39.690849 52.925438
v 22.663696 42.344246 52.924747
v 22.487835 39.856407 52.759506
v 23.219139 42.330017 52.922375
v 23.700188 41.928978 52.976006
v 23.898506 42.005360 52.801014
v 23.286602 42.540100 52.764076
v 23.883259 43.656906 47.218613
v 23.883259 41.138229 47.141869
v 23.883259 41.810089 47.180241
v 13.532998 43.561852 50.196522
v 13.532998 43.440247 50.191322
v 19.920425 46.173019 39.951813
v 19.811335 46.427994 39.957008
v 24.112900 45.257210 32.223831
v 24.112911 44.728752 31.771513
v 23.906010 44.728752 31.771505
v 23.906002 45.257210 32.223827
v 24.112923 44.772850 31.277391
v 24.112919 45.304893 31.689405
v 23.906013 45.304893 31.689402
v 23.906021 44.772850 31.277382
v 23.293694 47.167435 34.206570
v 23.719143 46.735245 33.907898
v 23.719173 46.758141 33.612072
v 23.293629 47.206707 33.700787
v 24.008041 39.662964 31.999063
v 24.008034 39.994244 32.182201
v 24.008320 43.420929 21.010727
v 24.008156 39.820145 27.471813
v 23.906113 40.142799 27.572327
v 24.008320 43.805092 21.010727
v 24.175549 43.805092 21.010727
v 24.175381 40.142799 27.572332
v 23.885410 47.335136 20.982342
v 23.886482 46.852570 32.392712
v 24.175274 46.272163 31.968046
v 24.175549 46.678673 21.010727
v 23.719261 46.852570 32.392712
v 23.293491 47.285240 32.689232
v 23.293560 47.245972 33.195015
v 23.719227 46.829678 32.688538
v 23.906078 39.994244 29.039101
v 23.926125 46.829678 32.688541
v 23.500462 47.245972 33.195023
v 23.500526 47.206707 33.700794
v 23.926071 46.758141 33.612080
v 24.113007 40.119148 28.216665
v 24.112999 40.097252 28.419323
v 23.906097 40.097252 28.419319
v 23.906105 40.119148 28.216660
v 24.112904 45.233185 32.027275
v 24.112911 45.254074 31.783009
v 23.906010 45.254074 31.783003
v 23.906010 45.233185 32.027271
v 24.112904 44.930389 32.158638
v 23.906002 44.930389 32.158634
v 24.112930 45.004196 31.243416
v 23.906029 45.004196 31.243412
v 23.700344 38.514229 53.002388
v 23.873936 38.511322 52.843777
v 13.532928 42.449951 52.924408
v 13.532928 42.661705 52.769020
v 23.991955 38.514229 53.250683
v 23.991955 38.226326 53.250683
v 18.713604 43.276672 50.872906
v 18.625336 43.259144 50.648201
v 13.532915 38.514229 53.250404
v 13.532922 38.514229 52.983425
v 13.044647 38.514229 53.250378
v 13.044654 38.514229 52.983406
v 7.787364 42.449951 52.924252
v -9.117906 31.583879 21.694349
v -9.117887 31.583879 21.009827
v -7.424082 42.449951 52.923836
v -5.251019 42.449951 52.923893
v -3.077957 42.449951 52.923958
v -0.904887 42.449951 52.924015
v 1.268169 42.449951 52.924076
v 3.441232 42.449951 52.924133
v 5.614302 42.449951 52.924191
v -12.891913 26.218658 21.694248
v -12.891894 26.218658 21.009726
v -22.463543 41.873474 33.827847
v -23.534023 41.873474 33.878868
v -17.984997 43.259144 50.647213
v -18.073280 43.276672 50.871902
v -23.351757 38.226326 53.249390
v -23.351757 38.514229 53.249390
v -23.525291 38.514267 53.090446
v -23.525291 38.223660 53.090446
v -23.242744 43.656906 47.217335
v -23.534363 42.928818 47.089470
v -23.534363 41.137428 47.124870
v -23.242744 41.138229 47.140594
v -23.242744 41.810089 47.178967
v -23.471622 45.254074 31.781721
v -23.471634 45.233185 32.025990
v -23.264721 45.233185 32.025997
v -23.264717 45.254074 31.781729
v -23.471539 40.097252 28.418034
v -23.471535 40.119148 28.215378
v -23.264622 40.119148 28.215384
v -23.264629 40.097252 28.418039
v -22.859241 47.245972 33.193760
v -23.284878 46.829678 32.687260
v -23.366764 39.662964 31.997782
v -23.366642 39.820145 27.470531
v -23.533863 39.820145 27.470526
v -23.264610 40.142799 27.571051
v -22.652245 47.285240 32.687977
v -23.077991 46.852570 32.391434
v -23.077980 46.829678 32.687260
v -22.652328 47.245972 33.193768
v -16.799931 47.335136 28.257828
v -16.799931 47.594185 28.265205
v -15.534736 47.766270 27.333307
v -15.534579 48.066284 20.956284
v 23.906010 46.272163 31.968033
v 23.906105 40.093285 28.061253
v 23.906097 40.043762 28.550177
v 24.008118 39.662964 29.023695
v 23.906013 44.766113 31.627508
v 23.906021 44.738750 31.383938
v 23.905979 46.178596 33.175953
v 23.905972 46.156128 33.466045
v 23.906002 46.249695 32.258133
v 22.650574 47.391521 34.271683
v 22.650341 47.508896 32.762920
v 13.533256 46.427994 40.026810
v 22.136341 47.184883 34.981117
v 13.533405 47.407467 34.072922
v 22.650719 48.066284 20.899355
v 13.533737 48.066284 21.005733
v 23.295124 47.825356 20.924625
v 23.883171 42.828842 50.644382
v 23.295864 43.318649 50.586952
v 23.883442 45.694984 40.004150
v 23.296131 46.051414 39.946709
v 23.293999 46.946304 34.980865
v 23.885818 46.458351 35.005985
v 23.886364 46.735245 33.907898
v -23.391991 43.613014 21.009438
v -12.891894 48.066284 21.005016
v -12.891894 43.613014 21.009724
v -9.117887 43.613014 21.009827
v 9.759737 43.613014 21.010338
v 24.033829 43.613014 21.010727
v 13.533737 43.613014 21.010441
v 18.855709 26.218658 21.010586
v -18.213871 26.218658 21.009584
v -23.533699 26.218658 21.009434
v -22.008873 47.335136 20.898144
v 24.112881 46.178596 33.175957
v 24.112900 46.249695 32.258141
v 24.112923 44.738750 31.383944
v 24.112919 44.766113 31.627516
v 23.104485 41.492874 43.579384
v 23.104576 41.952980 40.032642
v 23.104351 39.895737 48.899509
v 23.104397 40.878246 47.126141
v 23.104309 38.176399 50.472603
v 23.104652 42.012619 36.930866
v 23.105042 45.096996 21.695225
v 23.104736 44.907803 33.803555
v 23.104652 44.813530 36.918095
v 23.104576 44.620522 40.032639
v 23.104485 44.258987 43.579380
v 23.104397 43.568504 47.126137
v 23.104351 42.925896 48.899506
v 23.105042 26.218658 21.695227
v -22.463234 45.096996 21.693989
v -22.463234 26.218658 21.693991
v 23.883171 38.464306 50.672894
v 23.883209 40.106728 49.096012
v -12.892718 38.226326 53.249676
v -23.534451 38.176399 50.671604
v -22.463970 38.176399 50.471367
v 13.532915 38.226326 53.250404
v -12.892228 47.407467 34.072205
v -12.892377 46.427994 40.026089
v -22.463928 42.925896 48.898270
v -22.463882 43.568504 47.124901
v -22.463795 44.258987 43.578140
v -22.463699 44.620522 40.031403
v -22.463627 44.813530 36.916855
v -22.463543 44.907803 33.802322
v -22.463928 39.895737 48.898273
v -22.463882 40.878246 47.124905
v -22.463795 41.492874 43.578144
v -22.463699 41.952980 40.031406
v -22.463627 42.012619 36.929630
v -23.534405 39.895737 48.898239
v -23.534363 40.899517 47.124870
v -23.534275 41.495819 43.578114
v -23.534184 41.952980 40.031372
v -23.534103 42.012619 36.955128
v -23.242832 38.464306 50.671616
v -23.242832 42.828842 50.643105
v -23.242794 40.106728 49.094730
v -23.534054 45.811218 34.952183
v -23.534451 38.514885 50.671604
v -23.534416 40.109684 49.090141
v -23.534184 45.032112 40.031368
v -23.534019 46.156128 33.464756
v -22.655525 43.318649 50.585701
v -22.655254 46.051414 39.945457
v -22.652870 46.946304 34.979618
v -23.245174 46.735245 33.906620
v -23.244698 46.458351 35.004704
v -23.242561 45.694984 40.002876
v -22.009407 47.391521 34.270473
v -21.495213 47.184883 34.979931
v -22.008717 47.710232 28.529608
v -22.009098 47.508896 32.761707
v -16.695122 47.709648 28.529724
v -22.652527 47.472240 28.632151
v -22.008743 47.593491 28.265030
v -22.628838 47.413670 28.362602
v -22.832767 47.246220 28.372795
v -22.008869 47.335136 28.257673
v -23.471619 44.766113 31.626226
v -23.471615 44.738750 31.382656
v -23.471638 46.249695 32.256855
v -23.471657 46.178596 33.174671
v -23.264721 46.249695 32.256859
v -23.264751 46.178596 33.174675
v -23.264706 44.738750 31.382660
v -23.264713 44.766113 31.626234
v -23.264755 46.156128 33.464771
v -23.264622 40.093285 28.059977
v -23.264717 46.272163 31.966759
v -23.366680 39.662964 29.022406
v -23.264629 40.043762 28.548903
v -23.533901 39.662964 29.022398
v 11.039141 34.036644 -16.031788
v 11.038721 33.703201 0.558965
v 11.039085 27.902536 -13.775327
v 11.038872 34.903595 -5.260599
v 11.038193 26.949539 21.186350
v 11.038193 27.907597 21.186342
v 11.038193 34.570160 21.186340
v 11.039223 34.636841 -19.116625
v 11.039223 28.641533 -19.116623
v 11.038300 33.703205 17.164101
v 23.053101 27.902536 -13.774996
v 23.053116 32.038979 -14.213441
v 23.053158 32.504951 -15.851058
v 23.053238 28.641533 -19.116301
v 23.053177 33.209900 -16.724800
v 23.052277 34.676048 18.826559
v 23.052277 33.159592 18.822485
v 23.052212 27.907597 21.186672
v 23.052212 47.962067 21.186579
v 23.052277 47.962067 18.772932
v 23.053196 33.914845 -17.410517
v 23.053238 37.700356 -19.119490
v 23.052723 58.227585 1.010334
v 23.052776 58.227585 -0.943603
v 23.052723 44.335121 1.012479
v 23.052326 32.037685 16.837891
v 23.052677 32.041267 3.135866
v 23.052776 32.038868 -0.943601
v 23.052288 32.310013 18.316961
v 24.277405 58.227585 1.010367
v 24.277405 44.335121 1.012511
v 24.277454 58.227585 -0.943571
v 24.277004 26.949476 16.845087
v 24.277004 27.470600 16.843092
v 24.276997 27.845694 17.103865
v 24.276894 26.949539 21.186710
v 24.276955 34.676048 18.826590
v 24.276955 33.159592 18.822517
v 24.277596 32.038925 -6.262228
v 24.277454 32.038868 -0.943569
v 24.277596 31.323097 -6.259332
v 24.277920 27.625549 -19.007595
v 24.277958 29.780657 -20.587311
v 24.277981 31.935768 -21.665588
v 24.277874 33.914845 -17.410482
v 24.277855 33.209900 -16.724768
v 24.277802 29.865185 -14.474318
v 24.277802 27.845692 -14.474064
v 24.277874 27.029911 -17.270250
v 24.277794 32.038979 -14.213408
v 24.277794 30.477840 -14.213195
v 24.277840 32.504951 -15.851026
v 24.278103 40.322968 -26.179682
v 24.278065 40.297436 -24.811451
v 24.278053 37.040398 -24.309444
v 24.278000 45.759808 -22.155731
v 24.278160 44.537560 -28.482580
v 24.278477 44.537891 -40.917469
v 24.278759 45.756248 -52.151615
v 24.278000 46.060158 -22.155731
v 24.277912 37.039108 -18.820936
v 24.277946 40.246353 -20.006552
v 24.278770 34.864853 -52.412186
v 24.278770 45.755791 -52.412785
v 24.278759 34.865307 -52.151020
v 24.278641 44.537903 -47.421886
v 24.278641 40.639359 -47.413887
v 24.278641 39.728210 -47.426105
v 24.278530 40.620033 -43.067394
v 24.278503 41.418629 -42.049625
v 24.278484 40.814960 -41.359814
v 24.278522 39.700386 -42.780327
v 24.278477 41.823597 -40.892288
v 24.278442 41.415367 -39.643967
v 24.278160 41.416744 -28.371105
v 24.278160 42.043503 -28.426836
v 24.278122 42.083908 -26.991882
v 24.278126 40.937645 -27.213890
v 24.277790 29.865185 -13.951990
v 24.277699 29.865185 -10.497888
v 24.277699 27.845692 -10.496799
v 24.277790 27.845692 -13.951736
v 24.277687 29.865185 -9.975567
v 24.277599 29.865063 -6.519528
v 24.277599 27.845684 -6.518563
v 24.277687 27.845692 -9.974480
v 24.277588 29.865063 -5.997201
v 24.277313 29.865063 4.840067
v 24.277313 27.845686 4.840890
v 24.277588 27.845684 -5.996249
v 24.277298 29.865063 5.362395
v 24.277134 29.865189 11.648969
v 24.277134 27.845694 11.650984
v 24.277298 27.845686 5.363217
v 24.277306 30.476543 5.101079
v 24.277306 31.323229 5.100412
v 24.277130 26.949352 11.914158
v 24.277130 27.470600 11.912474
v 24.277122 27.845694 12.173305
v 24.277012 27.845694 16.581535
v 24.277695 32.038952 -10.237822
v 24.277695 30.477840 -10.236901
v 24.277306 32.039474 5.097945
v 24.277130 32.038582 11.908114
v 24.277130 30.477840 11.909806
v 24.277355 32.041267 3.135899
v 24.276955 47.962067 18.772964
v 24.276894 47.962067 21.186613
v 24.277596 30.476538 -6.258549
v 24.277004 32.037685 16.837923
v 24.277004 30.477840 16.839924
v 24.277012 29.865189 16.579151
v 24.277122 29.865189 12.171296
v 24.277306 26.949226 5.102872
v 24.277306 27.470427 5.102205
v 24.277596 26.948915 -6.256438
v 24.277596 27.470425 -6.257215
v 24.277695 26.948757 -10.234545
v 24.277695 27.470596 -10.235451
v 24.277794 26.948605 -14.212650
v 24.277794 27.470596 -14.212865
v 24.277973 40.271893 -21.186741
v 24.278622 34.866962 -46.784328
v 24.278011 44.525677 -22.766254
v 24.278084 41.190666 -25.556923
v 24.276966 32.310013 18.316996
v 24.276997 29.865189 17.101473
v 23.053322 46.060158 -22.155764
v 23.053265 40.076294 -19.982422
v 14.682899 37.697845 -19.119715
v 14.682974 46.060158 -22.155991
v 13.782176 46.060158 -22.156015
v 13.782101 37.697845 -19.119740
v 24.493004 46.135429 -40.345997
v 24.493244 46.154327 -49.715034
v 24.278687 46.154675 -49.051079
v 24.278446 46.135769 -39.682045
v 24.492546 46.059814 -22.155724
v 24.492722 46.097626 -29.202265
v 24.278160 46.097969 -28.538311
v 23.268646 46.173237 -52.816204
v 17.271898 46.173237 -52.816360
v 17.057331 46.173580 -52.152393
v 23.054081 46.173580 -52.152229
v 24.493324 46.173237 -52.816166
v 24.278759 46.173580 -52.152184
v 13.782207 46.064278 -23.245117
v 14.683005 46.064278 -23.245090
v 23.053349 46.064278 -23.244864
v 16.620155 46.173580 -52.152401
v 14.683742 46.173580 -52.152451
v 13.782942 46.173580 -52.152477
v 16.620174 46.173237 -52.816383
v 23.054089 34.864853 -52.412228
v 14.686006 34.864853 -52.405666
v 14.686006 37.674732 -52.412483
v 17.052143 44.044769 -52.412922
v 23.054089 45.748001 -52.413261
v -5.415721 37.694595 -52.413036
v -2.496578 37.694588 -52.412968
v -8.334857 34.864853 -52.406296
v 3.341715 37.694588 -52.412804
v 6.260858 37.694595 -52.412716
v 9.180002 34.864853 -52.405823
v -16.207005 45.748001 -52.414326
v -16.207005 44.044769 -52.413822
v -22.208950 45.748001 -52.414490
v -22.208950 34.864853 -52.413456
v -23.433636 34.864853 -52.413490
v -23.433636 45.755791 -52.414082
v -12.940063 37.694595 -52.413239
v -12.940063 34.864853 -52.406425
v -13.840861 34.864853 -52.406445
v -13.840861 37.674732 -52.413265
v 9.180002 37.694595 -52.412640
v 11.482605 37.694595 -52.412571
v 13.785206 34.864853 -52.405689
v 13.785206 37.694595 -52.412506
v 17.052143 45.748001 -52.413422
v -10.637466 37.694595 -52.413174
v -8.334857 37.694595 -52.413116
v -8.334864 34.865307 -52.145130
v -8.334902 34.865307 -50.668827
v -12.940106 34.865307 -50.668949
v -12.940068 34.865307 -52.145260
v -13.840867 34.865307 -52.145279
v -22.208958 34.865307 -52.152290
v 23.054081 34.865307 -52.151058
v 14.685999 34.865307 -52.144497
v 13.785200 34.865307 -52.144524
v 9.179996 34.865307 -52.144657
v 9.179957 34.865307 -50.668346
v 23.053944 34.866962 -46.784363
v 23.054043 34.865307 -50.674767
v 14.685962 34.865307 -50.668198
v 13.785164 34.865307 -50.668224
v -23.433640 34.865307 -52.152321
v -13.840905 34.865307 -50.668976
v -22.208992 34.865307 -50.675995
v -22.209091 34.866962 -46.785591
v -23.433777 34.866962 -46.785622
v 23.053478 41.416744 -28.371134
v 23.053761 41.415367 -39.643997
v 23.053806 40.814960 -41.359848
v 23.053841 39.700386 -42.780357
v 23.053448 40.937645 -27.213924
v 23.053425 40.322968 -26.179712
v 23.053238 27.625549 -19.007629
v 23.053280 29.780657 -20.587343
v 23.053303 31.935768 -21.665621
v 23.053375 37.040398 -24.309475
v 23.053101 26.948605 -13.782547
v 23.052212 26.949539 21.186680
v 9.176764 26.948605 -13.782923
v 9.175873 26.949539 21.186304
v 23.053196 27.029911 -17.270285
v 9.176903 27.625549 -19.008003
v -8.333451 37.489445 -19.120129
v -8.333459 37.697693 -18.924473
v -8.523232 37.697845 -19.120350
v -8.333459 37.659046 -18.927896
v -8.438880 37.524563 -19.120155
v -10.827240 38.106304 -52.152031
v -10.447692 38.106304 -52.152027
v -10.447692 37.695061 -52.151993
v -10.827240 37.695061 -52.151997
v -8.143679 38.109093 -19.120375
v -8.523232 38.109093 -19.120388
v -8.143679 37.697845 -19.120337
v -8.524643 38.106304 -52.151974
v -8.145090 38.106304 -52.151970
v -8.145090 37.695061 -52.151928
v -8.524643 37.695061 -52.151936
v 6.448285 38.109093 -19.119987
v 6.068739 38.109093 -19.119999
v 6.068739 37.697845 -19.119961
v 6.448285 37.697845 -19.119955
v 6.071078 38.106300 -52.151577
v 6.450632 38.106300 -52.151573
v 6.450632 37.695061 -52.151558
v 6.071078 37.695053 -52.151562
v 9.366674 38.109093 -19.119904
v 8.987128 38.109093 -19.119909
v 8.987128 37.697845 -19.119869
v 9.366674 37.697845 -19.119864
v 8.990223 38.106304 -52.151501
v 9.369768 38.106304 -52.151489
v 9.369768 37.695061 -52.151455
v 8.990223 37.695061 -52.151459
v 11.292825 38.106304 -52.151436
v 11.672370 38.106304 -52.151428
v 11.672370 37.695061 -52.151390
v 11.292825 37.695061 -52.151402
v -2.686351 38.106293 -52.151684
v -2.306804 38.106293 -52.151672
v -2.306804 37.695045 -52.151794
v -2.686351 37.695045 -52.151806
v -2.307607 38.086658 8.845346
v -2.687160 38.086658 8.845340
v -2.687160 37.675411 8.845211
v -2.307607 37.675411 8.845217
v 3.151929 38.106293 -52.151527
v 3.531482 38.106293 -52.151508
v 3.531482 37.695045 -52.151634
v 3.151929 37.695045 -52.151646
v 3.529179 38.086658 8.845510
v 3.149627 38.086658 8.845495
v 3.149627 37.675411 8.845366
v 3.529179 37.675411 8.845380
v 6.447576 38.086658 8.845748
v 6.068023 38.086658 8.845736
v 6.068017 37.675411 8.845450
v 6.447576 37.675411 8.845457
v 6.068739 38.109093 -19.119669
v 6.448241 38.107628 -17.301168
v -23.434948 58.227585 -0.944866
v -22.210262 58.227585 -0.944834
v -22.210262 32.038868 -0.944832
v -23.434948 32.038868 -0.944864
v -8.333426 29.211094 -19.975685
v -8.333426 32.016708 -19.978539
v -8.334481 32.009594 21.185823
v -8.334481 26.949539 21.185825
v -8.333591 26.948605 -13.783401
v -8.333451 27.625549 -19.008482
v -13.839362 45.266308 -22.937206
v -13.838658 45.264946 -50.581047
v -13.840905 36.874107 -50.675789
v -13.839437 36.988682 -19.981535
v -22.209770 36.990028 -19.981762
v -22.209702 45.266308 -22.937433
v -22.209797 27.625549 -19.008860
v -22.209778 29.211094 -19.976061
v -23.201824 29.865185 -13.953278
v -23.201824 27.845692 -13.953026
v -23.434616 27.845692 -13.953032
v -23.434616 29.865185 -13.953284
v -23.201809 29.865185 -14.475606
v -23.201817 30.477840 -14.214483
v -23.434608 30.477840 -14.214491
v -23.434601 29.865185 -14.475612
v -23.201817 27.470596 -14.214154
v -23.201809 27.845692 -14.475353
v -23.434601 27.845692 -14.475360
v -23.434608 27.470596 -14.214161
v -23.202614 29.865189 17.100183
v -23.202614 27.845694 17.102575
v -23.435406 27.845694 17.102570
v -23.435406 29.865189 17.100178
v -23.202602 29.865189 16.577864
v -23.202606 30.477840 16.838634
v -23.435398 30.477840 16.838629
v -23.435394 29.865189 16.577858
v -23.202606 27.470600 16.841803
v -23.202602 27.845694 16.580246
v -23.435394 27.845694 16.580240
v -23.435398 27.470600 16.841795
v -23.202488 29.865189 12.170008
v -23.202488 27.845694 12.172015
v -23.435280 27.845694 12.172009
v -23.435280 29.865189 12.170002
v -23.202477 29.865189 11.647680
v -23.202484 30.477840 11.908516
v -23.435272 30.477840 11.908510
v -23.435265 29.865189 11.647675
v -23.202484 27.470600 11.911184
v -23.202477 27.845694 11.649695
v -23.435265 27.845694 11.649688
v -23.435272 27.470600 11.911179
v -23.202011 27.845684 -6.519853
v -23.202011 29.865063 -6.520817
v -23.434799 29.865063 -6.520823
v -23.434799 27.845684 -6.519859
v -23.202026 27.845684 -5.997538
v -23.202015 27.470425 -6.258504
v -23.434807 27.470425 -6.258511
v -23.434814 27.845684 -5.997544
v -23.202015 30.476538 -6.259838
v -23.202026 29.865063 -5.998490
v -23.434814 29.865063 -5.998496
v -23.434807 30.476538 -6.259844
v -23.202309 29.865063 5.361106
v -23.202309 27.845686 5.361928
v -23.435101 27.845686 5.361922
v -23.435101 29.865063 5.361100
v -23.202301 29.865063 4.838778
v -23.202309 30.476543 5.099790
v -23.435097 30.476543 5.099783
v -23.435093 29.865063 4.838772
v -23.202309 27.470427 5.100917
v -23.202301 27.845686 4.839601
v -23.435093 27.845686 4.839594
v -23.435097 27.470427 5.100911
v -23.201923 29.865185 -9.976854
v -23.201923 27.845692 -9.975768
v -23.434711 27.845692 -9.975774
v -23.434711 29.865185 -9.976862
v -23.201912 29.865185 -10.499176
v -23.201916 30.477840 -10.238191
v -23.434708 30.477840 -10.238197
v -23.434704 29.865185 -10.499183
v -23.201916 27.470596 -10.236741
v -23.201912 27.845692 -10.498089
v -23.434704 27.845692 -10.498096
v -23.434708 27.470596 -10.236747
v -22.897846 42.083908 -26.993166
v -22.897808 42.043503 -28.428116
v -23.434242 42.043503 -28.428127
v -23.434280 42.083908 -26.993177
v -22.897991 40.271893 -21.188023
v -22.897900 40.297436 -24.812733
v -23.434338 40.297436 -24.812746
v -23.434433 40.271893 -21.188036
v -22.897808 44.537560 -28.483860
v -22.897953 44.525677 -22.767536
v -23.434387 44.525677 -22.767550
v -23.434242 44.537560 -28.483871
v -23.079502 40.639359 -47.415176
v -23.079502 44.537903 -47.423180
v -23.433758 44.537903 -47.423183
v -23.433758 40.639359 -47.415180
v -23.079666 44.537891 -40.918758
v -23.433929 44.537891 -40.918766
v -16.206993 44.044880 -52.816639
v -15.775004 44.071480 -52.816936
v -15.775023 44.071823 -52.152977
v -16.207012 44.045219 -52.152668
v -23.648945 46.059814 -22.157034
v -23.648945 45.759464 -22.157034
v -23.434406 45.759808 -22.157026
v -23.434406 46.060158 -22.157026
v -13.840867 37.675194 -52.152081
v 17.052135 44.045219 -52.151764
v 17.052135 45.748466 -52.152267
v 17.052155 44.044880 -52.815739
v 17.052155 45.748119 -52.816242
v 16.620174 44.071480 -52.816059
v 16.620155 44.071823 -52.152100
v 23.924225 41.823597 -40.892292
v 23.924225 44.537891 -40.917477
v 23.924393 40.639359 -47.413898
v 23.924278 40.620033 -43.067406
v 23.741730 44.537560 -28.482592
v 23.741730 42.043503 -28.426847
v 23.741547 40.271893 -21.186754
v 23.741581 44.525677 -22.766266
v 7.838519 48.540863 21.142252
v 7.838620 48.540863 17.100113
v 0.420796 48.540863 17.058252
v -6.997014 48.540863 17.099710
v -6.997115 48.540863 21.141851
v 24.044910 29.865185 -10.497894
v 24.044910 27.845692 -10.496807
v 24.044899 29.865185 -9.975573
v 24.044907 30.477840 -10.236909
v 24.044907 27.470596 -10.235458
v 24.044899 27.845692 -9.974485
v 24.044521 29.865063 4.840060
v 24.044521 27.845686 4.840883
v 24.044510 29.865063 5.362388
v 24.044514 30.476543 5.101072
v 24.044514 27.470427 5.102199
v 24.044510 27.845686 5.363211
v 24.044796 27.845684 -5.996256
v 24.044796 29.865063 -5.997208
v 24.044811 27.845684 -6.518570
v 24.044804 27.470425 -6.257222
v 24.044804 30.476538 -6.258556
v 24.044811 29.865063 -6.519535
v 24.044346 29.865189 11.648963
v 24.044346 27.845694 11.650977
v 24.044331 29.865189 12.171290
v 24.044338 30.477840 11.909800
v 24.044338 27.470600 11.912468
v 24.044331 27.845694 12.173297
v 24.044220 29.865189 16.579145
v 24.044220 27.845694 16.581530
v 24.044209 29.865189 17.101467
v 24.044212 30.477840 16.839916
v 24.044212 27.470600 16.843084
v 24.044209 27.845694 17.103859
v 24.045010 29.865185 -14.474323
v 24.045010 27.845692 -14.474071
v 24.044998 29.865185 -13.951996
v 24.045002 30.477840 -14.213201
v 24.045002 27.470596 -14.212872
v 24.044998 27.845692 -13.951743
v 9.176928 32.016708 -19.978056
v 9.175873 32.009594 21.186302
v 14.683000 45.266308 -22.936428
v 14.683703 45.264946 -50.580273
v 23.054043 45.264946 -50.580044
v 23.053341 45.266308 -22.936201
v 9.176928 29.211094 -19.975206
v 14.682925 36.988682 -19.980757
v 14.685962 36.874107 -50.675018
v 23.053265 36.990028 -19.980532
v 23.053257 29.211094 -19.974831
v -8.333984 38.286728 8.845522
v 9.175999 38.286728 8.846001
v 9.176193 37.675411 8.845534
v 0.610783 37.675411 8.845301
v 0.231230 37.675411 8.845288
v -5.225998 37.675411 8.845140
v -5.605544 37.675411 8.845133
v -8.334167 37.675411 8.845056
v 23.741692 42.083908 -26.991896
v 23.741638 40.297436 -24.811464
v 23.924393 44.537903 -47.421898
v 24.492546 45.759464 -22.155724
v 14.685999 37.675194 -52.151306
v -16.207012 45.748466 -52.153168
v -16.206993 45.748119 -52.817146
v -15.775004 46.173237 -52.817257
v -15.775023 46.173580 -52.153282
v -23.079666 41.823597 -40.893578
v -23.433929 41.823597 -40.893581
v -23.079620 40.620033 -43.068687
v -23.433872 40.620033 -43.068695
v -22.208992 45.264946 -50.581276
v -22.209846 27.029911 -17.271515
v -22.209934 26.948605 -13.783777
v -23.434998 58.227585 1.009072
v -22.210312 58.227585 1.009104
v -23.435432 32.310013 18.315699
v -23.435448 33.159592 18.821222
v -22.210762 33.159592 18.821255
v -22.210751 32.310013 18.315731
v -23.435448 47.962067 18.771667
v -23.435513 47.962067 21.185318
v -22.210827 47.962067 21.185349
v -22.210762 47.962067 18.771700
v 9.176903 37.489445 -19.119650
v 9.176896 37.697693 -18.923992
v 9.282330 37.524563 -19.119675
v 9.176896 37.659046 -18.927420
v 11.289731 38.109093 -19.119850
v 11.669277 38.109093 -19.119837
v -10.825834 38.109093 -19.120447
v -10.446280 38.109093 -19.120440
v 0.232786 38.106293 -52.151604
v 0.612339 38.106293 -52.151588
v 0.612339 37.695045 -52.151711
v 0.232786 37.695045 -52.151726
v 0.610783 38.086658 8.845430
v 0.231230 38.086658 8.845418
v -5.605500 38.106300 -52.151752
v -5.225947 38.106300 -52.151737
v -5.225953 37.695053 -52.151875
v -5.605500 37.695061 -52.151886
v -5.225998 38.086658 8.845269
v -5.605544 38.086658 8.845263
v 11.669277 37.697845 -19.119799
v 11.289731 37.697845 -19.119812
v -10.446280 37.697845 -19.120399
v -10.825834 37.697845 -19.120407
v 24.493324 45.755905 -52.815586
v 23.268646 45.748119 -52.816082
v -8.333426 36.988682 -19.981386
v 9.176928 36.988682 -19.980907
v -12.938638 36.988682 -19.981510
v 13.782126 36.988682 -19.980783
v -12.940106 36.874107 -50.675770
v 9.179957 36.874107 -50.675167
v 13.785164 36.874107 -50.675041
v -8.334902 36.874107 -50.675644
v 13.785200 37.695061 -52.151333
v 13.782942 44.932137 -52.152351
v 9.176903 34.636841 -19.116676
v 9.176399 33.703201 0.558920
v 9.176188 33.703201 8.861485
v 7.839962 33.703205 17.164017
v 7.839855 34.570160 21.186256
v 9.176821 34.036644 -16.031832
v 9.176550 34.903595 -5.260644
v -10.196807 26.949539 21.185772
v -10.196807 34.570160 21.185764
v 7.839680 38.275513 21.140310
v -6.998275 38.275513 21.139908
v -6.998464 37.664196 21.139437
v 7.839862 37.664196 21.139837
v -6.998469 34.570160 21.185856
v 7.838519 47.407158 21.142252
v -6.997115 47.407158 21.141851
v -10.637466 37.694908 -52.239040
v -2.496578 37.694893 -52.238857
v 6.260858 37.694901 -52.238605
v 9.180002 37.694908 -52.238506
v 11.482605 37.694908 -52.238438
v 0.231946 37.697838 -19.120134
v -2.306892 37.697838 -19.120201
v 3.529889 37.697838 -19.120047
v -12.940068 37.695061 -52.152058
v -12.938666 37.697845 -19.120466
v -2.686445 37.697838 -19.120214
v -5.225288 37.697845 -19.120270
v -5.415721 37.694901 -52.238926
v -8.334857 37.694908 -52.238976
v 3.341715 37.694893 -52.238693
v 0.611498 37.697838 -19.120123
v 3.150342 37.697838 -19.120058
v 6.448241 37.696381 -17.301460
v -5.604841 37.697845 -19.120279
v 7.838620 47.407158 17.100113
v 7.839781 38.281120 17.098169
v 7.839962 37.669807 17.097704
v 8.507889 38.283924 12.972087
v 7.721515 38.282215 12.988154
v -7.666076 38.283924 12.971647
v -6.879698 38.282215 12.987760
v 0.420903 38.280506 13.004065
v -6.998174 38.281120 17.097769
v -6.997014 47.407158 17.099710
v 0.420796 47.407158 17.058252
v 23.924255 41.418629 -42.049641
v 23.741653 41.190666 -25.556934
v 23.054081 45.748466 -52.152107
v -6.998363 37.669807 17.097303
v -6.998363 33.703205 17.163616
v -8.333451 34.636841 -19.117157
v -8.333533 34.036644 -16.032312
v -8.333804 34.903595 -5.261124
v -8.333954 33.703201 0.558441
v -8.334167 33.703201 8.861006
v -10.196807 27.907597 21.185766
v -10.196701 33.703205 17.163525
v -10.196280 33.703201 0.558389
v -10.195917 27.902536 -13.775902
v -10.195855 34.036644 -16.032364
v -10.195777 34.636841 -19.117207
v -10.195777 28.641533 -19.117205
v -10.196130 34.903595 -5.261175
v -23.433640 45.756248 -52.152916
v -22.208958 45.748466 -52.153336
v -23.434250 41.416744 -28.372396
v -23.434277 40.937645 -27.215187
v -23.434486 37.039108 -18.822231
v -23.434353 37.040398 -24.310741
v -23.434418 31.935768 -21.666883
v -23.434525 33.914845 -17.411777
v -23.433960 41.415367 -39.645260
v -23.434544 33.209900 -16.726063
v -23.434444 29.780657 -20.588604
v -23.434483 27.625549 -19.008890
v -23.434532 27.029911 -17.271545
v -23.435097 26.949226 5.101578
v -23.435272 26.949352 11.912863
v -23.434807 26.948915 -6.257733
v -23.434708 26.948757 -10.235840
v -23.434299 40.322968 -26.180973
v -23.433880 39.700386 -42.781624
v -23.433758 39.728210 -47.427399
v -23.434456 40.246353 -20.007847
v -23.433899 41.418629 -42.050919
v -23.433918 40.814960 -41.361115
v -23.434319 41.190666 -25.558220
v -23.434608 26.948605 -14.213945
v -23.434563 32.504951 -15.852321
v -13.839381 46.060158 -22.156769
v -13.839356 46.064278 -23.245865
v -22.209690 46.064278 -23.246094
v -22.209724 46.060158 -22.156996
v -12.938582 46.060158 -22.156742
v -12.938558 46.064278 -23.245840
v -22.423481 46.173237 -52.817429
v -23.648159 46.173237 -52.817474
v -23.433640 46.173580 -52.153488
v -22.208958 46.173580 -52.153461
v -16.426739 46.173237 -52.817276
v -16.212204 46.173580 -52.153290
v -23.648479 46.135429 -40.347301
v -23.648762 46.097626 -29.203573
v -23.434242 46.097969 -28.539608
v -23.433960 46.135769 -39.683342
v -23.648243 46.154327 -49.716343
v -23.433720 46.154675 -49.052372
v -12.937823 46.173580 -52.153206
v -13.838622 46.173580 -52.153233
v -22.423481 45.748119 -52.817314
v -23.648159 45.755905 -52.816895
v -12.937823 44.932137 -52.153084
v -22.209663 37.040398 -24.310709
v -22.209614 40.322968 -26.180944
v -22.209759 29.780657 -20.588573
v -22.209194 39.700386 -42.781590
v -22.209232 40.814960 -41.361080
v -22.209591 40.937645 -27.215153
v -22.209274 41.415367 -39.645229
v -22.209564 41.416744 -28.372366
v -22.209736 31.935768 -21.666851
v -23.079643 41.418629 -42.050915
v -22.897884 41.190666 -25.558205
v -23.435047 32.041267 3.134604
v -23.434998 44.335121 1.011216
v -23.434608 32.038979 -14.214705
v -23.435448 34.676048 18.825294
v -23.435513 26.949539 21.185417
v -23.435398 26.949476 16.843790
v -23.434708 32.038952 -10.239118
v -23.434807 31.323097 -6.260628
v -23.434807 32.038925 -6.263523
v -23.435097 31.323229 5.099116
v -23.435398 32.037685 16.836628
v -23.435272 32.038582 11.906820
v -23.435097 32.039474 5.096649
v -22.209797 37.700356 -19.120720
v -22.209797 28.641533 -19.117531
v -13.839463 37.697845 -19.120491
v -22.209770 40.076294 -19.983652
v -22.209843 33.914845 -17.411745
v -22.210827 26.949539 21.185450
v -22.210827 27.907597 21.185442
v -22.209934 27.902536 -13.776227
v -22.209862 33.209900 -16.726030
v -22.209881 32.504951 -15.852288
v -22.209923 32.038979 -14.214671
v -22.210361 32.041267 3.134636
v -22.210712 32.037685 16.836660
v -22.210762 34.676048 18.825329
v -22.210312 44.335121 1.011249
v 3.529889 38.109085 -19.119909
v 3.150336 38.109085 -19.119928
v 0.231946 38.109085 -19.120005
v 0.611498 38.109085 -19.119993
v -2.306892 38.109085 -19.120077
v -2.686445 38.109085 -19.120077
v -5.604841 38.109093 -19.120142
v -5.225288 38.109093 -19.120142
v -22.498711 57.831032 18.350368
v -22.498722 57.831032 18.772457
v -22.790585 57.133713 18.772449
v -22.790573 57.133713 18.350363
v -21.421528 58.948364 18.350395
v -21.421539 58.948364 18.772482
v -21.996086 58.428375 18.772469
v -21.996075 58.428375 18.350382
v -19.939976 59.480015 18.350439
v -19.939991 59.480015 18.772528
v -20.719112 59.253780 18.772501
v -20.719097 59.253780 18.350414
v -16.179653 59.483418 18.350536
v -16.179668 59.483418 18.772625
v -18.949787 59.483418 18.772554
v -18.949776 59.483418 18.350468
v -22.768360 55.593990 1.814779
v -22.790157 57.133713 1.814779
v -22.768776 55.593990 18.319019
v -9.490412 59.483418 1.815135
v 0.395310 59.450066 1.815407
v 0.394890 59.450066 18.319649
v -9.490833 59.483418 18.350727
v -18.949352 59.483418 1.814882
v -16.179234 59.483418 1.814953
v -20.718678 59.253780 1.814830
v -19.939556 59.480015 1.814856
v -21.995651 58.428375 1.814798
v -21.421108 58.948364 1.814811
v -22.498291 57.831032 1.814785
v -16.179192 59.483418 0.112177
v -9.490369 59.483418 0.112359
v -19.939514 59.480015 0.112080
v -18.949310 59.483418 0.112106
v -21.421062 58.948364 0.112035
v -20.718632 59.253780 0.112054
v -22.498249 57.831032 0.112009
v -21.995609 58.428375 0.112022
v -22.767849 55.593990 -18.200727
v -22.789646 57.133713 -18.200727
v -22.790108 57.133713 0.112003
v -22.768314 55.593990 0.112003
v -16.178726 59.483418 -18.200552
v -9.489903 59.483418 -18.200369
v -19.939049 59.480015 -18.200655
v -18.948849 59.483418 -18.200623
v -21.420597 58.948364 -18.200695
v -20.718170 59.253780 -18.200676
v -22.497780 57.831032 -18.200720
v -21.995148 58.428375 -18.200708
v -22.767738 44.523689 -22.215569
v -22.766983 44.370369 -52.242214
v -22.788780 45.129761 -52.242214
v -9.489032 47.479477 -52.241856
v 0.396690 47.446125 -52.241581
v 0.395818 59.450066 -18.200098
v -18.947975 47.479477 -52.242107
v -16.177853 47.479477 -52.242031
v -20.717297 47.249832 -52.242157
v -19.938175 47.476070 -52.242142
v -21.994274 46.424427 -52.242195
v -21.419727 46.944408 -52.242176
v -22.496910 45.827080 -52.242207
v 23.290298 45.827080 -52.240963
v 23.582157 45.129761 -52.240955
v 23.581287 57.133713 -18.199469
v 23.289429 57.831032 -18.199478
v 22.213112 46.944408 -52.240990
v 22.787659 46.424427 -52.240986
v 22.786789 58.428375 -18.199490
v 22.212242 58.948364 -18.199511
v 20.731567 47.476070 -52.241035
v 21.510685 47.249832 -52.241009
v 21.509811 59.253780 -18.199528
v 20.730690 59.480015 -18.199549
v 16.971249 47.479477 -52.241135
v 19.741362 47.479477 -52.241058
v 19.740490 59.483418 -18.199574
v 16.970375 59.483418 -18.199652
v 10.282419 47.479477 -52.241314
v 10.281548 59.483418 -18.199833
v 23.560364 44.370369 -52.240955
v 23.559593 44.523689 -22.214312
v 23.559490 55.593990 -18.199469
v 23.288960 57.831032 0.113253
v 22.786324 58.428375 0.113240
v 22.211777 58.948364 0.113220
v 21.509350 59.253780 0.113201
v 20.730228 59.480015 0.113181
v 19.740025 59.483418 0.113155
v 16.969910 59.483418 0.113078
v 10.281082 59.483418 0.112896
v 23.580822 57.133713 0.113259
v 23.580776 57.133713 1.816035
v 23.288918 57.831032 1.816028
v 22.786278 58.428375 1.816015
v 22.211735 58.948364 1.815996
v 21.509304 59.253780 1.815977
v 20.730183 59.480015 1.815957
v 19.739983 59.483418 1.815931
v 16.969868 59.483418 1.815853
v 0.395354 59.450066 0.112631
v 10.281038 59.483418 1.815672
v 23.559025 55.593990 0.113259
v 23.558983 55.593990 1.816035
v 23.288498 57.831032 18.351612
v 22.785858 58.428375 18.351599
v 22.211315 58.948364 18.351582
v 21.508884 59.253780 18.351561
v 20.729763 59.480015 18.351543
v 19.739561 59.483418 18.351517
v 16.969446 59.483418 18.351439
v 10.280619 59.483418 18.351257
v 0.394877 59.450066 18.804417
v 10.280606 59.483418 18.773344
v 16.969433 59.483418 18.773525
v 19.739550 59.483418 18.773603
v 20.729752 59.480015 18.773628
v 21.508873 59.253780 18.773647
v 22.211300 58.948364 18.773666
v 22.785851 58.428375 18.773687
v 23.288483 57.831032 18.773699
v 23.580357 57.133713 18.351620
v 23.580349 57.133713 18.773706
v 23.558563 55.593990 18.320274
v 23.558552 55.593990 18.805042
v -9.490846 59.483418 18.772806
v -22.768787 55.593990 18.803787
v -23.216648 57.270054 18.772436
v -23.238445 55.593990 18.803774
v -22.254486 58.836788 18.772463
v -22.832878 58.162399 18.772444
v -20.828918 59.760021 18.772501
v -21.612888 59.429569 18.772476
v -18.949787 60.007282 18.772554
v -19.986504 60.010681 18.772522
v -9.490846 60.007282 18.772806
v -16.179668 60.007282 18.772625
v 0.394877 60.040623 18.804417
v 10.280606 60.007282 18.773344
v 16.969433 60.007282 18.773525
v 19.739550 60.007282 18.773603
v 20.776264 60.010681 18.773628
v 21.618679 59.760021 18.773655
v 22.402649 59.429569 18.773674
v 23.044250 58.836788 18.773693
v 23.622639 58.162399 18.773706
v 24.006413 57.270054 18.773720
v 24.028210 55.593990 18.805058
v -22.832859 58.162399 18.350357
v -23.216637 57.270054 18.350351
v -21.612877 59.429569 18.350389
v -22.254475 58.836788 18.350376
v -19.986488 60.010681 18.350433
v -20.828903 59.760021 18.350414
v -16.179653 60.007282 18.350536
v -18.949776 60.007282 18.350468
v 0.394890 60.040623 18.319649
v -9.490833 60.007282 18.350727
v -23.216217 57.270054 1.814766
v -23.238014 55.593990 1.814766
v -23.238434 55.593990 18.319006
v -22.254059 58.836788 1.814791
v -22.832439 58.162399 1.814772
v -20.828484 59.760021 1.814830
v -21.612453 59.429569 1.814811
v -18.949352 60.007282 1.814882
v -19.986069 60.010681 1.814850
v -9.490412 60.007282 1.815135
v -16.179234 60.007282 1.814953
v -22.832397 58.162399 0.111996
v -23.216175 57.270054 0.111990
v -21.612411 59.429569 0.112035
v -22.254013 58.836788 0.112016
v -19.986023 60.010681 0.112074
v -20.828442 59.760021 0.112054
v -16.179192 60.007282 0.112177
v -18.949310 60.007282 0.112106
v 0.395354 60.040623 0.112631
v -9.490369 60.007282 0.112359
v 0.395310 60.040623 1.815407
v -22.831932 58.162399 -18.200733
v -23.215710 57.270054 -18.200741
v -21.611946 59.429569 -18.200701
v -22.253548 58.836788 -18.200714
v -19.985561 60.010681 -18.200655
v -20.827976 59.760021 -18.200676
v -16.178726 60.007282 -18.200552
v -18.948849 60.007282 -18.200623
v 0.395818 60.040623 -18.200098
v -9.489903 60.007282 -18.200369
v -23.214828 45.266113 -52.555630
v -23.236626 44.370369 -52.555630
v -23.237400 44.523689 -22.215580
v -23.237507 55.593990 -18.200741
v -22.252666 46.832848 -52.555611
v -22.831055 46.158455 -52.555614
v -20.827095 47.756073 -52.555561
v -21.611069 47.425629 -52.555584
v -18.947968 48.003334 -52.555511
v -19.984684 48.006737 -52.555542
v -9.489026 48.003334 -52.555260
v -16.177849 48.003334 -52.555439
v 16.971252 48.003334 -52.554543
v 10.282426 48.003334 -52.554722
v 10.281548 60.007282 -18.199833
v 16.970375 60.007282 -18.199652
v 20.778084 48.006737 -52.554436
v 19.741369 48.003334 -52.554459
v 19.740490 60.007282 -18.199574
v 20.777203 60.010681 -18.199549
v 22.404469 47.425629 -52.554386
v 21.620499 47.756073 -52.554409
v 21.619621 59.760021 -18.199522
v 22.403591 59.429569 -18.199503
v 23.624454 46.158455 -52.554356
v 23.046070 46.832848 -52.554375
v 23.045189 58.836788 -18.199484
v 23.623581 58.162399 -18.199469
v 24.029255 44.523689 -22.214298
v 24.030029 44.370369 -52.554344
v 24.008232 45.266113 -52.554344
v 24.007351 57.270054 -18.199457
v 24.029148 55.593990 -18.199457
v 10.281082 60.007282 0.112896
v 16.969910 60.007282 0.113078
v 19.740025 60.007282 0.113155
v 20.776737 60.010681 0.113181
v 21.619156 59.760021 0.113207
v 22.403126 59.429569 0.113226
v 23.044724 58.836788 0.113246
v 23.623112 58.162399 0.113259
v 24.006886 57.270054 0.113272
v 10.281038 60.007282 1.815672
v 16.969868 60.007282 1.815853
v 19.739983 60.007282 1.815931
v 20.776695 60.010681 1.815957
v 21.619110 59.760021 1.815983
v 22.403084 59.429569 1.816002
v 23.044682 58.836788 1.816022
v 23.623070 58.162399 1.816035
v 24.028683 55.593990 0.113272
v 24.006844 57.270054 1.816048
v 24.028641 55.593990 1.816048
v 10.280619 60.007282 18.351257
v 16.969446 60.007282 18.351439
v 19.739561 60.007282 18.351517
v 20.776276 60.010681 18.351543
v 21.618690 59.760021 18.351568
v 22.402660 59.429569 18.351587
v 23.044262 58.836788 18.351606
v 23.622650 58.162399 18.351620
v 24.006424 57.270054 18.351631
v 24.028221 55.593990 18.320290
v 0.396697 48.036682 -52.554989
v -23.237972 55.593990 0.111990
v 7.839771 37.969856 21.140074
v 23.482124 57.649204 1.678395
v 23.482124 57.649204 2.440948
v 23.482124 57.649204 3.203501
v 23.482124 57.649204 3.966054
v 23.482124 57.649204 4.728608
v 23.482124 57.649204 5.491161
v 23.482124 57.649204 6.253714
v 23.482124 57.649204 7.016267
v 23.482124 57.649204 7.778821
v 23.482124 57.649204 8.541374
v 23.482124 57.649204 9.303927
v 23.482124 57.649204 10.066481
v 23.482124 57.649204 10.829034
v 23.482124 57.649204 11.591586
v 23.482124 57.649204 12.354141
v 23.482124 57.649204 13.116693
v 23.482121 57.649204 13.879247
v 23.482121 57.649204 14.641800
v 23.482121 57.649204 15.404353
v 23.482121 57.649204 16.166906
v 23.482121 57.649204 16.929461
v 23.482124 57.127991 1.678395
v 23.482124 57.127991 2.440948
v 23.482124 57.127991 3.203501
v 23.482124 57.127991 3.966054
v 23.482124 57.127991 4.728608
v 23.482124 57.127991 5.491161
v 23.482124 57.127991 6.253715
v 23.482124 57.127991 7.016267
v 23.482124 57.127991 7.778821
v 23.482124 57.127991 8.541374
v 23.482124 57.127991 9.303927
v 23.482124 57.127991 10.066481
v 23.482124 57.127991 10.829034
v 23.482124 57.127991 11.591586
v 23.482124 57.127991 12.354141
v 23.482124 57.127991 13.116693
v 23.482121 57.127991 13.879247
v 23.482121 57.127991 14.641800
v 23.482121 57.127991 15.404353
v 23.482121 57.127991 16.166906
v 23.482121 57.127991 16.929461
v 23.482124 56.606781 1.678395
v 23.482124 56.606781 2.440948
v 23.482124 56.606781 3.203502
v 23.482124 56.606781 3.966055
v 23.482124 56.606781 4.728608
v 23.482124 56.606781 5.491161
v 23.482124 56.606781 6.253715
v 23.482124 56.606781 7.016267
v 23.482124 56.606781 7.778821
v 23.482124 56.606781 8.541374
v 23.482124 56.606781 9.303927
v 23.482124 56.606781 10.066481
v 23.482124 56.606781 10.829034
v 23.482124 56.606781 11.591586
v 23.482124 56.606781 12.354141
v 23.482124 56.606781 13.116693
v 23.482121 56.606781 13.879247
v 23.482121 56.606781 14.641800
v 23.482121 56.606781 15.404353
v 23.482121 56.606781 16.166906
v 23.482121 56.606781 16.929461
v 23.482124 56.085571 1.678396
v 23.482124 56.085571 2.440948
v 23.482124 56.085571 3.203502
v 23.482124 56.085571 3.966055
v 23.482124 56.085571 4.728608
v 23.482124 56.085571 5.491161
v 23.482124 56.085571 6.253715
v 23.482124 56.085571 7.016268
v 23.482124 56.085571 7.778821
v 23.482124 56.085571 8.541374
v 23.482124 56.085571 9.303927
v 23.482124 56.085571 10.066481
v 23.482124 56.085571 10.829034
v 23.482124 56.085571 11.591586
v 23.482124 56.085571 12.354141
v 23.482124 56.085571 13.116693
v 23.482121 56.085571 13.879247
v 23.482121 56.085571 14.641800
v 23.482121 56.085571 15.404353
v 23.482121 56.085571 16.166906
v 23.482121 56.085571 16.929461
v 23.482124 55.564354 1.678396
v 23.482124 55.564354 2.440948
v 23.482124 55.564354 3.203502
v 23.482124 55.564354 3.966055
v 23.482124 55.564354 4.728608
v 23.482124 55.564354 5.491161
v 23.482124 55.564354 6.253715
v 23.482124 55.564354 7.016268
v 23.482124 55.564354 7.778821
v 23.482124 55.564354 8.541374
v 23.482124 55.564354 9.303927
v 23.482124 55.564354 10.066481
v 23.482124 55.564354 10.829034
v 23.482124 55.564354 11.591586
v 23.482124 55.564354 12.354141
v 23.482124 55.564354 13.116693
v 23.482121 55.564354 13.879247
v 23.482121 55.564354 14.641800
v 23.482121 55.564354 15.404353
v 23.482121 55.564354 16.166906
v 23.482121 55.564354 16.929461
v 23.482124 55.043144 1.678396
v 23.482124 55.043144 2.440948
v 23.482124 55.043144 3.203502
v 23.482124 55.043144 3.966055
v 23.482124 55.043144 4.728608
v 23.482124 55.043144 5.491161
v 23.482124 55.043144 6.253715
v 23.482124 55.043144 7.016268
v 23.482124 55.043144 7.778821
v 23.482124 55.043144 8.541374
v 23.482124 55.043144 9.303927
v 23.482124 55.043144 10.066481
v 23.482124 55.043144 10.829034
v 23.482124 55.043144 11.591586
v 23.482124 55.043144 12.354141
v 23.482124 55.043144 13.116693
v 23.482121 55.043144 13.879247
v 23.482121 55.043144 14.641800
v 23.482121 55.043144 15.404353
v 23.482121 55.043144 16.166906
v 23.482121 55.043144 16.929461
v 23.482124 54.521935 1.678396
v 23.482124 54.521935 2.440948
v 23.482124 54.521935 3.203502
v 23.482124 54.521935 3.966055
v 23.482124 54.521935 4.728608
v 23.482124 54.521935 5.491161
v 23.482124 54.521935 6.253715
v 23.482124 54.521935 7.016268
v 23.482124 54.521935 7.778821
v 23.482124 54.521935 8.541374
v 23.482124 54.521935 9.303927
v 23.482124 54.521935 10.066481
v 23.482124 54.521935 10.829034
v 23.482124 54.521935 11.591586
v 23.482124 54.521935 12.354141
v 23.482124 54.521935 13.116693
v 23.482121 54.521935 13.879247
v 23.482121 54.521935 14.641800
v 23.482121 54.521935 15.404353
v 23.482121 54.521935 16.166906
v 23.482121 54.521935 16.929461
v 23.482124 54.000721 1.678396
v 23.482124 54.000721 2.440949
v 23.482124 54.000721 3.203502
v 23.482124 54.000721 3.966055
v 23.482124 54.000721 4.728608
v 23.482124 54.000721 5.491161
v 23.482124 54.000721 6.253715
v 23.482124 54.000721 7.016268
v 23.482124 54.000721 7.778821
v 23.482124 54.000721 8.541374
v 23.482124 54.000725 9.303927
v 23.482124 54.000725 10.066481
v 23.482124 54.000725 10.829034
v 23.482124 54.000725 11.591586
v 23.482124 54.000725 12.354141
v 23.482124 54.000725 13.116693
v 23.482121 54.000725 13.879247
v 23.482121 54.000725 14.641800
v 23.482121 54.000725 15.404353
v 23.482121 54.000725 16.166906
v 23.482121 54.000725 16.929461
v 23.482124 53.479511 1.678396
v 23.482124 53.479511 2.440949
v 23.482124 53.479511 3.203502
v 23.482124 53.479511 3.966055
v 23.482124 53.479511 4.728608
v 23.482124 53.479511 5.491161
v 23.482124 53.479511 6.253715
v 23.482124 53.479511 7.016268
v 23.482124 53.479511 7.778821
v 23.482124 53.479511 8.541374
v 23.482124 53.479511 9.303927
v 23.482124 53.479511 10.066481
v 23.482124 53.479511 10.829034
v 23.482124 53.479511 11.591586
v 23.482124 53.479511 12.354141
v 23.482124 53.479511 13.116693
v 23.482121 53.479511 13.879247
v 23.482121 53.479511 14.641800
v 23.482121 53.479511 15.404353
v 23.482121 53.479511 16.166906
v 23.482121 53.479511 16.929461
v 23.482124 52.958302 1.678396
v 23.482124 52.958302 2.440949
v 23.482124 52.958302 3.203502
v 23.482124 52.958302 3.966055
v 23.482124 52.958302 4.728608
v 23.482124 52.958302 5.491161
v 23.482124 52.958302 6.253715
v 23.482124 52.958302 7.016268
v 23.482124 52.958302 7.778821
v 23.482124 52.958302 8.541374
v 23.482124 52.958302 9.303927
v 23.482124 52.958302 10.066481
v 23.482124 52.958302 10.829034
v 23.482124 52.958302 11.591588
v 23.482124 52.958302 12.354141
v 23.482124 52.958302 13.116693
v 23.482121 52.958302 13.879247
v 23.482121 52.958302 14.641800
v 23.482121 52.958302 15.404353
v 23.482121 52.958302 16.166906
v 23.482121 52.958302 16.929461
v 23.482124 52.437084 1.678396
v 23.482124 52.437084 2.440949
v 23.482124 52.437084 3.203502
v 23.482124 52.437084 3.966055
v 23.482124 52.437084 4.728608
v 23.482124 52.437084 5.491161
v 23.482124 52.437084 6.253715
v 23.482124 52.437084 7.016268
v 23.482124 52.437084 7.778821
v 23.482124 52.437084 8.541374
v 23.482124 52.437084 9.303927
v 23.482124 52.437092 10.066481
v 23.482124 52.437092 10.829034
v 23.482124 52.437092 11.591588
v 23.482124 52.437092 12.354141
v 23.482124 52.437092 13.116693
v 23.482121 52.437092 13.879247
v 23.482121 52.437092 14.641800
v 23.482121 52.437092 15.404353
v 23.482121 52.437092 16.166906
v 23.482121 52.437092 16.929461
v 23.482124 51.915874 1.678396
v 23.482124 51.915874 2.440949
v 23.482124 51.915874 3.203502
v 23.482124 51.915874 3.966055
v 23.482124 51.915874 4.728608
v 23.482124 51.915874 5.491162
v 23.482124 51.915874 6.253715
v 23.482124 51.915874 7.016269
v 23.482124 51.915874 7.778821
v 23.482124 51.915874 8.541375
v 23.482124 51.915874 9.303927
v 23.482124 51.915874 10.066481
v 23.482124 51.915874 10.829034
v 23.482124 51.915874 11.591588
v 23.482124 51.915874 12.354141
v 23.482124 51.915874 13.116693
v 23.482121 51.915874 13.879247
v 23.482121 51.915874 14.641800
v 23.482121 51.915874 15.404353
v 23.482121 51.915874 16.166906
v 23.482121 51.915874 16.929461
v 23.482124 51.394665 1.678396
v 23.482124 51.394665 2.440949
v 23.482124 51.394665 3.203502
v 23.482124 51.394665 3.966055
v 23.482124 51.394665 4.728608
v 23.482124 51.394665 5.491162
v 23.482124 51.394665 6.253715
v 23.482124 51.394665 7.016269
v 23.482124 51.394665 7.778821
v 23.482124 51.394665 8.541375
v 23.482124 51.394665 9.303927
v 23.482124 51.394665 10.066481
v 23.482124 51.394665 10.829034
v 23.482124 51.394665 11.591588
v 23.482124 51.394665 12.354141
v 23.482124 51.394665 13.116693
v 23.482121 51.394665 13.879247
v 23.482121 51.394665 14.641800
v 23.482121 51.394665 15.404353
v 23.482121 51.394665 16.166906
v 23.482121 51.394665 16.929461
v 23.482124 50.873451 1.678396
v 23.482124 50.873451 2.440949
v 23.482124 50.873451 3.203502
v 23.482124 50.873451 3.966055
v 23.482124 50.873451 4.728608
v 23.482124 50.873451 5.491162
v 23.482124 50.873451 6.253715
v 23.482124 50.873451 7.016269
v 23.482124 50.873451 7.778821
v 23.482124 50.873451 8.541375
v 23.482124 50.873451 9.303927
v 23.482124 50.873451 10.066481
v 23.482124 50.873451 10.829034
v 23.482124 50.873455 11.591588
v 23.482124 50.873455 12.354141
v 23.482124 50.873455 13.116693
v 23.482121 50.873455 13.879247
v 23.482121 50.873455 14.641800
v 23.482121 50.873455 15.404354
v 23.482121 50.873455 16.166906
v 23.482121 50.873455 16.929461
v 23.482124 50.352242 1.678396
v 23.482124 50.352242 2.440949
v 23.482124 50.352242 3.203502
v 23.482124 50.352242 3.966055
v 23.482124 50.352242 4.728608
v 23.482124 50.352242 5.491162
v 23.482124 50.352242 6.253715
v 23.482124 50.352242 7.016269
v 23.482124 50.352242 7.778821
v 23.482124 50.352242 8.541375
v 23.482124 50.352242 9.303927
v 23.482124 50.352242 10.066481
v 23.482124 50.352242 10.829034
v 23.482124 50.352242 11.591588
v 23.482124 50.352242 12.354141
v 23.482124 50.352242 13.116693
v 23.482121 50.352242 13.879247
v 23.482121 50.352242 14.641800
v 23.482121 50.352242 15.404354
v 23.482121 50.352242 16.166906
v 23.482121 50.352242 16.929461
v 23.482124 49.831032 1.678396
v 23.482124 49.831032 2.440949
v 23.482124 49.831032 3.203502
v 23.482124 49.831032 3.966056
v 23.482124 49.831032 4.728608
v 23.482124 49.831032 5.491162
v 23.482124 49.831032 6.253715
v 23.482124 49.831032 7.016269
v 23.482124 49.831032 7.778821
v 23.482124 49.831032 8.541375
v 23.482124 49.831032 9.303927
v 23.482124 49.831032 10.066481
v 23.482124 49.831032 10.829034
v 23.482124 49.831032 11.591588
v 23.482124 49.831032 12.354141
v 23.482124 49.831032 13.116693
v 23.482121 49.831032 13.879247
v 23.482121 49.831032 14.641800
v 23.482121 49.831032 15.404354
v 23.482121 49.831032 16.166906
v 23.482121 49.831032 16.929461
v 23.482124 49.309814 1.678396
v 23.482124 49.309814 2.440949
v 23.482124 49.309814 3.203502
v 23.482124 49.309814 3.966056
v 23.482124 49.309814 4.728608
v 23.482124 49.309814 5.491162
v 23.482124 49.309814 6.253715
v 23.482124 49.309814 7.016269
v 23.482124 49.309814 7.778821
v 23.482124 49.309814 8.541375
v 23.482124 49.309814 9.303927
v 23.482124 49.309814 10.066481
v 23.482124 49.309814 10.829034
v 23.482124 49.309814 11.591588
v 23.482124 49.309814 12.354141
v 23.482124 49.309818 13.116693
v 23.482121 49.309818 13.879247
v 23.482121 49.309818 14.641800
v 23.482121 49.309818 15.404354
v 23.482121 49.309818 16.166906
v 23.482121 49.309818 16.929461
v 23.482124 48.788605 1.678396
v 23.482124 48.788605 2.440949
v 23.482124 48.788605 3.203502
v 23.482124 48.788605 3.966056
v 23.482124 48.788605 4.728608
v 23.482124 48.788605 5.491162
v 23.482124 48.788605 6.253715
v 23.482124 48.788605 7.016269
v 23.482124 48.788605 7.778821
v 23.482124 48.788605 8.541375
v 23.482124 48.788605 9.303927
v 23.482124 48.788605 10.066481
v 23.482124 48.788605 10.829034
v 23.482124 48.788605 11.591588
v 23.482124 48.788605 12.354141
v 23.482124 48.788605 13.116693
v 23.482121 48.788609 13.879247
v 23.482121 48.788609 14.641800
v 23.482121 48.788609 15.404354
v 23.482121 48.788609 16.166906
v 23.482121 48.788609 16.929461
v 23.482124 48.267395 1.678396
v 23.482124 48.267395 2.440949
v 23.482124 48.267395 3.203502
v 23.482124 48.267395 3.966056
v 23.482124 48.267395 4.728608
v 23.482124 48.267395 5.491162
v 23.482124 48.267395 6.253715
v 23.482124 48.267395 7.016269
v 23.482124 48.267395 7.778821
v 23.482124 48.267395 8.541375
v 23.482124 48.267395 9.303928
v 23.482124 48.267395 10.066482
v 23.482124 48.267395 10.829035
v 23.482124 48.267395 11.591589
v 23.482124 48.267395 12.354142
v 23.482124 48.267395 13.116694
v 23.482121 48.267399 13.879248
v 23.482121 48.267399 14.641801
v 23.482121 48.267399 15.404355
v 23.482121 48.267399 16.166908
v 23.482121 48.267399 16.929462
v 23.482124 47.746181 1.678396
v 23.482124 47.746181 2.440949
v 23.482124 47.746181 3.203502
v 23.482124 47.746181 3.966056
v 23.482124 47.746181 4.728608
v 23.482124 47.746181 5.491162
v 23.482124 47.746181 6.253715
v 23.482124 47.746181 7.016269
v 23.482124 47.746181 7.778821
v 23.482124 47.746181 8.541375
v 23.482124 47.746181 9.303928
v 23.482124 47.746181 10.066482
v 23.482124 47.746181 10.829035
v 23.482124 47.746181 11.591589
v 23.482124 47.746181 12.354142
v 23.482124 47.746181 13.116694
v 23.482121 47.746189 13.879248
v 23.482121 47.746189 14.641801
v 23.482121 47.746189 15.404355
v 23.482121 47.746189 16.166908
v 23.482121 47.746189 16.929462
v 23.482124 47.224972 1.678396
v 23.482124 47.224972 2.440949
v 23.482124 47.224972 3.203502
v 23.482124 47.224972 3.966056
v 23.482124 47.224972 4.728608
v 23.482124 47.224972 5.491162
v 23.482124 47.224972 6.253715
v 23.482124 47.224972 7.016269
v 23.482124 47.224972 7.778821
v 23.482124 47.224972 8.541375
v 23.482124 47.224972 9.303928
v 23.482124 47.224972 10.066482
v 23.482124 47.224972 10.829035
v 23.482124 47.224972 11.591589
v 23.482124 47.224972 12.354142
v 23.482124 47.224972 13.116694
v 23.482121 47.224976 13.879248
v 23.482121 47.224976 14.641801
v 23.482121 47.224976 15.404355
v 23.482121 47.224976 16.166908
v 23.482121 47.224976 16.929462
v -22.083904 59.157501 18.710110
v -19.850426 59.157501 18.710110
v -17.616940 59.157501 18.710110
v -15.383460 59.157501 18.710110
v -13.149976 59.157501 18.710110
v -10.916494 59.157501 18.710110
v -8.683012 59.157501 18.710110
v -6.449530 59.157501 18.710110
v -4.216046 59.157501 18.710110
v -1.982564 59.157501 18.710110
v 0.250919 59.157501 18.710110
v 2.484401 59.157501 18.710110
v 4.717884 59.157501 18.710110
v 6.951365 59.157501 18.710110
v 9.184849 59.157501 18.710110
v 11.418332 59.157501 18.710110
v 13.651814 59.157501 18.710110
v 15.885295 59.157501 18.710110
v 18.118778 59.157501 18.710110
v 20.352261 59.157501 18.710110
v 22.585743 59.157501 18.710110
v -22.083904 58.567600 18.710110
v -19.850426 58.567600 18.710110
v -17.616940 58.567600 18.710110
v -15.383460 58.567600 18.710110
v -13.149976 58.567600 18.710110
v -10.916494 58.567600 18.710110
v -8.683012 58.567600 18.710110
v -6.449530 58.567600 18.710110
v -4.216046 58.567600 18.710110
v -1.982564 58.567600 18.710110
v 0.250919 58.567600 18.710110
v 2.484401 58.567600 18.710110
v 4.717884 58.567600 18.710110
v 6.951365 58.567600 18.710110
v 9.184849 58.567600 18.710110
v 11.418332 58.567600 18.710110
v 13.651814 58.567600 18.710110
v 15.885295 58.567600 18.710110
v 18.118778 58.567600 18.710110
v 20.352261 58.567600 18.710110
v 22.585743 58.567600 18.710110
v -22.083904 57.977692 18.710110
v -19.850426 57.977692 18.710110
v -17.616940 57.977692 18.710110
v -15.383460 57.977692 18.710110
v -13.149976 57.977692 18.710110
v -10.916494 57.977692 18.710110
v -8.683012 57.977692 18.710110
v -6.449530 57.977692 18.710110
v -4.216046 57.977692 18.710110
v -1.982564 57.977692 18.710110
v 0.250919 57.977692 18.710110
v 2.484401 57.977692 18.710110
v 4.717884 57.977692 18.710110
v 6.951365 57.977692 18.710110
v 9.184849 57.977692 18.710110
v 11.418332 57.977692 18.710110
v 13.651814 57.977692 18.710110
v 15.885295 57.977692 18.710110
v 18.118778 57.977692 18.710110
v 20.352261 57.977692 18.710110
v 22.585743 57.977692 18.710110
v -22.083904 57.387787 18.710110
v -19.850426 57.387787 18.710110
v -17.616940 57.387787 18.710110
v -15.383460 57.387787 18.710110
v -13.149976 57.387787 18.710110
v -10.916494 57.387787 18.710110
v -8.683012 57.387787 18.710110
v -6.449530 57.387787 18.710110
v -4.216046 57.387787 18.710110
v -1.982564 57.387787 18.710110
v 0.250919 57.387787 18.710110
v 2.484401 57.387787 18.710110
v 4.717884 57.387787 18.710110
v 6.951365 57.387787 18.710110
v 9.184849 57.387787 18.710110
v 11.418332 57.387787 18.710110
v 13.651814 57.387787 18.710110
v 15.885295 57.387787 18.710110
v 18.118778 57.387787 18.710110
v 20.352261 57.387787 18.710110
v 22.585743 57.387787 18.710110
v -22.083904 56.797878 18.710110
v -19.850426 56.797878 18.710110
v -17.616940 56.797878 18.710110
v -15.383460 56.797878 18.710110
v -13.149976 56.797878 18.710110
v -10.916494 56.797878 18.710110
v -8.683012 56.797878 18.710110
v -6.449530 56.797878 18.710110
v -4.216046 56.797878 18.710110
v -1.982564 56.797878 18.710110
v 0.250919 56.797878 18.710110
v 2.484401 56.797878 18.710110
v 4.717884 56.797878 18.710110
v 6.951365 56.797878 18.710110
v 9.184849 56.797878 18.710110
v 11.418332 56.797878 18.710110
v 13.651814 56.797878 18.710110
v 15.885295 56.797878 18.710110
v 18.118778 56.797878 18.710110
v 20.352261 56.797878 18.710110
v 22.585743 56.797878 18.710110
v -22.083904 56.207973 18.710110
v -19.850426 56.207973 18.710110
v -17.616940 56.207973 18.710110
v -15.383460 56.207973 18.710110
v -13.149976 56.207973 18.710110
v -10.916494 56.207973 18.710110
v -8.683012 56.207973 18.710110
v -6.449530 56.207973 18.710110
v -4.216046 56.207973 18.710110
v -1.982564 56.207973 18.710110
v 0.250919 56.207973 18.710110
v 2.484401 56.207973 18.710110
v 4.717884 56.207973 18.710110
v 6.951365 56.207973 18.710110
v 9.184849 56.207973 18.710110
v 11.418332 56.207973 18.710110
v 13.651814 56.207973 18.710110
v 15.885295 56.207973 18.710110
v 18.118778 56.207973 18.710110
v 20.352261 56.207973 18.710110
v 22.585743 56.207973 18.710110
v -22.083904 55.618065 18.710110
v -19.850426 55.618065 18.710110
v -17.616940 55.618065 18.710110
v -15.383460 55.618065 18.710110
v -13.149976 55.618065 18.710110
v -10.916494 55.618065 18.710110
v -8.683012 55.618065 18.710110
v -6.449530 55.618065 18.710110
v -4.216046 55.618065 18.710110
v -1.982564 55.618065 18.710110
v 0.250919 55.618065 18.710110
v 2.484401 55.618065 18.710110
v 4.717884 55.618065 18.710110
v 6.951365 55.618065 18.710110
v 9.184849 55.618065 18.710110
v 11.418332 55.618065 18.710110
v 13.651814 55.618065 18.710110
v 15.885295 55.618065 18.710110
v 18.118778 55.618065 18.710110
v 20.352261 55.618065 18.710110
v 22.585743 55.618065 18.710110
v -22.083904 55.028164 18.710112
v -19.850426 55.028164 18.710112
v -17.616940 55.028164 18.710112
v -15.383460 55.028164 18.710112
v -13.149976 55.028164 18.710112
v -10.916494 55.028164 18.710112
v -8.683012 55.028164 18.710112
v -6.449530 55.028164 18.710112
v -4.216046 55.028164 18.710112
v -1.982564 55.028164 18.710112
v 0.250919 55.028164 18.710112
v 2.484401 55.028164 18.710112
v 4.717884 55.028164 18.710112
v 6.951365 55.028164 18.710112
v 9.184849 55.028164 18.710112
v 11.418332 55.028164 18.710112
v 13.651814 55.028164 18.710112
v 15.885295 55.028164 18.710112
v 18.118778 55.028164 18.710112
v 20.352261 55.028164 18.710112
v 22.585743 55.028164 18.710112
v -22.083904 54.438255 18.710112
v -19.850426 54.438255 18.710112
v -17.616940 54.438255 18.710112
v -15.383460 54.438255 18.710112
v -13.149976 54.438255 18.710112
v -10.916494 54.438255 18.710112
v -8.683012 54.438255 18.710112
v -6.449530 54.438255 18.710112
v -4.216046 54.438255 18.710112
v -1.982564 54.438255 18.710112
v 0.250919 54.438255 18.710112
v 2.484401 54.438255 18.710112
v 4.717884 54.438255 18.710112
v 6.951365 54.438255 18.710112
v 9.184849 54.438255 18.710112
v 11.418332 54.438255 18.710112
v 13.651814 54.438255 18.710112
v 15.885295 54.438255 18.710112
v 18.118778 54.438255 18.710112
v 20.352261 54.438255 18.710112
v 22.585743 54.438255 18.710112
v -22.083904 53.848351 18.710112
v -19.850426 53.848351 18.710112
v -17.616940 53.848351 18.710112
v -15.383460 53.848351 18.710112
v -13.149976 53.848351 18.710112
v -10.916494 53.848351 18.710112
v -8.683012 53.848351 18.710112
v -6.449530 53.848351 18.710112
v -4.216046 53.848351 18.710112
v -1.982564 53.848351 18.710112
v 0.250919 53.848351 18.710112
v 2.484401 53.848351 18.710112
v 4.717884 53.848351 18.710112
v 6.951365 53.848351 18.710112
v 9.184849 53.848351 18.710112
v 11.418332 53.848351 18.710112
v 13.651814 53.848351 18.710112
v 15.885295 53.848351 18.710112
v 18.118778 53.848351 18.710112
v 20.352261 53.848351 18.710112
v 22.585743 53.848351 18.710112
v -22.083904 53.258442 18.710112
v -19.850426 53.258442 18.710112
v -17.616940 53.258442 18.710112
v -15.383460 53.258442 18.710112
v -13.149976 53.258442 18.710112
v -10.916494 53.258442 18.710112
v -8.683012 53.258442 18.710112
v -6.449530 53.258442 18.710112
v -4.216046 53.258442 18.710112
v -1.982564 53.258442 18.710112
v 0.250919 53.258442 18.710112
v 2.484401 53.258442 18.710112
v 4.717884 53.258442 18.710112
v 6.951365 53.258442 18.710112
v 9.184849 53.258442 18.710112
v 11.418332 53.258442 18.710112
v 13.651814 53.258442 18.710112
v 15.885295 53.258442 18.710112
v 18.118778 53.258442 18.710112
v 20.352261 53.258442 18.710112
v 22.585743 53.258442 18.710112
v -22.083904 52.668537 18.710112
v -19.850426 52.668537 18.710112
v -17.616940 52.668537 18.710112
v -15.383460 52.668537 18.710112
v -13.149976 52.668537 18.710112
v -10.916494 52.668537 18.710112
v -8.683012 52.668537 18.710112
v -6.449530 52.668537 18.710112
v -4.216046 52.668537 18.710112
v -1.982564 52.668537 18.710112
v 0.250919 52.668537 18.710112
v 2.484401 52.668537 18.710112
v 4.717884 52.668537 18.710112
v 6.951365 52.668537 18.710112
v 9.184849 52.668537 18.710112
v 11.418332 52.668537 18.710112
v 13.651814 52.668537 18.710112
v 15.885295 52.668537 18.710112
v 18.118778 52.668537 18.710112
v 20.352261 52.668537 18.710112
v 22.585743 52.668537 18.710112
v -22.083904 52.078629 18.710112
v -19.850426 52.078629 18.710112
v -17.616940 52.078629 18.710112
v -15.383460 52.078629 18.710112
v -13.149976 52.078629 18.710112
v -10.916494 52.078629 18.710112
v -8.683012 52.078629 18.710112
v -6.449530 52.078629 18.710112
v -4.216046 52.078629 18.710112
v -1.982564 52.078629 18.710112
v 0.250919 52.078629 18.710112
v 2.484401 52.078629 18.710112
v 4.717884 52.078629 18.710112
v 6.951365 52.078629 18.710112
v 9.184849 52.078629 18.710112
v 11.418332 52.078629 18.710112
v 13.651814 52.078629 18.710112
v 15.885295 52.078629 18.710112
v 18.118778 52.078629 18.710112
v 20.352261 52.078629 18.710112
v 22.585743 52.078629 18.710112
v -22.083904 51.488724 18.710112
v -19.850426 51.488724 18.710112
v -17.616940 51.488724 18.710112
v -15.383460 51.488724 18.710112
v -13.149976 51.488724 18.710112
v -10.916494 51.488724 18.710112
v -8.683012 51.488724 18.710112
v -6.449530 51.488724 18.710112
v -4.216046 51.488724 18.710112
v -1.982564 51.488724 18.710112
v 0.250919 51.488724 18.710112
v 2.484401 51.488724 18.710112
v 4.717884 51.488724 18.710112
v 6.951365 51.488724 18.710112
v 9.184849 51.488724 18.710112
v 11.418332 51.488724 18.710112
v 13.651814 51.488724 18.710112
v 15.885295 51.488724 18.710112
v 18.118778 51.488724 18.710112
v 20.352261 51.488724 18.710112
v 22.585743 51.488724 18.710112
v -22.083904 50.898819 18.710112
v -19.850426 50.898819 18.710112
v -17.616940 50.898819 18.710112
v -15.383460 50.898819 18.710112
v -13.149976 50.898819 18.710112
v -10.916494 50.898819 18.710112
v -8.683012 50.898819 18.710112
v -6.449530 50.898819 18.710112
v -4.216046 50.898819 18.710112
v -1.982564 50.898819 18.710112
v 0.250919 50.898819 18.710112
v 2.484401 50.898819 18.710112
v 4.717884 50.898819 18.710112
v 6.951365 50.898819 18.710112
v 9.184849 50.898819 18.710112
v 11.418332 50.898819 18.710112
v 13.651814 50.898819 18.710112
v 15.885295 50.898819 18.710112
v 18.118778 50.898819 18.710112
v 20.352261 50.898819 18.710112
v 22.585743 50.898819 18.710112
v -22.083904 50.308910 18.710112
v -19.850426 50.308910 18.710112
v -17.616940 50.308910 18.710112
v -15.383460 50.308910 18.710112
v -13.149976 50.308910 18.710112
v -10.916494 50.308910 18.710112
v -8.683012 50.308910 18.710112
v -6.449530 50.308910 18.710112
v -4.216046 50.308910 18.710112
v -1.982564 50.308910 18.710112
v 0.250919 50.308910 18.710112
v 2.484401 50.308910 18.710112
v 4.717884 50.308910 18.710112
v 6.951365 50.308910 18.710112
v 9.184849 50.308910 18.710112
v 11.418332 50.308910 18.710112
v 13.651814 50.308910 18.710112
v 15.885295 50.308910 18.710112
v 18.118778 50.308910 18.710112
v 20.352261 50.308910 18.710112
v 22.585743 50.308910 18.710112
v -22.083904 49.719006 18.710112
v -19.850426 49.719006 18.710112
v -17.616940 49.719006 18.710112
v -15.383460 49.719006 18.710112
v -13.149976 49.719006 18.710112
v -10.916494 49.719006 18.710112
v -8.683012 49.719006 18.710112
v -6.449530 49.719006 18.710112
v -4.216046 49.719006 18.710112
v -1.982564 49.719006 18.710112
v 0.250919 49.719006 18.710112
v 2.484401 49.719006 18.710112
v 4.717884 49.719006 18.710112
v 6.951365 49.719006 18.710112
v 9.184849 49.719006 18.710112
v 11.418332 49.719006 18.710112
v 13.651814 49.719006 18.710112
v 15.885295 49.719006 18.710112
v 18.118778 49.719006 18.710112
v 20.352261 49.719006 18.710112
v 22.585743 49.719006 18.710112
v -22.083904 49.129097 18.710112
v -19.850426 49.129097 18.710112
v -17.616940 49.129097 18.710112
v -15.383460 49.129097 18.710112
v -13.149976 49.129097 18.710112
v -10.916494 49.129097 18.710112
v -8.683012 49.129097 18.710112
v -6.449530 49.129097 18.710112
v -4.216046 49.129097 18.710112
v -1.982564 49.129097 18.710112
v 0.250919 49.129097 18.710112
v 2.484401 49.129097 18.710112
v 4.717884 49.129097 18.710112
v 6.951365 49.129097 18.710112
v 9.184849 49.129097 18.710112
v 11.418332 49.129097 18.710112
v 13.651814 49.129097 18.710112
v 15.885295 49.129097 18.710112
v 18.118778 49.129097 18.710112
v 20.352261 49.129097 18.710112
v 22.585743 49.129097 18.710112
v -22.083904 48.539196 18.710112
v -19.850426 48.539196 18.710112
v -17.616940 48.539196 18.710112
v -15.383460 48.539196 18.710112
v -13.149976 48.539196 18.710112
v -10.916494 48.539196 18.710112
v -8.683012 48.539196 18.710112
v -6.449530 48.539196 18.710112
v -4.216046 48.539196 18.710112
v -1.982564 48.539196 18.710112
v 0.250919 48.539196 18.710112
v 2.484401 48.539196 18.710112
v 4.717884 48.539196 18.710112
v 6.951365 48.539196 18.710112
v 9.184849 48.539196 18.710112
v 11.418332 48.539196 18.710112
v 13.651814 48.539196 18.710112
v 15.885295 48.539196 18.710112
v 18.118778 48.539196 18.710112
v 20.352261 48.539196 18.710112
v 22.585743 48.539196 18.710112
v -22.083904 47.949295 18.710112
v -19.850426 47.949295 18.710112
v -17.616940 47.949295 18.710112
v -15.383460 47.949295 18.710112
v -13.149976 47.949295 18.710112
v -10.916494 47.949295 18.710112
v -8.683012 47.949295 18.710112
v -6.449530 47.949295 18.710112
v -4.216046 47.949295 18.710112
v -1.982564 47.949295 18.710112
v 0.250919 47.949295 18.710112
v 2.484401 47.949295 18.710112
v 4.717884 47.949295 18.710112
v 6.951365 47.949295 18.710112
v 9.184849 47.949295 18.710112
v 11.418332 47.949295 18.710112
v 13.651814 47.949295 18.710112
v 15.885295 47.949295 18.710112
v 18.118778 47.949295 18.710112
v 20.352261 47.949295 18.710112
v 22.585743 47.949295 18.710112
v -22.083904 47.359383 18.710112
v -19.850426 47.359383 18.710112
v -17.616940 47.359383 18.710112
v -15.383460 47.359383 18.710112
v -13.149976 47.359383 18.710112
v -10.916494 47.359383 18.710112
v -8.683012 47.359383 18.710112
v -6.449530 47.359383 18.710112
v -4.216046 47.359383 18.710112
v -1.982564 47.359383 18.710112
v 0.250919 47.359383 18.710112
v 2.484401 47.359383 18.710112
v 4.717884 47.359383 18.710112
v 6.951365 47.359383 18.710112
v 9.184849 47.359383 18.710112
v 11.418332 47.359383 18.710112
v 13.651814 47.359383 18.710112
v 15.885295 47.359383 18.710112
v 18.118778 47.359383 18.710112
v 20.352261 47.359383 18.710112
v 22.585743 47.359383 18.710112
v -15.407619 28.819210 -32.230289
v -15.251130 28.173990 -32.992435
v -14.658071 28.026733 -32.894596
v -14.518031 28.598331 -32.083534
v -16.189892 29.013449 -32.652840
v -15.772641 28.303482 -33.274117
v -16.770500 29.157619 -33.300186
v -16.159725 28.399593 -33.705696
v -17.079433 29.234329 -34.094265
v -16.365673 28.450731 -34.235085
v -17.079411 29.234329 -34.939301
v -16.365650 28.450731 -34.798439
v -16.770432 29.157619 -35.733372
v -16.159676 28.399593 -35.327827
v -16.189785 29.013449 -36.380695
v -15.772569 28.303482 -35.759377
v -15.407481 28.819210 -36.803196
v -15.251037 28.173990 -36.041035
v -14.517888 28.598331 -36.949905
v -14.657979 28.026733 -36.138855
v -13.628318 28.377453 -36.803154
v -14.064925 27.879478 -36.041008
v -12.846045 28.183214 -36.380619
v -13.543408 27.749987 -35.759323
v -12.265429 28.039043 -35.733261
v -13.156333 27.653877 -35.327759
v -11.956510 27.962334 -34.939178
v -12.950383 27.602732 -34.798363
v -11.956531 27.962334 -34.094143
v -12.950398 27.602732 -34.235008
v -12.265500 28.039043 -33.300072
v -13.156383 27.653877 -33.705620
v -12.846152 28.183214 -32.652756
v -13.543479 27.749987 -33.274067
v -13.628453 28.377453 -32.230247
v -14.065019 27.879478 -32.992409
v -14.349965 29.284241 -32.051083
v -13.448524 29.060417 -32.199757
v -12.655791 28.863588 -32.627888
v -12.067393 28.717495 -33.283852
v -11.754306 28.639765 -34.088493
v -11.754284 28.639765 -34.944813
v -12.067323 28.717495 -35.749477
v -12.655683 28.863588 -36.405468
v -13.448388 29.060417 -36.833633
v -14.349822 29.284241 -36.982349
v -15.251273 29.508070 -36.833683
v -16.044006 29.704899 -36.405544
v -16.632393 29.850986 -35.749588
v -16.945492 29.928722 -34.944935
v -16.945515 29.928722 -34.088619
v -16.632465 29.850986 -33.283955
v -16.044113 29.704899 -32.627964
v -15.251409 29.508070 -32.199799
v -14.971152 29.984219 -32.596123
v -14.223908 29.798677 -32.472828
v -15.628261 30.147377 -32.951046
v -16.115974 30.268478 -33.494816
v -16.375477 30.332916 -34.161854
v -16.375454 30.332916 -34.871693
v -16.115917 30.268478 -35.538692
v -15.628165 30.147377 -36.082455
v -14.971047 29.984219 -36.437355
v -14.223788 29.798677 -36.560596
v -13.476544 29.613138 -36.437325
v -12.819430 29.449978 -36.082386
v -12.331716 29.328876 -35.538609
v -12.072215 29.264439 -34.871586
v -12.072236 29.264439 -34.161751
v -12.331779 29.328876 -33.494728
v -12.819522 29.449978 -32.950977
v -13.476651 29.613138 -32.596085
v -14.153886 30.084476 -32.083523
v -13.264300 29.863596 -32.230240
v -12.481999 29.669357 -32.652748
v -11.901345 29.525188 -33.300064
v -11.592378 29.448479 -34.094135
v -11.592358 29.448479 -34.939163
v -11.901275 29.525188 -35.733253
v -12.481893 29.669357 -36.380611
v -13.264167 29.863596 -36.803146
v -14.153750 30.084476 -36.949902
v -15.043330 30.305355 -36.803185
v -15.825631 30.499594 -36.380692
v -16.406277 30.643764 -35.733364
v -16.715260 30.720474 -34.939289
v -16.715279 30.720474 -34.094261
v -16.406345 30.643764 -33.300179
v -15.825738 30.499594 -32.652824
v -15.043464 30.305355 -32.230278
v -14.875398 30.991264 -32.230278
v -13.985812 30.770393 -32.083523
v -15.657662 31.185509 -32.652824
v -16.238281 31.329679 -33.300171
v -16.547207 31.406391 -34.094254
v -16.547184 31.406391 -34.939289
v -16.238209 31.329679 -35.733360
v -15.657557 31.185509 -36.380692
v -14.875262 30.991264 -36.803185
v -13.985677 30.770393 -36.949894
v -13.096099 30.549503 -36.803139
v -12.313825 30.355267 -36.380608
v -11.733209 30.211105 -35.733250
v -11.424283 30.134392 -34.939163
v -11.424305 30.134392 -34.094128
v -11.733279 30.211105 -33.300060
v -12.313933 30.355267 -32.652740
v -13.096234 30.549503 -32.230236
v -13.873752 31.227661 -32.537708
v -13.150222 31.048016 -32.657051
v -12.513963 30.890038 -33.000679
v -12.041692 30.772776 -33.527164
v -11.790398 30.710382 -34.173000
v -11.790376 30.710382 -34.860302
v -12.041635 30.772776 -35.506161
v -12.513871 30.890038 -36.032673
v -13.150117 31.048016 -36.376339
v -13.873637 31.227661 -36.495712
v -14.597175 31.407316 -36.376369
v -15.233439 31.565294 -36.032742
v -15.705707 31.682549 -35.506256
v -15.957006 31.744942 -34.860397
v -15.957028 31.744942 -34.173103
v -15.705762 31.682549 -33.527256
v -15.233533 31.565294 -33.000744
v -14.597281 31.407316 -32.657078
v -14.665309 31.848660 -32.230270
v -13.775729 31.627781 -32.083519
v -15.447581 32.042900 -32.652817
v -16.028191 32.187069 -33.300163
v -16.337124 32.263779 -34.094250
v -16.337101 32.263779 -34.939281
v -16.028118 32.187069 -35.733353
v -15.447473 32.042900 -36.380684
v -14.665174 31.848660 -36.803177
v -13.775594 31.627781 -36.949890
v -12.886010 31.406898 -36.803135
v -12.103736 31.212662 -36.380600
v -11.523118 31.068491 -35.733250
v -11.214192 30.991783 -34.939159
v -11.214213 30.991783 -34.094128
v -11.523190 31.068491 -33.300053
v -12.103843 31.212662 -32.652733
v -12.886144 31.406898 -32.230228
v -13.593652 32.370857 -32.083508
v -12.704068 32.149975 -32.230228
v -11.921767 31.955738 -32.652733
v -11.341113 31.811569 -33.300053
v -11.032146 31.734856 -34.094124
v -11.032124 31.734856 -34.939152
v -11.341041 31.811569 -35.733242
v -11.921659 31.955738 -36.380600
v -12.703933 32.149975 -36.803135
v -13.593518 32.370857 -36.949890
v -14.483096 32.591736 -36.803173
v -15.265397 32.785973 -36.380680
v -15.846044 32.930138 -35.733345
v -16.155025 33.006851 -34.939281
v -16.155048 33.006851 -34.094250
v -15.846114 32.930138 -33.300159
v -15.265504 32.785973 -32.652813
v -14.483232 32.591736 -32.230267
v -14.244992 32.896404 -32.626572
v -13.509604 32.713806 -32.505264
v -14.891677 33.056973 -32.975876
v -15.371648 33.176151 -33.511021
v -15.627027 33.239571 -34.167461
v -15.627006 33.239571 -34.866032
v -15.371583 33.176151 -35.522465
v -14.891582 33.056973 -36.057583
v -14.244885 32.896404 -36.406845
v -13.509484 32.713806 -36.528126
v -12.774106 32.531216 -36.406815
v -12.127421 32.370647 -36.057518
v -11.647443 32.251461 -35.522369
v -11.392070 32.188049 -34.865929
v -11.392091 32.188049 -34.167358
v -11.647500 32.251461 -33.510929
v -12.127515 32.370647 -32.975815
v -12.774211 32.531216 -32.626541
v -13.411576 33.113926 -32.051064
v -12.510127 32.890099 -32.199730
v -11.717402 32.693272 -32.627861
v -11.129004 32.547180 -33.283825
v -10.815916 32.469448 -34.088470
v -10.815894 32.469448 -34.944786
v -11.128932 32.547180 -35.749454
v -11.717294 32.693272 -36.405437
v -12.509990 32.890099 -36.833614
v -13.411433 33.113926 -36.982327
v -14.312882 33.337753 -36.833660
v -15.105615 33.534576 -36.405525
v -15.694005 33.680672 -35.749569
v -16.007099 33.758408 -34.944908
v -16.007122 33.758408 -34.088600
v -15.694077 33.680672 -33.283936
v -15.105723 33.534576 -32.627945
v -14.313018 33.337753 -32.199780
v -14.130942 34.080826 -32.199772
v -13.229499 33.857002 -32.051060
v -14.923640 34.277653 -32.627937
v -15.512006 34.423744 -33.283928
v -15.825046 34.501476 -34.088593
v -15.825025 34.501476 -34.944904
v -15.511935 34.423744 -35.749561
v -14.923532 34.277653 -36.405518
v -14.130805 34.080826 -36.833652
v -13.229358 33.856998 -36.982323
v -12.327922 33.633171 -36.833611
v -11.535217 33.436340 -36.405434
v -10.946856 33.290253 -35.749451
v -10.633819 33.212517 -34.944778
v -10.633839 33.212517 -34.088470
v -10.946927 33.290253 -33.283821
v -11.535324 33.436340 -32.627861
v -12.328057 33.633171 -32.199730
v -13.131448 34.257111 -32.375484
v -12.348619 34.062744 -32.504578
v -11.660191 33.891808 -32.876392
v -11.149219 33.764946 -33.446049
v -10.877318 33.697433 -34.144817
v -10.877297 33.697433 -34.888458
v -11.149153 33.764946 -35.587250
v -11.660098 33.891808 -36.156914
v -12.348498 34.062744 -36.528744
v -13.131330 34.257111 -36.657898
v -13.914163 34.451492 -36.528782
v -14.602586 34.622421 -36.156986
v -15.113557 34.749290 -35.587345
v -15.385457 34.816795 -34.888569
v -15.385480 34.816795 -34.144928
v -15.113622 34.749290 -33.446144
v -14.602679 34.622421 -32.876461
v -13.914285 34.451492 -32.504620
v -13.922999 34.878113 -32.230259
v -13.033420 34.657230 -32.083496
v -14.705272 35.072350 -32.652802
v -15.285882 35.216518 -33.300140
v -15.594813 35.293228 -34.094227
v -15.594792 35.293228 -34.939262
v -15.285811 35.216518 -35.733334
v -14.705165 35.072350 -36.380665
v -13.922862 34.878113 -36.803165
v -13.033284 34.657227 -36.949879
v -12.143699 34.436348 -36.803120
v -11.361424 34.242119 -36.380585
v -10.780802 34.097939 -35.733227
v -10.471884 34.021233 -34.939148
v -10.471905 34.021233 -34.094112
v -10.780872 34.097939 -33.300041
v -11.361532 34.242119 -32.652721
v -12.143834 34.436348 -32.230213
v -12.837333 35.457466 -32.051044
v -11.935891 35.233643 -32.199718
v -11.143157 35.036812 -32.627850
v -10.554762 34.890720 -33.283810
v -10.241672 34.812984 -34.088467
v -10.241651 34.812984 -34.944771
v -10.554689 34.890720 -35.749443
v -11.143051 35.036812 -36.405426
v -11.935754 35.233643 -36.833603
v -12.837192 35.457462 -36.982311
v -13.738647 35.681290 -36.833641
v -14.531373 35.878117 -36.405506
v -15.119761 36.024208 -35.749554
v -15.432858 36.101948 -34.944897
v -15.432878 36.101948 -34.088589
v -15.119832 36.024208 -33.283920
v -14.531480 35.878117 -32.627934
v -13.738782 35.681290 -32.199764
v -13.512393 35.988907 -32.565601
v -12.753291 35.800423 -32.440365
v -14.179938 36.154655 -32.926155
v -14.675397 36.277683 -33.478561
v -14.939012 36.343140 -34.156181
v -14.938989 36.343140 -34.877281
v -14.675332 36.277683 -35.554886
v -14.179847 36.154655 -36.107262
v -13.512279 35.988907 -36.467804
v -12.753173 35.800423 -36.593010
v -11.994056 35.611935 -36.467762
v -11.326525 35.446190 -36.107193
v -10.831060 35.323166 -35.554798
v -10.567446 35.257698 -34.877178
v -10.567466 35.257698 -34.156078
v -10.831124 35.323166 -33.478474
v -11.326617 35.446190 -32.926090
v -11.994170 35.611935 -32.565563
v -12.669267 36.143375 -32.051044
v -11.767817 35.919552 -32.199718
v -10.975091 35.722725 -32.627850
v -10.386694 35.576630 -33.283806
v -10.073606 35.498901 -34.088459
v -10.073584 35.498901 -34.944767
v -10.386623 35.576630 -35.749439
v -10.974985 35.722725 -36.405422
v -11.767682 35.919552 -36.833599
v -12.669126 36.143372 -36.982311
v -13.570573 36.367203 -36.833641
v -14.363297 36.564026 -36.405506
v -14.951695 36.710121 -35.749550
v -15.264792 36.787857 -34.944889
v -15.264812 36.787857 -34.088581
v -14.951766 36.710121 -33.283916
v -14.363406 36.564026 -32.627926
v -13.570708 36.367203 -32.199757
v -13.372483 37.227535 -32.169266
v -12.459184 37.000771 -32.018597
v -14.175618 37.426956 -32.603073
v -14.771707 37.574970 -33.267681
v -15.088874 37.653725 -34.082951
v -15.088845 37.653725 -34.950527
v -14.771636 37.574970 -35.765774
v -14.175511 37.426956 -36.430347
v -13.372348 37.227535 -36.864117
v -12.459035 37.000767 -37.014751
v -11.545734 36.773994 -36.864079
v -10.742599 36.574577 -36.430271
v -10.146502 36.426567 -35.765659
v -9.829342 36.347809 -34.950394
v -9.829364 36.347809 -34.082821
v -10.146574 36.426567 -33.267570
v -10.742706 36.574577 -32.602993
v -11.545870 36.773994 -32.169216
v -12.263074 37.800995 -32.829655
v -11.646295 37.647858 -32.931374
v -11.103900 37.513184 -33.224312
v -10.701317 37.413223 -33.673126
v -10.487099 37.360039 -34.223686
v -10.487077 37.360039 -34.809570
v -10.701266 37.413223 -35.360146
v -11.103822 37.513184 -35.808964
v -11.646201 37.647858 -36.101936
v -12.262975 37.800995 -36.203678
v -12.879756 37.954147 -36.101959
v -13.422149 38.088814 -35.809025
v -13.824740 38.188770 -35.360214
v -14.038953 38.241959 -34.809647
v -14.038974 38.241959 -34.223770
v -13.824790 38.188770 -33.673199
v -13.422229 38.088814 -33.224373
v -12.879849 37.954147 -32.931400
v 15.456798 28.026741 42.697395
v 14.863745 27.879484 42.599552
v 14.342235 27.749992 42.317860
v 13.955152 27.653881 41.886292
v 13.749205 27.602737 41.356907
v 13.749227 27.602737 40.793549
v 13.955201 27.653881 40.264175
v 14.342306 27.749992 39.832623
v 14.863838 27.879484 39.550957
v 15.456889 28.026741 39.453140
v 16.049950 28.173996 39.550980
v 16.571468 28.303490 39.832672
v 16.958534 28.399597 40.264248
v 17.164490 28.450737 40.793633
v 17.164474 28.450737 41.356987
v 16.958487 28.399597 41.886364
v 16.571396 28.303490 42.317913
v 16.049856 28.173996 42.599583
v 15.458987 28.026733 -32.893879
v 14.865934 27.879478 -32.991714
v 14.344424 27.749987 -33.273399
v 13.957340 27.653877 -33.704971
v 13.751401 27.602732 -34.234367
v 13.751414 27.602732 -34.797718
v 13.957390 27.653877 -35.327106
v 14.344496 27.749987 -35.758659
v 14.866027 27.879478 -36.040318
v 15.459079 28.026733 -36.138134
v 16.052139 28.173990 -36.040291
v 16.573654 28.303482 -35.758606
v 16.960724 28.399593 -35.327034
v 17.166679 28.450731 -34.797638
v 17.166658 28.450731 -34.234291
v 16.960676 28.399593 -33.704903
v 16.573586 28.303482 -33.273346
v 16.052046 28.173990 -32.991692
v -15.253320 28.173996 42.598839
v -15.774829 28.303490 42.317142
v -16.161911 28.399597 41.885574
v -16.367851 28.450737 41.356186
v -16.367840 28.450737 40.792831
v -16.161865 28.399597 40.263451
v -15.774758 28.303490 39.831902
v -15.253226 28.173996 39.550240
v -14.660169 28.026741 39.452423
v -14.067115 27.879484 39.550266
v -13.545596 27.749992 39.831955
v -13.158523 27.653881 40.263519
v -12.952573 27.602737 40.792915
v -12.952596 27.602737 41.356262
v -13.158570 27.653881 41.885647
v -13.545669 27.749992 42.317192
v -14.067208 27.879484 42.598862
v -14.660260 28.026741 42.696674
v -11.648483 37.647865 42.659893
v -11.106089 37.513187 42.366970
v -10.703506 37.413231 41.918156
v -10.489286 37.360046 41.367592
v -10.489265 37.360046 40.781704
v -10.703456 37.413231 40.231129
v -11.106010 37.513187 39.782310
v -11.648391 37.647865 39.489346
v -12.265172 37.801003 39.387592
v -12.881944 37.954155 39.489319
v -13.424338 38.088821 39.782253
v -13.826930 38.188774 40.231056
v -14.041141 38.241966 40.781620
v -14.041162 38.241966 41.367508
v -13.826978 38.188774 41.918079
v -13.424417 38.088821 42.366909
v -12.882037 37.954155 42.659866
v -12.265264 37.801003 42.761620
v 13.063991 37.800995 -32.829052
v 13.680763 37.954147 -32.930767
v 14.223158 38.088814 -33.223709
v 14.625742 38.188770 -33.672516
v 14.839959 38.241959 -34.223076
v 14.839980 38.241959 -34.808960
v 14.625791 38.188770 -35.359535
v 14.223237 38.088814 -35.808361
v 13.680856 37.954147 -36.101326
v 13.064090 37.800995 -36.203075
v 12.447304 37.647858 -36.101357
v 11.904909 37.513184 -35.808414
v 11.502325 37.413223 -35.359615
v 11.288107 37.360039 -34.809044
v 11.288086 37.360039 -34.223164
v 11.502275 37.413223 -33.672592
v 11.904830 37.513184 -33.223763
v 12.447211 37.647858 -32.930798
v 13.061801 37.801003 42.762222
v 13.678576 37.954155 42.660503
v 14.220968 38.088821 42.367569
v 14.623552 38.188774 41.918758
v 14.837770 38.241966 41.368202
v 14.837793 38.241966 40.782307
v 14.623603 38.188774 40.231735
v 14.221047 38.088821 39.782921
v 13.678668 37.954155 39.489952
v 13.061893 37.801003 39.388195
v 12.445114 37.647865 39.489922
v 11.902720 37.513187 39.782860
v 11.500137 37.413231 40.231659
v 11.285919 37.360046 40.782223
v 11.285897 37.360046 41.368118
v 11.500087 37.413231 41.918686
v 11.902641 37.513187 42.367516
v 12.445022 37.647865 42.660469
v -14.520221 28.598337 43.507740
v -13.630643 28.377457 43.361027
v -12.848342 28.183220 42.938526
v -12.267690 28.039051 42.291199
v -11.958720 27.962339 41.497131
v -11.958699 27.962339 40.652096
v -12.267617 28.039051 39.858013
v -12.848235 28.183220 39.210663
v -13.630507 28.377457 38.788120
v -14.520078 28.598337 38.641357
v -15.409671 28.819218 38.788074
v -16.191971 29.013454 39.210587
v -16.772617 29.157623 39.857903
v -17.081600 29.234335 40.651974
v -17.081623 29.234335 41.497009
v -16.772690 29.157623 42.291092
v -16.192078 29.013454 42.938438
v -15.409806 28.819218 43.360977
v -15.253598 29.508076 43.391479
v -14.352162 29.284246 43.540188
v -16.046299 29.704905 42.963299
v -16.634655 29.850990 42.307316
v -16.947701 29.928726 41.502640
v -16.947678 29.928726 40.646339
v -16.634583 29.850990 39.841690
v -16.046196 29.704905 39.185730
v -15.253463 29.508076 38.757599
v -14.352019 29.284246 38.608921
v -13.450578 29.060425 38.757645
v -12.657872 28.863594 39.185806
v -12.069510 28.717501 39.841797
v -11.756474 28.639771 40.646465
v -11.756495 28.639771 41.502766
v -12.069583 28.717501 42.307426
v -12.657981 28.863594 42.963379
v -13.450711 29.060425 43.391514
v -14.226098 29.798683 43.118450
v -13.478839 29.613144 42.995201
v -12.821712 29.449984 42.640301
v -12.333968 29.328882 42.096546
v -12.074424 29.264444 41.429531
v -12.074403 29.264444 40.719700
v -12.333903 29.328882 40.052666
v -12.821618 29.449984 39.508896
v -13.478732 29.613144 39.153957
v -14.225976 29.798683 39.030682
v -14.973233 29.984222 39.153927
v -15.630355 30.147383 39.508823
v -16.118107 30.268486 40.052574
v -16.377644 30.332924 40.719593
v -16.377666 30.332924 41.429424
v -16.118172 30.268486 42.096455
v -15.630448 30.147383 42.640224
v -14.973342 29.984222 42.995163
v -15.045653 30.305363 43.360992
v -14.156075 30.084480 43.507751
v -15.827926 30.499599 42.938457
v -16.408535 30.643768 42.291103
v -16.717468 30.720480 41.497013
v -16.717445 30.720480 40.651985
v -16.408466 30.643768 39.857910
v -15.827819 30.499599 39.210590
v -15.045518 30.305363 38.788086
v -14.155940 30.084480 38.641369
v -13.266355 29.863602 38.788128
v -12.484080 29.669365 39.210667
v -11.903462 29.525194 39.858021
v -11.594545 29.448483 40.652107
v -11.594567 29.448483 41.497143
v -11.903535 29.525194 42.291206
v -12.484189 29.669365 42.938530
v -13.266488 29.863602 43.361034
v -13.988002 30.770397 43.507751
v -13.098422 30.549511 43.361038
v -12.316123 30.355272 42.938538
v -11.735469 30.211111 42.291214
v -11.426493 30.134399 41.497143
v -11.426472 30.134399 40.652107
v -11.735397 30.211111 39.858025
v -12.316014 30.355272 39.210674
v -13.098289 30.549511 38.788132
v -13.987859 30.770397 38.641369
v -14.877452 30.991270 38.788086
v -15.659745 31.185516 39.210598
v -16.240398 31.329685 39.857914
v -16.549366 31.406395 40.651985
v -16.549397 31.406395 41.497021
v -16.240471 31.329685 42.291107
v -15.659852 31.185516 42.938457
v -14.877587 30.991270 43.360992
v -14.599469 31.407322 42.934200
v -13.875941 31.227669 43.053562
v -15.235715 31.565300 42.590538
v -15.707952 31.682554 42.064018
v -15.959216 31.744947 41.418167
v -15.959195 31.744947 40.730865
v -15.707894 31.682554 40.085026
v -15.235629 31.565300 39.558537
v -14.599364 31.407322 39.214905
v -13.875827 31.227669 39.095570
v -13.152305 31.048021 39.214935
v -12.516059 30.890043 39.558601
v -12.043822 30.772781 40.085117
v -11.792565 30.710388 40.730972
v -11.792586 30.710388 41.418274
v -12.043880 30.772781 42.064110
v -12.516150 30.890043 42.590599
v -13.152411 31.048021 42.934235
v -13.777919 31.627785 43.507759
v -12.888331 31.406906 43.361042
v -12.106032 31.212666 42.938545
v -11.525378 31.068497 42.291222
v -11.216403 30.991787 41.497150
v -11.216382 30.991787 40.652115
v -11.525307 31.068497 39.858032
v -12.105924 31.212666 39.210678
v -12.888198 31.406906 38.788139
v -13.777783 31.627785 38.641380
v -14.667363 31.848667 38.788097
v -15.449662 32.042904 39.210598
v -16.030315 32.187073 39.857922
v -16.339291 32.263783 40.651993
v -16.339314 32.263783 41.497025
v -16.030380 32.187073 42.291107
v -15.449769 32.042904 42.938461
v -14.667495 31.848667 43.361004
v -14.485419 32.591743 43.361008
v -13.595841 32.370861 43.507763
v -15.267694 32.785980 42.938469
v -15.848304 32.930141 42.291115
v -16.157234 33.006859 41.497025
v -16.157215 33.006859 40.651997
v -15.848239 32.930141 39.857925
v -15.267587 32.785980 39.210602
v -14.485286 32.591743 38.788105
v -13.595706 32.370861 38.641384
v -12.706120 32.149979 38.788139
v -11.923846 31.955742 39.210678
v -11.343237 31.811573 39.858032
v -11.034311 31.734863 40.652122
v -11.034333 31.734863 41.497150
v -11.343301 31.811573 42.291222
v -11.923955 31.955742 42.938545
v -12.706258 32.149979 43.361042
v -13.511794 32.713814 43.086006
v -12.776401 32.531219 42.964729
v -12.129703 32.370651 42.615459
v -11.649688 32.251469 42.080338
v -11.394280 32.188057 41.423908
v -11.394258 32.188057 40.725342
v -11.649631 32.251469 40.068901
v -12.129611 32.370651 39.533756
v -12.776294 32.531219 39.184460
v -13.511674 32.713814 39.063145
v -14.247073 32.896408 39.184418
v -14.893771 33.056976 39.533691
v -15.373773 33.176155 40.068810
v -15.629193 33.239574 40.725243
v -15.629216 33.239574 41.423805
v -15.373836 33.176155 42.080250
v -14.893865 33.056976 42.615387
v -14.247182 32.896408 42.964687
v -14.315207 33.337761 43.391499
v -13.413764 33.113930 43.540207
v -15.107913 33.534584 42.963326
v -15.696263 33.680676 42.307335
v -16.009312 33.758415 41.502666
v -16.009289 33.758415 40.646362
v -15.696193 33.680676 39.841713
v -15.107804 33.534584 39.185749
v -14.315072 33.337761 38.757618
v -13.413623 33.113930 38.608944
v -12.512179 32.890106 38.757664
v -11.719483 32.693279 39.185833
v -11.131122 32.547184 39.841816
v -10.818084 32.469456 40.646488
v -10.818104 32.469456 41.502792
v -11.131194 32.547184 42.307449
v -11.719589 32.693279 42.963409
v -12.512317 32.890106 43.391541
v -13.231688 33.857006 43.540215
v -12.330247 33.633179 43.391548
v -11.537513 33.436348 42.963413
v -10.949117 33.290260 42.307453
v -10.636028 33.212524 41.502800
v -10.636006 33.212524 40.646492
v -10.949046 33.290260 39.841824
v -11.537407 33.436348 39.185841
v -12.330112 33.633175 38.757671
v -13.231545 33.857002 38.608944
v -14.132995 34.080826 38.757626
v -14.925721 34.277657 39.185753
v -15.514125 34.423752 39.841713
v -15.827214 34.501480 40.646374
v -15.827235 34.501480 41.502674
v -15.514195 34.423752 42.307346
v -14.925826 34.277657 42.963329
v -14.133132 34.080830 43.391502
v -13.916474 34.451500 43.086651
v -13.133637 34.257118 43.215797
v -14.604869 34.622425 42.714817
v -15.115811 34.749298 42.145142
v -15.387668 34.816803 41.446346
v -15.387647 34.816803 40.702713
v -15.115746 34.749298 40.003929
v -14.604775 34.622425 39.434288
v -13.916352 34.451500 39.062492
v -13.133517 34.257118 38.933380
v -12.350688 34.062752 39.062531
v -11.662286 33.891815 39.434357
v -11.151342 33.764950 40.004025
v -10.879486 33.697441 40.702820
v -10.879507 33.697441 41.446453
v -11.151406 33.764950 42.145241
v -11.662380 33.891815 42.714890
v -12.350808 34.062752 43.086685
v -13.035607 34.657234 43.507778
v -12.146024 34.436356 43.361057
v -11.363722 34.242126 42.938557
v -10.783062 34.097946 42.291241
v -10.474093 34.021236 41.497162
v -10.474072 34.021236 40.652134
v -10.782990 34.097946 39.858044
v -11.363614 34.242126 39.210690
v -12.145886 34.436356 38.788155
v -13.035474 34.657234 38.641396
v -13.925052 34.878113 38.788116
v -14.707353 35.072353 39.210613
v -15.287999 35.216522 39.857941
v -15.596982 35.293236 40.652012
v -15.597001 35.293236 41.497044
v -15.288070 35.216522 42.291130
v -14.707459 35.072353 42.938484
v -13.925187 34.878117 43.361019
v -13.740970 35.681297 43.391506
v -12.839522 35.457470 43.540230
v -14.533668 35.878120 42.963341
v -15.122022 36.024216 42.307350
v -15.435067 36.101952 41.502682
v -15.435048 36.101952 40.646378
v -15.121951 36.024216 39.841717
v -14.533561 35.878120 39.185764
v -13.740836 35.681293 38.757641
v -12.839379 35.457466 38.608959
v -11.937943 35.233646 38.757675
v -11.145239 35.036819 39.185848
v -10.556879 34.890724 39.841839
v -10.243839 34.812988 40.646500
v -10.243860 34.812988 41.502804
v -10.556950 34.890724 42.307461
v -11.145347 35.036819 42.963417
v -11.938079 35.233650 43.391552
v -12.755481 35.800430 43.150913
v -11.996358 35.611938 43.025715
v -11.328806 35.446198 42.665192
v -10.833312 35.323170 42.112801
v -10.569655 35.257706 41.435196
v -10.569633 35.257706 40.714096
v -10.833248 35.323170 40.036484
v -11.328713 35.446198 39.484081
v -11.996253 35.611938 39.123508
v -12.755361 35.800430 38.998272
v -13.514474 35.988911 39.123474
v -14.182034 36.154663 39.484009
v -14.677522 36.277687 40.036392
v -14.941178 36.343147 40.713993
v -14.941199 36.343147 41.435089
v -14.677579 36.277687 42.112713
v -14.182128 36.154663 42.665115
v -13.514583 35.988911 43.025677
v -13.572898 36.367210 43.391514
v -12.671456 36.143379 43.540230
v -14.365596 36.564034 42.963341
v -14.953956 36.710125 42.307358
v -15.267001 36.787861 41.502682
v -15.266980 36.787861 40.646385
v -14.953885 36.710125 39.841724
v -14.365487 36.564034 39.185764
v -13.572761 36.367210 38.757641
v -12.671313 36.143379 38.608959
v -11.769870 35.919556 38.757683
v -10.977173 35.722729 39.185852
v -10.388813 35.576637 39.841839
v -10.075773 35.498909 40.646507
v -10.075794 35.498909 41.502811
v -10.388884 35.576637 42.307465
v -10.977281 35.722729 42.963417
v -11.770006 35.919556 43.391552
v -12.461366 37.000774 43.572674
v -11.548059 36.774002 43.422047
v -10.744895 36.574585 42.988281
v -10.148770 36.426575 42.323696
v -9.831552 36.347816 41.508450
v -9.831532 36.347816 40.640881
v -10.148691 36.426575 39.825623
v -10.744788 36.574585 39.161003
v -11.547923 36.774002 38.727196
v -12.461223 37.000771 38.576523
v -13.374536 37.227539 38.727154
v -14.177701 37.426960 39.160927
v -14.773826 37.574974 39.825512
v -15.091043 37.653732 40.640747
v -15.091063 37.653732 41.508324
v -14.773896 37.574974 42.323578
v -14.177808 37.426960 42.988201
v -13.374673 37.227539 43.422009
v 14.429327 28.377453 -32.229580
v 15.318904 28.598331 -32.082817
v 13.647054 28.183214 -32.652126
v 13.066442 28.039043 -33.299469
v 12.757511 27.962334 -34.093555
v 12.757532 27.962334 -34.938591
v 13.066515 28.039043 -35.732658
v 13.647161 28.183214 -36.379982
v 14.429462 28.377453 -36.802486
v 15.319047 28.598331 -36.949200
v 16.208626 28.819210 -36.802437
v 16.990898 29.013449 -36.379906
v 17.571508 29.157619 -35.732548
v 17.880442 29.234329 -34.938469
v 17.880421 29.234329 -34.093430
v 17.571438 29.157619 -33.299362
v 16.990791 29.013449 -32.652042
v 16.208490 28.819210 -32.229534
v 15.150838 29.284241 -32.050377
v 16.052280 29.508070 -32.199051
v 16.845015 29.704899 -32.627182
v 17.433409 29.850986 -33.283142
v 17.746500 29.928722 -34.087799
v 17.746521 29.928722 -34.944103
v 17.433479 29.850986 -35.748775
v 16.845119 29.704899 -36.404755
v 16.052418 29.508070 -36.832935
v 15.150981 29.284241 -36.981644
v 14.249533 29.060417 -36.832973
v 13.456800 28.863588 -36.404839
v 12.868410 28.717495 -35.748882
v 12.555314 28.639765 -34.944229
v 12.555293 28.639765 -34.087921
v 12.868339 28.717495 -33.283249
v 13.456692 28.863588 -32.627266
v 14.249396 29.060417 -32.199100
v 14.277553 29.613138 -32.595421
v 15.024796 29.798677 -32.472137
v 13.620438 29.449978 -32.950348
v 13.132715 29.328876 -33.494114
v 12.873223 29.264439 -34.161156
v 12.873243 29.264439 -34.870991
v 13.132779 29.328876 -35.538002
v 13.620530 29.449978 -36.081745
v 14.277658 29.613138 -36.436657
v 15.024916 29.798677 -36.559895
v 15.772153 29.984219 -36.436623
v 16.429268 30.147377 -36.081684
v 16.916983 30.268478 -35.537910
v 17.176483 30.332916 -34.870895
v 17.176462 30.332916 -34.161060
v 16.916920 30.268478 -33.494026
v 16.429176 30.147377 -32.950283
v 15.772047 29.984219 -32.595390
v 14.954758 30.084476 -32.082829
v 15.844337 30.305355 -32.229542
v 16.626638 30.499594 -32.652054
v 17.207285 30.643764 -33.299374
v 17.516266 30.720474 -34.093437
v 17.516289 30.720474 -34.938473
v 17.207355 30.643764 -35.732559
v 16.626745 30.499594 -36.379913
v 15.844473 30.305355 -36.802444
v 14.954901 30.084476 -36.949211
v 14.065310 29.863596 -36.802494
v 13.283008 29.669357 -36.379997
v 12.702361 29.525188 -35.732666
v 12.393387 29.448479 -34.938595
v 12.393365 29.448479 -34.093559
v 12.702291 29.525188 -33.299477
v 13.282900 29.669357 -32.652134
v 14.065173 29.863596 -32.229584
v 13.897100 30.549503 -32.229591
v 14.786685 30.770393 -32.082829
v 13.114834 30.355267 -32.652134
v 12.534216 30.211105 -33.299484
v 12.225291 30.134392 -34.093567
v 12.225312 30.134392 -34.938602
v 12.534288 30.211105 -35.732670
v 13.114942 30.355267 -36.379997
v 13.897236 30.549503 -36.802498
v 14.786827 30.770393 -36.949211
v 15.676398 30.991264 -36.802452
v 16.458672 31.185509 -36.379917
v 17.039295 31.329679 -35.732559
v 17.348215 31.406391 -34.938480
v 17.348194 31.406391 -34.093445
v 17.039219 31.329679 -33.299374
v 16.458565 31.185509 -32.652054
v 15.676264 30.991264 -32.229546
v 14.674653 31.227661 -32.537022
v 15.398184 31.407316 -32.656361
v 16.034449 31.565294 -33.000000
v 16.506706 31.682549 -33.526485
v 16.758007 31.744942 -34.172321
v 16.758028 31.744942 -34.859615
v 16.506771 31.682549 -35.505482
v 16.034542 31.565294 -36.031994
v 15.398289 31.407316 -36.375652
v 14.674767 31.227661 -36.495026
v 13.951231 31.048016 -36.375690
v 13.314964 30.890038 -36.032059
v 12.842707 30.772776 -35.505566
v 12.591399 30.710382 -34.859711
v 12.591376 30.710382 -34.172417
v 12.842649 30.772776 -33.526569
v 13.314878 30.890038 -33.000065
v 13.951123 31.048016 -32.656399
v 13.687016 31.406898 -32.229591
v 14.576595 31.627781 -32.082832
v 12.904743 31.212662 -32.652138
v 12.324134 31.068491 -33.299484
v 12.015202 30.991783 -34.093575
v 12.015223 30.991783 -34.938610
v 12.324204 31.068491 -35.732670
v 12.904851 31.212662 -36.380005
v 13.687153 31.406898 -36.802498
v 14.576738 31.627781 -36.949215
v 15.466316 31.848660 -36.802460
v 16.248589 32.042900 -36.379929
v 16.829206 32.187069 -35.732567
v 17.138124 32.263779 -34.938484
v 17.138103 32.263779 -34.093449
v 16.829136 32.187069 -33.299381
v 16.248482 32.042900 -32.652061
v 15.466181 31.848660 -32.229553
v 14.394520 32.370857 -32.082840
v 15.284103 32.591736 -32.229561
v 16.066406 32.785973 -32.652065
v 16.647058 32.930138 -33.299381
v 16.956026 33.006851 -34.093456
v 16.956047 33.006851 -34.938484
v 16.647131 32.930138 -35.732574
v 16.066513 32.785973 -36.379929
v 15.284239 32.591736 -36.802467
v 14.394662 32.370857 -36.949215
v 13.505075 32.149975 -36.802505
v 12.722775 31.955738 -36.380013
v 12.142128 31.811569 -35.732677
v 11.833147 31.734856 -34.938610
v 11.833125 31.734856 -34.093575
v 12.142057 31.811569 -33.299492
v 12.722668 31.955738 -32.652145
v 13.504940 32.149975 -32.229599
v 13.575113 32.531216 -32.625912
v 14.310499 32.713806 -32.504601
v 12.928430 32.370647 -32.975212
v 12.448458 32.251461 -33.510353
v 12.193079 32.188049 -34.166794
v 12.193100 32.188049 -34.865364
v 12.448515 32.251461 -35.521797
v 12.928522 32.370647 -36.056915
v 13.575220 32.531216 -36.406185
v 14.310614 32.713806 -36.527458
v 15.045994 32.896404 -36.406147
v 15.692677 33.056973 -36.056850
v 16.172655 33.176151 -35.521702
v 16.428036 33.239571 -34.865261
v 16.428013 33.239571 -34.166691
v 16.172600 33.176151 -33.510269
v 15.692584 33.056973 -32.975147
v 15.045886 32.896404 -32.625874
v 14.212442 33.113926 -32.050404
v 15.113892 33.337753 -32.199070
v 15.906615 33.534576 -32.627209
v 16.495022 33.680672 -33.283165
v 16.808102 33.758408 -34.087814
v 16.808123 33.758408 -34.944126
v 16.495090 33.680672 -35.748795
v 15.906723 33.534576 -36.404778
v 15.114028 33.337753 -36.832954
v 14.212584 33.113926 -36.981667
v 13.311135 32.890099 -36.833000
v 12.518410 32.693272 -36.404865
v 11.930013 32.547180 -35.748909
v 11.616918 32.469448 -34.944248
v 11.616896 32.469448 -34.087940
v 11.929942 32.547180 -33.283276
v 12.518304 32.693272 -32.627285
v 13.311000 32.890099 -32.199120
v 13.128922 33.633171 -32.199123
v 14.030366 33.857002 -32.050404
v 12.336226 33.436340 -32.627285
v 11.747866 33.290253 -33.283279
v 11.434827 33.212517 -34.087940
v 11.434847 33.212517 -34.944256
v 11.747936 33.290253 -35.748909
v 12.336332 33.436340 -36.404865
v 13.129059 33.633171 -36.833000
v 14.030509 33.856998 -36.981667
v 14.931951 34.080826 -36.832958
v 15.724647 34.277653 -36.404789
v 16.313015 34.423744 -35.748802
v 16.626053 34.501476 -34.944134
v 16.626034 34.501476 -34.087814
v 16.312944 34.423744 -33.283173
v 15.724540 34.277653 -32.627209
v 14.931814 34.080826 -32.199078
v 13.932336 34.257111 -32.374840
v 14.715165 34.451492 -32.503941
v 15.403593 34.622421 -32.875748
v 15.914567 34.749290 -33.445400
v 16.186466 34.816795 -34.144173
v 16.186485 34.816795 -34.887817
v 15.914631 34.749290 -35.586601
v 15.403687 34.622421 -36.156265
v 14.715286 34.451492 -36.528099
v 13.932457 34.257111 -36.657249
v 13.149621 34.062744 -36.528133
v 12.461199 33.891808 -36.156338
v 11.950227 33.764946 -35.586697
v 11.678328 33.697433 -34.887920
v 11.678307 33.697433 -34.144272
v 11.950163 33.764946 -33.445492
v 12.461106 33.891808 -32.875816
v 13.149500 34.062744 -32.503967
v 12.944708 34.436348 -32.229610
v 13.834286 34.657230 -32.082855
v 12.162434 34.242119 -32.652157
v 11.581817 34.097939 -33.299503
v 11.272892 34.021233 -34.093594
v 11.272913 34.021233 -34.938622
v 11.581887 34.097939 -35.732693
v 12.162540 34.242119 -36.380024
v 12.944843 34.436348 -36.802517
v 13.834421 34.657227 -36.949234
v 14.724006 34.878113 -36.802479
v 15.506279 35.072350 -36.379944
v 16.086897 35.216518 -35.732582
v 16.395813 35.293228 -34.938496
v 16.395792 35.293228 -34.093472
v 16.086824 35.216518 -33.299393
v 15.506171 35.072350 -32.652081
v 14.723869 34.878113 -32.229572
v 13.638206 35.457466 -32.050419
v 14.539648 35.681290 -32.199085
v 15.332379 35.878117 -32.627213
v 15.920770 36.024208 -33.283184
v 16.233868 36.101948 -34.087826
v 16.233887 36.101948 -34.944141
v 15.920840 36.024208 -35.748810
v 15.332487 35.878117 -36.404793
v 14.539783 35.681290 -36.832966
v 13.638348 35.457462 -36.981674
v 12.736899 35.233643 -36.833015
v 11.944166 35.036812 -36.404877
v 11.355777 34.890720 -35.748920
v 11.042681 34.812984 -34.944263
v 11.042660 34.812984 -34.087952
v 11.355705 34.890720 -33.283291
v 11.944059 35.036812 -32.627296
v 12.736763 35.233643 -32.199131
v 12.795072 35.611935 -32.564972
v 13.554179 35.800423 -32.439735
v 12.127527 35.446190 -32.925526
v 11.632069 35.323166 -33.477936
v 11.368454 35.257698 -34.155552
v 11.368475 35.257698 -34.876652
v 11.632133 35.323166 -35.554260
v 12.127619 35.446190 -36.106636
v 12.795185 35.611935 -36.467175
v 13.554300 35.800423 -36.592381
v 14.313401 35.988907 -36.467136
v 14.980940 36.154655 -36.106571
v 15.476404 36.277683 -35.554169
v 15.740018 36.343140 -34.876549
v 15.739998 36.343140 -34.155453
v 15.476341 36.277683 -33.477844
v 14.980846 36.154655 -32.925461
v 14.313293 35.988907 -32.564934
v 13.470132 36.143375 -32.050419
v 14.371581 36.367203 -32.199089
v 15.164307 36.564026 -32.627220
v 15.752704 36.710121 -33.283184
v 16.065800 36.787857 -34.087833
v 16.065821 36.787857 -34.944145
v 15.752781 36.710121 -35.748817
v 15.164414 36.564026 -36.404800
v 14.371716 36.367203 -36.832973
v 13.470275 36.143372 -36.981682
v 12.568825 35.919552 -36.833019
v 11.776100 35.722725 -36.404884
v 11.187704 35.576630 -35.748920
v 10.874607 35.498901 -34.944267
v 10.874587 35.498901 -34.087959
v 11.187632 35.576630 -33.283295
v 11.775993 35.722725 -32.627300
v 12.568690 35.919552 -32.199135
v 12.346743 36.773994 -32.168648
v 13.260041 37.000771 -32.017979
v 11.543607 36.574577 -32.602459
v 10.947518 36.426567 -33.267063
v 10.630352 36.347809 -34.082340
v 10.630372 36.347809 -34.949909
v 10.947590 36.426567 -35.765163
v 11.543715 36.574577 -36.429733
v 12.346878 36.773994 -36.863503
v 13.260191 37.000767 -37.014137
v 14.173491 37.227535 -36.863464
v 14.976619 37.426956 -36.429657
v 15.572717 37.574970 -35.765045
v 15.889882 37.653725 -34.949776
v 15.889861 37.653725 -34.082207
v 15.572644 37.574970 -33.266956
v 14.976512 37.426956 -32.602379
v 14.173355 37.227535 -32.168602
v 14.427138 28.377457 43.361694
v 15.316715 28.598337 43.508461
v 13.644866 28.183220 42.939156
v 13.064255 28.039051 42.291801
v 12.755322 27.962339 41.497723
v 12.755343 27.962339 40.652683
v 13.064326 28.039051 39.858616
v 13.644972 28.183220 39.211292
v 14.427273 28.377457 38.788788
v 15.316851 28.598337 38.642075
v 16.206436 28.819218 38.788834
v 16.988710 29.013454 39.211376
v 17.569321 29.157623 39.858723
v 17.878252 29.234335 40.652809
v 17.878231 29.234335 41.497841
v 17.569256 29.157623 42.291912
v 16.988604 29.013454 42.939240
v 16.206301 28.819218 43.361740
v 15.148642 29.284246 43.540894
v 16.050091 29.508076 43.392220
v 16.842825 29.704905 42.964085
v 17.431221 29.850990 42.308128
v 17.744310 29.928726 41.503471
v 17.744331 29.928726 40.647167
v 17.431293 29.850990 39.842503
v 16.842934 29.704905 39.186520
v 16.050228 29.508076 38.758343
v 15.148785 29.284246 38.609623
v 14.247343 29.060425 38.758305
v 13.454611 28.863594 39.186436
v 12.866221 28.717501 39.842392
v 12.553124 28.639771 40.647045
v 12.553104 28.639771 41.503345
v 12.866150 28.717501 42.308025
v 13.454503 28.863594 42.964005
v 14.247207 29.060425 43.392174
v 14.275364 29.613144 42.995865
v 15.022607 29.798683 43.119141
v 13.618249 29.449984 42.640926
v 13.130527 29.328882 42.097157
v 12.871034 29.264444 41.430122
v 12.871056 29.264444 40.720295
v 13.130591 29.328882 40.053276
v 13.618341 29.449984 39.509533
v 14.275469 29.613144 39.154625
v 15.022729 29.798683 39.031376
v 15.769963 29.984222 39.154659
v 16.427078 30.147383 39.509598
v 16.914795 30.268486 40.053356
v 17.174294 30.332924 40.720390
v 17.174273 30.332924 41.430225
v 16.914730 30.268486 42.097248
v 16.426987 30.147383 42.640995
v 15.769857 29.984222 42.995895
v 14.952571 30.084480 43.508446
v 15.842147 30.305363 43.361736
v 16.624451 30.499599 42.939224
v 17.205103 30.643768 42.291908
v 17.514078 30.720480 41.497837
v 17.514099 30.720480 40.652802
v 17.205166 30.643768 39.858711
v 16.624557 30.499599 39.211369
v 15.842283 30.305363 38.788826
v 14.952714 30.084480 38.642063
v 14.063120 29.863602 38.788784
v 13.280820 29.669365 39.211281
v 12.700173 29.525194 39.858604
v 12.391198 29.448483 40.652676
v 12.391176 29.448483 41.497711
v 12.700101 29.525194 42.291794
v 13.280712 29.669365 42.939148
v 14.062985 29.863602 43.361687
v 13.894911 30.549511 43.361687
v 14.784495 30.770397 43.508446
v 13.112644 30.355272 42.939148
v 12.532028 30.211111 42.291790
v 12.223103 30.134399 41.497704
v 12.223124 30.134399 40.652672
v 12.532092 30.211111 39.858601
v 13.112752 30.355272 39.211281
v 13.895046 30.549511 38.788784
v 14.784631 30.770397 38.642063
v 15.674211 30.991270 38.788818
v 16.456482 31.185516 39.211357
v 17.037100 31.329685 39.858711
v 17.346025 31.406395 40.652794
v 17.346004 31.406395 41.497829
v 17.037037 31.329685 42.291901
v 16.456375 31.185516 42.939224
v 15.674074 30.991270 43.361725
v 14.672463 31.227669 43.054245
v 15.395994 31.407322 42.934914
v 16.032269 31.565300 42.591278
v 16.504524 31.682554 42.064789
v 16.755817 31.744947 41.418953
v 16.755840 31.744947 40.731651
v 16.504581 31.682554 40.085796
v 16.032352 31.565300 39.559280
v 15.396100 31.407322 39.215618
v 14.672578 31.227669 39.096252
v 13.949041 31.048021 39.215591
v 13.312775 30.890043 39.559216
v 12.840517 30.772781 40.085712
v 12.589210 30.710388 40.731552
v 12.589189 30.710388 41.418854
v 12.840460 30.772781 42.064701
v 13.312682 30.890043 42.591213
v 13.948934 31.048021 42.934887
v 13.684829 31.406906 43.361679
v 14.574406 31.627785 43.508434
v 12.902555 31.212666 42.939140
v 12.321944 31.068497 42.291790
v 12.013012 30.991787 41.497700
v 12.013033 30.991787 40.652664
v 12.322017 31.068497 39.858601
v 12.902663 31.212666 39.211277
v 13.684963 31.406906 38.788776
v 14.574549 31.627785 38.642059
v 15.464128 31.848667 38.788811
v 16.246399 32.042904 39.211353
v 16.827019 32.187073 39.858704
v 17.135937 32.263783 40.652794
v 17.135914 32.263783 41.497822
v 16.826946 32.187073 42.291893
v 16.246292 32.042904 42.939220
v 15.463992 31.848667 43.361721
v 14.392330 32.370861 43.508430
v 15.281915 32.591743 43.361710
v 16.064217 32.785980 42.939220
v 16.644869 32.930141 42.291893
v 16.953838 33.006859 41.497814
v 16.953857 33.006859 40.652790
v 16.644936 32.930141 39.858704
v 16.064323 32.785980 39.211353
v 15.282050 32.591743 38.788807
v 14.392472 32.370861 38.642052
v 13.502887 32.149979 38.788769
v 12.720586 31.955742 39.211269
v 12.139933 31.811573 39.858593
v 11.830957 31.734863 40.652664
v 11.830935 31.734863 41.497700
v 12.139868 31.811573 42.291782
v 12.720478 31.955742 42.939133
v 13.502752 32.149979 43.361675
v 13.572925 32.531219 42.965355
v 14.308303 32.713814 43.086674
v 12.926241 32.370651 42.616055
v 12.446268 32.251469 42.080914
v 12.190889 32.188057 41.424469
v 12.190910 32.188057 40.725910
v 12.446327 32.251469 40.069477
v 12.926333 32.370651 39.534355
v 13.573030 32.531219 39.185085
v 14.308425 32.713814 39.063808
v 15.043804 32.896408 39.185127
v 15.690487 33.056976 39.534424
v 16.170467 33.176155 40.069561
v 16.425846 33.239574 40.726006
v 16.425825 33.239574 41.424568
v 16.170403 33.176155 42.081005
v 15.690394 33.056976 42.616123
v 15.043696 32.896408 42.965393
v 14.210253 33.113930 43.540871
v 15.111702 33.337761 43.392204
v 15.904428 33.534584 42.964066
v 16.492832 33.680676 42.308105
v 16.805912 33.758415 41.503452
v 16.805935 33.758415 40.647144
v 16.492903 33.680676 39.842476
v 15.904535 33.534584 39.186493
v 15.111838 33.337761 38.758327
v 14.210395 33.113930 38.609608
v 13.308947 32.890106 38.758278
v 12.516220 32.693279 39.186409
v 11.927825 32.547184 39.842369
v 11.614728 32.469456 40.647022
v 11.614706 32.469456 41.503330
v 11.927752 32.547184 42.307995
v 12.516114 32.693279 42.963982
v 13.308811 32.890106 43.392155
v 13.126734 33.633179 43.392155
v 14.028176 33.857006 43.540871
v 12.334037 33.436348 42.963982
v 11.745676 33.290260 42.307991
v 11.432637 33.212524 41.503323
v 11.432659 33.212524 40.647018
v 11.745747 33.290260 39.842369
v 12.334144 33.436348 39.186409
v 13.126869 33.633175 38.758278
v 14.028319 33.857002 38.609600
v 14.929761 34.080826 38.758327
v 15.722459 34.277657 39.186485
v 16.310825 34.423752 39.842468
v 16.623865 34.501480 40.647141
v 16.623844 34.501480 41.503445
v 16.310755 34.423752 42.308102
v 15.722351 34.277657 42.964062
v 14.929625 34.080830 43.392193
v 13.930147 34.257118 43.216446
v 14.712976 34.451500 43.087326
v 15.401404 34.622425 42.715530
v 15.912377 34.749298 42.145885
v 16.184277 34.816803 41.447098
v 16.184299 34.816803 40.703465
v 15.912441 34.749298 40.004673
v 15.401498 34.622425 39.435009
v 14.713098 34.451500 39.063171
v 13.930268 34.257118 38.934029
v 13.147432 34.062752 39.063141
v 12.459011 33.891815 39.434937
v 11.948037 33.764950 40.004574
v 11.676138 33.697441 40.703358
v 11.676117 33.697441 41.446995
v 11.947973 33.764950 42.145798
v 12.458917 33.891815 42.715462
v 13.147310 34.062752 43.087296
v 12.942518 34.436356 43.361660
v 13.832096 34.657234 43.508419
v 12.160246 34.242126 42.939125
v 11.579627 34.097946 42.291771
v 11.270702 34.021236 41.497681
v 11.270725 34.021236 40.652653
v 11.579700 34.097946 39.858582
v 12.160353 34.242126 39.211258
v 12.942654 34.436356 38.788754
v 13.832238 34.657234 38.642036
v 14.721816 34.878113 38.788795
v 15.504090 35.072353 39.211334
v 16.084709 35.216522 39.858692
v 16.393623 35.293236 40.652775
v 16.393604 35.293236 41.497810
v 16.084637 35.216522 42.291882
v 15.503983 35.072353 42.939198
v 14.721683 34.878117 43.361702
v 13.636017 35.457470 43.540859
v 14.537458 35.681297 43.392189
v 15.330192 35.878120 42.964054
v 15.918580 36.024216 42.308094
v 16.231678 36.101952 41.503437
v 16.231697 36.101952 40.647133
v 15.918651 36.024216 39.842461
v 15.330299 35.878120 39.186478
v 14.537594 35.681293 38.758312
v 13.636159 35.457466 38.609596
v 12.734710 35.233646 38.758266
v 11.941978 35.036819 39.186401
v 11.353589 34.890724 39.842358
v 11.040493 34.812988 40.647011
v 11.040470 34.812988 41.503311
v 11.353517 34.890724 42.307983
v 11.941870 35.036819 42.963966
v 12.734573 35.233650 43.392143
v 12.792883 35.611938 43.026302
v 13.551991 35.800430 43.151543
v 12.125338 35.446198 42.665745
v 11.629879 35.323170 42.113338
v 11.366264 35.257706 41.435719
v 11.366286 35.257706 40.714619
v 11.629944 35.323170 40.037022
v 12.125429 35.446198 39.484638
v 12.792989 35.611938 39.124096
v 13.552112 35.800430 38.998901
v 14.311220 35.988911 39.124138
v 14.978750 36.154663 39.484703
v 15.474217 36.277687 40.037109
v 15.737831 36.343147 40.714722
v 15.737808 36.343147 41.435822
v 15.474158 36.277687 42.113426
v 14.978659 36.154663 42.665810
v 14.311106 35.988911 43.026344
v 13.467943 36.143379 43.540855
v 14.369392 36.367210 43.392181
v 15.162117 36.564034 42.964046
v 15.750514 36.710125 42.308090
v 16.063610 36.787861 41.503429
v 16.063631 36.787861 40.647129
v 15.750585 36.710125 39.842457
v 15.162225 36.564034 39.186474
v 14.369528 36.367210 38.758305
v 13.468085 36.143379 38.609589
v 12.566637 35.919556 38.758263
v 11.773911 35.722729 39.186394
v 11.185514 35.576637 39.842358
v 10.872417 35.498909 40.647007
v 10.872397 35.498909 41.503307
v 11.185444 35.576637 42.307980
v 11.773804 35.722729 42.963963
v 12.566501 35.919556 43.392139
v 12.344554 36.774002 43.422619
v 13.257854 37.000774 43.573288
v 11.541419 36.574585 42.988819
v 10.945322 36.426575 42.324196
v 10.628162 36.347816 41.508938
v 10.628183 36.347816 40.641361
v 10.945401 36.426575 39.826118
v 11.541525 36.574585 39.161541
v 12.344689 36.774002 38.727772
v 13.258002 37.000771 38.577137
v 14.171302 37.227539 38.727810
v 14.974429 37.426960 39.161617
v 15.570534 37.574974 39.826237
v 15.887695 37.653732 40.641495
v 15.887671 37.653732 41.509068
v 15.570455 37.574974 42.324306
v 14.974324 37.426960 42.988892
v 14.171166 37.227539 43.422665
v 23.352390 57.217838 -18.691317
v 23.352390 57.217838 -17.834183
v 23.352390 57.217838 -16.977049
v 23.352390 57.217838 -16.119913
v 23.352390 57.217838 -15.262780
v 23.352390 57.217838 -14.405644
v 23.352390 57.217838 -13.548509
v 23.352390 57.217838 -12.691374
v 23.352390 57.217838 -11.834239
v 23.352390 57.217838 -10.977104
v 23.352390 57.217838 -10.119969
v 23.352390 57.217838 -9.262835
v 23.352390 57.217838 -8.405699
v 23.352390 57.217838 -7.548565
v 23.352390 57.217838 -6.691430
v 23.352390 57.217838 -5.834295
v 23.352390 57.217838 -4.977160
v 23.352390 57.217838 -4.120025
v 23.352390 57.217838 -3.262890
v 23.352390 57.217838 -2.405756
v 23.352390 57.217838 -1.548621
v 23.352390 56.696625 -18.691317
v 23.352390 56.696625 -17.834183
v 23.352390 56.696625 -16.977049
v 23.352390 56.696625 -16.119913
v 23.352390 56.696625 -15.262780
v 23.352390 56.696625 -14.405644
v 23.352390 56.696625 -13.548509
v 23.352390 56.696625 -12.691374
v 23.352390 56.696625 -11.834239
v 23.352390 56.696625 -10.977104
v 23.352390 56.696625 -10.119968
v 23.352390 56.696625 -9.262835
v 23.352390 56.696625 -8.405699
v 23.352390 56.696625 -7.548565
v 23.352390 56.696625 -6.691430
v 23.352390 56.696625 -5.834295
v 23.352390 56.696625 -4.977160
v 23.352390 56.696625 -4.120025
v 23.352390 56.696625 -3.262890
v 23.352390 56.696625 -2.405756
v 23.352390 56.696625 -1.548621
v 23.352390 56.175415 -18.691317
v 23.352390 56.175415 -17.834183
v 23.352390 56.175415 -16.977049
v 23.352390 56.175415 -16.119913
v 23.352390 56.175415 -15.262780
v 23.352390 56.175415 -14.405644
v 23.352390 56.175415 -13.548509
v 23.352390 56.175415 -12.691374
v 23.352390 56.175415 -11.834239
v 23.352390 56.175415 -10.977104
v 23.352390 56.175415 -10.119968
v 23.352390 56.175415 -9.262835
v 23.352390 56.175415 -8.405699
v 23.352390 56.175415 -7.548565
v 23.352390 56.175415 -6.691430
v 23.352390 56.175415 -5.834295
v 23.352390 56.175415 -4.977160
v 23.352390 56.175415 -4.120025
v 23.352390 56.175415 -3.262890
v 23.352390 56.175415 -2.405756
v 23.352390 56.175415 -1.548621
v 23.352390 55.654205 -18.691317
v 23.352390 55.654205 -17.834183
v 23.352390 55.654205 -16.977049
v 23.352390 55.654205 -16.119913
v 23.352390 55.654205 -15.262780
v 23.352390 55.654205 -14.405644
v 23.352390 55.654205 -13.548509
v 23.352390 55.654205 -12.691374
v 23.352390 55.654205 -11.834239
v 23.352390 55.654205 -10.977104
v 23.352390 55.654205 -10.119968
v 23.352390 55.654205 -9.262835
v 23.352390 55.654205 -8.405699
v 23.352390 55.654205 -7.548565
v 23.352390 55.654205 -6.691430
v 23.352390 55.654205 -5.834295
v 23.352390 55.654205 -4.977160
v 23.352390 55.654205 -4.120025
v 23.352390 55.654205 -3.262890
v 23.352390 55.654205 -2.405756
v 23.352390 55.654205 -1.548621
v 23.352390 55.132992 -18.691317
v 23.352390 55.132992 -17.834183
v 23.352390 55.132992 -16.977049
v 23.352390 55.132992 -16.119913
v 23.352390 55.132992 -15.262780
v 23.352390 55.132992 -14.405644
v 23.352390 55.132992 -13.548509
v 23.352390 55.132992 -12.691374
v 23.352390 55.132992 -11.834239
v 23.352390 55.132992 -10.977104
v 23.352390 55.132992 -10.119968
v 23.352390 55.132992 -9.262835
v 23.352390 55.132992 -8.405699
v 23.352390 55.132992 -7.548565
v 23.352390 55.132992 -6.691430
v 23.352390 55.132992 -5.834295
v 23.352390 55.132992 -4.977160
v 23.352390 55.132992 -4.120025
v 23.352390 55.132992 -3.262890
v 23.352390 55.132992 -2.405756
v 23.352390 55.132992 -1.548621
v 23.352390 54.611782 -18.691315
v 23.352390 54.611782 -17.834181
v 23.352390 54.611782 -16.977047
v 23.352390 54.611782 -16.119911
v 23.352390 54.611782 -15.262778
v 23.352390 54.611782 -14.405644
v 23.352390 54.611782 -13.548509
v 23.352390 54.611782 -12.691374
v 23.352390 54.611782 -11.834239
v 23.352390 54.611782 -10.977104
v 23.352390 54.611782 -10.119968
v 23.352390 54.611782 -9.262835
v 23.352390 54.611782 -8.405699
v 23.352390 54.611782 -7.548565
v 23.352390 54.611782 -6.691430
v 23.352390 54.611782 -5.834295
v 23.352390 54.611782 -4.977160
v 23.352390 54.611782 -4.120025
v 23.352390 54.611782 -3.262890
v 23.352390 54.611782 -2.405756
v 23.352390 54.611782 -1.548621
v 23.352390 54.090569 -18.691315
v 23.352390 54.090569 -17.834181
v 23.352390 54.090569 -16.977047
v 23.352390 54.090569 -16.119911
v 23.352390 54.090569 -15.262778
v 23.352390 54.090569 -14.405644
v 23.352390 54.090569 -13.548509
v 23.352390 54.090569 -12.691374
v 23.352390 54.090569 -11.834239
v 23.352390 54.090569 -10.977104
v 23.352390 54.090569 -10.119968
v 23.352390 54.090569 -9.262835
v 23.352390 54.090569 -8.405699
v 23.352390 54.090569 -7.548565
v 23.352390 54.090569 -6.691430
v 23.352390 54.090569 -5.834295
v 23.352390 54.090569 -4.977160
v 23.352390 54.090569 -4.120025
v 23.352390 54.090569 -3.262890
v 23.352390 54.090569 -2.405756
v 23.352390 54.090569 -1.548621
v 23.352390 53.569359 -18.691315
v 23.352390 53.569359 -17.834181
v 23.352390 53.569359 -16.977047
v 23.352390 53.569359 -16.119911
v 23.352390 53.569359 -15.262778
v 23.352390 53.569359 -14.405644
v 23.352390 53.569359 -13.548509
v 23.352390 53.569359 -12.691374
v 23.352390 53.569359 -11.834239
v 23.352390 53.569359 -10.977104
v 23.352390 53.569359 -10.119968
v 23.352390 53.569359 -9.262834
v 23.352390 53.569359 -8.405699
v 23.352390 53.569359 -7.548565
v 23.352390 53.569359 -6.691430
v 23.352390 53.569359 -5.834295
v 23.352390 53.569359 -4.977160
v 23.352390 53.569359 -4.120025
v 23.352390 53.569359 -3.262890
v 23.352390 53.569359 -2.405756
v 23.352390 53.569359 -1.548621
v 23.352390 53.048149 -18.691315
v 23.352390 53.048149 -17.834181
v 23.352390 53.048149 -16.977047
v 23.352390 53.048149 -16.119911
v 23.352390 53.048149 -15.262778
v 23.352390 53.048149 -14.405644
v 23.352390 53.048149 -13.548509
v 23.352390 53.048149 -12.691374
v 23.352390 53.048149 -11.834239
v 23.352390 53.048149 -10.977104
v 23.352390 53.048149 -10.119968
v 23.352390 53.048149 -9.262834
v 23.352390 53.048149 -8.405699
v 23.352390 53.048149 -7.548565
v 23.352390 53.048149 -6.691430
v 23.352390 53.048149 -5.834295
v 23.352390 53.048149 -4.977160
v 23.352390 53.048149 -4.120025
v 23.352390 53.048149 -3.262890
v 23.352390 53.048149 -2.405755
v 23.352390 53.048149 -1.548621
v 23.352390 52.526936 -18.691315
v 23.352390 52.526936 -17.834181
v 23.352390 52.526936 -16.977047
v 23.352390 52.526936 -16.119911
v 23.352390 52.526936 -15.262778
v 23.352390 52.526936 -14.405643
v 23.352390 52.526936 -13.548509
v 23.352390 52.526936 -12.691374
v 23.352390 52.526936 -11.834239
v 23.352390 52.526936 -10.977104
v 23.352390 52.526936 -10.119968
v 23.352390 52.526936 -9.262834
v 23.352390 52.526936 -8.405699
v 23.352390 52.526936 -7.548565
v 23.352390 52.526936 -6.691430
v 23.352390 52.526936 -5.834295
v 23.352390 52.526936 -4.977160
v 23.352390 52.526936 -4.120025
v 23.352390 52.526936 -3.262890
v 23.352390 52.526936 -2.405755
v 23.352390 52.526936 -1.548621
v 23.352390 52.005722 -18.691315
v 23.352390 52.005722 -17.834181
v 23.352390 52.005722 -16.977047
v 23.352390 52.005722 -16.119911
v 23.352390 52.005722 -15.262778
v 23.352390 52.005722 -14.405643
v 23.352390 52.005722 -13.548509
v 23.352390 52.005722 -12.691374
v 23.352390 52.005722 -11.834239
v 23.352390 52.005722 -10.977104
v 23.352390 52.005722 -10.119968
v 23.352390 52.005726 -9.262834
v 23.352390 52.005726 -8.405699
v 23.352390 52.005726 -7.548565
v 23.352390 52.005726 -6.691430
v 23.352390 52.005726 -5.834295
v 23.352390 52.005726 -4.977160
v 23.352390 52.005726 -4.120025
v 23.352390 52.005726 -3.262890
v 23.352390 52.005726 -2.405755
v 23.352390 52.005726 -1.548621
v 23.352390 51.484509 -18.691315
v 23.352390 51.484509 -17.834181
v 23.352390 51.484512 -16.977047
v 23.352390 51.484512 -16.119911
v 23.352390 51.484512 -15.262778
v 23.352390 51.484512 -14.405643
v 23.352390 51.484512 -13.548509
v 23.352390 51.484512 -12.691374
v 23.352390 51.484512 -11.834239
v 23.352390 51.484512 -10.977104
v 23.352390 51.484512 -10.119968
v 23.352390 51.484512 -9.262834
v 23.352390 51.484512 -8.405699
v 23.352390 51.484512 -7.548565
v 23.352390 51.484512 -6.691429
v 23.352390 51.484512 -5.834294
v 23.352390 51.484512 -4.977159
v 23.352390 51.484512 -4.120025
v 23.352390 51.484512 -3.262890
v 23.352390 51.484512 -2.405755
v 23.352390 51.484512 -1.548621
v 23.352390 50.963299 -18.691315
v 23.352390 50.963299 -17.834181
v 23.352390 50.963299 -16.977047
v 23.352390 50.963299 -16.119911
v 23.352390 50.963299 -15.262778
v 23.352390 50.963299 -14.405643
v 23.352390 50.963299 -13.548509
v 23.352390 50.963299 -12.691374
v 23.352390 50.963299 -11.834239
v 23.352390 50.963299 -10.977103
v 23.352390 50.963299 -10.119968
v 23.352390 50.963299 -9.262834
v 23.352390 50.963299 -8.405699
v 23.352390 50.963299 -7.548565
v 23.352390 50.963299 -6.691429
v 23.352390 50.963299 -5.834294
v 23.352390 50.963299 -4.977159
v 23.352390 50.963299 -4.120025
v 23.352390 50.963299 -3.262890
v 23.352390 50.963299 -2.405755
v 23.352390 50.963299 -1.548621
v 23.352390 50.442089 -18.691315
v 23.352390 50.442089 -17.834181
v 23.352390 50.442089 -16.977047
v 23.352390 50.442089 -16.119911
v 23.352390 50.442089 -15.262778
v 23.352390 50.442089 -14.405643
v 23.352390 50.442089 -13.548509
v 23.352390 50.442089 -12.691374
v 23.352390 50.442089 -11.834239
v 23.352390 50.442089 -10.977103
v 23.352390 50.442089 -10.119968
v 23.352390 50.442089 -9.262834
v 23.352390 50.442089 -8.405699
v 23.352390 50.442089 -7.548565
v 23.352390 50.442089 -6.691429
v 23.352390 50.442089 -5.834294
v 23.352390 50.442089 -4.977159
v 23.352390 50.442089 -4.120025
v 23.352390 50.442089 -3.262889
v 23.352390 50.442089 -2.405755
v 23.352390 50.442089 -1.548621
v 23.352390 49.920876 -18.691315
v 23.352390 49.920876 -17.834181
v 23.352390 49.920876 -16.977047
v 23.352390 49.920879 -16.119911
v 23.352390 49.920879 -15.262778
v 23.352390 49.920879 -14.405643
v 23.352390 49.920879 -13.548509
v 23.352390 49.920879 -12.691374
v 23.352390 49.920879 -11.834239
v 23.352390 49.920879 -10.977103
v 23.352390 49.920879 -10.119968
v 23.352390 49.920879 -9.262834
v 23.352390 49.920879 -8.405699
v 23.352390 49.920879 -7.548565
v 23.352390 49.920879 -6.691429
v 23.352390 49.920879 -5.834294
v 23.352390 49.920879 -4.977159
v 23.352390 49.920879 -4.120025
v 23.352390 49.920879 -3.262889
v 23.352390 49.920879 -2.405755
v 23.352390 49.920879 -1.548620
v 23.352390 49.399666 -18.691315
v 23.352390 49.399666 -17.834181
v 23.352390 49.399666 -16.977047
v 23.352390 49.399666 -16.119911
v 23.352390 49.399666 -15.262778
v 23.352390 49.399666 -14.405643
v 23.352390 49.399666 -13.548509
v 23.352390 49.399666 -12.691374
v 23.352390 49.399666 -11.834239
v 23.352390 49.399666 -10.977103
v 23.352390 49.399666 -10.119968
v 23.352390 49.399666 -9.262834
v 23.352390 49.399666 -8.405699
v 23.352390 49.399666 -7.548565
v 23.352390 49.399666 -6.691429
v 23.352390 49.399666 -5.834294
v 23.352390 49.399666 -4.977159
v 23.352390 49.399666 -4.120025
v 23.352390 49.399666 -3.262889
v 23.352390 49.399666 -2.405755
v 23.352390 49.399666 -1.548620
v 23.352390 48.878452 -18.691315
v 23.352390 48.878452 -17.834181
v 23.352390 48.878452 -16.977047
v 23.352390 48.878452 -16.119911
v 23.352390 48.878452 -15.262778
v 23.352390 48.878452 -14.405643
v 23.352390 48.878452 -13.548509
v 23.352390 48.878452 -12.691374
v 23.352390 48.878452 -11.834239
v 23.352390 48.878456 -10.977103
v 23.352390 48.878456 -10.119968
v 23.352390 48.878456 -9.262834
v 23.352390 48.878456 -8.405699
v 23.352390 48.878456 -7.548565
v 23.352390 48.878456 -6.691429
v 23.352390 48.878456 -5.834294
v 23.352390 48.878456 -4.977159
v 23.352390 48.878456 -4.120025
v 23.352390 48.878456 -3.262889
v 23.352390 48.878456 -2.405755
v 23.352390 48.878456 -1.548620
v 23.352390 48.357239 -18.691315
v 23.352390 48.357239 -17.834181
v 23.352390 48.357239 -16.977047
v 23.352390 48.357239 -16.119911
v 23.352390 48.357239 -15.262778
v 23.352390 48.357243 -14.405643
v 23.352390 48.357243 -13.548508
v 23.352390 48.357243 -12.691373
v 23.352390 48.357243 -11.834238
v 23.352390 48.357246 -10.977102
v 23.352390 48.357246 -10.119967
v 23.352390 48.357246 -9.262833
v 23.352390 48.357246 -8.405698
v 23.352390 48.357246 -7.548564
v 23.352390 48.357246 -6.691429
v 23.352390 48.357246 -5.834294
v 23.352390 48.357246 -4.977159
v 23.352390 48.357246 -4.120025
v 23.352390 48.357246 -3.262889
v 23.352390 48.357246 -2.405755
v 23.352390 48.357246 -1.548620
v 23.352390 47.836029 -18.691315
v 23.352390 47.836029 -17.834181
v 23.352390 47.836029 -16.977047
v 23.352390 47.836029 -16.119911
v 23.352390 47.836029 -15.262778
v 23.352390 47.836029 -14.405643
v 23.352390 47.836029 -13.548508
v 23.352390 47.836029 -12.691373
v 23.352390 47.836029 -11.834238
v 23.352390 47.836029 -10.977102
v 23.352390 47.836029 -10.119967
v 23.352390 47.836029 -9.262833
v 23.352390 47.836029 -8.405698
v 23.352390 47.836029 -7.548564
v 23.352390 47.836029 -6.691429
v 23.352390 47.836029 -5.834293
v 23.352390 47.836029 -4.977159
v 23.352390 47.836029 -4.120025
v 23.352390 47.836029 -3.262889
v 23.352390 47.836029 -2.405755
v 23.352390 47.836029 -1.548620
v 23.352390 47.314819 -18.691315
v 23.352390 47.314819 -17.834181
v 23.352390 47.314819 -16.977047
v 23.352390 47.314819 -16.119911
v 23.352390 47.314819 -15.262778
v 23.352390 47.314819 -14.405643
v 23.352390 47.314819 -13.548508
v 23.352390 47.314819 -12.691373
v 23.352390 47.314819 -11.834238
v 23.352390 47.314819 -10.977102
v 23.352390 47.314819 -10.119967
v 23.352390 47.314819 -9.262833
v 23.352390 47.314819 -8.405698
v 23.352390 47.314819 -7.548564
v 23.352390 47.314819 -6.691429
v 23.352390 47.314819 -5.834293
v 23.352390 47.314819 -4.977159
v 23.352390 47.314819 -4.120025
v 23.352390 47.314819 -3.262889
v 23.352390 47.314819 -2.405755
v 23.352390 47.314819 -1.548620
v 23.352390 46.793602 -18.691315
v 23.352390 46.793602 -17.834181
v 23.352390 46.793602 -16.977047
v 23.352390 46.793602 -16.119911
v 23.352390 46.793602 -15.262778
v 23.352390 46.793602 -14.405643
v 23.352390 46.793610 -13.548508
v 23.352390 46.793610 -12.691373
v 23.352390 46.793610 -11.834238
v 23.352390 46.793610 -10.977102
v 23.352390 46.793610 -10.119967
v 23.352390 46.793610 -9.262833
v 23.352390 46.793610 -8.405698
v 23.352390 46.793610 -7.548564
v 23.352390 46.793610 -6.691429
v 23.352390 46.793610 -5.834293
v 23.352390 46.793610 -4.977159
v 23.352390 46.793610 -4.120025
v 23.352390 46.793610 -3.262889
v 23.352390 46.793610 -2.405755
v 23.352390 46.793610 -1.548619
vn 1.0000 -0.0000 -0.0000
vn 0.4072 -0.0000 0.9133
vn 0.4153 -0.4203 0.8068
vn -0.0000 -0.4620 0.8869
vn -0.0000 -0.0000 1.0000
vn -0.0000 -1.0000 -0.0000
vn -0.0000 -0.8423 0.5390
vn 0.4332 -0.7592 0.4858
vn 0.5271 -0.8488 -0.0409
vn -0.0000 -0.7889 -0.6145
vn 0.3465 -0.8218 -0.4523
vn 0.3552 -0.4543 -0.8169
vn -0.0000 -0.4620 -0.8869
vn 0.3552 0.4543 -0.8169
vn -0.0000 0.4620 -0.8869
vn -0.0000 -0.0000 -1.0000
vn 0.5407 -0.0000 -0.8412
vn 0.3465 0.8218 -0.4522
vn -0.0000 0.7889 -0.6145
vn -0.0000 1.0000 -0.0000
vn 0.5271 0.8488 -0.0409
vn 0.3714 0.7968 0.4766
vn -0.0000 0.8423 0.5390
vn -0.0000 0.4620 0.8869
vn 0.4987 0.4318 0.7515
vn -1.0000 -0.0000 -0.0000
vn -1.0000 -0.0001 -0.0000
vn -0.3553 0.4543 0.8170
vn -0.4332 0.7592 0.4858
vn -0.4987 0.4318 -0.7516
vn -0.4072 -0.0000 -0.9133
vn -0.4987 -0.4318 -0.7516
vn -0.3714 -0.7968 -0.4766
vn -0.0000 -0.8423 -0.5390
vn -0.5150 -0.7003 0.4943
vn -0.2725 -0.4445 0.8533
vn 0.3552 -0.4543 0.8170
vn 0.4346 -0.8009 0.4120
vn -0.0000 -0.7889 0.6145
vn -0.0000 -0.3863 -0.9224
vn 0.4168 -0.4868 -0.7677
vn 0.3472 -0.0243 -0.9375
vn -0.0000 0.7889 0.6145
vn 0.4346 0.8009 0.4120
vn 0.3552 0.4543 0.8170
vn 1.0000 -0.0000 0.0001
vn -0.4727 0.3711 0.7993
vn -0.0001 0.5356 0.8445
vn -0.4885 -0.0342 0.8719
vn -0.2857 0.8072 0.5165
vn -0.4429 0.8963 -0.0200
vn -0.0000 0.9951 0.0985
vn -0.0000 0.8423 -0.5390
vn -0.5181 0.7408 -0.4276
vn -0.4153 0.4203 -0.8068
vn -0.4885 -0.0342 -0.8719
vn -0.3552 -0.4543 -0.8170
vn -0.4429 -0.8963 -0.0200
vn -0.0000 -0.9951 0.0985
vn -0.5181 -0.7408 -0.4276
vn -0.2857 -0.8072 0.5165
vn -0.0000 -0.5356 0.8445
vn -0.4147 -0.4050 0.8148
vn -1.0000 -0.0000 -0.0001
vn 0.5406 -0.0000 0.8413
vn 0.3465 0.8218 -0.4523
vn 0.4757 0.4418 -0.7606
vn -0.0000 0.3863 -0.9224
vn -0.5406 -0.0000 0.8413
vn -0.4413 -0.8930 0.0884
vn -0.0000 -0.9951 -0.0985
vn -0.3714 0.7968 -0.4766
vn -0.0000 0.9951 -0.0985
vn -0.4413 0.8930 0.0884
vn -0.4086 -0.7395 0.5349
vn -0.3298 -0.3718 0.8678
vn -0.0431 -0.5348 0.8439
vn -0.0718 -0.8868 0.4566
vn -0.0861 -0.8673 -0.4903
vn -0.4086 -0.7395 -0.5349
vn -0.3509 -0.9364 -0.0000
vn -0.0646 -0.9962 -0.0583
vn -0.0064 0.0016 -1.0000
vn -0.2462 0.0685 -0.9668
vn -0.3297 -0.3718 -0.8678
vn -0.0368 -0.4939 -0.8688
vn 0.0636 0.7871 -0.6135
vn -0.1276 0.8538 -0.5047
vn -0.1760 0.5028 -0.8463
vn 0.0374 0.4153 -0.9089
vn 0.0923 0.9949 -0.0417
vn -0.2009 0.9796 -0.0000
vn -0.1276 0.8538 0.5047
vn 0.0550 0.8192 0.5708
vn 0.0374 0.4153 0.9089
vn -0.1761 0.5028 0.8463
vn 0.0687 -0.8258 0.5598
vn 0.0646 -0.9962 0.0583
vn 0.0615 -0.8622 -0.5028
vn 0.0516 -0.5037 -0.8623
vn -0.0268 0.4307 -0.9021
vn 0.0065 -0.0803 -0.9967
vn -0.0645 0.8401 -0.5386
vn -0.0923 0.9949 0.0417
vn -0.0768 0.8071 0.5853
vn -0.0271 0.4772 0.8784
vn -0.0055 -0.0338 0.9994
vn -0.0061 0.0318 0.9995
vn 0.0308 -0.4148 0.9094
vn 0.0879 0.5157 0.8522
vn -0.0066 0.0527 0.9986
vn 0.1761 0.5028 -0.8463
vn 0.1276 0.8538 -0.5047
vn 0.3298 -0.3718 -0.8678
vn 0.2462 0.0684 -0.9668
vn 0.3509 -0.9364 -0.0000
vn 0.4028 -0.7057 0.5829
vn 0.0411 -0.3320 0.9424
vn 0.4086 -0.7395 -0.5349
vn 0.2009 0.9796 -0.0000
vn 0.1276 0.8538 0.5047
vn -0.2462 0.0684 0.9668
vn 0.1285 0.8449 0.5192
vn 0.1773 0.4904 0.8533
vn 0.0179 0.9998 -0.0000
vn 0.1285 0.8449 -0.5192
vn 0.2474 0.0563 -0.9673
vn 0.1773 0.4904 -0.8533
vn 0.4092 -0.7459 -0.5255
vn 0.3307 -0.3820 -0.8630
vn 0.5324 -0.8465 -0.0000
vn 0.2795 0.9513 0.1300
vn 0.4357 0.6292 -0.6436
vn 0.4326 0.7703 -0.4685
vn 0.2200 -0.5234 0.8232
vn 0.3608 -0.7960 0.4860
vn 0.3922 -0.0023 -0.9199
vn 0.3586 -0.1928 -0.9134
vn 0.2101 -0.6851 -0.6974
vn 0.1223 0.0216 0.9923
vn -0.0984 0.4479 0.8886
vn -0.0234 -0.0058 0.9997
vn -0.7687 0.1967 0.6086
vn -0.1612 0.8245 0.5424
vn -0.1950 0.8658 0.4609
vn 0.1100 -0.8342 0.5404
vn 0.1436 -0.9896 -0.0000
vn -0.5957 -0.6908 0.4099
vn 0.0500 -0.4590 0.8870
vn -0.6316 -0.4366 0.6407
vn -0.7778 -0.1498 0.6105
vn -0.3325 -0.9431 -0.0000
vn -0.9684 -0.2493 -0.0000
vn -0.9684 -0.2493 -0.0001
vn -0.7687 0.1967 -0.6086
vn -0.7777 -0.1498 -0.6105
vn -0.6315 -0.4366 -0.6407
vn -0.5824 -0.5424 -0.6055
vn -0.5957 -0.6908 -0.4099
vn -0.7716 -0.6361 -0.0000
vn -0.5527 -0.7710 -0.3164
vn -0.5527 -0.7710 0.3164
vn -0.5824 -0.5424 0.6055
vn -0.1941 0.0324 0.9805
vn -0.1649 -0.0382 0.9856
vn -0.2454 0.4088 0.8790
vn -0.2767 0.4737 0.8361
vn 0.2242 0.7844 0.5783
vn 0.3359 0.4222 0.8420
vn -0.3483 0.8192 0.4557
vn -0.0908 0.7832 0.6151
vn -0.3188 0.7810 0.5370
vn -0.0279 0.3870 0.9216
vn -0.4243 0.9055 -0.0000
vn -0.3728 0.9279 -0.0000
vn -0.3187 0.7810 -0.5370
vn -0.3483 0.8192 -0.4557
vn -0.2453 0.4088 -0.8791
vn -0.2766 0.4737 -0.8361
vn -0.1940 0.0324 -0.9805
vn 0.2927 -0.0511 -0.9548
vn 0.3330 0.3630 -0.8702
vn -0.1648 -0.0382 -0.9856
vn -0.0279 0.3870 -0.9216
vn 0.0463 -0.0702 -0.9965
vn -0.0935 -0.4822 -0.8711
vn -0.1210 -0.4167 -0.9009
vn -0.0671 -0.8004 -0.5957
vn 0.4460 -0.7605 -0.4718
vn 0.4061 -0.4317 -0.8054
vn -0.0408 -0.8468 -0.5303
vn 0.0543 -0.9985 -0.0000
vn -0.0425 -0.9991 -0.0000
vn -0.0409 -0.8468 0.5303
vn -0.0671 -0.8004 0.5957
vn 0.4071 -0.4875 0.7724
vn 0.3860 -0.8063 0.4482
vn -0.1211 -0.4167 0.9009
vn -0.0936 -0.4822 0.8711
vn 0.4154 -0.0368 0.9089
vn 0.0463 -0.0702 0.9965
vn 0.5561 -0.8311 -0.0000
vn -0.0908 0.7832 -0.6151
vn 0.3170 0.7466 -0.5849
vn -0.1234 0.9924 -0.0000
vn 0.3139 0.9495 -0.0000
vn 0.2642 0.4054 0.8751
vn -0.1122 -0.0001 0.9937
vn -0.0233 0.9977 0.0638
vn 0.2357 0.7945 0.5597
vn 0.1300 0.8817 -0.4535
vn 0.0195 0.4903 -0.8713
vn 0.0195 -0.4903 -0.8713
vn 0.3477 -0.0000 -0.9376
vn -0.0233 -0.9977 0.0638
vn 0.1300 -0.8817 -0.4535
vn 0.2357 -0.7945 0.5597
vn 0.2642 -0.4054 0.8751
vn 0.0755 0.4860 0.8707
vn 0.2062 0.8702 0.4476
vn 0.0736 -0.0274 -0.9969
vn 0.3570 0.3957 -0.8461
vn 0.2029 -0.7725 -0.6018
vn 0.1955 -0.4531 -0.8698
vn 0.0755 -0.4860 0.8707
vn 0.2062 -0.8702 0.4476
vn 0.4493 -0.0000 0.8934
vn 0.2099 -0.9730 -0.0963
vn 0.2029 0.7725 -0.6017
vn 0.2099 0.9730 -0.0963
vn 0.7867 0.2384 0.5694
vn 0.7829 -0.0000 0.6222
vn 0.8113 0.5818 0.0576
vn 0.8013 0.4719 0.3677
vn 0.8060 0.5264 -0.2707
vn 0.7912 0.3276 -0.5165
vn 0.7900 -0.2833 -0.5437
vn 0.7819 0.0501 -0.6214
vn 0.8113 -0.5818 0.0576
vn 0.8060 -0.5264 -0.2707
vn 0.8013 -0.4719 0.3677
vn 0.7867 -0.2384 0.5694
vn 0.0599 0.5346 0.8430
vn -0.5887 0.3122 0.7456
vn -0.6078 0.6265 0.4880
vn 0.0631 0.8875 0.4565
vn 0.0591 0.3856 -0.9208
vn -0.5944 0.4307 -0.6791
vn -0.5837 -0.0000 -0.8119
vn 0.2184 -0.0451 -0.9748
vn -0.5944 -0.4307 -0.6791
vn -0.6141 -0.7018 -0.3610
vn 0.0621 -0.7874 -0.6133
vn -0.1049 -0.4125 -0.9049
vn -0.6078 -0.6264 0.4880
vn -0.5887 -0.3122 0.7456
vn 0.0599 -0.5346 0.8430
vn 0.0631 -0.8875 0.4565
vn -0.5838 -0.0000 0.8119
vn 0.0583 -0.0000 0.9983
vn -0.6213 -0.7797 0.0772
vn 0.0643 -0.9931 -0.0983
vn 0.0621 0.7874 -0.6134
vn -0.6141 0.7018 -0.3610
vn 0.0643 0.9931 -0.0983
vn -0.6213 0.7797 0.0772
vn 0.6835 0.2820 0.6733
vn 0.6788 -0.0000 0.7343
vn 0.7139 0.6968 0.0690
vn 0.7014 0.5623 0.4380
vn 0.7073 0.6286 -0.3234
vn 0.6889 0.3882 -0.6121
vn 0.6875 -0.3355 -0.6440
vn 0.6776 0.0590 -0.7330
vn 0.7139 -0.6968 0.0689
vn 0.7073 -0.6286 -0.3234
vn 0.7014 -0.5623 0.4380
vn 0.6835 -0.2820 0.6733
vn -0.7624 0.2990 0.5739
vn -0.7784 0.5287 0.3383
vn -0.7624 0.2990 -0.5739
vn -0.7537 0.0528 -0.6551
vn -0.7588 -0.2516 -0.6007
vn -0.7745 -0.4990 -0.3887
vn -0.7784 -0.5287 0.3383
vn -0.7589 -0.2516 0.6007
vn -0.7537 0.0528 0.6551
vn -0.7854 -0.6160 -0.0610
vn -0.7745 0.4990 -0.3887
vn -0.7854 0.6160 -0.0610
vn -0.0984 0.4479 -0.8887
vn -0.1616 0.8245 -0.5422
vn -0.0238 -0.0058 -0.9997
vn 0.0503 -0.4590 -0.8870
vn 0.1100 -0.8342 -0.5404
vn -0.1949 0.8658 -0.4609
vn -0.1968 0.9804 -0.0000
vn -0.2145 0.9767 -0.0000
vn 0.7547 -0.0000 0.6560
vn 0.7588 -0.2516 0.6007
vn 0.7746 -0.4990 0.3887
vn 0.7854 -0.6160 0.0610
vn 0.7785 -0.5287 -0.3383
vn 0.7589 -0.2516 -0.6007
vn 0.7537 0.0528 -0.6551
vn 0.7624 0.2990 -0.5739
vn 0.7785 0.5287 -0.3383
vn 0.7854 0.6160 0.0609
vn 0.7746 0.4990 0.3887
vn 0.7589 0.2516 0.6007
vn -0.7014 -0.5623 0.4380
vn -0.6835 -0.2820 0.6733
vn -0.0600 -0.5346 0.8430
vn -0.0631 -0.8875 0.4565
vn -0.7059 -0.5967 -0.3818
vn -0.7139 -0.6968 0.0689
vn -0.0643 -0.9931 -0.0983
vn 0.1103 -0.8046 -0.5835
vn -0.1735 -0.0361 -0.9842
vn -0.6788 -0.0000 -0.7343
vn -0.6835 -0.2820 -0.6733
vn -0.2243 -0.4917 -0.8414
vn 0.0591 0.4911 0.8691
vn -0.6835 0.2820 0.6733
vn -0.7059 0.5967 0.3818
vn 0.1114 0.8671 0.4855
vn -0.1736 -0.0361 0.9842
vn -0.6788 -0.0000 0.7343
vn -0.7156 0.6985 -0.0000
vn -0.1916 0.9805 -0.0442
vn -0.7059 0.5967 -0.3818
vn 0.1103 0.8046 -0.5835
vn -0.6835 0.2820 -0.6733
vn -0.0597 0.4571 -0.8874
vn 0.5825 0.0653 0.8102
vn 0.5887 -0.3122 0.7456
vn 0.6078 -0.6264 0.4880
vn 0.6214 -0.7797 0.0772
vn 0.6141 -0.7018 -0.3610
vn 0.5929 -0.3720 -0.7142
vn 0.5826 0.0653 -0.8102
vn 0.5945 0.4307 -0.6791
vn 0.6141 0.7018 -0.3610
vn 0.6214 0.7797 0.0772
vn 0.6078 0.6264 0.4880
vn 0.5929 0.3720 0.7142
vn -0.8013 -0.4720 0.3677
vn -0.7867 -0.2384 0.5694
vn -0.1963 -0.5252 0.8281
vn -0.3758 -0.8036 0.4616
vn -0.8060 -0.5264 -0.2708
vn -0.8113 -0.5818 0.0576
vn -0.2109 -0.9774 0.0177
vn -0.0790 -0.8222 -0.5637
vn -0.3508 -0.0383 -0.9357
vn -0.7818 0.0501 -0.6215
vn -0.7900 -0.2833 -0.5438
vn -0.0276 -0.4101 -0.9116
vn -0.1963 0.5252 0.8280
vn -0.7867 0.2384 0.5694
vn -0.8013 0.4720 0.3677
vn -0.3757 0.8036 0.4616
vn -0.1911 -0.0000 0.9816
vn -0.7829 -0.0000 0.6222
vn -0.8113 0.5818 0.0576
vn -0.0815 0.9961 -0.0336
vn -0.8060 0.5264 -0.2708
vn -0.2029 0.7725 -0.6018
vn -0.7912 0.3276 -0.5165
vn -0.1934 0.3790 -0.9050
vn -0.3477 -0.0000 0.9376
vn -0.1230 -0.4512 0.8839
vn -0.0205 -0.8609 0.5084
vn 0.0233 -0.9977 -0.0638
vn -0.2793 -0.8346 -0.4749
vn -0.1236 -0.5315 -0.8380
vn -0.1202 -0.0000 -0.9928
vn -0.1236 0.5315 -0.8380
vn -0.1300 0.8817 -0.4535
vn -0.1330 0.9911 -0.0000
vn -0.1295 0.8352 0.5344
vn 0.0214 0.4131 0.9104
vn -0.4461 -0.7605 0.4718
vn -0.4061 -0.4317 0.8054
vn -0.5561 -0.8311 -0.0000
vn -0.4460 -0.7605 -0.4719
vn -0.4061 -0.4317 -0.8054
vn -0.2927 -0.0511 -0.9548
vn -0.3927 0.3884 0.8336
vn -0.2242 0.7844 0.5783
vn -0.2927 -0.0511 0.9548
vn -0.3139 0.9495 -0.0000
vn -0.3170 0.7466 -0.5849
vn -0.3330 0.3630 -0.8703
vn 0.0935 -0.4822 0.8711
vn 0.1648 -0.0382 0.9856
vn -0.0463 -0.0702 0.9965
vn 0.5823 -0.5424 0.6055
vn 0.1210 -0.4167 0.9009
vn 0.1940 0.0324 0.9805
vn 0.0408 -0.8468 0.5303
vn 0.0671 -0.8004 0.5957
vn -0.0543 -0.9985 -0.0000
vn 0.5527 -0.7710 0.3164
vn 0.7716 -0.6361 -0.0000
vn 0.0425 -0.9991 -0.0000
vn 0.0409 -0.8468 -0.5303
vn 0.0671 -0.8004 -0.5957
vn 0.5824 -0.5424 -0.6055
vn 0.0936 -0.4822 -0.8711
vn 0.5527 -0.7710 -0.3164
vn 0.1211 -0.4167 -0.9009
vn 0.1648 -0.0382 -0.9856
vn 0.1940 0.0324 -0.9805
vn 0.0279 0.3870 -0.9216
vn 0.2453 0.4088 -0.8790
vn -0.0463 -0.0702 -0.9965
vn 0.2767 0.4737 -0.8361
vn 0.0908 0.7832 -0.6151
vn 0.3188 0.7810 -0.5370
vn 0.3483 0.8192 -0.4557
vn 0.1234 0.9924 -0.0000
vn 0.4243 0.9055 -0.0000
vn 0.3728 0.9279 -0.0000
vn 0.3188 0.7810 0.5370
vn 0.0908 0.7832 0.6151
vn 0.3483 0.8192 0.4557
vn 0.2453 0.4088 0.8790
vn 0.2766 0.4737 0.8361
vn 0.0279 0.3870 0.9216
vn 0.6316 -0.4366 0.6407
vn 0.5957 -0.6908 0.4099
vn 0.3325 -0.9431 -0.0000
vn 0.5957 -0.6908 -0.4099
vn 0.6315 -0.4366 -0.6407
vn 0.7778 -0.1498 -0.6105
vn 0.9684 -0.2493 -0.0000
vn 0.7687 0.1967 0.6087
vn 0.7777 -0.1498 0.6105
vn 0.7687 0.1967 -0.6086
vn 0.0234 -0.0059 0.9997
vn -0.0500 -0.4590 0.8870
vn -0.1100 -0.8342 0.5404
vn -0.3307 -0.3820 0.8630
vn -0.4092 -0.7459 0.5255
vn -0.1436 -0.9896 -0.0000
vn -0.1285 0.8449 0.5192
vn -0.1773 0.4904 0.8533
vn 0.0984 0.4479 0.8887
vn 0.1616 0.8245 0.5422
vn -0.2474 0.0563 0.9673
vn 0.1949 0.8658 0.4609
vn -0.5324 -0.8465 -0.0000
vn -0.3307 -0.3820 -0.8630
vn -0.4092 -0.7459 -0.5255
vn -0.1773 0.4904 -0.8533
vn -0.2473 0.0563 -0.9673
vn -0.0179 0.9998 -0.0000
vn -0.1285 0.8449 -0.5192
vn 0.1968 0.9804 -0.0000
vn 0.2145 0.9767 -0.0000
vn 0.1616 0.8245 -0.5422
vn 0.1950 0.8658 -0.4609
vn -0.1104 -0.8342 -0.5403
vn -0.0503 -0.4591 -0.8870
vn 0.0237 -0.0058 -0.9997
vn 0.0980 0.4478 -0.8888
vn -0.0065 0.0016 1.0000
vn -0.0369 -0.4939 0.8688
vn -0.0809 -0.9967 -0.0000
vn -0.4087 -0.7395 0.5349
vn -0.0516 -0.5037 -0.8623
vn -0.0615 -0.8622 -0.5028
vn -0.2462 0.0684 -0.9668
vn -0.0055 -0.0338 -0.9994
vn 0.0375 0.4153 -0.9089
vn 0.0314 0.4624 0.8861
vn 0.0516 -0.5037 0.8623
vn 0.0715 -0.8402 0.5375
vn 0.0539 -0.9985 -0.0000
vn 0.0861 -0.8673 -0.4903
vn 0.0369 -0.4939 -0.8688
vn 0.0078 -0.0473 -0.9988
vn -0.0768 0.8071 -0.5854
vn 0.0550 0.8192 -0.5708
vn 0.0645 0.8401 0.5386
vn 0.1078 0.9942 -0.0000
vn -0.0809 0.9967 -0.0000
vn -0.0636 0.7871 0.6135
vn -0.0310 0.3859 0.9220
vn 0.0064 -0.0803 0.9967
vn 0.1760 0.5028 0.8463
vn 0.4087 -0.7395 -0.5349
vn 0.3297 -0.3718 0.8678
vn 0.4086 -0.7395 0.5349
vn 0.2462 0.0684 0.9668
vn 0.2473 0.0563 0.9673
vn 0.3306 -0.3820 -0.8630
vn 0.4092 -0.7459 0.5255
vn 0.3307 -0.3820 0.8630
vn -0.7777 -0.1498 0.6105
vn -0.0234 -0.0059 0.9997
vn -0.1616 0.8245 0.5422
vn 0.0503 -0.4591 0.8870
vn -0.7687 0.1967 -0.6087
vn -0.6315 -0.4366 -0.6408
vn 0.3359 0.4223 0.8420
vn -0.1940 0.0324 0.9805
vn -0.2453 0.4088 0.8790
vn 0.2417 0.9698 -0.0338
vn 0.3203 0.7886 0.5249
vn 0.2518 0.3962 -0.8830
vn -0.2453 0.4088 -0.8790
vn 0.3652 -0.0117 -0.9309
vn -0.0935 -0.4821 -0.8711
vn -0.0670 -0.8004 -0.5957
vn 0.5187 -0.8538 -0.0439
vn 0.4890 -0.7559 0.4353
vn -0.0935 -0.4822 0.8711
vn 0.3420 -0.4792 0.8083
vn 0.0204 0.8224 0.5685
vn 0.0190 -0.0307 -0.9993
vn 0.3551 0.4319 -0.8291
vn 0.0205 -0.8609 -0.5084
vn 0.2663 -0.4848 -0.8331
vn 0.3550 -0.4319 0.8291
vn -0.1208 -0.8362 0.5350
vn -0.1122 -0.0000 0.9937
vn 0.2853 -0.9570 0.0523
vn 0.0206 0.8609 -0.5084
vn 0.2853 0.9570 0.0523
vn 0.0815 0.9961 -0.0336
vn 0.3757 0.8036 0.4617
vn 0.3730 0.7570 -0.5365
vn -0.0797 0.4605 -0.8841
vn -0.0797 -0.4605 -0.8841
vn 0.4494 -0.0000 -0.8933
vn 0.0815 -0.9961 -0.0336
vn 0.3730 -0.7570 -0.5365
vn 0.3757 -0.8036 0.4616
vn 0.8013 0.4720 0.3677
vn 0.7829 -0.0000 -0.6221
vn 0.7900 0.2833 -0.5437
vn 0.8060 -0.5263 -0.2707
vn 0.8013 -0.4720 0.3677
vn -0.6078 0.6264 0.4880
vn -0.6214 0.7797 0.0771
vn -0.1103 0.8046 -0.5835
vn -0.5929 0.3720 -0.7142
vn 0.3258 0.4368 -0.8385
vn -0.0576 -0.0323 -0.9978
vn -0.5838 -0.0000 -0.8119
vn -0.5929 -0.3720 -0.7142
vn 0.0597 -0.4612 -0.8853
vn -0.6214 -0.7797 0.0772
vn 0.6777 0.0591 -0.7330
vn 0.6875 0.3355 -0.6440
vn 0.7014 -0.5623 0.4381
vn 0.7139 -0.6968 0.0690
vn 0.7059 0.5967 -0.3818
vn -0.7547 -0.0000 0.6560
vn -0.7589 0.2516 0.6007
vn -0.7589 0.2515 -0.6007
vn -0.7547 -0.0000 -0.6561
vn -0.7589 -0.2516 -0.6007
vn -0.7797 -0.5568 0.2865
vn -0.7624 -0.2990 0.5739
vn -0.0234 -0.0059 -0.9997
vn 0.7624 -0.2990 0.5739
vn 0.7784 -0.5287 0.3383
vn 0.7548 -0.0000 -0.6560
vn 0.7745 0.4990 0.3887
vn 0.7589 0.2515 0.6007
vn 0.7547 -0.0000 0.6561
vn 0.7589 0.2516 -0.6007
vn -0.0583 -0.0000 0.9983
vn -0.2243 -0.4917 0.8414
vn -0.1916 -0.9805 -0.0442
vn -0.7156 -0.6985 -0.0000
vn -0.7059 -0.5967 0.3818
vn 0.2206 -0.8216 0.5257
vn -0.2242 -0.4917 -0.8414
vn -0.3258 0.4368 -0.8385
vn -0.6875 0.3355 -0.6441
vn -0.6776 0.0591 -0.7330
vn 0.0576 -0.0323 -0.9978
vn 0.1115 0.8671 0.4855
vn -0.0600 0.5346 0.8430
vn 0.5929 -0.3720 0.7142
vn 0.6126 -0.6658 0.4260
vn 0.5930 -0.3720 -0.7141
vn 0.5838 -0.0000 -0.8119
vn 0.5887 0.3122 0.7456
vn 0.5838 -0.0000 0.8119
vn 0.5930 0.3720 -0.7141
vn -0.4494 -0.0000 0.8934
vn -0.0756 -0.4860 0.8707
vn -0.8013 -0.4720 0.3676
vn -0.0815 -0.9961 -0.0336
vn -0.0755 -0.4860 -0.8707
vn -0.7867 -0.2384 -0.5694
vn -0.8049 -0.4999 -0.3199
vn -0.2053 -0.8244 -0.5275
vn -0.1955 0.4531 -0.8698
vn -0.7900 0.2833 -0.5438
vn -0.7819 0.0501 -0.6214
vn -0.8049 0.4999 -0.3199
vn -0.2053 0.8244 -0.5275
vn -0.3758 0.8036 0.4616
vn -0.0755 0.4860 0.8707
vn -0.3551 -0.4319 0.8291
vn -0.0206 -0.8609 0.5084
vn -0.1330 -0.9911 -0.0000
vn -0.0205 -0.8609 -0.5084
vn -0.2663 -0.4848 -0.8331
vn -0.1202 -0.0000 -0.9927
vn -0.0206 0.8609 0.5084
vn -0.3551 0.4319 0.8291
vn 0.1121 -0.0000 0.9937
vn -0.1294 0.8352 -0.5345
vn -0.1231 0.4585 -0.8801
vn -0.4155 -0.0368 0.9089
vn -0.3421 -0.4792 0.8083
vn -0.4460 -0.7605 0.4718
vn -0.4461 -0.7605 -0.4719
vn -0.3926 0.3884 -0.8337
vn -0.2242 0.7844 -0.5783
vn -0.3170 0.7466 0.5849
vn -0.2518 0.3962 0.8830
vn 0.0671 -0.8005 -0.5956
vn 0.0935 -0.4822 -0.8711
vn 0.1649 -0.0382 -0.9856
vn 0.3187 0.7810 0.5370
vn 0.6315 -0.4366 0.6407
vn 0.7777 -0.1498 -0.6105
vn 0.9684 -0.2493 0.0001
vn -0.0503 -0.4591 0.8870
vn 0.0238 -0.0058 0.9997
vn -0.1101 -0.8342 0.5404
vn 0.0981 0.4478 0.8887
vn -0.2473 0.0562 -0.9673
vn 0.1612 0.8245 -0.5424
vn -0.0500 -0.4590 -0.8870
vn 0.0984 0.4479 -0.8887
vn -0.0542 -0.0000 -0.9985
vn -0.4268 -0.0000 -0.9044
vn -0.7780 0.3427 -0.5266
vn -0.2352 0.9032 -0.3590
vn 0.1774 -0.0000 0.9841
vn -0.7729 0.3476 -0.5308
vn -0.2981 0.8063 -0.5109
vn 0.9997 -0.0000 0.0237
vn 0.5573 -0.0016 0.8303
vn 0.4110 -0.0000 0.9117
vn -0.3493 0.9370 0.0013
vn 0.2181 0.9071 0.3601
vn 0.2827 0.9592 0.0064
vn -0.4653 0.8851 -0.0040
vn -0.9120 0.4103 0.0014
vn -0.9494 0.3141 -0.0000
vn 0.8814 0.4723 0.0012
vn 0.9638 0.2667 -0.0000
vn -0.1470 -0.0000 0.9891
vn -0.9196 -0.0000 -0.3929
vn -0.8328 0.5536 -0.0000
vn -0.9269 -0.0000 -0.3754
vn 0.2920 -0.0000 0.9564
vn 0.1469 -0.0000 0.9891
vn 0.4191 -0.0000 0.9080
vn 0.4190 -0.0000 0.9080
vn -0.9097 0.4153 -0.0000
vn -0.9098 0.4150 -0.0001
vn -0.4571 0.8894 0.0005
vn -0.2383 0.9712 -0.0000
vn 0.9997 -0.0000 0.0231
vn 0.9092 0.4158 0.0210
vn 0.7777 0.3433 0.5266
vn 0.4452 -0.0000 0.8954
vn 0.2352 0.9032 0.3590
vn 0.4549 0.8905 0.0109
vn 0.1927 -0.0000 0.9813
vn -0.1240 -0.0000 0.9923
vn 0.9397 -0.0000 0.3420
vn 0.9472 -0.0000 0.3208
vn -0.9314 -0.0000 -0.3641
vn -0.8441 -0.0000 -0.5362
vn -0.9815 -0.0000 0.1916
vn -0.7384 -0.0000 0.6743
vn 0.3179 -0.0000 0.9481
vn 0.2827 0.9592 -0.0064
vn 0.9634 0.2670 -0.0227
vn 0.6400 0.4257 -0.6397
vn 0.1569 0.6325 -0.7585
vn -0.6600 0.4176 0.6245
vn -0.1955 0.6292 0.7523
vn -0.4549 0.8905 0.0108
vn -0.9634 0.2670 0.0222
vn 0.1240 -0.0000 0.9923
vn -0.1927 -0.0000 0.9813
vn 0.7384 -0.0000 0.6743
vn 0.9815 -0.0000 0.1917
vn 0.8441 -0.0000 -0.5361
vn 0.9314 -0.0000 -0.3640
vn 0.2601 -0.0000 -0.9656
vn 0.2732 -0.0000 -0.9620
vn 0.3890 -0.0000 -0.9212
vn -0.4571 0.8894 -0.0006
vn -0.9639 0.2661 -0.0000
vn -0.8326 0.5539 -0.0000
vn 0.5919 -0.0000 -0.8060
vn 0.6590 0.4174 -0.6257
vn 0.9634 0.2670 -0.0222
vn 0.9997 -0.0000 -0.0230
vn 0.1954 0.6292 -0.7523
vn 0.4549 0.8905 -0.0108
vn 0.6551 -0.0000 -0.7555
vn 0.9837 -0.0000 -0.1797
vn 0.0805 -0.0000 -0.9968
vn -0.1770 -0.0000 -0.9842
vn -0.9815 -0.0000 -0.1917
vn -0.7384 -0.0000 -0.6744
vn -0.9181 -0.0000 0.3963
vn -0.8029 -0.0000 0.5961
vn 0.5260 -0.0000 -0.8505
vn 0.7652 0.3498 0.5405
vn 0.9092 0.4158 0.0215
vn -0.4549 0.8905 -0.0109
vn -0.9092 0.4158 -0.0210
vn 0.7384 -0.0000 -0.6744
vn 0.9815 -0.0000 -0.1916
vn 0.1771 -0.0000 -0.9842
vn -0.0804 -0.0000 -0.9968
vn 0.4604 -0.0000 0.8877
vn 0.8029 -0.0000 0.5962
vn 0.9181 -0.0000 0.3963
vn -0.3890 -0.0000 -0.9212
vn -0.2993 -0.0000 -0.9542
vn 0.2383 0.9712 -0.0000
vn 0.4571 0.8894 -0.0005
vn -0.9997 -0.0000 -0.0231
vn 0.9097 0.4153 -0.0000
vn 0.9098 0.4150 0.0001
vn -0.2322 -0.0000 0.9727
vn -0.2449 -0.0000 0.9696
vn -0.6400 0.4257 0.6396
vn -0.1569 0.6325 0.7585
vn -0.2827 0.9592 0.0064
vn -0.9634 0.2670 0.0227
vn -0.5655 0.0001 0.8248
vn -0.6032 -0.0000 0.7976
vn -0.4191 -0.0000 0.9079
vn -0.7477 -0.0000 0.6640
vn -0.9877 -0.0000 0.1565
vn 0.4571 0.8894 0.0005
vn -0.9997 -0.0000 0.0230
vn 0.9639 0.2662 -0.0000
vn 0.8326 0.5539 -0.0000
vn -0.5191 -0.0000 -0.8547
vn -0.1973 -0.0000 -0.9804
vn -0.2827 0.9592 -0.0064
vn -0.2181 0.9071 -0.3601
vn -0.7663 0.3474 -0.5405
vn -0.9092 0.4158 -0.0215
vn -0.3492 0.9370 -0.0000
vn 0.9493 0.3142 -0.0000
vn 0.6459 0.4207 -0.6371
vn -0.2920 -0.0000 0.9564
vn 0.0543 -0.0000 -0.9985
vn 0.1761 0.4602 -0.8702
vn -0.8668 0.0001 0.4986
vn -0.6644 -0.0000 0.7474
vn -0.9997 -0.0000 0.0236
vn 0.2833 0.9590 -0.0004
vn 0.4651 0.8853 0.0044
vn 0.4554 0.8903 -0.0000
vn -0.6459 0.4207 0.6371
vn -0.9493 0.3142 0.0015
vn -0.8814 0.4723 -0.0012
vn -0.9638 0.2667 -0.0000
vn 0.2174 -0.0000 -0.9761
vn 0.4282 -0.0000 -0.9037
vn -0.0543 -0.0000 0.9985
vn -0.0543 -0.0001 0.9985
vn -0.1762 0.4602 0.8701
vn 0.6644 -0.0000 -0.7474
vn 0.9997 -0.0000 -0.0236
vn 0.8668 -0.0001 -0.4986
vn -0.4554 0.8903 -0.0000
vn -0.2834 0.9590 -0.0067
vn -0.4651 0.8852 -0.0044
vn 0.9119 0.4103 -0.0014
vn 0.9494 0.3141 -0.0007
vn 0.8328 0.5536 -0.0000
vn 0.7729 0.3476 0.5308
vn -0.2173 -0.0000 -0.9761
vn -0.4282 -0.0000 -0.9037
vn 0.0542 -0.0000 0.9985
vn 0.2981 0.8063 0.5109
vn -0.9997 -0.0000 -0.0236
vn -0.5573 -0.0016 -0.8303
vn -0.4110 -0.0000 -0.9117
vn 0.3493 0.9370 -0.0013
vn 0.4653 0.8851 0.0040
vn 0.3492 0.9370 -0.0000
vn -0.3369 0.8905 -0.3056
vn -0.3251 0.7486 0.5779
vn 0.6012 0.5045 0.6197
vn -0.4094 -0.0000 -0.9123
vn -0.5050 0.1715 -0.8459
vn -0.0616 -0.0000 -0.9981
vn 0.9225 0.3860 0.0001
vn 0.9224 0.3862 -0.0000
vn -0.3813 0.3307 0.8633
vn 0.4545 -0.0000 0.8907
vn 0.9998 -0.0000 0.0208
vn 0.9220 0.3866 0.0192
vn 0.7797 0.3277 0.5336
vn 0.6653 -0.0000 0.7465
vn -0.3791 0.9254 -0.0000
vn 0.2024 0.7610 0.6164
vn -0.3792 0.9253 0.0013
vn -0.9246 0.3810 0.0013
vn -0.5037 0.8639 -0.0014
vn -0.9568 0.2909 -0.0000
vn -0.1911 -0.9788 0.0733
vn -0.1240 -0.9923 -0.0002
vn -0.2252 -0.9703 0.0886
vn -0.1830 -0.9712 0.1526
vn 0.8619 -0.0009 0.5071
vn 0.9713 0.1610 0.1751
vn 0.1769 0.0009 0.9842
vn 0.3520 0.8228 0.4462
vn -0.9805 0.1330 0.1449
vn -0.8951 0.3695 -0.2496
vn 0.4006 0.3991 -0.8248
vn 0.1247 -0.9922 -0.0002
vn 0.1921 -0.9786 0.0737
vn 0.1149 -0.9886 -0.0972
vn 0.0764 -0.9648 -0.2517
vn 0.1666 -0.9860 0.0034
vn 0.2332 -0.9559 -0.1783
vn 0.2264 -0.9700 0.0890
vn 0.1838 -0.9709 0.1533
vn -0.7463 -0.0000 0.6656
vn -0.8564 0.5163 -0.0000
vn -0.6816 0.2787 -0.6766
vn -0.2578 -0.0000 0.9662
vn -0.7801 0.3267 -0.5336
vn -0.9220 0.3867 -0.0192
vn -0.3065 0.9518 -0.0062
vn -0.2024 0.7610 -0.6164
vn 0.4936 0.8696 0.0104
vn 0.2369 0.7560 0.6103
vn 0.7944 0.3173 0.5180
vn 0.9221 0.3866 0.0187
vn -0.7390 -0.0000 0.6737
vn -0.9813 -0.0000 0.1926
vn -0.3388 0.3900 0.8562
vn -0.4687 -0.0000 0.8833
vn -0.6080 0.5064 -0.6114
vn -0.9161 0.0004 -0.4009
vn -0.4624 -0.0000 -0.8866
vn 0.3798 0.3337 -0.8628
vn -0.3574 0.7843 0.5070
vn -0.3770 -0.0000 0.9262
vn 0.4961 0.8683 0.0006
vn 0.9689 0.2475 -0.0000
vn 0.8562 0.5166 -0.0000
vn 0.2579 0.9662 -0.0000
vn -0.6391 0.1522 0.7539
vn -0.5741 0.3199 0.7537
vn -0.9685 0.2482 0.0196
vn -0.1698 0.2915 -0.9414
vn -0.2369 0.7560 0.6103
vn -0.4936 0.8696 0.0103
vn 0.2973 0.4841 0.8230
vn 0.4666 -0.0000 0.8845
vn 0.4827 -0.0000 0.8758
vn -0.9290 0.2972 0.2207
vn 0.9813 -0.0000 0.1927
vn 0.7390 -0.0000 0.6737
vn 0.7255 0.4184 -0.5464
vn 0.8640 -0.0000 -0.5035
vn -0.5227 -0.0007 0.8525
vn -0.5419 0.3297 0.7731
vn -0.2025 0.7610 0.6164
vn -0.3065 0.9518 0.0061
vn -0.9685 0.2482 0.0201
vn 0.5741 0.3217 -0.7529
vn 0.2369 0.7559 -0.6103
vn 0.4936 0.8696 -0.0103
vn 0.9685 0.2482 -0.0196
vn -0.5043 -0.0000 -0.8635
vn -0.3698 0.4975 -0.7847
vn -0.7390 -0.0000 -0.6737
vn -0.9813 -0.0000 -0.1927
vn -0.3491 -0.0006 0.9371
vn -0.8580 -0.0000 0.5137
vn -0.7179 0.4177 0.5569
vn 0.1715 0.2897 0.9416
vn -0.2530 0.0009 -0.9675
vn 0.4961 0.8683 -0.0006
vn -0.9220 0.3867 -0.0187
vn -0.7933 0.3201 -0.5179
vn -0.2369 0.7560 -0.6103
vn -0.4936 0.8696 -0.0104
vn 0.5962 -0.0000 -0.8028
vn 0.5275 0.0002 -0.8496
vn 0.9143 0.0004 0.4051
vn 0.9813 -0.0000 -0.1926
vn 0.7390 -0.0000 -0.6737
vn 0.3065 0.9518 0.0061
vn 0.3160 0.8371 -0.4466
vn 0.3695 -0.0000 -0.9292
vn 0.5132 -0.0007 -0.8583
vn 0.6364 0.1520 -0.7562
vn -0.5926 -0.0000 -0.8055
vn 0.9280 0.3098 -0.2069
vn -0.4961 0.8683 -0.0006
vn -0.2579 0.9662 -0.0000
vn -0.9689 0.2475 -0.0000
vn -0.8562 0.5166 -0.0000
vn 0.3590 -0.0005 -0.9333
vn 0.3065 0.9518 -0.0061
vn 0.9685 0.2482 -0.0201
vn 0.5419 0.3293 -0.7733
vn 0.2025 0.7610 -0.6164
vn 0.4134 -0.0000 0.9105
vn 0.2558 0.0009 0.9667
vn 0.3858 0.8508 0.3569
vn 0.5064 0.1723 0.8449
vn -0.4793 -0.0000 0.8777
vn 0.8970 0.3541 0.2648
vn -0.4961 0.8683 0.0006
vn -0.9224 0.3862 -0.0000
vn -0.9225 0.3860 -0.0001
vn -0.3231 0.7941 -0.5147
vn 0.4116 -0.0000 0.9114
vn -0.0001 -0.0000 1.0000
vn -0.1143 -0.9887 -0.0970
vn -0.1656 -0.9862 0.0034
vn -0.2319 -0.9563 -0.1780
vn -0.0762 -0.9649 -0.2512
vn 0.4549 0.2642 -0.8504
vn 0.9567 0.2910 -0.0015
vn 0.8984 0.4392 0.0011
vn 0.9688 0.2480 -0.0000
vn 0.0617 -0.0000 -0.9981
vn 0.3231 0.7942 -0.5147
vn -0.6654 -0.0000 0.7465
vn -0.9998 -0.0000 0.0208
vn -0.8681 0.0002 0.4964
vn 0.4940 0.8694 -0.0000
vn 0.3073 0.9516 0.0070
vn 0.5035 0.8640 0.0054
vn -0.2849 0.8675 -0.4078
vn -0.9679 0.1640 -0.1904
vn 0.1264 -0.9920 0.0005
vn 0.1351 -0.9842 0.1144
vn 0.1697 -0.9833 -0.0658
vn 0.0746 -0.9664 0.2460
vn 0.2322 -0.9569 0.1742
vn 0.1662 -0.9861 -0.0034
vn 0.2340 -0.9674 -0.0973
vn 0.2020 -0.9650 -0.1670
vn -0.9567 0.2910 -0.0000
vn -0.8984 0.4391 -0.0016
vn -0.8261 -0.0015 -0.5635
vn -0.9688 0.2480 -0.0000
vn -0.4549 0.2642 0.8504
vn -0.1392 0.0008 -0.9903
vn -0.0617 -0.0000 0.9981
vn -0.3231 0.7941 0.5147
vn 0.8681 -0.0000 -0.4964
vn 0.6654 -0.0000 -0.7465
vn 0.9998 -0.0000 -0.0208
vn -0.3072 0.9516 0.0004
vn -0.5035 0.8640 -0.0054
vn -0.4940 0.8694 -0.0000
vn 0.2654 0.8035 -0.5329
vn 0.9779 0.1362 -0.1584
vn -0.1688 -0.9835 -0.0655
vn -0.1343 -0.9843 0.1142
vn -0.2327 -0.9677 -0.0968
vn -0.1256 -0.9921 0.0005
vn -0.2011 -0.9654 -0.1662
vn -0.1654 -0.9862 -0.0034
vn -0.2310 -0.9573 0.1738
vn -0.0745 -0.9665 0.2456
vn 0.9568 0.2909 -0.0000
vn 0.6816 0.2787 0.6766
vn 0.8984 0.4391 -0.0001
vn 0.6799 -0.0000 -0.7333
vn 0.1997 -0.0000 -0.9799
vn 0.0616 -0.0000 0.9981
vn 0.0617 -0.0000 0.9981
vn 0.3231 0.7942 0.5147
vn -0.9998 -0.0000 -0.0208
vn -0.6653 -0.0000 -0.7465
vn -0.4116 -0.0000 -0.9114
vn 0.3072 0.9516 -0.0016
vn 0.5037 0.8639 0.0038
vn 0.9816 0.0168 0.1902
vn 0.9961 0.0092 0.0883
vn 0.5814 -0.7030 0.4095
vn 0.5500 -0.7913 0.2671
vn 0.9939 0.0066 0.1105
vn 0.9936 0.0016 0.1125
vn 0.4693 -0.7618 0.4465
vn -0.0000 -0.6838 0.7296
vn -0.0000 -0.6839 0.7296
vn -0.0000 -0.8982 0.4397
vn 0.0523 -0.9372 0.3448
vn -0.0000 -0.9910 0.1336
vn 0.3691 -0.8936 0.2556
vn -0.0000 -0.9939 0.1107
vn -0.0000 -0.9785 -0.2064
vn -0.0000 -0.9964 -0.0844
vn -0.0000 -0.9853 -0.1711
vn 0.5860 -0.7767 -0.2310
vn 0.0616 -0.9833 -0.1712
vn 0.2824 -0.9585 -0.0397
vn -0.0000 0.4158 0.9095
vn -0.0000 0.5166 0.8562
vn -0.0000 0.9747 0.2237
vn -0.0000 0.9844 0.1757
vn -0.0000 0.5837 -0.8120
vn -0.0000 0.3251 -0.9457
vn -0.0000 0.9417 -0.3363
vn -0.0000 0.9667 -0.2558
vn 0.0456 0.9291 -0.3670
vn -0.0000 0.8796 -0.4758
vn -0.0000 0.9766 -0.2149
vn 0.0388 0.9431 -0.3303
vn -0.0000 0.9898 -0.1426
vn -0.0000 0.7705 -0.6375
vn 0.0253 0.6786 -0.7341
vn -0.0000 0.8614 -0.5079
vn 0.0174 0.9696 0.2439
vn 0.0234 0.8245 0.5653
vn 0.0018 0.6126 0.7904
vn -0.0000 0.9804 0.1971
vn -0.0000 0.9667 -0.2557
vn -0.0000 0.4575 -0.8892
vn -0.0000 0.9845 0.1756
vn -0.0000 0.9485 -0.3167
vn -0.0000 0.6483 0.7614
vn -0.0391 0.9544 0.2961
vn -0.0208 0.9668 0.2548
vn -0.0207 0.7015 0.7123
vn -0.0477 0.9290 -0.3670
vn -0.0217 0.7039 -0.7099
vn -0.0387 0.9431 -0.3303
vn -0.0000 0.9820 -0.1891
vn -0.0000 0.8920 -0.4521
vn -0.0000 0.9851 -0.1717
vn -0.0000 0.9986 0.0530
vn -0.0000 0.9551 0.2963
vn -0.0000 0.9790 0.2037
vn -0.0000 0.9950 0.1003
vn 0.0289 0.9460 0.3230
vn -0.0000 0.9654 0.2606
vn -0.0000 0.9785 0.2065
vn -1.0000 0.0082 -0.0000
vn -0.9998 0.0186 0.0003
vn -0.0000 -0.7336 0.6795
vn -0.0000 -0.7426 0.6697
vn -0.0000 -0.6213 0.7836
vn -0.0000 -0.9348 0.3553
vn -0.0000 -0.9068 -0.4215
vn -0.0000 -0.9763 -0.2162
vn -0.0000 -0.9048 -0.4259
vn -0.0000 -0.9780 -0.2087
vn -0.2929 0.8787 0.3769
vn -0.0000 0.9761 0.2171
vn -0.0000 0.9064 0.4224
vn -0.0000 0.9782 0.2077
vn 0.4135 -0.8554 0.3120
vn -0.5084 -0.7854 0.3532
vn -0.1696 -0.9278 0.3324
vn -0.9999 -0.0143 -0.0001
vn -0.0000 0.0106 -0.9999
vn -0.9999 -0.0157 -0.0002
vn -0.9989 0.0459 -0.0004
vn -0.9989 -0.0469 -0.0006
vn 1.0000 0.0083 0.0001
vn 1.0000 0.0030 -0.0000
vn 0.9999 0.0162 0.0002
vn 0.3993 -0.0128 -0.9167
vn -0.0000 -0.0140 -0.9999
vn -0.0000 0.3795 -0.9252
vn 0.7969 0.3531 -0.4902
vn -0.0167 -0.8945 0.4467
vn -0.4095 -0.0887 -0.9080
vn 0.0304 0.6886 -0.7245
vn -0.2214 0.9411 -0.2557
vn 0.2094 -0.5846 0.7839
vn 0.1482 0.0957 0.9843
vn 0.6859 0.0703 0.7243
vn 0.2881 -0.8019 -0.5234
vn 0.3364 -0.9417 -0.0000
vn 0.1935 -0.9811 -0.0000
vn 0.2852 -0.6903 0.6649
vn 0.4209 -0.7600 0.4953
vn 0.4091 0.1215 0.9044
vn 0.9999 0.0003 0.0155
vn 0.9999 -0.0017 0.0161
vn 0.5726 -0.8198 -0.0009
vn 0.1523 -0.5067 -0.8485
vn 0.3470 -0.9378 -0.0101
vn 0.2968 -0.9550 -0.0000
vn -0.2854 -0.9249 0.2513
vn -0.5802 -0.7089 0.4010
vn 0.3798 -0.8914 0.2473
vn 0.0918 -0.6841 0.7236
vn -0.5862 -0.7766 -0.2310
vn -0.3665 -0.9290 -0.0514
vn -0.4432 -0.8903 -0.1050
vn -0.1138 -0.7644 -0.6346
vn -0.2881 -0.8019 -0.5234
vn -0.3364 -0.9417 -0.0000
vn -0.2410 -0.7964 0.5547
vn -0.1160 -0.7078 0.6968
vn -0.3798 -0.8914 0.2473
vn -0.2819 -0.9594 -0.0000
vn -0.2704 -0.4770 0.8363
vn -0.1994 -0.9798 -0.0118
vn -0.3987 -0.9171 -0.0027
vn -0.3981 -0.9173 -0.0000
vn -0.3209 -0.9471 -0.0101
vn -0.1425 -0.5148 -0.8454
vn -0.4070 -0.9134 -0.0026
vn -0.4064 -0.9137 -0.0000
vn 0.9999 -0.0113 -0.0001
vn 0.9999 -0.0170 -0.0001
vn -1.0000 0.0077 0.0002
vn -0.9627 0.2704 0.0037
vn -0.9841 0.1776 -0.0002
vn -1.0000 -0.0038 -0.0001
vn -0.2121 -0.4057 0.8891
vn -0.4842 -0.7904 0.3752
vn -0.6859 0.0703 0.7243
vn -0.2113 0.0950 0.9728
vn -0.0304 0.6886 -0.7245
vn 0.4096 -0.0887 -0.9080
vn 0.3123 0.9185 -0.2424
vn 0.1278 -0.9602 0.2482
vn 0.0166 -0.8945 0.4467
vn -0.9153 -0.2609 -0.3068
vn -0.6645 -0.0597 -0.7449
vn -0.5880 0.2779 -0.7596
vn -0.6356 -0.0108 -0.7720
vn -0.0000 0.9672 -0.2541
vn 0.0010 0.9613 -0.2756
vn -0.8575 0.3779 -0.3490
vn -0.1679 0.9283 -0.3319
vn -0.0000 -0.9657 -0.2596
vn -0.0000 -0.9462 -0.3237
vn -0.0000 -0.0104 0.9999
vn 0.9999 0.0115 0.0002
vn -0.0000 0.9482 0.3178
vn -0.0000 0.9462 0.3237
vn 0.2417 0.9214 0.3043
vn -0.0000 -0.8481 0.5298
vn 0.0015 -0.9351 0.3543
vn 0.0055 0.8142 -0.5806
vn 0.3208 0.9178 -0.2340
vn -0.1431 -0.0967 -0.9850
vn -0.2741 -0.7303 -0.6257
vn 0.2113 -0.7400 -0.6385
vn 0.2046 -0.0952 -0.9742
vn 0.4467 0.6914 0.5678
vn 0.4196 0.0750 0.9046
vn 0.4210 0.0619 0.9050
vn 0.1262 -0.6731 -0.7287
vn 0.4432 -0.8903 -0.1049
vn 0.4321 -0.9018 -0.0024
vn 0.2850 -0.9585 -0.0122
vn 0.2316 -0.5171 0.8240
vn 0.4315 -0.9021 -0.0000
vn 0.2081 -0.6531 -0.7281
vn 0.8667 -0.3359 -0.3688
vn -0.4197 0.0750 0.9046
vn -0.0377 0.9048 0.4242
vn -0.4210 0.0619 0.9049
vn 0.1695 0.9278 -0.3324
vn -0.1354 0.9813 -0.1368
vn 0.7392 0.5768 -0.3476
vn -0.0010 0.9613 -0.2756
vn 0.0009 0.9512 -0.3087
vn -0.5500 -0.7913 0.2671
vn -0.0015 -0.9351 0.3543
vn -0.0000 0.0190 0.9998
vn -0.0000 0.8719 0.4897
vn -0.0000 0.9739 0.2271
vn -0.0000 0.0469 -0.9989
vn -0.0000 0.8843 -0.4670
vn -0.0000 0.9794 -0.2020
vn -0.0000 -0.7563 0.6543
vn -0.0000 0.1357 0.9908
vn -0.0000 0.1060 -0.9944
vn -0.0000 -0.8135 -0.5816
vn 0.0001 -0.9456 -0.3254
vn -0.0000 -1.0000 0.0052
vn -0.0000 -0.9999 0.0107
vn -0.0000 0.9969 -0.0791
vn -0.0000 0.9866 -0.1631
vn -0.0000 0.9999 0.0127
vn -0.0000 0.8720 0.4896
vn -0.0000 0.8843 -0.4669
vn -0.0000 0.6734 0.7392
vn 0.9403 -0.3401 -0.0079
vn 0.9406 -0.3393 -0.0079
vn 0.9405 -0.3397 -0.0079
vn -0.8547 0.5191 0.0031
vn 0.7471 -0.6647 -0.0067
vn 0.5450 -0.8383 -0.0125
vn -0.0000 0.6931 -0.7209
vn -0.8078 -0.5895 -0.0052
vn -0.0000 0.0103 -0.9999
vn -0.5647 -0.8253 -0.0063
vn -0.9924 -0.1232 0.0009
vn 0.7295 -0.6839 -0.0057
vn 0.7291 -0.6844 -0.0057
vn 0.7293 -0.6841 -0.0057
vn -0.2313 0.9729 0.0020
vn -0.8535 -0.5198 -0.0380
vn -0.9865 -0.0243 -0.1620
vn -0.9921 0.1250 -0.0091
vn -0.9620 -0.0273 -0.2715
vn -0.0000 -0.9997 0.0263
vn 0.8789 0.4442 -0.1737
vn 0.9808 0.1166 -0.1562
vn 0.9726 0.1630 -0.1660
vn -0.9937 0.0307 0.1080
vn 0.1759 -0.9801 0.0923
vn 0.0843 -0.9639 0.2527
vn -0.0578 -0.9657 0.2531
vn 0.9937 0.0307 0.1081
vn 0.1664 0.9736 -0.1562
vn -0.2143 -0.9596 -0.1823
vn -0.1488 0.9821 -0.1154
vn 0.2206 0.9675 -0.1233
vn 0.1147 0.9869 -0.1134
vn 0.0865 0.9206 -0.3809
vn -0.1119 0.9196 -0.3765
vn -0.0000 0.9884 -0.1516
vn -0.9953 -0.0911 0.0344
vn -0.0000 -0.0517 0.9987
vn -0.0000 -0.0176 0.9998
vn -0.0000 -0.6950 0.7190
vn -0.0000 0.0235 -0.9997
vn -0.0002 0.0232 -0.9997
vn -0.0000 -0.0230 -0.9997
vn -0.0000 -0.0115 -0.9999
vn -0.0000 -0.6750 -0.7378
vn -0.0000 -0.0078 -1.0000
vn -0.0073 -0.5268 -0.8500
vn -0.0000 0.0124 0.9999
vn -0.0000 0.0065 1.0000
vn -0.0000 -0.9999 -0.0127
vn -0.0000 0.0360 -0.9994
vn -0.0000 -0.0840 0.9965
vn -0.0000 -0.0361 0.9993
vn -0.0000 -0.1060 0.9944
vn -0.0002 -0.0790 0.9969
vn -0.0000 -0.0530 0.9986
vn 0.0003 -0.1012 -0.9949
vn -0.0000 -0.1356 -0.9908
vn -0.0000 -0.0462 -0.9989
vn -0.0002 -0.1012 -0.9949
vn -0.0000 0.0679 0.9977
vn -0.0000 -0.9851 -0.1721
vn -0.0000 -0.9204 0.3910
vn -0.0000 0.0461 0.9989
vn -0.0000 0.0307 -0.9995
vn -0.0000 0.0160 -0.9999
vn -0.0000 0.0095 1.0000
vn 0.0001 0.0094 1.0000
vn -0.0000 -0.9084 0.4182
vn -0.0640 -0.9199 0.3868
vn -0.0000 -0.9849 -0.1732
vn -0.0505 -0.9753 -0.2150
vn -0.0000 -0.9974 0.0722
vn -0.0000 -0.9889 0.1489
vn -0.0000 -0.9966 -0.0820
vn 0.9620 -0.0276 -0.2716
vn -0.9961 0.0092 0.0882
vn -0.9816 0.0168 0.1901
vn -0.9939 0.0066 0.1104
vn -0.9937 0.0016 0.1125
vn -0.9703 -0.2417 0.0031
vn -0.8584 -0.5129 0.0072
vn -0.9705 0.2409 -0.0032
vn -0.8588 0.5122 -0.0072
vn 0.3846 -0.9230 0.0127
vn 0.3844 -0.9231 0.0127
vn -0.2628 -0.9648 0.0134
vn -0.4990 -0.8665 0.0119
vn 0.9703 0.2419 -0.0032
vn 0.8588 -0.5122 0.0072
vn 0.9706 -0.2407 0.0031
vn 0.8584 0.5129 -0.0071
vn -0.2631 0.9647 -0.0133
vn -0.4994 0.8663 -0.0119
vn 0.3844 0.9231 -0.0126
vn 0.3842 0.9231 -0.0126
vn 0.9704 0.2417 -0.0032
vn 0.8587 -0.5124 0.0072
vn 0.9705 -0.2410 0.0033
vn 0.8585 0.5127 -0.0072
vn 0.2629 0.9647 -0.0133
vn -0.3845 0.9231 -0.0127
vn -0.3846 0.9230 -0.0127
vn 0.4992 0.8664 -0.0119
vn -0.9704 -0.2416 0.0032
vn -0.8585 -0.5128 0.0072
vn -0.9705 0.2410 -0.0032
vn -0.8588 0.5123 -0.0072
vn -0.3844 -0.9231 0.0127
vn 0.4993 -0.8664 0.0120
vn 0.2630 -0.9647 0.0133
vn -0.3842 -0.9232 0.0127
vn -0.9704 -0.2414 0.0031
vn -0.8586 -0.5127 0.0072
vn -0.9705 0.2412 -0.0032
vn -0.8587 0.5124 -0.0072
vn 0.3845 -0.9230 0.0127
vn 0.3843 -0.9231 0.0127
vn -0.2629 -0.9647 0.0134
vn -0.4991 -0.8665 0.0119
vn 0.9704 0.2415 -0.0032
vn 0.8586 -0.5125 0.0071
vn 0.9705 -0.2412 0.0032
vn 0.8586 0.5126 -0.0071
vn 0.3845 0.9230 -0.0126
vn -0.2630 0.9647 -0.0133
vn -0.4993 0.8663 -0.0119
vn 0.9705 0.2413 -0.0032
vn 0.8586 -0.5126 0.0073
vn 0.9704 -0.2413 0.0033
vn 0.8587 0.5125 -0.0072
vn 0.3846 0.9230 -0.0126
vn -0.4993 0.8664 -0.0119
vn -0.9705 -0.2412 0.0031
vn -0.8586 -0.5125 0.0072
vn -0.9704 0.2415 -0.0032
vn -0.8586 0.5126 -0.0072
vn -0.3845 -0.9230 0.0127
vn 0.4991 -0.8664 0.0118
vn 0.2629 -0.9647 0.0134
vn -0.3843 -0.9231 0.0127
vn -0.9705 -0.2410 0.0031
vn -0.8587 -0.5124 0.0072
vn -0.9704 0.2416 -0.0032
vn -0.8585 0.5127 -0.0072
vn -0.3846 -0.9230 0.0127
vn 0.4991 -0.8665 0.0118
vn 0.9705 0.2411 -0.0032
vn 0.8585 -0.5128 0.0073
vn 0.9704 -0.2416 0.0031
vn 0.8587 0.5124 -0.0072
vn -0.2629 0.9647 -0.0133
vn -0.4992 0.8664 -0.0119
vn 0.3845 0.9231 -0.0126
vn 0.9706 0.2409 -0.0032
vn 0.8584 -0.5129 0.0073
vn 0.9703 -0.2417 0.0032
vn 0.8588 0.5122 -0.0071
vn -0.4991 0.8665 -0.0119
vn 0.3847 0.9230 -0.0126
vn -0.9706 -0.2408 0.0031
vn -0.8588 -0.5123 0.0072
vn -0.9703 0.2418 -0.0032
vn -0.8585 0.5128 -0.0072
vn 0.2628 -0.9647 0.0134
vn 0.4990 -0.8665 0.0118
vn 0.9706 0.2407 -0.0032
vn 0.8583 -0.5130 0.0072
vn 0.9703 -0.2419 0.0032
vn 0.8589 0.5121 -0.0071
vn -0.2628 0.9648 -0.0134
vn 0.3847 0.9229 -0.0126
vn -0.9706 -0.2406 0.0031
vn -0.8589 -0.5122 0.0072
vn -0.9703 0.2420 -0.0032
vn -0.8584 0.5130 -0.0072
vn 0.2628 -0.9648 0.0133
vn -0.3847 -0.9230 0.0127
vn 0.4989 -0.8666 0.0119
vn 0.9112 0.4120 -0.0064
vn 0.9111 0.4121 -0.0064
vn 0.5758 0.8175 -0.0118
vn -0.4139 0.9103 -0.0124
vn 0.1087 0.9940 -0.0139
vn -0.0722 0.9973 -0.0138
vn -0.5404 0.8413 -0.0113
vn -0.9544 -0.2986 0.0049
vn -0.7967 -0.6043 0.0090
vn -0.7964 -0.6047 0.0090
vn -0.9831 -0.1829 0.0032
vn 0.0081 -0.9999 0.0138
vn 0.1512 -0.9884 0.0138
vn -0.3263 -0.9452 0.0136
vn -0.4795 -0.8775 0.0124
vn 0.5873 -0.8093 0.0109
vn 0.4564 -0.8897 0.0121
vn 0.8286 -0.5598 0.0072
vn 0.8284 -0.5602 0.0072
vn 0.5572 0.8303 -0.0113
vn 0.4240 0.9056 -0.0121
vn 0.7645 0.6445 -0.0084
vn 0.8383 0.5452 -0.0071
vn -0.6042 0.7968 -0.0115
vn -0.6041 0.7968 -0.0115
vn -0.1326 0.9911 -0.0137
vn 0.0612 0.9980 -0.0139
vn -0.6001 -0.7998 0.0106
vn -0.8395 -0.5433 0.0069
vn -0.8396 -0.5432 0.0069
vn -0.4657 -0.8848 0.0120
vn 0.3487 -0.9371 0.0133
vn -0.1482 -0.9889 0.0136
vn 0.0029 -0.9999 0.0139
vn 0.5045 -0.8633 0.0124
vn 0.3255 0.9455 -0.0136
vn -0.1522 0.9883 -0.0137
vn -0.0070 0.9999 -0.0138
vn 0.4804 0.8770 -0.0124
vn -0.5878 0.8090 -0.0108
vn -0.8284 0.5601 -0.0071
vn -0.8285 0.5599 -0.0072
vn -0.4559 0.8899 -0.0120
vn -0.1105 -0.9938 0.0139
vn 0.0739 -0.9972 0.0138
vn -0.5757 -0.8176 0.0118
vn -0.5758 -0.8175 0.0118
vn 0.5408 -0.8411 0.0112
vn 0.4133 -0.9105 0.0124
vn 0.7472 -0.6645 0.0087
vn 0.8240 -0.5666 0.0072
vn -0.0041 0.9999 -0.0139
vn 0.1494 0.9887 -0.0136
vn -0.3479 0.9375 -0.0133
vn -0.5054 0.8628 -0.0123
vn -0.0632 -0.9979 0.0140
vn -0.5576 -0.8300 0.0113
vn -0.4234 -0.9059 0.0122
vn 0.1345 -0.9908 0.0137
vn 0.6042 -0.7968 0.0115
vn 0.6043 -0.7967 0.0115
vn 0.9195 -0.3930 0.0061
vn 0.9194 -0.3934 0.0061
vn 0.4653 0.8851 -0.0120
vn 0.6006 0.7995 -0.0106
vn -0.7471 0.6647 -0.0087
vn -0.4140 0.9102 -0.0124
vn -0.5403 0.8414 -0.0113
vn -0.8241 0.5664 -0.0072
vn -0.4794 -0.8775 0.0125
vn -0.3265 -0.9451 0.0136
vn -0.7964 -0.6047 0.0091
vn -0.7967 -0.6044 0.0091
vn 0.1510 -0.9884 0.0137
vn 0.0082 -0.9999 0.0139
vn 0.4565 -0.8896 0.0121
vn 0.5873 -0.8093 0.0108
vn 0.9113 0.4117 -0.0064
vn 0.9111 0.4121 -0.0065
vn 0.5757 0.8176 -0.0118
vn -0.9196 0.3928 -0.0062
vn -0.6040 0.7969 -0.0115
vn -0.9195 0.3931 -0.0062
vn -0.1481 -0.9889 0.0137
vn -0.6000 -0.7999 0.0107
vn -0.4659 -0.8848 0.0121
vn 0.0028 -0.9999 0.0140
vn 0.5044 -0.8634 0.0124
vn 0.8133 -0.5817 0.0087
vn 0.8131 -0.5820 0.0087
vn 0.3489 -0.9371 0.0134
vn 0.7646 0.6445 -0.0084
vn 0.8383 0.5452 -0.0070
vn 0.5571 0.8304 -0.0112
vn 0.4241 0.9055 -0.0122
vn -0.1324 0.9911 -0.0138
vn 0.0610 0.9980 -0.0139
vn -0.8397 -0.5430 0.0069
vn -0.8393 -0.5436 0.0069
vn 0.1086 0.9940 -0.0139
vn -0.0720 0.9973 -0.0138
vn 0.8287 -0.5597 0.0071
vn 0.8285 -0.5599 0.0071
vn -0.9544 -0.2985 0.0050
vn -0.9831 -0.1829 0.0033
vn 0.8398 0.5428 -0.0069
vn 0.8395 0.5434 -0.0069
vn -0.8382 -0.5454 0.0069
vn -0.7647 -0.6443 0.0083
vn -0.8131 0.5821 -0.0087
vn -0.8134 0.5817 -0.0087
vn 0.7964 0.6047 -0.0090
vn 0.7967 0.6043 -0.0090
vn 0.9546 0.2978 -0.0049
vn 0.9830 0.1836 -0.0032
vn -0.9113 -0.4117 0.0064
vn -0.9111 -0.4121 0.0064
vn 0.8134 -0.5817 0.0087
vn 0.8131 -0.5821 0.0087
vn -0.9195 0.3930 -0.0061
vn -0.9194 0.3934 -0.0061
vn -0.7471 0.6647 -0.0088
vn 0.9853 -0.1708 0.0031
vn 0.9597 -0.2811 0.0047
vn 1.0000 -0.0003 0.0008
vn 0.9965 0.0836 -0.0004
vn 0.9351 0.3542 -0.0043
vn 0.9682 0.2502 -0.0027
vn -0.9998 -0.0173 -0.0003
vn -0.9957 0.0924 -0.0024
vn -0.9802 -0.1978 0.0017
vn -0.9554 -0.2951 0.0036
vn 0.9780 -0.2087 0.0021
vn 0.9507 -0.3099 0.0036
vn 0.9954 0.0957 -0.0022
vn 0.9998 -0.0199 -0.0004
vn -0.9962 0.0869 -0.0005
vn -0.9284 0.3716 -0.0045
vn -0.9648 0.2629 -0.0028
vn -1.0000 -0.0025 0.0009
vn -0.0027 0.0125 0.9999
vn -0.0007 0.0112 0.9999
vn -0.0011 0.0112 0.9999
vn -0.0030 0.0146 0.9999
vn 0.0002 0.0117 0.9999
vn 0.0003 0.0126 0.9999
vn 0.0001 0.0113 0.9999
vn -0.0008 0.0130 0.9999
vn -0.0007 0.0130 0.9999
vn -0.0014 0.0122 0.9999
vn -0.0013 0.0122 0.9999
vn -0.0012 0.0119 0.9999
vn -0.0009 0.0118 0.9999
vn -0.0010 0.0118 0.9999
vn -0.0012 0.0118 0.9999
vn -0.0000 0.0114 0.9999
vn 0.0009 0.0126 0.9999
vn 0.0009 0.0118 0.9999
vn -0.0000 0.0111 0.9999
vn 0.0001 0.0134 0.9999
vn -0.0030 0.0125 0.9999
vn -0.0039 0.0090 1.0000
vn -0.0021 0.0089 1.0000
vn 0.0011 0.0164 0.9999
vn 0.0010 0.0172 0.9999
vn -0.0032 0.0163 0.9999
vn -0.0013 0.0171 0.9999
vn 0.0013 0.0119 0.9999
vn 0.0015 0.0122 0.9999
vn 0.0014 0.0122 0.9999
vn 0.0013 0.0118 0.9999
vn 0.0006 0.0128 0.9999
vn 0.0009 0.0131 0.9999
vn -0.0004 0.0128 0.9999
vn -0.0007 0.0124 0.9999
vn -0.0004 0.0115 0.9999
vn -0.0003 0.0118 0.9999
vn 0.0006 0.0111 0.9999
vn 0.0010 0.0111 0.9999
vn 0.0031 0.0146 0.9999
vn 0.0025 0.0123 0.9999
vn 0.0032 0.0162 0.9999
vn 0.0015 0.0170 0.9999
vn -0.0011 0.0162 0.9999
vn 0.0020 0.0090 1.0000
vn -0.0010 0.0172 0.9999
vn 0.0032 0.0103 0.9999
vn 0.0042 0.0121 0.9999
vn -0.0000 0.0137 0.9999
vn -0.0005 0.0130 0.9999
vn -0.0011 0.0119 0.9999
vn 0.0003 0.0114 0.9999
vn -0.0014 0.0119 0.9999
vn 0.0010 0.0118 0.9999
vn 0.9801 0.1983 -0.0017
vn 0.9958 -0.0917 0.0024
vn 0.9999 0.0167 0.0001
vn 0.9556 0.2946 -0.0038
vn -0.9599 0.2805 -0.0046
vn -0.9852 0.1715 -0.0031
vn -0.9680 -0.2508 0.0028
vn -1.0000 -0.0001 -0.0008
vn -0.9965 -0.0832 0.0005
vn -0.9354 -0.3537 0.0043
vn 0.9647 -0.2635 0.0028
vn 0.9286 -0.3710 0.0045
vn 0.9963 -0.0864 0.0005
vn 1.0000 0.0020 -0.0009
vn -0.9779 0.2093 -0.0021
vn -0.9509 0.3094 -0.0037
vn -0.9998 0.0191 0.0004
vn -0.9955 -0.0949 0.0022
vn -0.0007 0.0118 0.9999
vn -0.0006 0.0118 0.9999
vn 0.0008 0.0111 0.9999
vn 0.0011 0.0118 0.9999
vn 0.0011 0.0113 0.9999
vn 0.0002 0.0112 0.9999
vn 0.0005 0.0123 0.9999
vn -0.0041 0.0102 0.9999
vn -0.0036 0.0091 1.0000
vn -0.0014 0.0131 0.9999
vn -0.0039 0.0091 1.0000
vn -0.0003 0.0175 0.9998
vn -0.0007 0.0177 0.9998
vn -0.0027 0.0180 0.9998
vn -0.0018 0.0137 0.9999
vn -0.0026 0.0161 0.9999
vn -0.0027 0.0183 0.9998
vn -0.0002 0.0120 0.9999
vn -0.0002 0.0119 0.9999
vn 0.0006 0.0122 0.9999
vn 0.0007 0.0122 0.9999
vn 0.0006 0.0129 0.9999
vn -0.0000 0.0129 0.9999
vn -0.0006 0.0124 0.9999
vn -0.0009 0.0120 0.9999
vn -0.0008 0.0120 0.9999
vn 0.0027 0.0159 0.9999
vn 0.0018 0.0135 0.9999
vn 0.0026 0.0177 0.9998
vn 0.0027 0.0182 0.9998
vn -0.0001 0.0173 0.9998
vn 0.0039 0.0093 0.9999
vn 0.0013 0.0132 0.9999
vn 0.0011 0.0176 0.9998
vn 0.0036 0.0093 1.0000
vn 0.0040 0.0105 0.9999
vn -0.0012 0.0113 0.9999
vn -0.0012 0.0115 0.9999
vn -0.0005 0.0112 0.9999
vn -0.0001 0.0113 0.9999
vn 0.0007 0.0117 0.9999
vn 0.0006 0.0117 0.9999
vn 0.0007 0.0118 0.9999
vn 0.0009 0.0120 0.9999
vn 0.0003 0.0129 0.9999
vn 0.0003 0.0127 0.9999
vn -0.0008 0.0128 0.9999
vn -0.0005 0.0133 0.9999
vn -0.0007 0.0122 0.9999
vn -0.0008 0.0122 0.9999
vn -0.0000 0.0119 0.9999
vn 0.0001 0.0120 0.9999
vn 0.9853 -0.1709 0.0031
vn 0.9965 0.0835 -0.0005
vn 1.0000 -0.0002 0.0008
vn 0.9682 0.2503 -0.0027
vn 0.9352 0.3542 -0.0043
vn -0.9957 0.0924 -0.0025
vn -0.9998 -0.0173 -0.0000
vn -0.9555 -0.2951 0.0038
vn -0.9802 -0.1978 0.0015
vn 0.9780 -0.2088 0.0021
vn 0.9954 0.0957 -0.0021
vn 0.9508 -0.3099 0.0037
vn -0.9284 0.3716 -0.0046
vn -0.9648 0.2629 -0.0029
vn -1.0000 -0.0025 0.0008
vn -0.0000 -0.1572 -0.9876
vn -0.0000 -0.8944 -0.4473
vn -0.0000 -0.5241 -0.8517
vn 0.0785 0.9969 -0.0000
vn 0.9519 0.3064 -0.0000
vn 0.9023 0.4310 -0.0000
vn -0.0000 -0.7323 -0.6810
vn -0.0785 0.9969 -0.0000
vn -0.9718 0.2357 -0.0000
vn -0.8460 0.5331 -0.0000
vn -0.0000 0.8767 -0.4810
vn 0.0001 0.4239 -0.9057
vn -0.7964 -0.0911 -0.5979
vn -0.0001 0.0013 -1.0000
vn -0.0000 0.0013 -1.0000
vn -0.7404 -0.6470 0.1824
vn -0.0000 1.0000 -0.0007
vn -0.0003 0.6769 -0.7361
vn -0.0000 0.6769 -0.7361
vn 0.0001 0.0013 -1.0000
vn 0.7963 -0.0917 -0.5979
vn 0.8894 -0.4439 -0.1090
vn -0.0000 -0.9795 0.2013
vn -0.0000 -0.7752 0.6318
vn -0.0000 -0.8567 0.5157
vn -0.0000 -0.1199 0.9928
vn -0.0000 -0.2349 0.9720
vn -0.0000 -0.5255 0.8508
vn 0.0006 0.0113 -0.9999
vn 0.0006 0.0057 -1.0000
vn 0.9819 0.1893 -0.0000
vn 0.9686 0.1181 0.2187
vn 0.4984 -0.0934 0.8619
vn 0.8926 0.4509 -0.0000
vn 0.9240 -0.0013 0.3825
vn -0.0000 -0.5361 0.8441
vn -0.0000 -0.9189 0.3944
vn -0.0000 -0.8350 0.5503
vn -0.0000 -0.3022 0.9532
vn -0.0000 -0.9727 0.2322
vn -0.0000 -0.0671 0.9977
vn -0.0000 0.8820 -0.4712
vn -0.0000 0.9812 -0.1932
vn -0.0000 0.6136 -0.7896
vn -0.0000 0.4785 -0.8781
vn -0.0000 0.9971 0.0759
vn -0.0000 0.3368 -0.9416
vn -0.0000 0.5193 0.8546
vn -0.0000 0.2805 0.9598
vn -0.0001 0.8130 0.5823
vn -0.0000 0.8916 0.4529
vn -0.0000 0.0415 0.9991
vn -0.0000 0.9485 0.3168
vn -0.0000 -0.5815 -0.8135
vn -0.0000 -0.9759 -0.2184
vn -0.0000 -0.8720 -0.4895
vn -0.0000 -0.4229 -0.9062
vn -0.0000 -0.2576 -0.9662
vn -0.0000 -0.9989 0.0470
vn -0.0000 -0.6136 0.7896
vn -0.0000 -0.9414 0.3372
vn -0.0000 -0.4785 0.8781
vn -0.0000 -0.9971 -0.0759
vn -0.0000 -0.3368 0.9416
vn 0.0001 0.8350 -0.5503
vn -0.0000 0.9189 -0.3944
vn -0.0000 0.4215 -0.9068
vn -0.0000 0.9727 -0.2322
vn -0.0000 0.0671 -0.9977
vn -0.0000 0.6218 0.7832
vn -0.0000 0.4964 0.8681
vn -0.0000 0.9414 0.3372
vn -0.0000 0.3647 0.9311
vn -0.0000 0.9971 -0.0759
vn -0.0000 -0.8294 -0.5587
vn -0.0000 -0.4215 -0.9068
vn -0.0000 -0.9100 -0.4145
vn -0.0000 -0.0671 -0.9977
vn -0.0000 -0.9645 -0.2641
vn -0.7354 -0.3299 0.5919
vn -0.4202 -0.3687 0.8291
vn -0.6492 -0.5467 -0.5288
vn -0.9932 -0.1160 0.0042
vn -0.7476 -0.4740 -0.4652
vn -0.4144 -0.3542 -0.8383
vn 0.0029 -0.2327 -0.9725
vn -0.0000 -0.6849 -0.7286
vn 0.0038 -0.0000 -1.0000
vn 0.0074 -0.0000 -1.0000
vn 0.2598 0.0047 0.9656
vn -0.0000 -0.7176 0.6964
vn 0.0387 -0.9993 -0.0003
vn 0.0005 -1.0000 -0.0000
vn 0.0396 -0.9992 -0.0000
vn -0.0000 -0.8178 0.5756
vn -0.0000 -0.1776 0.9841
vn -0.0000 -0.9630 0.2694
vn -0.0000 -0.9913 0.1318
vn -0.0000 -0.5805 0.8142
vn -0.0000 -0.4689 0.8832
vn -0.0006 0.0057 -1.0000
vn -0.0006 0.0113 -0.9999
vn -0.5546 0.0304 0.8315
vn -0.9685 0.1200 0.2180
vn -0.9819 0.1893 -0.0004
vn -0.8926 0.4509 -0.0000
vn -0.9240 -0.0013 0.3824
vn 0.0001 0.8820 -0.4712
vn -0.0002 0.9812 -0.1932
vn -0.0000 0.8130 0.5823
vn -0.0001 0.5193 0.8546
vn -0.0000 -0.3367 0.9416
vn -0.0000 0.8350 -0.5503
vn -0.0001 0.4964 0.8681
vn 0.6521 -0.5270 0.5450
vn 0.3043 -0.4907 0.8165
vn 0.8165 -0.3013 -0.4924
vn 0.9932 -0.1160 0.0043
vn 0.8379 -0.4080 -0.3627
vn 0.2996 -0.4657 -0.8327
vn -0.0000 -0.6849 -0.7287
vn -0.0042 -0.1374 -0.9905
vn -0.0038 -0.0000 -1.0000
vn -0.0074 -0.0000 -1.0000
vn -0.2599 0.0047 0.9656
vn -0.0005 -1.0000 -0.0000
vn -0.0268 -0.9996 -0.0000
vn -0.0516 -0.9987 0.0001
vn -0.0000 -0.9630 0.2695
vn -0.0000 -0.8568 0.5157
vn -0.7027 0.1056 0.7037
vn 0.8907 -0.0578 0.4509
vn 0.6825 0.2801 0.6751
vn -0.0000 0.3835 0.9235
vn -0.0000 0.3910 0.9204
vn -0.0000 0.4296 0.9030
vn -0.9112 0.0002 -0.4119
vn -0.8269 -0.0028 0.5624
vn -0.0000 1.0000 0.0006
vn 0.9519 0.3063 -0.0000
vn 0.8460 0.5331 -0.0000
vn 0.8930 0.0583 -0.4462
vn -0.7041 -0.1066 -0.7021
vn -0.6611 0.6165 -0.4275
vn -0.0000 0.8216 -0.5701
vn -0.0000 0.0182 -0.9998
vn -0.0000 0.6773 -0.7357
vn 0.7954 0.0951 -0.5986
vn 0.0001 -0.0013 -1.0000
vn -0.0000 -0.0013 -1.0000
vn 0.8896 0.4436 -0.1089
vn -0.0000 -0.9274 0.3741
vn -0.7489 -0.4520 0.4847
vn 0.0785 -0.9969 -0.0000
vn 0.8466 -0.5322 -0.0000
vn 0.9519 -0.3064 -0.0000
vn -0.0000 -1.0000 -0.0006
vn 0.7964 -0.0911 0.5979
vn 0.0001 0.0013 1.0000
vn -0.0000 0.0013 1.0000
vn 0.7404 -0.6470 -0.1824
vn -0.0000 -0.6773 0.7357
vn -0.0000 -0.0182 0.9998
vn -0.0000 0.9795 0.2013
vn -0.0000 0.8178 0.5756
vn -0.0000 0.4691 0.8831
vn -0.0000 0.5803 0.8144
vn -0.5250 -0.0333 -0.8504
vn -0.9833 -0.0796 -0.1639
vn -0.9386 -0.2263 0.2604
vn -0.2169 0.0564 0.9746
vn -0.0000 0.0772 0.9970
vn -0.0000 0.3286 0.9445
vn -0.0000 0.5762 0.8173
vn -0.0000 0.9355 0.3533
vn -0.0000 0.8651 0.5015
vn -0.0000 0.9792 0.2030
vn -0.0000 -0.3809 -0.9246
vn 0.0001 -0.6614 -0.7501
vn -0.0000 -0.5251 -0.8510
vn -0.0000 -0.9844 -0.1761
vn -0.0000 -0.9978 0.0660
vn -0.0000 -0.9028 -0.4302
vn -0.0000 -0.9135 0.4068
vn -0.0000 -0.9604 0.2785
vn -0.0000 -0.8468 0.5319
vn -0.0000 -0.0478 0.9989
vn -0.0000 -0.5589 0.8293
vn -0.0001 -0.3047 0.9525
vn -0.0000 0.9992 0.0408
vn -0.0000 0.9800 -0.1988
vn -0.0000 0.8942 -0.4477
vn -0.0000 0.2936 -0.9559
vn -0.0000 0.5484 -0.8362
vn -0.0000 0.3809 0.9246
vn -0.0000 0.5251 0.8510
vn -0.0000 0.6614 0.7501
vn -0.0000 0.9978 -0.0659
vn -0.0000 0.9844 0.1761
vn -0.0000 0.9028 0.4302
vn -0.0000 -0.3286 -0.9445
vn -0.0000 -0.0772 -0.9970
vn -0.0000 -0.5762 -0.8173
vn -0.0000 -0.9792 -0.2030
vn -0.0000 -0.8651 -0.5015
vn -0.0000 -0.9355 -0.3533
vn 0.0001 -0.9844 0.1761
vn -0.0000 -0.9978 -0.0659
vn 0.0001 -0.9028 0.4302
vn -0.0000 -0.5444 0.8388
vn -0.0000 -0.4112 0.9115
vn -0.0000 -0.6700 0.7424
vn -0.0000 0.9729 -0.2313
vn -0.0000 0.9285 -0.3714
vn -0.0000 0.8606 -0.5092
vn -0.0000 0.0772 -0.9970
vn -0.0000 0.3286 -0.9445
vn -0.0000 0.5762 -0.8173
vn 0.8165 0.3012 -0.4926
vn 0.9932 0.1160 0.0043
vn 0.6516 0.5272 0.5455
vn 0.8332 0.4091 -0.3721
vn 0.3020 0.4665 -0.8314
vn 0.3051 0.4882 0.8177
vn -0.2708 -0.0000 -0.9626
vn -0.0000 0.6849 -0.7287
vn -0.0000 0.7177 0.6964
vn -0.0562 -0.0049 0.9984
vn -0.0005 1.0000 -0.0000
vn -0.0387 0.9993 -0.0000
vn -0.0393 0.9992 -0.0000
vn -0.0000 0.5255 0.8508
vn -0.0000 0.7751 0.6318
vn -0.0000 0.8568 0.5157
vn -0.0000 -0.3733 -0.9277
vn 0.7800 -0.2462 -0.5753
vn -0.0000 -0.4689 -0.8832
vn -0.0000 -0.5805 -0.8142
vn -0.0000 -0.7752 -0.6317
vn -0.0000 -0.8567 -0.5157
vn -0.0000 -0.9913 -0.1318
vn -0.0000 -0.9630 -0.2694
vn -0.9832 0.0800 0.1638
vn -0.9118 -0.0000 0.4106
vn -0.8272 0.0021 -0.5619
vn -0.9390 0.2233 -0.2615
vn -0.4713 -0.0832 0.8780
vn -0.1877 -0.1711 -0.9672
vn -0.0000 -0.8654 -0.5011
vn -0.0000 -0.3272 -0.9450
vn -0.0000 -0.5772 -0.8166
vn -0.0000 -0.9354 -0.3536
vn -0.0000 0.9034 0.4289
vn -0.0001 0.9842 0.1771
vn -0.0000 0.6615 0.7499
vn -0.0000 0.5249 0.8511
vn -0.0000 0.9978 -0.0660
vn -0.0000 0.8469 -0.5317
vn -0.0000 0.9134 -0.4070
vn -0.0000 0.5599 -0.8285
vn -0.0000 0.3032 -0.9529
vn -0.0000 0.0478 -0.9989
vn -0.0000 0.9604 -0.2785
vn -0.0000 -0.8948 0.4464
vn -0.0000 -0.4647 0.8855
vn -0.0000 -0.6284 0.7779
vn -0.0000 -0.9799 0.1996
vn -0.0000 -0.2936 0.9559
vn -0.0000 -0.9992 -0.0408
vn -0.0000 -0.9033 -0.4289
vn -0.0000 -0.5249 -0.8511
vn -0.0000 -0.6615 -0.7499
vn -0.0000 -0.9842 -0.1771
vn -0.0000 -0.9978 0.0659
vn -0.0000 0.5771 0.8166
vn -0.0000 0.3272 0.9450
vn -0.0000 0.8654 0.5011
vn -0.0001 0.9354 0.3536
vn -0.0000 0.6701 -0.7423
vn 0.0001 0.5442 -0.8389
vn -0.0000 0.9034 -0.4289
vn -0.0000 0.9842 -0.1771
vn -0.0000 0.4112 -0.9115
vn -0.0000 0.9978 0.0659
vn -0.0000 -0.8608 0.5089
vn -0.0000 -0.3272 0.9450
vn -0.0000 -0.5771 0.8166
vn -0.0000 -0.9283 0.3718
vn -0.0000 -0.0772 0.9970
vn -0.0000 -0.9729 0.2313
vn 0.7354 -0.3299 -0.5919
vn 0.4202 -0.3688 -0.8291
vn 0.6492 -0.5467 0.5288
vn 0.9932 -0.1160 -0.0042
vn 0.7476 -0.4740 0.4652
vn 0.4144 -0.3542 0.8383
vn -0.2707 -0.0000 0.9627
vn -0.0000 -0.6849 0.7287
vn -0.0562 0.0049 -0.9984
vn -0.0000 -0.7177 -0.6964
vn -0.0514 -0.9987 0.0002
vn -0.0000 -0.7752 -0.6318
vn -0.0000 -0.8568 -0.5157
vn -0.0000 -0.5255 -0.8508
vn -0.0000 -0.9795 -0.2013
vn -0.0000 -0.4296 -0.9030
vn -0.0000 -0.3910 -0.9204
vn 0.0012 -0.0008 -1.0000
vn 0.0015 0.0011 -1.0000
vn 0.0009 0.0054 -1.0000
vn 0.0011 -0.0072 -1.0000
vn 0.0043 0.0190 -0.9998
vn 0.0052 0.0193 -0.9998
vn 0.0070 0.0025 -1.0000
vn 0.3446 -0.0099 -0.9387
vn -0.0029 0.0034 -1.0000
vn -0.0044 -0.0049 -1.0000
vn -0.0036 -0.0066 -1.0000
vn -0.0049 0.0088 -0.9999
vn 0.0070 -0.0025 -1.0000
vn 0.0052 -0.0193 -0.9998
vn 0.0043 -0.0189 -0.9998
vn 0.3446 0.0099 -0.9387
vn 0.0109 -0.0475 -0.9988
vn 0.6715 -0.0355 -0.7402
vn 0.6715 0.0355 -0.7402
vn 0.0109 0.0475 -0.9988
vn 0.2313 0.3325 0.9143
vn 0.8833 0.2085 0.4198
vn 0.0100 0.4387 0.8986
vn -0.0798 0.2610 0.9620
vn 0.0080 0.9987 0.0498
vn 0.6735 0.6106 0.4166
vn 0.7052 0.7011 0.1056
vn 0.3921 -0.5934 0.7029
vn 0.2101 -0.3336 0.9190
vn 0.0080 -0.9987 0.0498
vn 0.8900 -0.4442 0.1033
vn -0.8908 0.4432 0.1001
vn -0.7069 -0.6997 0.1030
vn -0.6245 -0.5014 0.5989
vn -0.4722 0.7492 0.4645
vn 0.0100 -0.4387 0.8986
vn 0.8833 -0.2085 0.4198
vn -0.0666 -0.4149 0.9074
vn -0.0100 0.4387 0.8986
vn -0.8834 0.2085 0.4198
vn -0.2313 0.3325 0.9143
vn 0.0798 0.2610 0.9620
vn -0.6688 0.6162 0.4160
vn -0.0080 0.9987 0.0498
vn -0.7052 0.7011 0.1056
vn -0.0080 -0.9987 0.0497
vn -0.2101 -0.3336 0.9190
vn -0.3915 -0.5995 0.6981
vn -0.8900 -0.4442 0.1033
vn -0.8834 -0.2085 0.4198
vn -1.0000 0.0016 0.0064
vn -1.0000 -0.0002 0.0020
vn 0.9999 0.0073 0.0073
vn 1.0000 0.0041 -0.0006
vn -0.0100 -0.4387 0.8986
vn 0.0665 -0.4149 0.9074
vn 0.6240 -0.5015 0.5993
vn 0.7069 -0.6997 0.1030
vn 0.8908 0.4432 0.1001
vn 0.4708 0.7490 0.4662
vn 0.0124 -0.9987 0.0499
vn 0.0124 0.9987 0.0499
vn -1.0000 -0.0016 0.0064
vn -1.0000 0.0002 0.0020
vn 1.0000 -0.0041 -0.0006
vn 0.9999 -0.0073 0.0073
vn -1.0000 0.0042 -0.0003
vn -0.9999 0.0073 0.0072
vn -0.3446 0.0099 -0.9387
vn -0.6715 0.0355 -0.7402
vn 1.0000 0.0016 0.0064
vn 1.0000 -0.0002 0.0021
vn -0.0124 -0.9987 0.0499
vn -0.0124 0.9987 0.0499
vn 1.0000 -0.0016 0.0064
vn 1.0000 0.0002 0.0021
vn -0.3446 -0.0099 -0.9387
vn -0.9999 -0.0073 0.0072
vn -1.0000 -0.0042 -0.0003
vn -0.6715 -0.0355 -0.7402
vn -0.0070 0.0025 -1.0000
vn -0.0015 0.0011 -1.0000
vn -0.0009 0.0054 -1.0000
vn -0.0052 0.0193 -0.9998
vn 0.0050 0.0088 -0.9999
vn 0.0029 0.0034 -1.0000
vn -0.0042 0.0189 -0.9998
vn 0.0044 -0.0049 -1.0000
vn 0.0036 -0.0066 -1.0000
vn -0.0042 -0.0190 -0.9998
vn -0.0010 -0.0072 -1.0000
vn -0.0013 -0.0009 -1.0000
vn -0.0070 -0.0025 -1.0000
vn -0.0052 -0.0193 -0.9998
vn -0.0109 -0.0475 -0.9988
vn -0.0108 0.0475 -0.9988
vn -0.2498 -0.0000 -0.9683
vn 0.6956 -0.0000 -0.7184
vn 0.5501 0.0012 -0.8351
vn -0.4177 -0.0000 -0.9086
vn 0.0070 0.6775 -0.7355
vn 0.0860 0.6694 -0.7379
vn -0.0569 -0.2259 -0.9725
vn 0.0028 -0.2365 -0.9716
vn 0.4401 0.6622 -0.6065
vn -0.0299 -0.0544 -0.9981
vn 0.6318 -0.2315 -0.7398
vn 0.4401 -0.6622 -0.6065
vn -0.0311 0.0536 -0.9981
vn -0.1929 0.1422 -0.9709
vn 0.0846 -0.6703 -0.7373
vn -0.0571 0.2257 -0.9725
vn 0.0070 -0.6775 -0.7355
vn 0.0028 0.2364 -0.9716
vn 0.6910 -0.0410 -0.7217
vn -0.2458 0.0343 -0.9687
vn 0.0053 -0.6773 -0.7357
vn 0.0051 0.3089 -0.9511
vn 0.0019 -0.5297 -0.8482
vn 0.0017 0.2394 -0.9709
vn 0.0051 -0.3089 -0.9511
vn 0.0017 -0.2394 -0.9709
vn 0.0017 0.5297 -0.8482
vn 0.0053 0.6773 -0.7357
vn -0.2458 -0.0343 -0.9687
vn 0.6911 0.0408 -0.7216
vn -0.1929 -0.1422 -0.9709
vn 0.6332 0.2301 -0.7390
vn -0.7474 0.5847 -0.3156
vn -0.0048 0.9605 -0.2781
vn 0.0055 0.8339 -0.5518
vn -0.1018 0.9534 -0.2841
vn -0.5482 0.7853 -0.2877
vn -0.1177 0.6595 0.7425
vn -0.2946 0.4223 0.8573
vn 0.0001 0.5854 0.8107
vn -0.3005 -0.4186 0.8570
vn 0.2283 0.3248 0.9178
vn 0.0156 0.2427 0.9700
vn -0.1177 -0.6595 0.7425
vn 0.2393 0.0491 0.9697
vn -0.6066 -0.3045 0.7344
vn 0.2493 0.0047 0.9684
vn -0.6918 -0.0663 0.7190
vn 0.1756 -0.0000 0.9845
vn -0.8210 -0.0001 0.5709
vn -0.4876 -0.5898 0.6437
vn -0.0089 -0.5245 0.8513
vn -0.0033 0.1700 0.9854
vn 0.0017 0.2395 0.9709
vn -0.0046 -0.1700 0.9854
vn -0.0089 0.5245 0.8513
vn -0.4876 0.5898 0.6437
vn 0.0017 -0.2395 0.9709
vn -0.6918 0.0663 0.7190
vn 0.2495 -0.0044 0.9684
vn 0.1456 -0.0016 0.9893
vn -0.6956 0.0001 0.7184
vn -0.6066 0.3045 0.7344
vn 0.2414 -0.0474 0.9693
vn 0.2294 -0.3240 0.9178
vn -0.0037 -0.2429 0.9701
vn 0.0173 -0.2414 0.9703
vn 0.0001 -0.5854 0.8107
vn -0.0037 0.2429 0.9701
vn -0.0012 -0.9603 0.2791
vn 0.0076 -0.9601 0.2795
vn 0.1813 -0.9422 0.2818
vn 0.5348 -0.7930 0.2917
vn 0.0018 -0.9602 0.2792
vn 0.5499 -0.7841 -0.2876
vn 0.2921 -0.4240 0.8573
vn 0.6082 -0.3033 0.7335
vn 0.9140 -0.2989 -0.2745
vn -0.2251 0.3268 0.9179
vn -0.5332 0.7941 0.2917
vn -0.8422 0.4571 0.2858
vn -0.2394 0.0491 0.9697
vn 0.7474 -0.5847 -0.3156
vn 0.4876 -0.5898 0.6438
vn 0.0048 -0.9605 -0.2781
vn 0.0088 -0.5245 0.8514
vn -0.4463 -0.6583 -0.6062
vn -0.5332 -0.7941 0.2917
vn -0.8433 -0.4597 0.2786
vn -0.6318 -0.2315 -0.7398
vn 0.5482 0.7853 -0.2877
vn 0.0298 0.0545 -0.9981
vn 0.1958 0.1404 -0.9705
vn 0.9140 0.2989 -0.2745
vn -0.5482 -0.7853 -0.2877
vn -0.9140 -0.2989 -0.2745
vn 0.5332 0.7941 0.2918
vn 0.8432 0.4597 0.2787
vn 0.8427 -0.4584 0.2825
vn -0.9150 0.3008 -0.2690
vn -0.7474 -0.5847 -0.3156
vn -0.0048 -0.9605 -0.2781
vn 0.6107 0.3014 0.7323
vn 0.2946 0.4223 0.8573
vn -0.2276 -0.3253 0.9178
vn -0.2436 -0.0460 0.9688
vn 0.7474 0.5847 -0.3156
vn 0.4876 0.5898 0.6438
vn 0.0048 0.9605 -0.2781
vn 0.0088 0.5245 0.8513
vn -0.4446 0.6594 -0.6062
vn -0.6333 0.2300 -0.7389
vn 0.1986 -0.1385 -0.9702
vn 0.0354 -0.0509 -0.9981
vn -0.9630 -0.0493 -0.2651
vn -0.9243 -0.0001 -0.3816
vn -0.9630 0.0494 -0.2649
vn -0.9896 0.0001 -0.1440
vn 0.9641 0.0001 0.2655
vn 0.9641 -0.0001 0.2655
vn 0.9585 -0.0953 0.2686
vn 0.9585 0.0953 0.2688
vn 0.0055 -0.8340 -0.5518
vn -0.1013 -0.9529 -0.2858
vn 0.1813 0.9422 0.2817
vn -0.0012 0.9603 0.2790
vn 0.0077 0.9601 0.2795
vn 0.0018 0.9602 0.2792
vn -0.6910 0.0410 -0.7217
vn 0.2458 -0.0343 -0.9687
vn -0.6095 -0.0000 -0.7928
vn 0.3232 -0.0000 -0.9463
vn -0.0028 -0.2364 -0.9716
vn -0.0070 0.6775 -0.7355
vn -0.0004 0.5294 -0.8484
vn -0.0054 -0.4024 -0.9155
vn -0.0018 0.8062 -0.5916
vn -0.0017 -0.0683 -0.9977
vn -0.0070 -0.6775 -0.7355
vn -0.0860 -0.6694 -0.7379
vn 0.0569 0.2259 -0.9725
vn -0.0028 0.2365 -0.9716
vn -0.6908 -0.0414 -0.7219
vn 0.2462 0.0338 -0.9686
vn -0.6347 -0.0008 -0.7728
vn 0.3523 -0.0000 -0.9359
vn -0.0052 -0.5294 -0.8484
vn -0.0054 0.4024 -0.9155
vn -0.0018 0.0683 -0.9977
vn -0.0019 -0.8062 -0.5916
vn -0.0845 0.6703 -0.7373
vn 0.0572 -0.2257 -0.9725
vn -0.0055 0.8340 -0.5518
vn 0.1013 0.9529 -0.2858
vn 0.1172 0.6598 0.7422
vn -0.0001 0.5854 0.8107
vn -0.0772 -0.0000 0.9970
vn 0.8210 0.0001 0.5710
vn 0.6956 -0.0001 0.7184
vn -0.2499 -0.0000 0.9683
vn 0.1171 -0.6598 0.7423
vn -0.0001 -0.5854 0.8107
vn 0.0037 0.2429 0.9700
vn -0.0173 0.2414 0.9703
vn 0.0046 0.0734 0.9973
vn 0.0032 -0.0734 0.9973
vn -0.0018 -0.4063 0.9137
vn -0.2497 -0.0042 0.9683
vn 0.6920 0.0660 0.7189
vn -0.0157 -0.2427 0.9700
vn 0.0036 -0.2429 0.9700
vn -0.0019 0.4063 0.9137
vn 0.6918 -0.0663 0.7191
vn -0.2496 0.0044 0.9683
vn -0.0076 -0.9601 0.2795
vn 0.0006 -0.9603 0.2790
vn -0.1814 -0.9422 0.2816
vn -0.0018 -0.9602 0.2792
vn 0.9244 0.0001 -0.3815
vn 0.9896 -0.0001 -0.1440
vn 0.9631 0.0494 -0.2646
vn 0.9630 -0.0494 -0.2648
vn -0.9585 0.0953 0.2685
vn -0.9839 -0.0000 0.1787
vn -0.9586 -0.0954 0.2684
vn -0.9370 0.0001 0.3494
vn -0.0055 -0.8340 -0.5518
vn 0.1018 -0.9534 -0.2841
vn -0.1814 0.9422 0.2816
vn -0.0077 0.9601 0.2794
vn 0.0005 0.9603 0.2791
vn -0.0018 0.9602 0.2792
vn 0.7144 -0.6961 -0.0716
vn 0.7148 -0.6956 -0.0715
vn 0.0169 -0.9963 -0.0839
vn 0.3745 -0.3499 -0.8587
vn 0.4092 0.0202 -0.9122
vn 0.5096 0.0215 -0.8602
vn 0.2124 -0.1902 -0.9585
vn 0.0001 -0.4777 -0.8785
vn -0.2124 -0.1902 -0.9585
vn -0.3734 -0.3511 -0.8587
vn -0.0003 -0.3803 -0.9249
vn -0.0169 -0.9963 -0.0839
vn -0.7148 -0.6956 -0.0716
vn -0.7144 -0.6960 -0.0716
vn -0.9998 0.0004 -0.0186
vn -0.5095 0.0215 -0.8602
vn -0.4091 0.0171 -0.9123
vn -0.0000 -0.4777 -0.8785
vn 0.0017 -0.3803 -0.9249
vn 0.9998 0.0004 -0.0185
vn -0.0000 -0.9965 -0.0835
vn 0.0169 -0.9963 -0.0838
vn 0.0174 -0.9998 0.0065
vn -0.0000 -1.0000 0.0082
vn -0.0174 -0.9998 0.0064
vn -0.0169 -0.9963 -0.0838
vn -0.0161 -0.9849 -0.1723
vn -0.0000 -0.9848 -0.1738
vn 0.0162 -0.9849 -0.1724
vn -0.0000 0.9965 0.0834
vn -0.1597 0.9835 0.0852
vn -0.0929 0.5926 0.8001
vn -0.0000 0.2540 0.9672
vn -0.1075 0.6689 -0.7355
vn -0.3765 0.5599 -0.7381
vn -0.4473 0.8908 0.0804
vn 0.4473 0.8906 0.0826
vn 0.3769 0.5599 -0.7379
vn 0.1086 0.6687 -0.7355
vn 0.1597 0.9835 0.0852
vn 0.0929 0.5927 0.8001
vn -0.0000 0.3060 -0.9520
vn 0.3465 0.4931 0.7980
vn -0.3464 0.4932 0.7980
vn 0.8848 0.4627 0.0553
vn 0.7339 0.6756 0.0703
vn 0.4899 0.3704 0.7892
vn 0.7222 0.2275 0.6532
vn 0.5188 0.4342 -0.7364
vn 0.7541 0.2648 -0.6010
vn 0.9996 0.0211 0.0205
vn 0.9888 0.1458 0.0305
vn 0.6483 0.0328 0.7607
vn 0.5516 -0.0121 0.8341
vn 0.5682 0.0232 -0.8226
vn 0.9998 0.0018 0.0188
vn 0.2966 0.0243 -0.9547
vn 0.2867 -0.0192 0.9578
vn 0.6709 0.0597 -0.7392
vn -0.4924 0.3698 0.7879
vn -0.4730 0.4259 0.7713
vn -0.2596 0.5613 0.7858
vn -0.5517 -0.0134 0.8340
vn -0.2867 -0.0192 0.9578
vn -0.5107 -0.0233 0.8595
vn -0.7980 -0.0048 0.6026
vn 0.0071 -0.0231 0.9997
vn -0.0000 -0.0229 0.9997
vn 0.0027 0.4802 0.8771
vn -0.0850 0.6201 0.7799
vn -0.6563 0.0696 0.7513
vn -0.6483 0.0329 0.7607
vn 0.2596 0.5613 0.7858
vn 0.0874 0.6198 0.7799
vn -0.0028 0.4802 0.8772
vn -0.0072 -0.0231 0.9997
vn 0.5106 -0.0233 0.8595
vn 0.4841 0.2264 0.8452
vn 0.6563 0.0696 0.7513
vn 0.4720 0.4259 0.7719
vn 0.7980 -0.0074 0.6026
vn -0.7213 0.2369 0.6508
vn -0.4839 0.2229 0.8463
vn 0.0878 0.6246 0.7760
vn 0.4318 0.6292 0.6463
vn 0.0012 0.3816 0.9243
vn 0.4205 0.3242 0.8474
vn 0.7411 0.2336 0.6295
vn 0.5565 -0.0206 0.8306
vn 0.4112 -0.0219 0.9113
vn 0.6586 0.0264 0.7520
vn -0.0031 -0.0308 0.9995
vn -0.0049 -0.0231 0.9997
vn 0.0047 -0.0381 0.9993
vn 0.0015 -0.0297 0.9996
vn 0.4046 -0.0222 0.9142
vn -0.0066 -0.0226 0.9997
vn 0.3736 0.3509 0.8587
vn 0.0022 0.3822 0.9241
vn -0.0144 -0.0177 0.9997
vn -0.0095 -0.0218 0.9997
vn 0.0169 0.9963 0.0840
vn 0.7143 0.6961 0.0719
vn 0.7146 0.6959 0.0718
vn 0.0169 0.9963 0.0839
vn 0.7146 0.6959 0.0717
vn 0.9998 -0.0004 0.0186
vn -0.4917 -0.8669 -0.0819
vn -0.5602 -0.8245 -0.0804
vn -0.1372 -0.9869 -0.0853
vn -0.1368 -0.9869 -0.0854
vn -0.4615 -0.8833 -0.0827
vn -0.1133 -0.9899 -0.0852
vn -0.1421 -0.7466 -0.6499
vn -0.1947 -0.3142 -0.9292
vn -0.0085 -0.9964 -0.0838
vn 0.0028 -0.3798 -0.9251
vn -0.0085 -0.9965 -0.0837
vn -0.7503 -0.6575 -0.0691
vn -0.7503 -0.6575 -0.0692
vn -0.9151 -0.4001 -0.0507
vn -0.9151 -0.4001 -0.0506
vn -0.7693 -0.6353 -0.0677
vn -0.5655 -0.5243 -0.6366
vn -0.4712 -0.2502 -0.8458
vn -0.9439 -0.3270 -0.0450
vn -0.9944 -0.1018 -0.0271
vn -0.9998 0.0026 -0.0186
vn -0.9997 0.0168 -0.0172
vn -0.6524 -0.0829 -0.7533
vn -0.9998 0.0077 -0.0179
vn -0.9973 -0.0694 -0.0242
vn -0.4039 0.0306 -0.9143
vn -0.7972 0.0101 -0.6036
vn 0.0146 0.0041 -0.9999
vn 0.0092 0.0206 -0.9997
vn 0.0022 0.0249 -0.9997
vn 0.0135 0.0098 -0.9999
vn 0.0056 0.0235 -0.9997
vn 0.0026 0.0240 -0.9997
vn -0.0020 0.0276 -0.9996
vn 0.9433 0.3290 0.0450
vn 0.9970 0.0738 0.0247
vn 0.9901 0.1370 0.0300
vn 0.8811 0.4697 0.0558
vn 0.9998 -0.0111 0.0177
vn 0.9998 0.0077 0.0193
vn 0.9998 -0.0022 0.0184
vn 0.7309 0.6788 0.0702
vn 0.4992 0.8626 0.0818
vn 0.4996 0.8624 0.0817
vn 0.7699 0.6346 0.0676
vn 0.1874 0.9785 0.0857
vn 0.1035 0.9910 0.0850
vn 0.0085 0.9964 0.0838
vn -0.0029 0.0257 -0.9997
vn -0.0000 0.0226 -0.9997
vn -0.2966 0.0243 -0.9547
vn -0.6708 0.0597 -0.7392
vn -0.7530 0.2764 -0.5972
vn -0.0113 0.0083 -0.9999
vn -0.0121 0.0085 -0.9999
vn -0.5682 0.0233 -0.8226
vn -0.0106 0.0210 -0.9997
vn 0.0121 0.0085 -0.9999
vn 0.0107 0.0208 -0.9997
vn 0.0114 0.0082 -0.9999
vn 0.0019 0.0266 -0.9996
vn 0.0030 0.0257 -0.9997
vn -0.0001 0.0291 -0.9996
vn -0.0000 0.0289 -0.9996
vn -0.5203 0.4337 -0.7356
vn -0.0018 0.0266 -0.9996
vn -0.7411 0.2336 0.6294
vn -0.6587 0.0264 0.7520
vn -0.5566 -0.0204 0.8305
vn -0.4112 -0.0202 0.9113
vn 0.0142 -0.0180 0.9997
vn -0.4326 0.6282 0.6467
vn -0.4218 0.3230 0.8472
vn -0.0016 -0.0297 0.9996
vn -0.0039 0.3822 0.9241
vn 0.0049 -0.0231 0.9997
vn 0.0067 -0.0224 0.9997
vn 0.0019 0.3816 0.9243
vn -0.4047 -0.0210 0.9142
vn -0.3682 0.3564 0.8587
vn 0.0030 -0.0308 0.9995
vn -0.0878 0.6246 0.7760
vn 0.0091 -0.0220 0.9997
vn -0.0048 -0.0381 0.9993
vn 0.9944 -0.1018 -0.0270
vn 0.9151 -0.4001 -0.0505
vn 0.9439 -0.3271 -0.0447
vn 0.9973 -0.0694 -0.0242
vn 0.9998 0.0026 -0.0185
vn 0.9997 0.0169 -0.0176
vn 0.4040 0.0299 -0.9143
vn 0.7973 0.0114 -0.6035
vn 0.9997 0.0168 -0.0171
vn 0.9944 -0.1018 -0.0271
vn 0.9998 0.0077 -0.0179
vn 0.6525 -0.0829 -0.7533
vn 0.9151 -0.4001 -0.0506
vn 0.4713 -0.2502 -0.8458
vn -0.0026 0.0239 -0.9997
vn -0.0017 -0.3798 -0.9251
vn 0.1249 -0.7510 -0.6484
vn -0.0055 0.0235 -0.9997
vn -0.0146 0.0041 -0.9999
vn -0.0136 0.0095 -0.9999
vn -0.0022 0.0250 -0.9997
vn 0.5715 -0.5188 -0.6358
vn 0.2116 -0.3056 -0.9283
vn 0.0021 0.0276 -0.9996
vn -0.0092 0.0206 -0.9997
vn -0.9998 -0.0022 0.0184
vn -0.9998 0.0076 0.0193
vn -0.9998 -0.0111 0.0177
vn -0.9970 0.0738 0.0246
vn -0.9901 0.1370 0.0300
vn -0.9433 0.3290 0.0450
vn -0.8811 0.4697 0.0557
vn -0.8848 0.4627 0.0554
vn -0.9888 0.1458 0.0310
vn -0.9998 0.0018 0.0188
vn -0.9996 0.0212 0.0204
vn 0.1372 -0.9869 -0.0853
vn 0.1368 -0.9869 -0.0854
vn 0.0085 -0.9965 -0.0837
vn 0.4917 -0.8669 -0.0819
vn 0.4616 -0.8831 -0.0838
vn 0.1133 -0.9899 -0.0852
vn 0.5602 -0.8245 -0.0799
vn 0.0085 -0.9964 -0.0838
vn -0.1874 0.9785 0.0855
vn -0.4992 0.8626 0.0817
vn -0.4995 0.8624 0.0817
vn -0.1035 0.9910 0.0850
vn -0.0085 0.9964 0.0838
vn 0.7503 -0.6575 -0.0692
vn 0.7503 -0.6575 -0.0691
vn 0.7693 -0.6353 -0.0676
vn -0.7309 0.6788 0.0706
vn -0.7699 0.6346 0.0676
vn -0.7340 0.6757 0.0689
vn -0.7146 0.6959 0.0716
vn -0.0169 0.9963 0.0839
vn -0.7146 0.6959 0.0717
vn -0.0169 0.9963 0.0840
vn -0.7143 0.6961 0.0718
vn -0.9998 -0.0004 0.0186
vn -0.9998 -0.0004 0.0185
vn 0.6905 -0.7232 -0.0093
vn 0.6912 -0.7227 0.0008
vn 0.9304 -0.3662 0.0137
vn 0.4373 -0.8972 0.0610
vn 0.7654 -0.6100 -0.2050
vn 0.4399 -0.8970 0.0423
vn 0.5340 -0.8383 -0.1102
vn 0.5304 -0.8287 -0.1788
vn 0.6685 -0.7186 -0.1914
vn 0.2611 -0.6747 -0.6904
vn -0.0000 -0.9978 0.0667
vn -0.0000 -0.9999 -0.0133
vn -0.0000 -0.9951 0.0987
vn -0.0000 -0.9990 0.0439
vn -0.0000 -0.9837 -0.1801
vn -0.0000 -0.9930 -0.1182
vn -0.0000 -0.9663 -0.2572
vn -0.0000 -0.6867 -0.7269
vn -0.2403 -0.9581 -0.1558
vn -0.6412 -0.7582 0.1178
vn -0.1825 -0.7013 -0.6891
vn -0.7591 -0.6139 -0.2164
vn 0.1844 -0.9640 -0.1914
vn 0.1825 -0.7013 -0.6891
vn 0.6412 -0.7582 0.1179
vn -0.8096 -0.5865 0.0246
vn -0.4278 -0.8735 -0.2325
vn -0.3258 -0.5322 -0.7814
vn -0.0000 -0.8115 -0.5843
vn -0.5340 -0.8380 -0.1125
vn -0.6731 -0.7249 -0.1463
vn -0.0000 -0.9804 -0.1971
vn -0.6904 -0.7201 0.0693
vn -0.5435 -0.8394 -0.0068
vn -0.0000 -0.9954 0.0954
vn -0.0000 -1.0000 -0.0003
vn -0.0000 -0.9999 0.0146
vn -0.4373 -0.8972 0.0610
vn -0.5436 -0.8387 -0.0334
vn -0.9781 -0.2043 -0.0406
vn -0.6093 0.6278 0.4844
vn -0.6058 0.7738 0.1853
vn -1.0000 -0.0000 -0.0019
vn -0.7065 -0.5895 -0.3915
vn -0.9061 0.3349 -0.2585
vn -0.8330 -0.0000 -0.5533
vn -0.7817 -0.4436 0.4384
vn -0.8941 -0.0636 -0.4432
vn -0.9794 -0.1964 -0.0478
vn -0.8630 -0.2552 -0.4359
vn -0.7145 0.6717 0.1960
vn -0.1379 0.4014 -0.9054
vn -0.6179 0.5636 -0.5482
vn -0.2685 0.5903 -0.7612
vn 0.7864 -0.5848 0.1989
vn 0.9688 -0.2476 -0.0071
vn 0.7428 -0.5787 0.3368
vn 0.8621 -0.1738 0.4760
vn 0.9649 -0.2622 -0.0154
vn 0.3133 0.0104 0.9496
vn 0.7706 -0.6359 0.0427
vn 0.6739 -0.7367 -0.0554
vn 0.6307 -0.7105 0.3120
vn 0.4072 -0.9132 -0.0126
vn 0.4174 -0.0000 -0.9087
vn 0.5350 -0.5658 -0.6274
vn -0.0000 -0.3152 -0.9490
vn 0.0001 -0.0000 -1.0000
vn 0.3778 -0.9231 -0.0716
vn 0.4279 -0.8980 -0.1018
vn 0.5848 -0.7174 0.3787
vn 0.9033 -0.4277 -0.0326
vn -0.0000 0.8152 -0.5792
vn -0.0000 0.7272 -0.6864
vn -0.0000 0.8869 -0.4619
vn -0.0000 0.1940 -0.9810
vn 0.0003 0.3380 -0.9411
vn 0.0004 0.4675 -0.8840
vn -0.0000 0.1453 0.9894
vn -0.0000 -0.3899 0.9209
vn -0.0000 -0.1212 0.9926
vn -0.0000 0.9097 -0.4152
vn -0.0000 0.9960 0.0889
vn 0.9503 -0.2088 -0.2310
vn 0.4058 -0.8148 -0.4140
vn 0.4379 -0.7988 -0.4126
vn 0.3873 -0.8410 -0.3779
vn 1.0000 0.0017 -0.0090
vn 0.6649 -0.3897 -0.6372
vn 0.8919 -0.2554 -0.3732
vn 0.5330 -0.5334 -0.6568
vn -0.8760 -0.3695 -0.3099
vn -0.8118 -0.3976 -0.4276
vn -0.8757 -0.3638 -0.3176
vn -0.8803 -0.2743 -0.3870
vn -0.3441 -0.2272 -0.9110
vn -0.3258 -0.7389 -0.5898
vn 0.9846 -0.0025 -0.1746
vn 0.9827 -0.1198 -0.1413
vn 0.3022 -0.1770 -0.9367
vn 0.1432 -0.6098 -0.7795
vn 0.0989 -0.4681 -0.8781
vn 0.3188 -0.7689 -0.5543
vn 0.6690 -0.4679 -0.5776
vn 0.1174 -0.1554 -0.9808
vn -0.1435 -0.2680 -0.9527
vn -0.5663 -0.6418 -0.5172
vn 0.3138 -0.3145 -0.8959
vn 0.6537 -0.6645 -0.3622
vn 0.1266 -0.1364 -0.9825
vn 0.4101 -0.7073 -0.5758
vn -0.0048 -0.7806 -0.6250
vn 0.0424 -0.2120 -0.9763
vn 0.4112 -0.2275 -0.8827
vn -0.1013 -0.9238 -0.3692
vn -0.5760 -0.5810 -0.5750
vn 0.2132 -0.8331 -0.5104
vn 0.0001 0.6125 -0.7904
vn -0.0000 0.9127 -0.4087
vn 0.0014 0.4247 -0.9053
vn -0.0954 -0.3077 -0.9467
vn -0.1073 -0.3956 -0.9121
vn -0.1563 -0.9877 -0.0000
vn -0.1815 -0.9834 -0.0000
vn -0.0042 -0.0089 -1.0000
vn 0.1072 -0.3954 -0.9122
vn 0.1563 -0.9877 -0.0000
vn 0.0002 -0.1704 -0.9854
vn -0.0000 -0.3289 -0.9444
vn 0.0014 -0.2287 -0.9735
vn 0.0019 -0.2287 -0.9735
vn -0.0000 -0.2588 -0.9659
vn -0.0000 -0.2289 -0.9735
vn -0.0000 0.9397 0.3419
vn -0.0001 -0.1705 -0.9854
vn 0.0004 -0.3958 -0.9183
vn 0.0030 -0.4775 -0.8786
vn 0.0005 -0.4123 -0.9111
vn 0.4618 0.8870 -0.0000
vn 0.3137 0.9495 0.0001
vn 0.5978 0.8017 0.0001
vn -0.0008 0.3922 -0.9199
vn 0.0146 0.8239 -0.5666
vn 0.2659 0.5916 -0.7612
vn 0.1886 0.8895 -0.4161
vn 0.6179 0.5636 -0.5482
vn -0.0009 0.7826 -0.6225
vn -0.0000 0.7827 -0.6225
vn 0.1854 0.4403 -0.8785
vn -0.4102 -0.7073 -0.5757
vn -0.2117 -0.8325 -0.5120
vn -0.6648 -0.3898 -0.6373
vn -0.8919 -0.2554 -0.3732
vn 0.5760 -0.5810 -0.5750
vn 0.1012 -0.9242 -0.3682
vn 0.3266 -0.7390 -0.5893
vn 0.8803 -0.2721 -0.3886
vn -0.5330 -0.5334 -0.6568
vn -0.1265 -0.1364 -0.9825
vn -0.4115 -0.2292 -0.8821
vn -0.6683 -0.4687 -0.5777
vn -0.1173 -0.1554 -0.9809
vn -0.3143 -0.3137 -0.8960
vn -0.6496 -0.6676 -0.3638
vn 0.3453 -0.2276 -0.9105
vn 0.1385 -0.2685 -0.9533
vn 0.5717 -0.6330 -0.5219
vn -0.3189 -0.7686 -0.5546
vn -0.9827 -0.1198 -0.1413
vn -0.3014 -0.1792 -0.9365
vn -0.0988 -0.4681 -0.8781
vn -0.0004 -1.0000 -0.0004
vn -0.7008 -0.7134 -0.0026
vn -1.0000 -0.0069 -0.0026
vn -0.7021 -0.7121 -0.0002
vn -1.0000 0.0015 -0.0087
vn -1.0000 0.0020 -0.0094
vn -0.6905 -0.3634 -0.6255
vn -0.8938 -0.3845 -0.2307
vn -0.4378 -0.7988 -0.4127
vn -0.4064 -0.8166 -0.4098
vn -0.8622 -0.1964 -0.4669
vn -0.3896 -0.8420 -0.3732
vn -0.0000 -0.6503 0.7597
vn -0.0000 0.6123 -0.7906
vn 0.0001 0.6123 -0.7906
vn -0.0000 0.9098 -0.4152
vn -0.5909 -0.7086 0.3856
vn -0.4299 -0.8974 -0.0991
vn -0.3779 -0.9231 -0.0716
vn -0.9033 -0.4277 -0.0326
vn -0.0000 -0.7321 0.6812
vn -0.0001 -0.4838 0.8752
vn -0.4104 -0.4412 0.7981
vn -0.5482 -0.7925 0.2671
vn -0.4405 -0.4678 -0.7663
vn -0.0000 -0.4861 -0.8739
vn -0.0000 -0.9533 -0.3021
vn -0.7704 -0.6152 -0.1673
vn -0.0000 0.8732 0.4874
vn -0.0000 0.9718 -0.2360
vn -0.0000 0.9716 -0.2367
vn -0.9577 -0.2874 -0.0107
vn -0.7257 -0.6874 -0.0296
vn -0.5964 -0.3539 0.7204
vn -0.9359 -0.1189 0.3315
vn -0.4842 -0.7754 0.4054
vn -0.3038 -0.9507 0.0618
vn -0.5257 -0.8491 -0.0514
vn -0.9038 -0.4268 -0.0328
vn -0.3145 0.0057 0.9492
vn -0.6722 0.0033 -0.7403
vn -0.2868 -0.9386 0.1915
vn -0.5473 -0.6906 0.4728
vn -0.8218 -0.5681 -0.0446
vn -0.3957 -0.9156 -0.0710
vn -0.0000 0.9003 -0.4353
vn -0.0000 0.9942 0.1074
vn -0.0000 -0.9964 -0.0852
vn -0.0000 -0.9090 0.4168
vn -0.0004 0.4675 -0.8840
vn -0.0002 0.3380 -0.9411
vn -0.0000 -0.2569 0.9664
vn -0.0001 0.1453 0.9894
vn 1.0000 -0.0000 -0.0034
vn -1.0000 -0.0000 -0.0027
vn 0.8761 -0.3632 -0.3172
vn 0.8118 -0.3976 -0.4276
vn -0.9846 -0.0025 -0.1747
vn -0.1432 -0.6098 -0.7795
vn -0.0429 -0.2084 -0.9771
vn -0.8100 -0.5120 -0.2858
vn -0.2842 0.5812 -0.7625
vn -0.3540 -0.0000 -0.9353
vn 0.4039 -0.7551 -0.5164
vn 0.1490 -0.8080 -0.5700
vn 0.1006 -0.3066 -0.9465
vn 0.1815 -0.9834 -0.0000
vn 0.0040 -0.0088 -1.0000
vn 0.0785 -0.0000 0.9969
vn -0.3105 0.9506 -0.0000
vn -0.6005 0.7997 -0.0000
vn -0.0000 -0.1350 -0.9908
vn 0.0012 -0.1352 -0.9908
vn -0.1885 -0.3005 -0.9350
vn -0.0000 -0.1773 -0.9842
vn -0.0000 -0.1352 -0.9908
vn 0.1918 -0.2938 -0.9364
vn -0.0913 -0.0000 0.9958
vn -0.5977 0.8017 -0.0000
vn -0.3137 0.9495 -0.0000
vn -0.0145 0.8239 -0.5666
vn -0.1885 0.8895 -0.4162
vn -0.4084 -0.7568 -0.5104
vn -0.1441 -0.8124 -0.5650
vn 0.3850 0.5394 -0.7489
vn 0.7807 0.5840 -0.2223
vn 0.8330 -0.0000 -0.5532
vn 0.2449 -0.0000 -0.9695
vn 0.0002 -1.0000 -0.0007
vn 0.6997 -0.7144 -0.0008
vn 1.0000 -0.0062 -0.0026
vn -0.5523 -0.6305 -0.5454
vn 1.0000 -0.0081 -0.0025
vn 0.6451 -0.4690 -0.6032
vn 1.0000 -0.0000 -0.0026
vn -1.0000 -0.0001 -0.0032
vn -1.0000 0.0001 -0.0036
vn 0.8942 -0.0648 -0.4429
vn 0.9742 -0.1157 -0.1939
vn 0.6905 -0.3633 -0.6254
vn 0.8631 -0.2551 -0.4359
vn -0.0000 -0.6502 0.7597
vn -0.0000 0.9942 0.1075
vn 0.8218 -0.5681 -0.0445
vn 0.5469 -0.6919 0.4713
vn 0.2842 -0.9387 0.1952
vn 0.3957 -0.9156 -0.0710
vn 0.5430 -0.6526 0.5284
vn 0.6627 -0.3660 0.6534
vn -0.0000 -0.4838 0.8752
vn -0.0000 -0.9376 0.3476
vn 0.6791 -0.7157 -0.1632
vn -0.0000 -0.9296 -0.3687
vn -0.0000 0.9977 0.0681
vn 0.0007 0.8589 -0.5121
vn 0.5580 -0.8283 -0.0515
vn 0.3029 -0.9509 0.0636
vn 0.4837 -0.7761 0.4046
vn 0.9038 -0.4268 -0.0327
vn 0.3747 -0.2542 0.8916
vn 0.2588 -0.6737 0.6922
vn 0.4142 -0.9093 -0.0387
vn 0.1766 -0.9838 0.0302
vn -0.9961 -0.0848 -0.0258
vn -0.9954 -0.0960 -0.0076
vn -0.5958 -0.8012 -0.0550
vn -0.9941 -0.1080 -0.0104
vn -0.9932 -0.1160 -0.0110
vn -1.0000 0.0001 -0.0000
vn -0.9954 -0.0957 0.0030
vn -0.6533 -0.5134 0.5565
vn -0.9886 -0.1499 -0.0132
vn -0.6392 -0.5494 0.5381
vn -0.2234 -0.9586 -0.1767
vn -0.1691 -0.9836 -0.0619
vn -0.0006 -0.9892 -0.1468
vn -0.2975 -0.8864 -0.3547
vn -0.0024 -0.9760 -0.2177
vn 0.0015 -0.9988 -0.0486
vn -0.2255 -0.9732 -0.0453
vn -0.4671 -0.6789 0.5664
vn -0.2642 -0.9251 -0.2728
vn -0.9699 -0.2317 -0.0753
vn -0.3989 -0.8958 -0.1962
vn -0.7826 -0.6095 -0.1269
vn -0.5222 -0.7160 0.4633
vn -0.7233 -0.6762 -0.1395
vn -0.3839 -0.8994 -0.2091
vn 0.0036 0.0121 0.9999
vn -0.0139 -0.0033 0.9999
vn -0.0043 0.0043 1.0000
vn -0.0157 -0.0064 0.9999
vn -0.0184 -0.0364 0.9992
vn -0.0000 0.0005 1.0000
vn -0.0001 0.0010 1.0000
vn -0.0021 0.0080 1.0000
vn -0.0138 0.0071 0.9999
vn -0.0102 0.0217 0.9997
vn -0.0000 0.0007 1.0000
vn 0.0385 0.0174 0.9991
vn -0.0001 0.5817 -0.8134
vn 0.0001 0.5866 -0.8099
vn -0.0000 0.5865 -0.8099
vn 0.0002 0.5782 -0.8159
vn -0.0000 0.5653 -0.8249
vn -0.0000 -0.9995 -0.0330
vn -0.0000 -0.5835 0.8121
vn -0.9895 -0.1442 -0.0094
vn -0.7624 -0.4350 0.4792
vn -0.0000 -0.5891 0.8081
vn -0.0000 -0.5655 0.8248
vn -0.0000 0.6227 -0.7824
vn -0.0000 0.5950 -0.8038
vn -0.0000 0.6502 -0.7597
vn -0.0000 0.6165 -0.7874
vn 0.0001 0.6167 -0.7872
vn -0.0009 0.9973 0.0740
vn -0.0078 0.9878 0.1553
vn -0.0019 0.9901 0.1406
vn -0.0000 0.9973 0.0738
vn -0.0130 0.9204 0.3907
vn -0.0000 0.7836 0.6213
vn -0.0303 0.8865 0.4618
vn 0.0002 1.0000 -0.0017
vn 0.0009 0.9997 -0.0241
vn 0.6632 0.6466 -0.3769
vn -0.0015 0.1752 -0.9845
vn 0.0130 0.9998 0.0141
vn 0.7137 0.6996 0.0337
vn 0.0201 0.9996 -0.0196
vn 0.6287 0.7777 -0.0015
vn 0.0695 0.9966 -0.0440
vn 0.0598 0.9929 0.1031
vn 0.7266 0.6832 0.0722
vn 0.7199 0.6825 0.1262
vn 0.0432 0.9856 0.1636
vn 0.0227 0.9720 0.2339
vn 0.7155 0.6733 0.1866
vn 0.0197 0.7962 0.6047
vn 0.7219 0.3752 0.5815
vn 0.0015 0.1752 -0.9845
vn -0.6632 0.6466 -0.3769
vn -0.0009 -1.0000 0.0048
vn 0.0418 -0.9991 0.0082
vn 0.0075 -1.0000 0.0029
vn 0.0876 -0.9154 -0.3928
vn 0.1576 -0.9081 -0.3880
vn 0.0358 -0.7664 -0.6413
vn -0.9999 0.0148 0.0062
vn -0.9998 0.0168 0.0111
vn -1.0000 0.0064 0.0008
vn -0.9992 0.0040 -0.0388
vn -0.9998 -0.0075 -0.0189
vn -0.9983 -0.0020 -0.0580
vn -0.9983 0.0053 -0.0578
vn -0.9999 0.0140 0.0063
vn -0.9999 0.0116 0.0108
vn -0.9996 0.0042 -0.0287
vn -0.9996 -0.0010 -0.0291
vn -0.9999 0.0126 0.0104
vn -0.9998 0.0089 0.0156
vn -0.0001 0.5567 -0.8307
vn 0.0030 0.7831 0.6219
vn 0.0265 0.9195 0.3921
vn 0.7548 0.6104 0.2404
vn -0.0030 0.7831 0.6219
vn 0.0050 0.7970 -0.6040
vn 0.0006 0.2874 -0.9578
vn -0.0018 0.2201 -0.9755
vn 0.0001 -0.0122 -0.9999
vn -0.0000 -0.0124 -0.9999
vn -0.0000 -0.0135 -0.9999
vn 0.0015 -0.0156 -0.9999
vn -0.0002 -0.0159 -0.9999
vn 0.0055 -0.0106 -0.9999
vn 0.0027 -0.0139 -0.9999
vn -0.0000 -0.0125 -0.9999
vn 0.0009 -0.0121 -0.9999
vn 0.0011 -0.0121 -0.9999
vn 0.0005 -0.0120 -0.9999
vn -0.0002 -0.0111 -0.9999
vn 0.0002 -0.0116 -0.9999
vn 0.0018 -0.0143 -0.9999
vn 0.0005 -0.0126 -0.9999
vn -0.9999 -0.0064 -0.0121
vn -0.9999 -0.0058 -0.0138
vn -0.9999 -0.0140 -0.0010
vn -0.9999 -0.0124 -0.0095
vn -1.0000 -0.0032 0.0058
vn -0.9997 0.0081 0.0214
vn -0.9998 0.0036 0.0190
vn -0.9999 -0.0002 0.0110
vn -0.9999 -0.0053 -0.0163
vn -0.9995 0.0132 -0.0289
vn 0.0003 -0.0120 -0.9999
vn -0.0000 -0.0122 -0.9999
vn -0.0012 -0.0121 -0.9999
vn -0.0005 -0.0127 -0.9999
vn -0.0013 -0.0156 -0.9999
vn -0.0018 -0.0142 -0.9999
vn 0.0001 -0.0134 -0.9999
vn -0.0002 -0.0138 -0.9999
vn -0.0198 0.7962 0.6047
vn -0.7219 0.3752 0.5814
vn -0.0227 0.9720 0.2339
vn -0.0433 0.9856 0.1636
vn -0.7206 0.6820 0.1251
vn -0.7155 0.6733 0.1866
vn -0.0598 0.9929 0.1032
vn -0.0695 0.9966 -0.0440
vn -0.6281 0.7781 0.0050
vn -0.7266 0.6832 0.0721
vn -0.0130 0.9998 0.0141
vn -0.7134 0.6999 0.0339
vn -0.0201 0.9996 -0.0196
vn 0.6093 0.6278 0.4845
vn 0.0130 0.9204 0.3907
vn 0.7144 0.6717 0.1960
vn 0.0019 0.9901 0.1406
vn 0.0078 0.9878 0.1553
vn 0.0009 0.9973 0.0740
vn -0.0009 0.9997 -0.0241
vn -0.0003 1.0000 -0.0017
vn 0.9997 0.0081 0.0215
vn 0.9999 0.0126 0.0104
vn 0.9998 0.0036 0.0191
vn 0.9999 -0.0135 -0.0008
vn 1.0000 -0.0035 0.0055
vn 0.9999 -0.0002 0.0111
vn 0.9983 -0.0020 -0.0579
vn 0.9998 -0.0075 -0.0188
vn 0.9992 0.0040 -0.0388
vn 0.9983 0.0053 -0.0578
vn 0.9995 0.0133 -0.0288
vn 0.9996 0.0042 -0.0286
vn 0.9996 -0.0010 -0.0291
vn 0.9757 -0.2059 -0.0743
vn 0.9999 0.0148 0.0063
vn 1.0000 0.0064 0.0009
vn 0.9998 0.0089 0.0157
vn 0.9999 0.0116 0.0108
vn 0.9999 -0.0053 -0.0163
vn 0.9999 -0.0057 -0.0139
vn 0.9998 0.0168 0.0111
vn 0.9999 -0.0064 -0.0121
vn 0.9999 -0.0124 -0.0094
vn 0.9999 0.0140 0.0062
vn 0.9781 -0.2043 -0.0406
vn 1.0000 -0.0000 -0.0020
vn 0.7065 -0.5895 -0.3915
vn 0.9794 -0.1964 -0.0480
vn 0.6520 -0.5089 0.5621
vn -0.0000 -0.0126 -0.9999
vn 0.0003 -0.0111 -0.9999
vn -0.0001 -0.0116 -0.9999
vn 0.0008 -0.0160 -0.9999
vn -0.0027 -0.0140 -0.9999
vn -0.0059 -0.0109 -0.9999
vn -0.0004 -0.0120 -0.9999
vn -0.0010 -0.0121 -0.9999
vn 0.2408 -0.9303 -0.2767
vn 0.3467 -0.9187 -0.1892
vn 0.3839 -0.8994 -0.2091
vn 0.0009 -1.0000 0.0048
vn -0.0418 -0.9991 0.0082
vn -0.0076 -1.0000 0.0028
vn -0.0876 -0.9154 -0.3928
vn -0.1576 -0.9081 -0.3880
vn 0.7232 -0.6755 -0.1440
vn 0.5201 -0.7182 0.4622
vn 0.8206 -0.5588 -0.1198
vn -0.0357 -0.7664 -0.6413
vn -0.0003 -0.9920 -0.1266
vn 0.2985 -0.8870 -0.3524
vn 0.1909 -0.9688 -0.1582
vn -0.0027 -0.9988 -0.0486
vn 0.0873 -0.9904 0.1071
vn 0.2176 -0.9741 -0.0610
vn 0.1758 -0.9568 0.2317
vn 0.4572 -0.8844 0.0941
vn 0.3829 -0.6191 0.6856
vn 0.1097 -0.4223 0.8998
vn 0.0024 -0.9761 -0.2173
vn 0.3310 -0.8591 0.3905
vn 0.0986 -0.8803 0.4640
vn 0.0535 -0.9986 -0.0000
vn 0.9895 -0.1442 -0.0094
vn 0.7623 -0.4350 0.4792
vn 0.6392 -0.5494 0.5382
vn -0.0000 0.6117 -0.7911
vn -0.0001 0.6215 -0.7834
vn -0.0000 0.6089 -0.7932
vn 0.7457 -0.4705 0.4718
vn 0.9954 -0.0957 0.0031
vn 0.9886 -0.1499 -0.0132
vn 0.9961 -0.0848 -0.0257
vn 0.9932 -0.1160 -0.0117
vn 0.9954 -0.0960 -0.0075
vn 0.9941 -0.1078 -0.0117
vn 0.5962 -0.8022 -0.0332
vn 1.0000 -0.0001 -0.0000
vn 0.0001 0.5854 -0.8107
vn -0.0000 0.5879 -0.8089
vn -0.0002 0.5782 -0.8159
vn 0.0001 0.5817 -0.8134
vn -0.0000 -0.9977 -0.0680
vn -0.0000 -0.0121 -0.9999
vn 0.0001 -0.0121 -0.9999
vn 0.1600 0.9222 0.3521
vn -1.0000 0.0045 -0.0000
vn -0.9863 0.1647 -0.0000
vn -0.7247 0.0376 -0.6880
vn -0.9608 0.0964 0.2600
vn -0.8207 0.1963 0.5366
vn -0.9284 0.3715 -0.0000
vn -1.0000 0.0013 -0.0000
vn 0.0084 -0.8004 -0.5994
vn 0.0177 -0.3790 -0.9252
vn 0.0127 -0.3423 -0.9395
vn -0.0000 -0.8766 -0.4812
vn 0.0121 -0.2756 -0.9612
vn -0.0006 -0.1487 -0.9889
vn 0.0041 -0.7360 -0.6770
vn -0.0000 -0.5604 -0.8282
vn -0.0000 -0.1703 -0.9854
vn -0.0000 -0.7994 -0.6007
vn -0.0070 -1.0000 -0.0037
vn -0.7152 -0.6989 -0.0033
vn -0.5618 -0.8273 -0.0016
vn -0.0110 -0.9999 -0.0030
vn -0.0113 -0.9999 -0.0049
vn -0.5645 -0.8254 -0.0033
vn -0.4559 -0.8900 -0.0051
vn -0.0016 -1.0000 -0.0059
vn -0.0009 -1.0000 -0.0020
vn -0.0000 -1.0000 -0.0016
vn -0.0000 -1.0000 0.0005
vn -0.0083 -1.0000 -0.0035
vn -0.4547 -0.8906 0.0004
vn -0.0000 -1.0000 -0.0038
vn -0.0009 -1.0000 -0.0037
vn -0.0000 -1.0000 -0.0024
vn 1.0000 0.0012 -0.0000
vn 1.0000 0.0004 -0.0000
vn 0.0002 0.0003 1.0000
vn -0.0002 0.0001 1.0000
vn -0.0012 0.0008 1.0000
vn -0.0016 0.0018 1.0000
vn -0.0024 0.0025 1.0000
vn -0.0000 0.0024 1.0000
vn 0.0001 0.0001 1.0000
vn 0.0012 0.0008 1.0000
vn -0.0000 0.0003 1.0000
vn 0.0003 0.0001 1.0000
vn -0.0000 0.0001 1.0000
vn -0.0003 0.0002 1.0000
vn -0.0001 0.0024 1.0000
vn 0.0023 0.0025 1.0000
vn 0.0016 0.0018 1.0000
vn -0.0001 0.0001 1.0000
vn -0.0004 0.0001 1.0000
vn -0.0000 1.0000 -0.0009
vn -0.0000 1.0000 -0.0017
vn -0.0000 1.0000 -0.0012
vn -0.0000 1.0000 -0.0010
vn -0.0000 0.8990 -0.4380
vn -1.0000 0.0058 -0.0000
vn 0.0001 1.0000 -0.0009
vn 0.0003 1.0000 -0.0002
vn -0.0000 0.8186 -0.5743
vn 0.0002 0.9579 -0.2870
vn -0.0000 0.9917 0.1285
vn -0.0000 0.9742 -0.2258
vn -0.0000 0.9939 -0.1103
vn -0.0000 0.9648 0.2629
vn -0.0000 0.8476 -0.5307
vn -0.0000 0.6902 -0.7236
vn -0.0000 0.7403 -0.6723
vn -0.0000 0.9020 -0.4317
vn -0.0000 0.8939 0.4482
vn -0.0000 0.6958 0.7182
vn -0.0000 0.6958 0.7183
vn -0.0000 0.8004 0.5995
vn -0.0000 0.5441 0.8390
vn -0.0000 0.4968 0.8678
vn -0.0000 0.4537 0.8912
vn -0.0000 0.4833 0.8755
vn -0.0000 0.4718 0.8817
vn 0.0009 0.9995 0.0308
vn -0.0001 1.0000 -0.0000
vn -0.0000 0.9991 0.0420
vn -0.0000 0.9732 0.2301
vn 0.0025 0.9922 0.1246
vn 0.0031 0.9999 0.0169
vn -0.0000 0.8293 0.5589
vn -0.0000 0.3501 -0.9367
vn 0.2211 0.2022 -0.9541
vn 0.9782 0.1430 -0.1502
vn 0.6671 0.1430 -0.7311
vn -0.0001 -0.0011 -1.0000
vn -0.0000 -0.0001 -1.0000
vn -0.0000 -0.0003 1.0000
vn -0.0001 -0.0003 1.0000
vn -0.0000 0.0003 -1.0000
vn -0.0000 0.0007 -1.0000
vn -0.0000 -1.0000 -0.0008
vn -0.0000 -1.0000 0.0001
vn 1.0000 -0.0002 -0.0000
vn 1.0000 -0.0003 -0.0000
vn -0.0000 0.2245 0.9745
vn 0.0001 0.0694 0.9976
vn -0.0000 0.7987 0.6017
vn -0.0000 0.7988 0.6017
vn 0.0001 0.2668 0.9637
vn -0.0000 0.1800 0.9837
vn -0.0000 -0.1964 0.9805
vn -0.0000 0.1985 0.9801
vn -0.0000 -0.3898 0.9209
vn -0.0000 0.3921 -0.9199
vn -0.0000 0.1983 -0.9801
vn -0.0000 -0.3899 -0.9209
vn -0.0000 -0.5715 -0.8206
vn -0.0000 -0.1966 -0.9805
vn -0.0000 -0.2931 0.9561
vn -0.0000 0.2633 0.9647
vn -0.0000 0.1347 0.9909
vn -0.0000 -0.2932 0.9561
vn -0.0000 0.2618 -0.9651
vn -0.0000 0.3916 -0.9201
vn -0.0000 0.1328 -0.9911
vn -0.0000 -0.5720 -0.8203
vn -0.0000 -0.2949 -0.9555
vn -0.0000 -0.1957 0.9807
vn -0.0000 0.1991 0.9800
vn -0.0000 -0.3892 0.9212
vn -0.0000 0.3917 -0.9201
vn -0.0000 0.1330 -0.9911
vn -0.0000 0.2619 -0.9651
vn -0.0000 -0.5719 -0.8203
vn -0.0000 -0.2948 -0.9556
vn -0.0000 0.1984 -0.9801
vn -0.0000 -0.3900 -0.9208
vn -0.0000 -0.1969 -0.9804
vn -0.0000 -0.5709 0.8210
vn -0.0000 -0.1961 0.9806
vn -0.0000 -0.3893 0.9211
vn -0.0000 0.3930 0.9195
vn -0.0000 0.1343 0.9909
vn -0.0000 0.2632 0.9647
vn -0.0000 0.3926 -0.9197
vn -0.0000 -0.1968 -0.9804
vn -0.0000 -0.5714 -0.8206
vn -0.0000 0.1342 0.9910
vn -0.0000 0.2629 0.9648
vn -0.0000 0.3919 -0.9200
vn -0.0000 0.1980 -0.9802
vn -0.0000 -0.3902 -0.9207
vn -0.0000 -0.5717 -0.8205
vn -0.0000 -0.1970 -0.9804
vn -0.0000 -0.9996 0.0281
vn -0.0000 -0.9866 -0.1630
vn -0.0000 -0.9316 -0.3634
vn -0.0000 -0.9565 -0.2918
vn -0.0000 -0.8199 -0.5726
vn -0.0000 -1.0000 -0.0070
vn -0.0000 0.9190 0.3942
vn -0.0000 1.0000 0.0021
vn -0.0000 0.6493 0.7605
vn -0.0000 -0.0021 -1.0000
vn -0.0000 0.6737 0.7390
vn -0.0615 0.9981 -0.0005
vn -0.7305 0.6829 -0.0004
vn -0.7307 0.6827 -0.0004
vn -0.9708 -0.2398 0.0003
vn -0.5632 -0.8263 0.0015
vn -0.5638 -0.8259 0.0014
vn -0.9936 -0.1131 0.0003
vn 0.9936 -0.1131 0.0002
vn 0.9708 -0.2398 0.0004
vn 0.7305 0.6829 -0.0003
vn 0.7307 0.6827 -0.0003
vn -0.0000 -0.3458 0.9383
vn -0.0000 -0.7284 0.6851
vn -0.0000 -0.9438 0.3305
vn -0.0000 -1.0000 -0.0044
vn -0.0000 -0.0223 -0.9998
vn -0.0000 0.3481 0.9375
vn -0.0000 -0.2945 -0.9557
vn -0.0000 0.2622 -0.9650
vn -0.0000 0.1334 -0.9911
vn -0.0000 0.3924 0.9198
vn -0.0000 0.1988 0.9800
vn -0.0000 -0.3895 0.9210
vn -0.0000 -0.5711 0.8209
vn -0.0000 -0.2943 -0.9557
vn -0.0000 0.2627 -0.9649
vn -0.0000 0.1337 -0.9910
vn -0.0000 0.3930 0.9196
vn -0.0001 0.1343 0.9909
vn -0.0000 -0.5710 0.8209
vn -0.0000 0.3925 -0.9197
vn -0.0000 -0.1974 -0.9803
vn -0.0000 0.1977 -0.9803
vn -0.0000 -0.3905 -0.9206
vn -0.0000 0.3926 0.9197
vn -0.0000 -0.1976 -0.9803
vn -0.0000 0.1975 -0.9803
vn -0.0000 -0.3906 -0.9205
vn -0.0000 0.1992 0.9800
vn -0.0000 -0.3890 0.9212
vn -0.0000 -0.5708 0.8211
vn -0.0000 -0.1955 0.9807
vn -0.0000 -0.2941 -0.9558
vn -0.0000 0.2625 -0.9649
vn -0.0000 0.2626 0.9649
vn -0.0000 0.3922 0.9199
vn -0.0000 0.1339 0.9910
vn -0.0000 -0.5713 0.8207
vn -0.0000 -0.2940 0.9558
vn -0.0000 1.0000 0.0002
vn -0.0000 0.9181 0.3963
vn 0.0010 0.4181 -0.9084
vn -0.0000 0.8762 -0.4820
vn -0.0000 0.6418 0.7669
vn -0.0000 -0.8115 0.5844
vn -0.0000 -0.1770 0.9842
vn -0.0000 -0.3471 0.9378
vn -1.0000 -0.0002 -0.0000
vn -1.0000 -0.0001 -0.0001
vn -1.0000 -0.0003 -0.0000
vn -0.0001 0.0694 0.9976
vn -0.0000 0.2668 0.9638
vn -0.0001 0.1800 0.9837
vn -0.0000 -0.0008 1.0000
vn -0.0000 -0.0009 1.0000
vn -0.0000 -0.0007 1.0000
vn -0.0000 0.9630 0.2696
vn -0.0000 0.9630 0.2695
vn -0.0000 -0.9071 0.4210
vn -0.0000 -1.0000 -0.0004
vn -0.0000 -0.6923 -0.7216
vn -0.0000 0.9838 -0.1795
vn 0.0001 -0.0021 -1.0000
vn 0.0615 0.9981 -0.0005
vn 0.5638 -0.8259 0.0015
vn 0.5635 -0.8261 0.0015
vn 0.0001 -0.3458 0.9383
vn -0.0000 -0.7285 0.6851
vn -0.0000 -0.9765 0.2155
vn -0.0000 -0.8983 0.4393
vn -0.0000 -0.5714 0.8207
vn -0.0008 0.6740 -0.7387
vn -0.0000 0.6746 -0.7382
vn -0.9782 0.1431 -0.1503
vn -0.2211 0.2022 -0.9541
vn -0.6670 0.1430 -0.7312
vn 0.0001 -0.0011 -1.0000
vn -0.0000 0.0040 1.0000
vn -0.0000 -0.9959 0.0910
vn 0.0002 -1.0000 -0.0002
vn -0.0000 -0.7372 -0.6757
vn -0.0000 -0.9959 -0.0907
vn -0.0000 -0.9825 -0.1862
vn 0.8467 0.5321 -0.0000
vn 0.8947 -0.4467 -0.0000
vn 0.9557 -0.2942 -0.0000
vn -0.0000 -0.8864 -0.4629
vn -0.0000 -0.7389 -0.6739
vn -0.0002 0.0004 1.0000
vn -0.0002 0.0003 1.0000
vn -0.0002 0.0009 1.0000
vn -0.0000 0.0014 1.0000
vn -0.0004 0.0003 1.0000
vn -0.0001 0.0002 1.0000
vn -0.0007 0.0003 1.0000
vn -0.0008 0.0003 1.0000
vn -0.0001 -0.6232 -0.7821
vn -0.0000 -0.3891 -0.9212
vn -0.0000 -0.9976 -0.0687
vn -0.0000 0.0006 1.0000
vn 0.0002 0.0008 1.0000
vn -0.0002 0.0008 1.0000
vn 0.0008 0.0029 -1.0000
vn 0.0003 0.0021 -1.0000
vn -0.0008 0.0029 -1.0000
vn -0.0003 0.0034 -1.0000
vn 0.0004 -0.0034 -1.0000
vn -0.0000 -0.0034 -1.0000
vn -0.0004 -0.0034 -1.0000
vn 0.8894 0.0001 -0.4571
vn 0.7178 0.0001 -0.6962
vn 0.1729 -0.0001 -0.9849
vn -0.0000 -0.0007 -1.0000
vn -0.0001 -0.1435 -0.9896
vn -0.0000 -0.6043 -0.7967
vn -0.0000 1.0000 -0.0037
vn -0.0000 -0.9948 -0.1017
vn -0.0000 -0.9976 0.0694
vn -0.0000 -0.9899 0.1418
vn -0.0000 -0.9776 0.2107
vn -0.0000 -1.0000 -0.0087
vn -0.0000 -0.9946 -0.1034
vn -0.0000 -0.9999 -0.0121
vn -0.0000 -0.9938 -0.1111
vn -0.0000 -0.0060 -1.0000
vn -0.0000 -0.0046 -1.0000
vn -0.0000 -0.0096 -1.0000
vn -0.0000 0.0005 -1.0000
vn -0.0000 0.0008 -1.0000
vn -0.0000 -0.0050 -1.0000
vn -0.0000 0.0001 -1.0000
vn -0.0000 -1.0000 0.0012
vn -0.0000 -1.0000 0.0018
vn -0.0000 -1.0000 -0.0005
vn -0.0000 -1.0000 0.0017
vn -0.0000 -1.0000 0.0016
vn -0.0000 -1.0000 0.0011
vn 0.0057 -1.0000 0.0013
vn 0.0144 -0.9999 0.0018
vn -0.0090 -1.0000 0.0018
vn -0.0074 -1.0000 0.0012
vn -0.8815 -0.0986 0.4618
vn -0.9997 -0.0002 -0.0255
vn -0.9871 -0.0002 -0.1598
vn -0.9983 -0.0002 -0.0583
vn -0.9968 -0.0005 -0.0800
vn -0.0036 1.0000 -0.0002
vn 0.0154 0.9999 -0.0000
vn -0.0214 0.9998 -0.0001
vn -0.9969 -0.0014 -0.0790
vn -0.9939 -0.0011 -0.1103
vn -0.2221 -0.8648 0.4504
vn 0.0981 -0.9952 -0.0028
vn 0.0005 -1.0000 -0.0008
vn -0.0000 -1.0000 -0.0027
vn 0.2223 -0.8653 0.4492
vn -0.0000 -0.8236 0.5672
vn 0.0022 -1.0000 -0.0003
vn -0.0007 -1.0000 -0.0006
vn -0.0008 -0.2357 0.9718
vn 0.6822 -0.1011 0.7241
vn 0.0016 -0.0000 1.0000
vn 0.0056 -0.0000 1.0000
vn -0.0056 -0.0000 1.0000
vn -0.0000 -0.7163 -0.6977
vn -0.0000 -0.7873 -0.6165
vn -0.0000 -0.8761 0.4822
vn -0.0007 0.0004 1.0000
vn 0.0016 1.0000 -0.0001
vn -0.0029 1.0000 -0.0014
vn -0.0024 1.0000 -0.0013
vn -0.0023 1.0000 -0.0012
vn -0.0038 1.0000 -0.0017
vn -0.0000 1.0000 -0.0005
vn 0.0064 -1.0000 0.0018
vn 0.0032 -1.0000 0.0018
vn 0.9969 -0.0014 -0.0789
vn 0.9968 -0.0005 -0.0799
vn 0.9997 -0.0002 -0.0255
vn 0.9983 -0.0002 -0.0582
vn 0.9939 -0.0011 -0.1103
vn 0.9872 -0.0002 -0.1598
vn -0.0032 -1.0000 0.0018
vn -0.0064 -1.0000 0.0018
vn 1.0000 -0.0070 -0.0000
vn 0.9873 -0.1589 -0.0000
vn 0.9908 0.1351 0.0001
vn 1.0000 -0.0032 -0.0000
vn -0.1140 0.2707 0.9559
vn -0.1456 0.2755 0.9502
vn -0.0761 0.2647 0.9613
vn -0.0000 -0.8560 -0.5169
vn -0.0000 -0.7995 -0.6007
vn -0.0016 -1.0000 -0.0042
vn -0.0000 -0.6436 -0.7654
vn -0.0006 -1.0000 -0.0022
vn 0.0084 -1.0000 -0.0034
vn 0.4547 -0.8906 -0.0025
vn 0.0075 -1.0000 -0.0028
vn 0.0026 -1.0000 -0.0047
vn 0.5645 -0.8255 -0.0029
vn 0.5619 -0.8272 -0.0079
vn 0.0093 -0.9999 -0.0037
vn 0.7152 -0.6989 -0.0033
vn 0.4559 -0.8900 -0.0027
vn -0.0068 -0.8750 -0.4840
vn -0.0000 0.9874 -0.1581
vn 0.0038 1.0000 -0.0017
vn 0.0023 1.0000 -0.0013
vn 0.0024 1.0000 -0.0013
vn 0.0029 1.0000 -0.0014
vn -0.0016 1.0000 -0.0001
vn 0.0003 0.0002 1.0000
vn 0.0007 0.0003 1.0000
vn 0.0005 0.0003 1.0000
vn -0.0000 0.0002 1.0000
vn 0.0002 0.0007 1.0000
vn 0.0001 0.0004 1.0000
vn 0.0006 0.0003 1.0000
vn -0.0000 -0.8475 0.5308
vn -0.0000 -0.9021 0.4316
vn 1.0000 -0.0030 -0.0000
vn 0.9927 -0.1202 -0.0013
vn 1.0000 0.0014 -0.0000
vn 0.0002 -0.1703 -0.9854
vn -0.0000 -0.6232 -0.7821
vn -0.0120 -0.2756 -0.9612
vn 0.0001 -0.1723 -0.9850
vn 0.0003 -0.3893 -0.9211
vn -0.0000 -0.0010 -1.0000
vn -0.0000 -0.1150 -0.9934
vn -0.0000 0.9606 -0.2779
vn -0.0176 -0.3790 -0.9252
vn -0.0127 -0.3423 -0.9395
vn -0.0000 -0.5119 -0.8590
vn -0.0000 -0.6076 -0.7942
vn -0.8897 0.0001 -0.4565
vn -0.7188 0.0001 -0.6952
vn -0.1562 -0.0001 -0.9877
vn -0.0011 0.9998 0.0209
vn -0.0030 0.9999 0.0170
vn -0.0017 0.9841 0.1775
vn -0.0000 0.9840 0.1782
vn -0.0000 0.9979 0.0644
vn -0.0000 -0.9957 -0.0925
vn -0.0000 -0.9990 -0.0448
vn -0.7225 -0.6914 -0.0000
vn -0.8081 -0.5890 -0.0000
vn -0.0000 -0.8960 -0.4441
vn 0.0001 -0.9982 0.0593
vn 0.0003 -1.0000 -0.0003
vn -0.0000 -0.5330 -0.8461
vn -0.0000 -0.9925 0.1224
vn -0.0000 0.8826 0.4701
vn -0.0000 0.9047 0.4261
vn -0.0000 0.9805 0.1963
vn -0.0000 -0.0853 -0.9964
vn -0.0000 -0.0002 -1.0000
vn -0.9789 -0.0001 0.2043
vn -0.9980 -0.0000 0.0638
vn -0.9899 -0.0001 0.1417
vn 0.9818 -0.1899 -0.0000
vn 0.8537 -0.5208 -0.0000
vn 0.8800 -0.4750 -0.0000
vn 0.5854 -0.8107 -0.0000
vn 0.7353 -0.6778 -0.0000
vn 0.7198 -0.6942 -0.0000
vn 0.5231 -0.8523 -0.0000
vn 0.1426 -0.9898 -0.0000
vn 0.3395 -0.9406 -0.0000
vn 0.3283 -0.9446 -0.0000
vn 0.0022 -1.0000 -0.0000
vn 0.0017 -1.0000 -0.0000
vn 0.9999 0.0142 -0.0000
vn -0.0022 -1.0000 -0.0000
vn -0.0017 -1.0000 -0.0000
vn 0.5422 -0.8403 -0.0000
vn -0.0020 -1.0000 -0.0000
vn 0.1243 -0.9922 -0.0000
vn 0.3475 -0.9377 -0.0000
vn 0.5684 -0.8228 -0.0000
vn 1.0000 0.0094 -0.0018
vn 0.9750 -0.2186 0.0384
vn -0.0000 -0.9789 0.2046
vn -0.0013 -0.9855 0.1695
vn 0.1415 -0.9754 0.1690
vn 0.0013 -0.9939 0.1107
vn 0.4917 -0.8580 0.1486
vn 0.3220 -0.9265 0.1948
vn 0.8215 -0.5617 0.0982
vn 0.6986 -0.7049 0.1228
vn 0.9492 -0.0827 0.3037
vn 0.9999 0.0157 -0.0002
vn 0.9996 0.0287 -0.0001
vn -0.0015 -0.6616 0.7499
vn -0.0000 -0.4322 0.9018
vn -0.0000 -0.9855 0.1696
vn 0.0037 -0.7278 0.6858
vn -0.0000 -0.6614 0.7500
vn 0.2403 -0.6270 0.7411
vn 0.1224 -0.6533 0.7472
vn 0.5200 -0.4791 0.7071
vn 0.4026 -0.5570 0.7264
vn 0.6451 -0.3483 0.6801
vn -0.9714 -0.2309 0.0558
vn -0.8504 -0.5169 0.0984
vn -0.7694 -0.4152 0.4854
vn -0.3956 -0.0295 0.9179
vn -0.4034 -0.5562 0.7266
vn -0.5197 -0.4794 0.7071
vn -0.7092 -0.6973 0.1038
vn -0.4917 -0.8580 0.1488
vn -0.3221 -0.9265 0.1948
vn -0.1415 -0.9754 0.1689
vn -0.1225 -0.6533 0.7471
vn -0.2401 -0.6271 0.7410
vn -0.0000 -0.7279 0.6857
vn -0.0015 -0.6615 0.7500
vn -0.0013 -0.9895 0.1444
vn 0.0013 -0.5507 0.8347
vn 0.0013 -0.9855 0.1696
vn -0.9999 0.0106 -0.0013
vn -0.9999 0.0157 -0.0002
vn -0.9996 0.0287 -0.0002
vn -0.8537 -0.5208 -0.0000
vn -0.7198 -0.6942 -0.0000
vn -0.5422 -0.8403 -0.0000
vn -0.3395 -0.9406 -0.0000
vn -0.1426 -0.9898 -0.0000
vn -0.9818 -0.1899 -0.0000
vn -0.9874 -0.1580 -0.0007
vn -0.9999 0.0142 -0.0000
vn -0.5684 -0.8228 -0.0000
vn -0.3475 -0.9377 -0.0000
vn -0.0021 -1.0000 -0.0000
vn 0.0020 -1.0000 -0.0000
vn -0.0011 -1.0000 -0.0000
vn -0.0012 -1.0000 -0.0000
vn -0.3208 -0.9472 -0.0000
vn -0.1001 -0.9950 -0.0000
vn -0.9646 -0.2636 -0.0000
vn -0.8249 -0.5652 -0.0000
vn 0.0020 0.0131 0.9999
vn 0.0020 0.0060 1.0000
vn 0.0026 0.0195 0.9998
vn -0.0000 0.0203 0.9998
vn -0.0020 -0.0000 1.0000
vn -0.0013 -0.0000 1.0000
vn -0.0027 0.0195 0.9998
vn -0.0020 0.0060 1.0000
vn -0.0021 0.0131 0.9999
vn -0.8486 0.5290 -0.0000
vn -0.9781 0.2080 -0.0000
vn -0.5882 0.8087 -0.0000
vn -0.5214 0.8533 -0.0000
vn -0.7201 0.6939 -0.0000
vn -0.1872 0.9823 -0.0000
vn -0.1233 0.9924 -0.0000
vn -0.3276 0.9448 0.0005
vn -0.3534 0.9355 -0.0000
vn 0.0013 1.0000 -0.0000
vn 0.0021 1.0000 -0.0000
vn -0.0011 1.0000 -0.0000
vn -0.0020 1.0000 -0.0000
vn -0.0012 1.0000 -0.0000
vn -0.9999 0.0130 -0.0000
vn -0.9840 0.1779 0.0001
vn -0.7143 0.6999 -0.0001
vn -0.3442 0.9389 -0.0000
vn -0.5418 0.8405 -0.0000
vn 0.0016 1.0000 -0.0000
vn -0.1425 0.9898 -0.0000
vn -0.0017 1.0000 -0.0000
vn -0.7281 0.6855 -0.0000
vn -0.3277 0.9448 0.0005
vn -0.0006 1.0000 -0.0000
vn 0.0006 1.0000 -0.0000
vn -0.9604 0.2745 -0.0477
vn -0.8263 0.5502 -0.1203
vn -0.5055 0.8441 -0.1788
vn -0.7107 0.6960 -0.1027
vn -0.3274 0.9350 -0.1360
vn -0.1404 0.9760 -0.1666
vn -0.0000 0.9792 -0.2027
vn 0.0014 0.9897 -0.1433
vn 0.0028 0.9939 -0.1101
vn -0.0014 0.9812 -0.1928
vn -1.0000 0.0098 -0.0012
vn -0.8511 0.0917 -0.5169
vn -0.9999 0.0133 -0.0002
vn -0.9997 0.0243 -0.0001
vn -0.5190 0.4820 -0.7060
vn -0.6413 0.3544 -0.6805
vn -0.1458 0.3813 -0.9129
vn -0.4883 0.6715 -0.5574
vn 0.0008 0.6637 -0.7480
vn -0.1053 0.7251 -0.6806
vn -0.0009 0.5518 -0.8340
vn -0.0034 0.6637 -0.7480
vn -0.0000 0.9743 -0.2254
vn -0.0000 0.5518 -0.8340
vn 0.0006 0.5518 -0.8340
vn 0.0017 0.9858 -0.1682
vn 0.1034 0.7253 -0.6806
vn -0.0010 0.6637 -0.7480
vn -0.0017 0.9897 -0.1433
vn 0.1404 0.9760 -0.1666
vn 0.2374 0.6298 -0.7396
vn 0.3274 0.9350 -0.1360
vn 0.5057 0.8440 -0.1789
vn 0.4057 0.5566 -0.7250
vn 0.5191 0.4817 -0.7060
vn 0.7106 0.6960 -0.1026
vn 0.8263 0.5503 -0.1202
vn 0.6414 0.3540 -0.6806
vn 0.9462 0.1031 -0.3067
vn 0.9711 0.2352 -0.0402
vn 1.0000 0.0086 -0.0017
vn 0.9999 0.0133 -0.0002
vn 0.9997 0.0243 -0.0001
vn 0.0017 1.0000 -0.0000
vn -0.0016 1.0000 -0.0000
vn 0.1425 0.9898 -0.0000
vn 0.3373 0.9414 -0.0000
vn 0.5418 0.8405 -0.0000
vn 0.7201 0.6939 -0.0000
vn 0.8486 0.5290 -0.0000
vn 0.9781 0.2079 -0.0000
vn 0.9999 0.0130 -0.0000
vn 0.9781 0.2080 -0.0000
vn 0.5619 0.8272 -0.0001
vn 0.7281 0.6855 -0.0000
vn -0.0013 1.0000 -0.0000
vn 0.7065 0.7077 -0.0000
vn 0.4937 0.8696 -0.0000
vn -0.0080 0.7306 -0.6828
vn -0.0000 -0.6443 0.7648
vn 0.0011 -0.9172 0.3984
vn -0.0000 -0.6440 0.7650
vn -0.0000 -0.9193 0.3934
vn -0.0009 -0.7990 0.6014
vn -0.0000 -0.7990 0.6014
vn -0.0000 -0.8004 0.5995
vn 0.0010 -1.0000 0.0026
vn 0.0016 -1.0000 0.0023
vn -0.0011 -1.0000 0.0015
vn -0.0012 -1.0000 0.0034
vn -0.9952 -0.0000 -0.0975
vn -0.6079 0.6208 -0.4950
vn -0.2772 -0.5841 -0.7628
vn 0.0066 0.5180 -0.8554
vn -0.0103 0.6154 -0.7881
vn -0.0054 -0.3854 -0.9227
vn 0.0070 -0.7405 -0.6721
vn 0.5100 0.5107 -0.6921
vn 0.3656 -0.7460 -0.5566
vn -0.9953 -0.0000 -0.0966
vn -0.5100 0.5107 -0.6922
vn -0.3656 -0.7460 -0.5566
vn -0.0066 -0.5180 -0.8554
vn 0.5025 0.5132 -0.6958
vn 0.3552 -0.7492 -0.5590
vn 0.0083 -0.4779 -0.8784
vn 0.0087 0.4780 -0.8783
vn -0.0069 0.7404 -0.6721
vn 0.9952 -0.0000 -0.0975
vn 0.9953 -0.0000 -0.0966
vn -0.0191 0.9902 -0.1385
vn -0.0255 0.9943 -0.1031
vn 0.0096 0.9896 -0.1436
vn 0.0150 0.9944 -0.1044
vn -0.0255 -0.9943 -0.1031
vn -0.0191 -0.9902 -0.1384
vn 0.0096 -0.9896 -0.1436
vn 0.0150 -0.9944 -0.1043
vn -0.0096 0.9896 -0.1436
vn -0.0150 0.9944 -0.1044
vn 0.0191 0.9902 -0.1385
vn 0.0255 0.9943 -0.1031
vn -0.0096 -0.9896 -0.1436
vn 0.0191 -0.9902 -0.1384
vn -0.0150 -0.9944 -0.1044
vn 0.0255 -0.9943 -0.1031
vn 0.0005 0.0069 1.0000
vn -0.0054 -0.0037 1.0000
vn -0.0020 0.0004 1.0000
vn 0.0014 0.0055 1.0000
vn 0.0025 0.0136 0.9999
vn 0.0042 0.0179 0.9998
vn 0.0025 0.0161 0.9999
vn 0.0005 0.0138 0.9999
vn 0.0013 0.0156 0.9999
vn -0.0004 0.0125 0.9999
vn -0.0010 0.0119 0.9999
vn -0.0011 0.0120 0.9999
vn -0.0013 0.0116 0.9999
vn -0.0008 0.0131 0.9999
vn 0.0022 0.0006 1.0000
vn 0.0060 -0.0039 1.0000
vn -0.0007 0.0071 1.0000
vn -0.0024 0.0108 0.9999
vn -0.0037 0.0152 0.9999
vn -0.0015 0.0126 0.9999
vn -0.0025 0.0162 0.9999
vn -0.0008 0.0142 0.9999
vn -0.0008 0.0144 0.9999
vn 0.0006 0.0119 0.9999
vn 0.0014 0.0117 0.9999
vn 0.0008 0.0122 0.9999
vn 0.0019 0.0113 0.9999
vn 0.0030 0.0105 0.9999
vn -0.0000 0.0121 0.9999
vn -0.0001 0.0121 0.9999
vn -0.9986 -0.0529 0.0091
vn -0.9395 -0.3070 0.1523
vn -0.9585 -0.1987 0.2042
vn -0.9474 -0.1417 0.2870
vn -0.9582 -0.0364 0.2837
vn -0.9600 0.0502 0.2756
vn -0.9618 0.1229 0.2445
vn -0.9638 0.1893 0.1878
vn -0.9650 0.2417 0.1019
vn -0.9767 0.2136 0.0219
vn -0.9643 0.2618 -0.0387
vn -0.9631 0.2394 -0.1229
vn -0.9614 0.1910 -0.1979
vn -0.9608 0.1333 -0.2432
vn -0.9602 0.0620 -0.2722
vn -0.9506 -0.0433 -0.3075
vn -0.9623 -0.1255 -0.2414
vn -0.9631 -0.1936 -0.1871
vn -0.9646 -0.2423 -0.1041
vn -0.9562 -0.2905 -0.0373
vn -0.0000 1.0000 0.0005
vn -0.8174 0.5656 0.1095
vn -0.8888 0.4041 -0.2163
vn -0.7682 0.6310 -0.1085
vn -0.8068 0.5636 0.1774
vn -0.8892 -0.4014 0.2195
vn -0.9670 -0.1066 0.2315
vn -0.9353 -0.2147 0.2813
vn -0.7695 -0.6299 0.1054
vn -0.9355 0.2187 -0.2774
vn -0.9681 0.1431 0.2055
vn -0.8994 -0.4309 -0.0734
vn -0.8195 -0.5627 -0.1083
vn -0.8964 -0.4370 0.0742
vn -0.8984 0.4326 0.0753
vn -0.8887 0.4529 -0.0716
vn -0.0000 0.0323 -0.9995
vn -0.5596 0.0268 -0.8283
vn -0.4845 0.5120 -0.7094
vn 0.0002 0.9400 -0.3412
vn -0.3625 -0.0103 0.9319
vn -0.7368 -0.0077 0.6761
vn -0.0000 -0.0111 0.9999
vn -0.0036 0.9557 0.2944
vn -0.0026 0.7837 -0.6211
vn -0.0046 0.9462 -0.3236
vn -0.0049 0.7998 0.6003
vn 0.0036 0.9462 -0.3237
vn 0.0030 0.7837 -0.6211
vn 0.0044 0.9557 0.2944
vn 0.0038 0.7997 0.6003
vn -0.0000 -1.0000 -0.0062
vn 0.0001 -1.0000 -0.0062
vn 0.5827 0.6121 -0.5346
vn 0.0002 0.4351 -0.9004
vn -0.0000 1.0000 0.0011
vn 0.6980 0.7128 -0.0685
vn 0.8984 0.4326 0.0754
vn 0.8241 0.5286 -0.2037
vn 0.8216 -0.5611 -0.1005
vn 0.8964 -0.4370 0.0743
vn 0.8994 -0.4309 -0.0734
vn 0.8889 -0.4015 0.2206
vn 0.8806 0.4603 0.1127
vn 0.8887 0.4528 -0.0716
vn 0.9678 -0.1419 -0.2078
vn 0.9353 -0.2148 0.2813
vn 0.7689 -0.6301 0.1084
vn 0.8033 -0.5655 -0.1867
vn 0.6234 0.7699 0.1368
vn 0.8982 0.4241 -0.1155
vn 0.9364 -0.0738 -0.3431
vn 0.9584 -0.1993 0.2041
vn 0.9394 -0.3069 0.1531
vn 0.9738 -0.2248 0.0347
vn 0.9973 -0.0370 0.0641
vn 0.9754 -0.2191 -0.0256
vn 0.9636 -0.2456 -0.1057
vn 0.9626 -0.1942 -0.1888
vn 0.9617 -0.1260 -0.2435
vn 0.9503 -0.0425 -0.3085
vn 0.9601 0.0622 -0.2725
vn 0.9607 0.1333 -0.2433
vn 0.9616 0.1903 -0.1976
vn 0.9635 0.2380 -0.1223
vn 0.9649 0.2596 -0.0389
vn 0.9777 0.2088 0.0215
vn 0.9663 0.2376 0.0988
vn 0.9649 0.1868 0.1845
vn 0.9626 0.1220 0.2418
vn 0.9610 0.0500 0.2720
vn 0.9353 -0.0412 0.3514
vn 0.9609 -0.1108 0.2536
vn 0.9681 0.1432 0.2056
vn 0.9356 0.2187 -0.2773
vn 0.3622 0.0301 -0.9316
vn 0.5603 -0.0092 0.8282
vn 0.5599 -0.0092 0.8285
vn -0.0001 -0.0111 0.9999
vn -0.0035 -0.9430 0.3328
vn -0.0026 -0.7705 0.6375
vn -0.0041 -0.9526 -0.3041
vn -0.0037 -0.7853 -0.6191
vn 0.0048 -0.9526 -0.3040
vn 0.0033 -0.7705 0.6375
vn 0.0026 -0.9430 0.3327
vn 0.0034 -0.7853 -0.6191
vn -0.0001 -1.0000 -0.0062
vn -0.9398 0.3271 -0.0991
vn -0.9678 -0.1419 -0.2079
vn -0.8044 -0.5648 -0.1843
vn -0.9359 -0.0750 -0.3441
vn 0.9788 0.0512 0.1981
vn 0.9174 0.1716 -0.3589
vn 0.9707 0.0556 0.2338
vn 0.9340 -0.0817 -0.3477
vn 0.9760 0.0069 -0.2177
vn 0.9950 -0.0015 0.0997
vn 0.9760 -0.0018 0.2179
vn 1.0000 0.0004 -0.0013
vn 1.0000 0.0002 -0.0008
vn 1.0000 0.0004 -0.0008
vn 1.0000 0.0006 -0.0018
vn 1.0000 0.0002 -0.0000
vn 1.0000 0.0001 -0.0004
vn 1.0000 -0.0026 -0.0022
vn 1.0000 -0.0028 -0.0021
vn 1.0000 -0.0042 -0.0041
vn 1.0000 -0.0041 -0.0063
vn 1.0000 -0.0043 -0.0055
vn 1.0000 -0.0047 -0.0042
vn 1.0000 -0.0031 -0.0080
vn 1.0000 -0.0034 -0.0076
vn 1.0000 -0.0026 -0.0079
vn 1.0000 -0.0021 -0.0074
vn 1.0000 -0.0067 -0.0029
vn 0.9999 -0.0114 0.0003
vn 0.9999 -0.0109 0.0006
vn 1.0000 -0.0063 -0.0028
vn 0.9999 -0.0117 -0.0004
vn 0.9999 -0.0114 -0.0004
vn 0.9999 -0.0117 -0.0013
vn 0.9999 -0.0121 -0.0020
vn 0.9999 -0.0114 -0.0028
vn 0.9999 -0.0112 -0.0024
vn 1.0000 -0.0064 0.0009
vn 1.0000 -0.0060 0.0006
vn 1.0000 -0.0023 0.0057
vn 1.0000 -0.0035 0.0049
vn 1.0000 -0.0027 0.0061
vn 1.0000 -0.0016 0.0051
vn 1.0000 -0.0036 0.0035
vn 1.0000 -0.0037 0.0025
vn 1.0000 -0.0038 0.0015
vn 1.0000 -0.0043 0.0016
vn 1.0000 -0.0023 -0.0004
vn 1.0000 0.0001 -0.0020
vn 1.0000 0.0002 -0.0023
vn 1.0000 -0.0025 -0.0006
vn 0.0034 0.9001 -0.4356
vn 0.0040 0.9936 -0.1127
vn 0.0038 0.9753 -0.2207
vn 0.0031 0.8356 -0.5494
vn 0.0041 0.9105 0.4136
vn 0.0041 0.9958 0.0913
vn 0.0042 0.9800 0.1989
vn 0.0040 0.8492 0.5281
vn -0.0040 -0.9930 0.1179
vn -0.0041 -0.9784 -0.2065
vn -0.0042 -0.9955 -0.0942
vn -0.0039 -0.9734 0.2292
vn -0.0030 -0.8366 0.5478
vn -0.0023 -0.6657 0.7463
vn -0.0023 -0.6656 0.7463
vn -0.0033 -0.8978 0.4404
vn -0.0011 -0.3964 0.9181
vn -0.0011 -0.4747 0.8802
vn 0.0001 -0.2128 0.9771
vn -0.0000 -0.1151 0.9934
vn 0.0028 0.3801 0.9249
vn 0.0026 0.4618 0.8870
vn 0.0015 0.1914 0.9815
vn 0.0016 0.0925 0.9957
vn 0.0033 0.6681 0.7441
vn 0.0034 0.6679 0.7442
vn -0.0041 -0.9069 -0.4214
vn -0.0039 -0.8468 -0.5319
vn 0.0016 0.4429 -0.8966
vn 0.0005 0.3631 -0.9317
vn 0.0022 0.6492 -0.7606
vn 0.0021 0.6490 -0.7608
vn -0.0008 0.0805 -0.9968
vn 0.0004 0.1774 -0.9841
vn -0.0009 -0.1250 -0.9922
vn -0.0021 -0.2216 -0.9751
vn -0.0036 -0.6759 -0.7370
vn -0.0036 -0.6760 -0.7369
vn -0.0031 -0.4834 -0.8754
vn -0.0022 -0.4050 -0.9143
vn 0.0027 0.5514 0.8343
vn 0.0029 0.5741 0.8188
vn 0.0028 0.5343 0.8453
vn 0.0027 0.5343 0.8453
vn 0.0023 0.3861 0.9224
vn 0.0011 0.1074 0.9942
vn 0.0022 0.2045 0.9789
vn 0.0030 0.4634 0.8861
vn -0.0003 -0.1925 0.9813
vn -0.0014 -0.4482 0.8940
vn -0.0005 -0.3722 0.9282
vn 0.0008 -0.0960 0.9954
vn -0.0013 -0.4828 0.8757
vn -0.0014 -0.4827 0.8758
vn -0.0014 -0.4796 0.8775
vn -0.0016 -0.5172 0.8558
vn -0.0026 -0.5335 -0.8458
vn -0.0024 -0.4962 -0.8682
vn -0.0025 -0.4678 -0.8839
vn -0.0026 -0.5016 -0.8651
vn -0.0026 -0.3900 -0.9208
vn -0.0016 -0.1084 -0.9941
vn -0.0005 0.1961 -0.9806
vn -0.0004 0.0978 -0.9952
vn -0.0015 -0.2071 -0.9783
vn 0.0013 0.5225 -0.8526
vn 0.0008 0.3782 -0.9257
vn 0.0008 0.4554 -0.8903
vn 0.0012 0.5225 -0.8527
vn 0.0019 0.5563 -0.8310
vn 0.0016 0.5348 -0.8450
vn 0.9026 0.2653 -0.3389
vn 1.0000 -0.0026 0.0004
vn 1.0000 -0.0062 -0.0038
vn 0.9054 0.3508 -0.2393
vn 0.9079 0.4058 -0.1053
vn 1.0000 -0.0056 -0.0055
vn 0.9999 -0.0033 -0.0097
vn 0.8640 0.5020 0.0386
vn 1.0000 -0.0009 -0.0070
vn 1.0000 -0.0071 0.0006
vn 0.9045 0.2685 0.3312
vn 0.8760 0.4243 0.2293
vn 0.9999 -0.0118 0.0016
vn 0.9999 -0.0129 -0.0006
vn 0.8992 0.0400 0.4358
vn 0.9011 0.1630 0.4017
vn 0.9290 -0.0796 0.3614
vn 0.9999 -0.0124 -0.0023
vn 0.9999 -0.0119 -0.0037
vn 0.9403 -0.1476 0.3067
vn 0.9013 -0.2634 0.3439
vn 1.0000 -0.0071 -0.0027
vn 1.0000 -0.0005 0.0050
vn 0.9033 -0.3547 0.2412
vn 0.9061 -0.4107 0.1014
vn 1.0000 -0.0025 0.0073
vn 1.0000 -0.0051 0.0044
vn 0.8277 -0.5556 -0.0782
vn 1.0000 -0.0058 0.0012
vn 1.0000 -0.0023 -0.0026
vn 0.9021 -0.2701 -0.3366
vn 0.9048 -0.3615 -0.2249
vn 1.0000 0.0002 -0.0031
vn 1.0000 0.0009 -0.0019
vn 0.9606 -0.0398 -0.2752
vn 0.8994 -0.1616 -0.4061
vn 0.8988 0.0491 -0.4356
vn 1.0000 0.0011 -0.0005
vn 1.0000 0.0005 0.0008
vn 0.9001 0.1714 -0.4005
vn 0.7940 0.5992 -0.1029
vn 0.8130 0.5739 0.0989
vn 0.7904 0.4187 0.4471
vn 0.8191 0.4990 0.2828
vn 0.7817 0.1062 0.6145
vn 0.7856 0.2742 0.5547
vn 0.7343 -0.2810 0.6179
vn 0.7800 -0.0832 0.6203
vn 0.7841 -0.4140 0.4624
vn 0.7897 -0.5369 0.2969
vn 0.7936 -0.6004 0.0990
vn 0.8357 -0.5440 -0.0752
vn 0.7880 -0.4192 -0.4510
vn 0.7922 -0.5449 -0.2747
vn 0.7327 -0.0960 -0.6738
vn 0.7834 -0.2680 -0.5608
vn 0.7797 0.1130 -0.6158
vn 0.7821 0.2796 -0.5569
vn 0.7855 0.4175 -0.4569
vn 0.7906 0.5348 -0.2982
vn -0.8188 0.4986 0.2845
vn -0.8129 0.5739 0.0988
vn -0.7940 0.5991 -0.1031
vn -0.7905 0.5352 -0.2979
vn -0.7855 0.4171 -0.4571
vn -0.7820 0.2799 -0.5570
vn -0.7797 0.1130 -0.6159
vn -0.7326 -0.0947 -0.6741
vn -0.7835 -0.2676 -0.5608
vn -0.7877 -0.4201 -0.4506
vn -0.7923 -0.5446 -0.2751
vn -0.8357 -0.5440 -0.0753
vn -0.7936 -0.6003 0.0990
vn -0.7896 -0.5373 0.2964
vn -0.7843 -0.4135 0.4626
vn -0.7344 -0.2813 0.6177
vn -0.7800 -0.0833 0.6202
vn -0.7816 0.1067 0.6146
vn -0.7858 0.2738 0.5546
vn -0.7903 0.4195 0.4467
vn -0.9077 0.4064 -0.1047
vn -0.9055 0.3498 -0.2401
vn -0.9023 0.2669 -0.3385
vn -0.9003 0.1706 -0.4006
vn -0.8987 0.0494 -0.4357
vn -0.9605 -0.0385 -0.2755
vn -0.8991 -0.1631 -0.4062
vn -0.9021 -0.2697 -0.3368
vn -0.9046 -0.3628 -0.2239
vn -0.8278 -0.5563 -0.0726
vn -0.9060 -0.4112 0.1007
vn -0.9036 -0.3536 0.2420
vn -0.9010 -0.2651 0.3434
vn -0.9403 -0.1486 0.3062
vn -0.9291 -0.0795 0.3613
vn -0.8990 0.0407 0.4360
vn -0.9009 0.1645 0.4017
vn -0.9046 0.2681 0.3313
vn -0.8761 0.4260 0.2256
vn -0.8640 0.5020 0.0392
vn -1.0000 0.0012 -0.0008
vn -1.0000 0.0008 -0.0020
vn -1.0000 0.0005 -0.0030
vn -1.0000 -0.0024 -0.0028
vn -1.0000 -0.0058 0.0011
vn -1.0000 -0.0051 0.0040
vn -1.0000 -0.0030 0.0072
vn -1.0000 -0.0005 0.0050
vn -1.0000 -0.0071 -0.0027
vn -0.9999 -0.0120 -0.0036
vn -0.9999 -0.0124 -0.0021
vn -0.9999 -0.0129 -0.0004
vn -0.9999 -0.0113 0.0019
vn -1.0000 -0.0071 0.0006
vn -1.0000 -0.0010 -0.0078
vn -0.9999 -0.0033 -0.0098
vn -1.0000 -0.0056 -0.0057
vn -1.0000 -0.0062 -0.0038
vn -1.0000 -0.0026 0.0003
vn -1.0000 -0.0000 0.0010
vn -0.0012 0.5225 -0.8527
vn -0.0018 0.5563 -0.8310
vn -0.0016 0.5348 -0.8450
vn -0.0006 0.3782 -0.9257
vn -0.0009 0.4555 -0.8902
vn 0.0003 0.1961 -0.9806
vn 0.0006 0.0978 -0.9952
vn 0.0019 -0.2071 -0.9783
vn 0.0016 -0.1084 -0.9941
vn 0.0024 -0.3899 -0.9208
vn 0.0026 -0.4677 -0.8839
vn 0.0027 -0.4961 -0.8683
vn 0.0027 -0.5016 -0.8651
vn 0.0029 -0.5335 -0.8458
vn 0.0014 -0.5172 0.8559
vn 0.0014 -0.4796 0.8775
vn 0.0010 -0.4482 0.8940
vn 0.0007 -0.3722 0.9282
vn 0.0013 -0.4828 0.8757
vn 0.0014 -0.4827 0.8758
vn -0.0016 0.1074 0.9942
vn -0.0019 0.2045 0.9789
vn -0.0008 -0.0960 0.9954
vn -0.0004 -0.1925 0.9813
vn -0.0030 0.4634 0.8861
vn -0.0028 0.3861 0.9224
vn -0.0031 0.5343 0.8453
vn -0.0031 0.5342 0.8453
vn -0.0030 0.5514 0.8342
vn -0.0030 0.5742 0.8187
vn -0.0036 0.9936 -0.1127
vn -0.0042 0.9753 -0.2207
vn -0.0042 0.9958 0.0913
vn -0.0038 0.9800 0.1989
vn -0.0030 0.9001 -0.4356
vn -0.0034 0.8356 -0.5494
vn -0.0042 0.9105 0.4136
vn -0.0038 0.8492 0.5281
vn 0.0030 -0.4834 -0.8754
vn 0.0038 -0.6760 -0.7369
vn 0.0038 -0.6758 -0.7370
vn 0.0027 -0.4050 -0.9143
vn 0.0014 -0.1249 -0.9922
vn 0.0001 0.1774 -0.9841
vn 0.0004 0.0805 -0.9968
vn 0.0016 -0.2217 -0.9751
vn -0.0020 0.6492 -0.7606
vn -0.0007 0.3632 -0.9317
vn -0.0010 0.4430 -0.8965
vn -0.0020 0.6493 -0.7606
vn 0.0045 -0.8468 -0.5320
vn 0.0038 -0.9069 -0.4214
vn -0.0036 0.6680 0.7442
vn -0.0036 0.6681 0.7441
vn -0.0020 0.1914 0.9815
vn -0.0029 0.4618 0.8870
vn -0.0027 0.3801 0.9249
vn -0.0015 0.0926 0.9957
vn 0.0010 -0.3965 0.9181
vn -0.0006 -0.1151 0.9934
vn -0.0002 -0.2129 0.9771
vn 0.0013 -0.4747 0.8802
vn 0.0022 -0.6656 0.7463
vn 0.0022 -0.6657 0.7462
vn 0.0028 -0.8366 0.5478
vn 0.0034 -0.8978 0.4404
vn 0.0038 -0.9955 -0.0942
vn 0.0046 -0.9784 -0.2065
vn 0.0041 -0.9930 0.1180
vn 0.0035 -0.9734 0.2292
vn -1.0000 -0.0023 -0.0004
vn -1.0000 -0.0038 0.0015
vn -1.0000 -0.0043 0.0016
vn -1.0000 -0.0026 -0.0005
vn -1.0000 -0.0038 0.0031
vn -1.0000 -0.0038 0.0030
vn -1.0000 -0.0033 0.0054
vn -1.0000 -0.0024 0.0062
vn -1.0000 -0.0016 0.0050
vn -1.0000 -0.0022 0.0057
vn -1.0000 -0.0064 0.0008
vn -1.0000 -0.0058 0.0007
vn -0.9999 -0.0115 -0.0024
vn -0.9999 -0.0117 -0.0014
vn -0.9999 -0.0121 -0.0020
vn -0.9999 -0.0114 -0.0029
vn -0.9999 -0.0117 -0.0005
vn -0.9999 -0.0114 -0.0005
vn -0.9999 -0.0111 0.0002
vn -0.9999 -0.0113 0.0007
vn -1.0000 -0.0068 -0.0026
vn -1.0000 -0.0030 -0.0076
vn -1.0000 -0.0021 -0.0072
vn -1.0000 -0.0061 -0.0029
vn -1.0000 -0.0031 -0.0080
vn -1.0000 -0.0035 -0.0072
vn -1.0000 -0.0040 -0.0063
vn -1.0000 -0.0043 -0.0055
vn -1.0000 -0.0047 -0.0042
vn -1.0000 -0.0042 -0.0041
vn -1.0000 -0.0026 -0.0023
vn -1.0000 -0.0030 -0.0024
vn -1.0000 0.0001 -0.0004
vn -1.0000 0.0003 -0.0009
vn -1.0000 0.0005 -0.0008
vn -1.0000 0.0002 -0.0001
vn -1.0000 0.0006 -0.0019
vn -1.0000 0.0004 -0.0015
vn -1.0000 0.0001 -0.0020
vn -1.0000 0.0002 -0.0023
vn -0.9803 0.0504 0.1909
vn -0.9707 0.0564 0.2336
vn -0.9552 -0.1139 0.2731
vn -0.9760 0.0069 -0.2177
vn -0.9950 -0.0011 0.0997
vn -0.9760 -0.0024 0.2179
vn -0.9152 0.1782 -0.3615
vn -0.9220 0.1602 -0.3526
vn -0.1004 -0.5128 0.8526
vn -0.3659 -0.2405 0.8990
vn -0.2987 -0.9340 0.1961
vn -0.2289 -0.9217 0.3131
vn -0.6467 -0.3944 0.6529
vn -0.4076 -0.8809 0.2406
vn -0.8584 -0.2929 0.4212
vn -0.5031 -0.8390 0.2075
vn -0.9546 -0.2767 0.1102
vn -0.4655 -0.8829 0.0625
vn -0.9593 -0.1823 -0.2159
vn -0.6460 -0.7584 -0.0863
vn -0.7893 -0.4495 -0.4183
vn -0.4707 -0.8681 -0.1575
vn -0.6429 -0.3326 -0.6899
vn -0.4524 -0.8488 -0.2735
vn -0.3658 -0.2405 -0.8991
vn -0.3156 -0.9120 -0.2620
vn -0.1004 -0.5128 -0.8526
vn -0.2289 -0.9217 -0.3131
vn 0.2243 -0.4460 -0.8665
vn -0.0952 -0.9164 -0.3888
vn 0.4142 -0.5924 -0.6910
vn 0.0032 -0.9618 -0.2739
vn 0.6060 -0.6521 -0.4556
vn 0.0724 -0.9828 -0.1696
vn 0.5856 -0.7971 -0.1476
vn 0.0435 -0.9975 -0.0549
vn 0.7530 -0.6303 0.1888
vn 0.0037 -0.9995 0.0313
vn 0.5983 -0.6497 0.4689
vn 0.0970 -0.9731 0.2090
vn 0.3885 -0.6490 0.6541
vn 0.0147 -0.9478 0.3185
vn 0.2243 -0.4460 0.8665
vn -0.1178 -0.9346 0.3357
vn 0.3196 0.1601 0.9339
vn 0.0659 0.2946 0.9533
vn 0.6148 0.2232 0.7565
vn 0.8504 -0.0079 0.5261
vn 0.9624 0.1785 0.2048
vn 0.9788 0.0979 -0.1799
vn 0.8214 0.1276 -0.5558
vn 0.5998 0.0973 -0.7942
vn 0.3569 0.2260 -0.9064
vn 0.0659 0.2946 -0.9533
vn -0.1673 0.4275 -0.8884
vn -0.4421 0.4280 -0.7883
vn -0.6990 0.5028 -0.5085
vn -0.8316 0.5422 -0.1202
vn -0.8099 0.5355 0.2394
vn -0.6685 0.4932 0.5567
vn -0.4422 0.4280 0.7882
vn -0.1673 0.4275 0.8884
vn 0.1095 0.6140 0.7817
vn -0.1249 0.6771 0.7252
vn -0.3329 0.7398 0.5847
vn -0.4892 0.7909 0.3676
vn -0.5675 0.8178 0.0958
vn -0.5513 0.8121 -0.1912
vn -0.4671 0.7842 -0.4085
vn -0.3329 0.7398 -0.5847
vn -0.1249 0.6771 -0.7252
vn 0.1095 0.6140 -0.7817
vn 0.3490 0.5577 -0.7531
vn 0.6066 0.5068 -0.6125
vn 0.8012 0.4729 -0.3666
vn 0.8751 0.4622 -0.1433
vn 0.8826 0.4604 0.0956
vn 0.7786 0.4772 0.4074
vn 0.6066 0.5068 0.6125
vn 0.3883 0.5500 0.7394
vn -0.0398 -0.8136 0.5801
vn 0.2137 -0.5026 0.8377
vn -0.0743 -0.3608 0.9297
vn -0.2233 -0.7661 0.6026
vn 0.1271 -0.8622 0.4904
vn 0.4579 -0.5733 0.6794
vn 0.2586 -0.9042 0.3400
vn 0.6453 -0.6314 0.4300
vn 0.3427 -0.9332 0.1083
vn 0.7320 -0.6600 0.1689
vn 0.7408 -0.6622 -0.1126
vn 0.3366 -0.9306 -0.1441
vn 0.6189 -0.6237 -0.4775
vn 0.2753 -0.9102 -0.3093
vn 0.1517 -0.8703 -0.4685
vn 0.4196 -0.5625 -0.7124
vn 0.2074 -0.4337 -0.8769
vn -0.0398 -0.8136 -0.5801
vn -0.1171 -0.4168 -0.9014
vn -0.2233 -0.7661 -0.6026
vn -0.4088 -0.4146 -0.8130
vn -0.3753 -0.7321 -0.5685
vn -0.5407 -0.6992 -0.4677
vn -0.6651 -0.2019 -0.7190
vn -0.8386 -0.3327 -0.4313
vn -0.6681 -0.6770 -0.3086
vn -0.7315 -0.6665 -0.1437
vn -0.9634 -0.2434 -0.1123
vn -0.7381 -0.6660 0.1079
vn -0.9547 -0.2455 0.1684
vn -0.8564 -0.1929 0.4789
vn -0.6507 -0.6794 0.3392
vn -0.6070 -0.3745 0.7009
vn -0.5407 -0.6992 0.4677
vn -0.4050 -0.7253 0.5566
vn -0.3659 -0.4492 0.8150
vn 0.1176 0.4735 0.8729
vn -0.2374 0.3077 0.9214
vn -0.4471 0.5560 0.7007
vn -0.6274 0.6344 0.4516
vn -0.8194 0.5507 0.1592
vn -0.8208 0.5263 -0.2219
vn -0.6134 0.6068 -0.5055
vn -0.4133 0.4885 -0.7684
vn -0.1879 0.3473 -0.9187
vn 0.1255 0.4008 -0.9075
vn 0.3721 0.2891 -0.8820
vn 0.6201 0.1798 -0.7636
vn 0.8259 0.3266 -0.4596
vn 0.9713 0.0866 -0.2215
vn 0.9813 0.1088 0.1589
vn 0.8254 0.2533 0.5045
vn 0.5939 0.2413 0.7675
vn 0.3288 0.2205 0.9183
vn 0.3862 0.6237 0.6796
vn 0.1673 0.6738 0.7197
vn 0.6160 0.5784 0.5348
vn 0.7417 0.5578 0.3723
vn 0.8201 0.5451 0.1739
vn 0.8285 0.5445 -0.1307
vn 0.7418 0.5578 -0.3723
vn 0.6161 0.5784 -0.5347
vn 0.3863 0.6237 -0.6796
vn 0.1673 0.6738 -0.7197
vn -0.0500 0.7313 -0.6802
vn -0.2752 0.7982 -0.5358
vn -0.3966 0.8387 -0.3733
vn -0.4801 0.8674 -0.1311
vn -0.4723 0.8640 0.1744
vn -0.3759 0.8311 0.4098
vn -0.2455 0.7895 0.5625
vn -0.0501 0.7313 0.6802
vn -0.0969 -0.3226 0.9415
vn -0.3985 -0.2280 0.8884
vn -0.3827 -0.6720 0.6339
vn -0.1436 -0.7270 0.6714
vn -0.6442 -0.2620 0.7186
vn -0.5962 -0.6298 0.4978
vn -0.8151 -0.3690 0.4465
vn -0.7122 -0.6109 0.3459
vn -0.9616 -0.2032 0.1847
vn -0.7843 -0.5991 0.1614
vn -0.9845 -0.1088 -0.1373
vn -0.7919 -0.5985 -0.1213
vn -0.8443 -0.2241 -0.4868
vn -0.7122 -0.6108 -0.3460
vn -0.5941 -0.2714 -0.7572
vn -0.5962 -0.6298 -0.4978
vn -0.3315 -0.2430 -0.9116
vn -0.3827 -0.6720 -0.6340
vn -0.1367 -0.4553 -0.8798
vn -0.1436 -0.7270 -0.6715
vn 0.1836 -0.4554 -0.8712
vn 0.0243 -0.7725 -0.6346
vn 0.4788 -0.5387 -0.6933
vn 0.1782 -0.8174 -0.5479
vn 0.6439 -0.5896 -0.4877
vn 0.3454 -0.8720 -0.3468
vn 0.7487 -0.6220 -0.2293
vn 0.4284 -0.8999 -0.0811
vn 0.8037 -0.5735 0.1586
vn 0.4151 -0.8953 0.1619
vn 0.6376 -0.5876 0.4981
vn 0.3265 -0.8650 0.3810
vn 0.3880 -0.5740 0.7211
vn 0.2059 -0.8266 0.5238
vn 0.1309 -0.5244 0.8413
vn 0.0572 -0.7813 0.6215
vn 0.3772 0.3351 0.8634
vn 0.0978 0.4858 0.8686
vn 0.6741 0.2733 0.6862
vn 0.8690 0.2371 0.4343
vn 0.9391 0.3156 0.1358
vn 0.9625 0.2214 -0.1568
vn 0.8402 0.1771 -0.5125
vn 0.5940 0.2891 -0.7507
vn 0.3634 0.4239 -0.8296
vn 0.0693 0.3440 -0.9364
vn -0.2420 0.3987 -0.8846
vn -0.4403 0.5461 -0.7127
vn -0.5322 0.7237 -0.4394
vn -0.7988 0.5598 -0.2203
vn -0.7568 0.6437 0.1140
vn -0.6802 0.5514 0.4830
vn -0.3769 0.5915 0.7128
vn -0.1750 0.3808 0.9079
vn -0.0089 0.7954 0.6061
vn 0.2179 0.7355 0.6415
vn -0.1820 0.8468 0.4997
vn -0.2966 0.8833 0.3631
vn -0.3805 0.9118 0.1541
vn -0.3871 0.9147 -0.1158
vn -0.3145 0.8899 -0.3305
vn -0.2082 0.8545 -0.4759
vn -0.0089 0.7954 -0.6061
vn 0.2179 0.7355 -0.6415
vn 0.4115 0.6921 -0.5930
vn 0.5832 0.6590 -0.4749
vn 0.7112 0.6375 -0.2964
vn 0.7747 0.6277 -0.0769
vn 0.7615 0.6297 0.1537
vn 0.6744 0.6434 0.3623
vn 0.5292 0.6689 0.5220
vn 0.3798 0.6993 0.6055
vn 0.0242 -0.7725 0.6346
vn 0.1835 -0.4554 0.8712
vn -0.0841 -0.4451 0.8915
vn -0.1785 -0.7189 0.6718
vn 0.3995 -0.5154 0.7581
vn 0.2334 -0.8347 0.4988
vn 0.6438 -0.5896 0.4877
vn 0.3454 -0.8720 0.3468
vn 0.4221 -0.8984 0.1216
vn 0.7602 -0.6263 0.1726
vn 0.7602 -0.6263 -0.1726
vn 0.4221 -0.8984 -0.1216
vn 0.3639 -0.8776 -0.3119
vn 0.6150 -0.5800 -0.5342
vn 0.2335 -0.8347 -0.4988
vn 0.3775 -0.5950 -0.7095
vn 0.2462 -0.3861 -0.8890
vn -0.0840 -0.4451 -0.8916
vn -0.1785 -0.7189 -0.6718
vn -0.3569 -0.1807 -0.9165
vn -0.6117 -0.3518 -0.7085
vn -0.5962 -0.6299 -0.4978
vn -0.8189 -0.2899 -0.4954
vn -0.7122 -0.6109 -0.3459
vn -0.7843 -0.5991 -0.1614
vn -0.9616 -0.2032 -0.1848
vn -0.7919 -0.5985 0.1212
vn -0.9819 -0.0489 0.1828
vn -0.7122 -0.6108 0.3459
vn -0.3569 -0.1807 0.9165
vn 0.0647 0.3631 0.9295
vn -0.2101 0.3858 0.8983
vn -0.4336 0.4467 0.7826
vn -0.7025 0.4734 0.5313
vn -0.7605 0.6166 0.2038
vn -0.8193 0.5609 -0.1192
vn -0.7163 0.5295 -0.4545
vn -0.4752 0.4591 -0.7506
vn -0.2101 0.3858 -0.8983
vn 0.0648 0.3631 -0.9295
vn 0.3241 0.1856 -0.9276
vn 0.6349 0.1867 -0.7497
vn 0.8805 0.1376 -0.4537
vn 0.9710 0.1921 -0.1424
vn 0.9767 0.0681 0.2036
vn 0.8298 0.2175 0.5140
vn 0.6592 0.1117 0.7436
vn 0.3770 0.1932 0.9058
vn 0.2599 -0.0392 0.9648
vn 0.0057 0.0229 0.9997
vn 0.5960 -0.0079 0.8029
vn 0.8247 -0.1760 0.5375
vn 0.9591 -0.2083 0.1919
vn 0.9227 -0.3193 -0.2161
vn 0.7921 -0.1682 -0.5868
vn 0.5257 -0.2611 -0.8096
vn 0.3580 0.1875 -0.9147
vn 0.0014 -0.1282 -0.9917
vn -0.2989 0.0979 -0.9493
vn -0.6413 0.0240 -0.7670
vn -0.7431 0.3703 -0.5574
vn -0.9332 0.2553 -0.2531
vn -0.9569 0.2612 0.1270
vn -0.8438 0.2330 0.4834
vn -0.6254 0.0648 0.7776
vn -0.2488 0.1956 0.9486
vn -0.1097 -0.3413 0.9335
vn -0.4131 -0.2295 0.8813
vn -0.6593 -0.1177 0.7427
vn -0.8310 -0.2034 0.5178
vn -0.9643 -0.1176 0.2374
vn -0.9864 -0.1135 -0.1192
vn -0.8521 -0.1394 -0.5045
vn -0.5921 -0.1910 -0.7829
vn -0.1255 -0.2960 -0.9469
vn 0.2114 -0.3822 -0.8996
vn 0.4720 -0.5140 -0.7162
vn 0.7231 -0.4826 -0.4942
vn 0.8124 -0.5550 -0.1791
vn 0.8217 -0.5573 0.1195
vn 0.7185 -0.5259 0.4553
vn 0.5177 -0.4666 0.7171
vn 0.2429 -0.3483 0.9054
vn 0.3598 0.3897 0.8478
vn 0.1044 0.2720 0.9566
vn 0.5940 0.2519 0.7640
vn 0.8218 0.2733 0.5000
vn 0.9712 0.0851 0.2225
vn 0.9809 0.1111 -0.1597
vn 0.8183 0.3573 -0.4503
vn 0.6209 0.1817 -0.7625
vn 0.3733 0.2993 -0.8781
vn 0.1305 0.4181 -0.8990
vn -0.2280 0.3828 -0.8953
vn -0.5188 0.4363 -0.7352
vn -0.5585 0.6959 -0.4514
vn -0.7712 0.6086 -0.1870
vn -0.7757 0.6100 0.1616
vn -0.6826 0.5116 0.5219
vn -0.4602 0.4198 0.7823
vn -0.1432 0.4885 0.8607
vn 0.1785 0.7189 0.6718
vn -0.0243 0.7725 0.6346
vn -0.2059 0.8266 0.5238
vn -0.3639 0.8776 0.3120
vn -0.4284 0.8999 0.0811
vn -0.4151 0.8953 -0.1618
vn -0.3454 0.8720 -0.3468
vn -0.2059 0.8266 -0.5238
vn 0.0086 0.7627 -0.6467
vn 0.1785 0.7189 -0.6718
vn 0.3827 0.6720 -0.6339
vn 0.5962 0.6299 -0.4978
vn 0.7122 0.6108 -0.3459
vn 0.7843 0.5991 -0.1613
vn 0.7919 0.5985 0.1213
vn 0.7122 0.6109 0.3459
vn 0.5962 0.6299 0.4978
vn 0.4159 0.6645 0.6209
vn 0.1869 -0.4744 0.8602
vn -0.1018 -0.3427 0.9339
vn 0.0572 -0.7813 0.6216
vn 0.3702 -0.6065 0.7036
vn 0.6579 -0.5518 0.5125
vn 0.3639 -0.8776 0.3120
vn 0.6828 -0.7057 0.1891
vn 0.4284 -0.8999 0.0811
vn 0.7102 -0.6908 -0.1355
vn 0.3639 -0.8776 -0.3120
vn 0.6580 -0.5518 -0.5124
vn 0.2334 -0.8347 -0.4988
vn 0.3702 -0.6065 -0.7036
vn 0.0243 -0.7725 -0.6345
vn 0.2383 -0.4070 -0.8818
vn -0.0993 -0.4002 -0.9110
vn -0.3772 -0.3356 -0.8632
vn -0.5940 -0.2895 -0.7505
vn -0.8416 -0.2431 -0.4822
vn -0.9688 -0.2202 -0.1137
vn -0.7981 -0.5970 0.0808
vn -0.9323 -0.3085 0.1886
vn -0.7311 -0.6073 0.3111
vn -0.8393 -0.1842 0.5115
vn -0.5962 -0.6299 0.4978
vn -0.5941 -0.2895 0.7505
vn -0.3827 -0.6721 0.6339
vn -0.3772 -0.3356 0.8632
vn 0.1165 0.4693 0.8753
vn -0.2444 0.2862 0.9265
vn -0.4681 0.4908 0.7348
vn -0.6051 0.6188 0.5009
vn -0.7895 0.5879 0.1763
vn -0.7775 0.5836 -0.2343
vn -0.6051 0.6188 -0.5010
vn -0.5259 0.4196 -0.7399
vn -0.2353 0.3647 -0.9009
vn 0.1166 0.4693 -0.8753
vn 0.3257 0.2019 -0.9237
vn 0.6193 0.1619 -0.7682
vn 0.8237 0.2677 -0.4999
vn 0.9546 0.2206 -0.2002
vn 0.9754 0.0910 0.2006
vn 0.8236 0.2677 0.4999
vn 0.6193 0.1619 0.7683
vn 0.3257 0.2019 0.9237
vn 0.3408 0.8637 0.3712
vn 0.2214 0.8918 0.3945
vn 0.5015 0.7936 0.3446
vn 0.6638 0.7003 0.2627
vn 0.5747 0.8171 0.0463
vn 0.5711 0.8180 -0.0693
vn 0.3611 0.9299 -0.0698
vn 0.5015 0.7936 -0.3446
vn 0.3754 0.7316 -0.5691
vn 0.2286 0.9208 -0.3161
vn 0.0942 0.8874 -0.4512
vn -0.0875 0.9123 -0.4000
vn -0.1605 0.9635 -0.2143
vn -0.2032 0.9776 -0.0555
vn -0.1229 0.9900 0.0695
vn -0.1604 0.9635 0.2143
vn -0.0726 0.9357 0.3452
vn 0.0506 0.8719 0.4871
vn 0.3445 -0.8546 -0.3885
vn 0.4968 -0.7995 -0.3376
vn 0.4790 -0.8664 -0.1414
vn 0.2391 -0.9630 -0.1241
vn 0.5046 -0.8616 -0.0548
vn 0.5860 -0.8071 0.0727
vn 0.4707 -0.8681 0.1575
vn 0.4524 -0.8488 0.2735
vn 0.3549 -0.8693 0.3442
vn 0.2333 -0.9395 0.2508
vn 0.0952 -0.9164 -0.3888
vn -0.0032 -0.9618 -0.2739
vn -0.0103 -0.9874 -0.1577
vn -0.0106 -0.9988 -0.0487
vn 0.0928 -0.9342 0.3444
vn -0.0032 -0.9618 0.2739
vn -0.0103 -0.9874 0.1577
vn -0.1849 -0.9768 0.1085
vn 0.5031 -0.8390 0.2075
vn 0.4560 -0.8312 0.3181
vn 0.3388 -0.8956 0.2882
vn 0.4762 -0.8780 0.0487
vn 0.2195 -0.8839 0.4129
vn 0.1346 -0.9461 0.2946
vn 0.1259 -0.9777 0.1680
vn 0.5505 -0.8302 -0.0874
vn 0.4707 -0.8681 -0.1575
vn 0.4524 -0.8488 -0.2735
vn 0.3235 -0.8993 -0.2944
vn -0.0527 -0.9768 0.2078
vn 0.0012 -0.9980 0.0626
vn 0.2289 -0.9217 -0.3131
vn 0.1178 -0.9346 -0.3357
vn -0.0856 -0.9944 -0.0627
vn -0.0970 -0.9731 -0.2090
vn -0.3581 -0.8132 0.4588
vn -0.4202 -0.8781 0.2288
vn -0.4263 -0.8958 0.1258
vn -0.0694 -0.9781 0.1963
vn -0.5505 -0.8302 0.0874
vn -0.5403 -0.8392 -0.0626
vn 0.0185 -0.9897 0.1417
vn -0.3959 -0.9123 -0.1046
vn 0.1058 -0.9934 0.0439
vn -0.0156 -0.9989 -0.0438
vn -0.3774 -0.9100 -0.1714
vn 0.0970 -0.9731 -0.2090
vn -0.0516 -0.9692 -0.2408
vn -0.1194 -0.9501 -0.2884
vn -0.3549 -0.8693 -0.3442
vn -0.2104 -0.8475 -0.4873
vn -0.1919 0.9454 -0.2633
vn -0.1773 0.9810 -0.0793
vn 0.1913 0.9706 -0.1460
vn -0.1944 0.9746 0.1108
vn -0.0807 0.9766 0.1995
vn -0.0875 0.9123 0.4000
vn 0.0942 0.8874 0.4512
vn 0.2858 0.9398 0.1876
vn 0.1884 0.8627 -0.4693
vn 0.3630 0.7946 -0.4866
vn 0.5277 0.8258 -0.1991
vn 0.6269 0.7712 -0.1105
vn 0.6696 0.7370 0.0917
vn 0.5277 0.8258 0.1991
vn 0.5410 0.6986 0.4683
vn -0.2286 0.9208 0.3161
vn -0.0101 0.8218 0.5696
vn 0.0726 0.9357 0.3452
vn 0.0911 0.9796 0.1793
vn -0.2896 0.9432 0.1626
vn 0.2032 0.9776 0.0555
vn 0.1229 0.9900 -0.0695
vn 0.1605 0.9635 -0.2143
vn 0.0726 0.9357 -0.3452
vn -0.0507 0.8719 -0.4871
vn -0.2370 0.8507 -0.4692
vn -0.3408 0.8638 -0.3712
vn -0.5037 0.7660 -0.3994
vn -0.5918 0.7772 -0.2139
vn -0.6360 0.7697 -0.0553
vn -0.5711 0.8180 0.0693
vn -0.5918 0.7772 0.2138
vn -0.5515 0.7196 0.4219
vn -0.5277 0.8258 0.1991
vn -0.5410 0.6986 0.4682
vn -0.3214 0.8679 0.3788
vn -0.5672 0.8184 0.0924
vn -0.2399 0.9661 0.0957
vn -0.6696 0.7370 -0.0917
vn -0.5277 0.8258 -0.1991
vn -0.0506 0.8719 -0.4871
vn 0.0807 0.9766 -0.1995
vn 0.1944 0.9746 -0.1108
vn 0.2484 0.9643 0.0920
vn 0.0807 0.9766 0.1995
vn 0.0726 0.9357 0.3451
vn 0.1574 -0.5185 0.8405
vn 0.3650 -0.5771 0.7306
vn 0.5710 -0.6403 0.5138
vn 0.6980 -0.6814 0.2202
vn 0.7088 -0.6857 -0.1657
vn 0.5984 -0.6497 -0.4688
vn 0.3885 -0.6490 -0.6541
vn 0.1701 -0.5219 -0.8359
vn -0.0554 -0.3731 -0.9261
vn -0.3370 -0.3951 -0.8546
vn -0.6232 -0.2720 -0.7332
vn -0.9771 -0.1158 -0.1788
vn -0.9430 -0.2793 0.1809
vn -0.7893 -0.4495 0.4182
vn -0.6430 -0.3326 0.6899
vn -0.3659 -0.2405 0.8991
vn 0.0219 0.2313 0.9726
vn -0.6990 0.5028 0.5084
vn -0.8316 0.5422 0.1202
vn -0.8223 0.5398 -0.1803
vn -0.4841 0.4404 -0.7561
vn -0.2223 0.4214 -0.8792
vn 0.0219 0.2313 -0.9726
vn 0.3469 0.2806 -0.8949
vn 0.8423 0.0684 -0.5346
vn 0.9624 0.1785 -0.2048
vn 0.9882 0.0956 0.1200
vn 0.8817 0.1159 0.4574
vn 0.6755 0.1570 0.7205
vn 0.3636 0.2246 0.9041
vn 0.1501 0.6046 0.7823
vn 0.5725 0.5125 0.6400
vn 0.7545 0.4805 0.4471
vn 0.8656 0.4629 0.1906
vn 0.8826 0.4604 -0.0955
vn 0.3883 0.5500 -0.7394
vn 0.1501 0.6046 -0.7823
vn -0.0864 0.6669 -0.7401
vn -0.3003 0.7303 -0.6136
vn -0.5601 0.8159 -0.1438
vn -0.5513 0.8121 0.1912
vn -0.4671 0.7842 0.4084
vn -0.2234 -0.7661 0.6026
vn -0.5936 -0.3110 0.7423
vn -0.5657 -0.6941 0.4452
vn -0.8381 -0.2657 0.4765
vn -0.6682 -0.6770 0.3086
vn -0.9293 -0.3443 0.1340
vn -0.7315 -0.6665 0.1437
vn -0.9808 -0.1416 -0.1342
vn -0.7381 -0.6660 -0.1080
vn -0.8381 -0.2657 -0.4765
vn -0.5936 -0.3110 -0.7423
vn -0.5657 -0.6941 -0.4452
vn -0.3659 -0.4492 -0.8150
vn -0.4050 -0.7253 -0.5567
vn 0.2238 -0.3474 -0.9106
vn -0.0104 -0.8223 -0.5690
vn 0.3521 -0.6361 -0.6866
vn 0.1762 -0.8775 -0.4461
vn 0.6521 -0.5623 -0.5086
vn 0.2916 -0.9152 -0.2782
vn 0.6858 -0.7158 -0.1312
vn 0.3427 -0.9332 -0.1083
vn 0.9574 0.1718 -0.2322
vn 0.8222 0.2762 -0.4977
vn 0.3569 0.3686 -0.8583
vn 0.0972 0.3532 -0.9305
vn -0.2373 0.3077 -0.9214
vn -0.4471 0.5560 -0.7007
vn -0.6619 0.5631 -0.4948
vn -0.7367 0.6461 -0.1996
vn -0.8120 0.5484 0.1997
vn -0.6619 0.5631 0.4948
vn -0.3966 0.8387 0.3733
vn -0.4869 0.8691 0.0874
vn -0.2455 0.7895 -0.5625
vn 0.2045 0.6642 -0.7191
vn 0.4219 0.6156 -0.6656
vn 0.7622 0.5540 -0.3349
vn 0.8353 0.5428 -0.0871
vn 0.1307 -0.5780 0.8055
vn 0.1782 -0.8174 0.5479
vn 0.4308 -0.5251 0.7340
vn 0.7579 -0.6255 0.1852
vn 0.7625 -0.6270 -0.1600
vn 0.7131 -0.5191 -0.4713
vn -0.1436 -0.7270 -0.6714
vn -0.6352 -0.2638 -0.7259
vn -0.5682 -0.6355 -0.5228
vn -0.6922 -0.6135 -0.3801
vn -0.8421 -0.3099 -0.4414
vn -0.9819 -0.0489 -0.1828
vn -0.5682 -0.6355 0.5228
vn -0.6637 -0.1714 0.7281
vn -0.4212 -0.3075 0.8532
vn -0.3491 -0.6787 0.6461
vn -0.3911 0.5310 0.7517
vn -0.6621 0.5459 0.5134
vn -0.7503 0.6422 0.1572
vn -0.6855 0.7152 -0.1362
vn -0.6802 0.5514 -0.4831
vn -0.3512 0.6660 -0.6581
vn 0.8122 0.2474 -0.5284
vn 0.9370 0.2906 -0.1941
vn 0.9625 0.2214 0.1568
vn 0.8486 0.2414 0.4708
vn 0.6445 0.2796 0.7117
vn 0.3554 0.2768 0.8928
vn 0.4114 0.6922 0.5930
vn 0.5832 0.6590 0.4749
vn 0.7112 0.6375 0.2964
vn 0.7746 0.6277 0.0770
vn 0.7687 0.6292 -0.1154
vn 0.4115 0.6922 -0.5930
vn -0.0089 0.7953 -0.6061
vn -0.1820 0.8468 -0.4997
vn -0.2966 0.8833 -0.3631
vn -0.3805 0.9118 -0.1542
vn -0.3931 0.9162 0.0772
vn -0.3321 0.8952 0.2972
vn -0.2082 0.8545 0.4758
vn -0.3570 -0.1807 0.9165
vn -0.8488 -0.2846 0.4456
vn -0.9729 -0.2006 0.1148
vn -0.9640 -0.2028 -0.1722
vn -0.8487 -0.2846 -0.4457
vn -0.7122 -0.6108 -0.3459
vn -0.6441 -0.2620 -0.7187
vn 0.7110 -0.6752 -0.1965
vn 0.7624 -0.6270 0.1600
vn 0.6700 -0.5325 0.5172
vn 0.3775 -0.5950 0.7096
vn 0.2462 -0.3861 0.8890
vn 0.3598 0.2458 0.9001
vn 0.6269 0.0722 0.7758
vn 0.8388 0.2613 0.4777
vn 0.9737 0.0477 0.2230
vn 0.9859 0.1178 -0.1190
vn 0.6479 0.1343 -0.7498
vn 0.3491 0.2961 -0.8891
vn 0.0283 0.2562 -0.9662
vn -0.1623 0.4406 -0.8829
vn -0.4329 0.4968 -0.7522
vn -0.6840 0.5203 -0.5113
vn -0.8422 0.5148 -0.1602
vn -0.7977 0.5542 0.2375
vn -0.7026 0.4524 0.5493
vn -0.4329 0.4968 0.7522
vn -0.2989 0.0978 0.9492
vn 0.0014 -0.1282 0.9917
vn -0.6413 0.0240 0.7669
vn -0.7920 0.3375 0.5088
vn -0.9569 0.2612 0.1271
vn -0.7800 0.2171 -0.5870
vn -0.5825 0.1680 -0.7953
vn -0.3447 -0.0015 -0.9387
vn 0.0538 0.1203 -0.9913
vn 0.3024 -0.2036 -0.9312
vn 0.5957 0.0362 -0.8024
vn 0.9455 -0.2051 -0.2530
vn 0.9593 -0.2084 0.1906
vn 0.7607 -0.3231 0.5629
vn 0.5960 -0.0079 0.8030
vn 0.3124 0.1011 0.9446
vn 0.2114 -0.3822 0.8996
vn -0.1256 -0.2960 0.9469
vn 0.7185 -0.5258 0.4553
vn 0.8124 -0.5550 0.1791
vn 0.8217 -0.5573 -0.1194
vn 0.4383 -0.4872 -0.7553
vn 0.1641 -0.3691 -0.9148
vn -0.6153 -0.2286 -0.7544
vn -0.8647 -0.0931 -0.4935
vn -0.8209 -0.1449 0.5524
vn -0.5921 -0.1910 0.7829
vn 0.1012 0.3626 0.9264
vn -0.2280 0.3828 0.8953
vn -0.5188 0.4363 0.7352
vn -0.6302 0.6321 0.4508
vn -0.7826 0.6116 0.1162
vn -0.7618 0.6050 -0.2316
vn -0.5858 0.6445 -0.4914
vn -0.1905 0.4377 -0.8787
vn 0.1385 0.3530 -0.9253
vn 0.3953 0.2041 -0.8956
vn 0.6445 0.2423 -0.7252
vn 0.8185 0.2993 -0.4903
vn 0.9555 0.1833 -0.2311
vn 0.9809 0.1111 0.1598
vn 0.8403 0.2047 0.5019
vn 0.6121 0.3125 0.7265
vn 0.3598 0.3896 0.8478
vn 0.2131 0.7099 0.6713
vn 0.5682 0.6355 0.5228
vn 0.6923 0.6135 0.3800
vn 0.7843 0.5991 0.1614
vn 0.7982 0.5970 -0.0808
vn 0.7311 0.6073 -0.3111
vn 0.1436 0.7270 -0.6714
vn -0.0242 0.7725 -0.6346
vn -0.3639 0.8776 -0.3120
vn -0.4284 0.8999 -0.0811
vn -0.4151 0.8953 0.1618
vn -0.3454 0.8720 0.3468
vn 0.0086 0.7627 0.6467
vn -0.0994 -0.4002 0.9110
vn -0.3773 -0.3356 0.8632
vn -0.6104 -0.3433 0.7138
vn -0.8584 -0.1807 0.4802
vn -0.6923 -0.6135 0.3800
vn -0.9420 -0.3069 0.1358
vn -0.7843 -0.5991 0.1613
vn -0.9817 -0.1335 -0.1361
vn -0.7919 -0.5986 -0.1213
vn -0.3622 -0.4164 -0.8339
vn -0.4159 -0.6645 -0.6209
vn -0.0682 -0.2747 -0.9591
vn 0.1870 -0.4744 -0.8602
vn 0.0572 -0.7813 -0.6216
vn 0.6453 -0.7477 -0.1566
vn 0.8082 -0.5729 0.1363
vn 0.6594 -0.6131 0.4352
vn 0.4305 -0.5437 0.7204
vn 0.1770 -0.4717 0.8638
vn 0.3788 0.2141 0.9004
vn 0.6355 0.2196 0.7402
vn 0.8268 0.2432 0.5072
vn 0.9726 0.0657 0.2232
vn 0.9830 0.0896 -0.1601
vn 0.8270 0.3218 -0.4610
vn 0.1278 0.4138 -0.9014
vn -0.1990 0.4157 -0.8875
vn -0.5828 0.6684 -0.4621
vn -0.8317 0.5083 -0.2235
vn -0.8299 0.5344 0.1604
vn -0.5828 0.6684 0.4621
vn -0.5259 0.4196 0.7398
vn -0.2353 0.3647 0.9009
vn 0.0554 -0.3731 0.9261
vn -0.1567 -0.5808 0.7988
vn -0.4409 -0.5999 0.6676
vn -0.6242 -0.6573 0.4222
vn -0.7175 -0.6878 0.1105
vn -0.7656 -0.6059 -0.2163
vn -0.5386 -0.6965 -0.4741
vn -0.3650 -0.5771 -0.7306
vn -0.1570 -0.4279 -0.8901
vn 0.1442 -0.5805 -0.8014
vn 0.3658 -0.2405 -0.8991
vn 0.6430 -0.3326 -0.6899
vn 0.7893 -0.4495 -0.4182
vn 0.9657 -0.2086 -0.1549
vn 0.9593 -0.1823 0.2159
vn 0.8203 -0.3886 0.4196
vn 0.6466 -0.3944 0.6529
vn 0.3625 -0.3267 0.8728
vn 0.1673 0.4275 0.8884
vn -0.0219 0.2313 0.9726
vn 0.4403 0.4822 0.7574
vn 0.7573 0.3863 0.5266
vn 0.8237 0.5403 0.1720
vn 0.7813 0.6074 -0.1438
vn 0.7365 0.4566 -0.4990
vn 0.4403 0.4822 -0.7574
vn 0.2169 0.3669 -0.9046
vn -0.0727 0.2930 -0.9534
vn -0.3847 0.1451 -0.9116
vn -0.6399 0.1648 -0.7506
vn -0.8637 0.1747 -0.4727
vn -0.9882 0.0956 -0.1200
vn -0.9659 0.0998 0.2389
vn -0.8214 0.1276 0.5558
vn -0.5998 0.0973 0.7942
vn -0.3469 0.2806 0.8949
vn -0.1501 0.6046 0.7823
vn -0.3883 0.5500 0.7394
vn -0.6066 0.5068 0.6125
vn -0.8012 0.4729 0.3666
vn -0.8826 0.4604 0.0955
vn -0.8657 0.4629 -0.1906
vn -0.7786 0.4772 -0.4074
vn -0.6397 0.5002 -0.5836
vn -0.3883 0.5500 -0.7394
vn -0.1501 0.6046 -0.7823
vn 0.0864 0.6669 -0.7401
vn 0.3003 0.7303 -0.6136
vn 0.4441 0.7758 -0.4482
vn 0.5513 0.8121 -0.1912
vn 0.5675 0.8178 0.0959
vn 0.4671 0.7842 0.4085
vn 0.3003 0.7303 0.6136
vn 0.1249 0.6771 0.7252
vn 0.3753 -0.7321 0.5685
vn 0.4031 -0.2571 0.8783
vn 0.1043 -0.4200 0.9015
vn 0.1922 -0.7743 0.6030
vn 0.6500 -0.3663 0.6658
vn 0.5407 -0.6992 0.4677
vn 0.6507 -0.6794 0.3392
vn 0.8649 -0.2603 0.4291
vn 0.7381 -0.6660 0.1080
vn 0.9546 -0.2455 0.1685
vn 0.9725 -0.1719 -0.1573
vn 0.7316 -0.6665 -0.1437
vn 0.8083 -0.3379 -0.4822
vn 0.6681 -0.6770 -0.3086
vn 0.5408 -0.6992 -0.4677
vn 0.6338 -0.3037 -0.7114
vn 0.4241 -0.3459 -0.8369
vn 0.3453 -0.7381 -0.5796
vn 0.1509 -0.4081 -0.9004
vn 0.1610 -0.7816 -0.6027
vn -0.1243 -0.4782 -0.8694
vn -0.0190 -0.8301 -0.5573
vn -0.3804 -0.5503 -0.7433
vn -0.1762 -0.8775 -0.4461
vn -0.6189 -0.6237 -0.4775
vn -0.2752 -0.9102 -0.3094
vn -0.3366 -0.9306 -0.1441
vn -0.7408 -0.6622 -0.1126
vn -0.3483 -0.9346 0.0722
vn -0.7209 -0.6557 0.2244
vn -0.2753 -0.9102 0.3094
vn -0.6548 -0.5339 0.5349
vn -0.3626 -0.6129 0.7021
vn -0.1517 -0.8703 0.4685
vn 0.0104 -0.8223 0.5690
vn -0.1691 -0.4909 0.8546
vn -0.1297 0.4213 0.8976
vn -0.3540 0.1627 0.9210
vn -0.6551 0.2852 0.6996
vn -0.8760 0.1866 0.4448
vn -0.9789 0.1680 0.1166
vn -0.9574 0.1718 -0.2323
vn -0.8222 0.2762 -0.4977
vn -0.6431 0.2319 -0.7298
vn -0.3947 0.2056 -0.8955
vn -0.1255 0.4008 -0.9075
vn 0.1880 0.3473 -0.9187
vn 0.4541 0.5009 -0.7368
vn 0.7250 0.4976 -0.4761
vn 0.7210 0.6646 -0.1963
vn 0.8194 0.5507 0.1592
vn 0.6566 0.5614 0.5036
vn 0.4063 0.5439 0.7342
vn 0.1479 0.4151 0.8977
vn -0.1300 0.6825 0.7192
vn 0.0854 0.7407 0.6664
vn 0.2455 0.7895 0.5625
vn 0.3759 0.8311 0.4099
vn 0.4723 0.8640 0.1744
vn 0.4869 0.8691 -0.0874
vn 0.3966 0.8387 -0.3733
vn 0.2455 0.7895 -0.5625
vn 0.0501 0.7313 -0.6802
vn -0.1673 0.6738 -0.7197
vn -0.3862 0.6237 -0.6796
vn -0.6160 0.5784 -0.5348
vn -0.7622 0.5540 -0.3349
vn -0.8353 0.5428 -0.0872
vn -0.8202 0.5451 0.1739
vn -0.7201 0.5607 0.4088
vn -0.5859 0.5844 0.5614
vn -0.3863 0.6237 0.6796
vn 0.0475 -0.3946 0.9176
vn -0.1836 -0.4554 0.8712
vn -0.0243 -0.7725 0.6345
vn 0.2131 -0.7098 0.6713
vn -0.3880 -0.5740 0.7211
vn -0.2059 -0.8266 0.5238
vn -0.6377 -0.5876 0.4981
vn -0.3265 -0.8650 0.3810
vn -0.8037 -0.5735 0.1585
vn -0.4151 -0.8953 0.1619
vn -0.8071 -0.5475 -0.2209
vn -0.4221 -0.8984 -0.1216
vn -0.5502 -0.7049 -0.4476
vn -0.3454 -0.8720 -0.3468
vn -0.5079 -0.4589 -0.7290
vn -0.2059 -0.8266 -0.5238
vn -0.1852 -0.5158 -0.8365
vn -0.0242 -0.7725 -0.6346
vn 0.0847 -0.3859 -0.9186
vn 0.1436 -0.7270 -0.6714
vn 0.3570 -0.1807 -0.9165
vn 0.3827 -0.6720 -0.6339
vn 0.6118 -0.3519 -0.7085
vn 0.5962 -0.6298 -0.4978
vn 0.8144 -0.2289 -0.5332
vn 0.7311 -0.6073 -0.3111
vn 0.9518 -0.2043 -0.2288
vn 0.7982 -0.5970 -0.0808
vn 0.9780 -0.1361 0.1582
vn 0.7842 -0.5991 0.1614
vn 0.8421 -0.3099 0.4414
vn 0.6922 -0.6135 0.3801
vn 0.6352 -0.2638 0.7259
vn 0.5682 -0.6355 0.5228
vn 0.3290 -0.3278 0.8856
vn 0.4159 -0.6645 0.6209
vn 0.1776 0.5340 0.8266
vn -0.0878 0.4025 0.9112
vn 0.4017 0.6242 0.6701
vn 0.6802 0.5514 0.4831
vn 0.6855 0.7152 0.1362
vn 0.7503 0.6422 -0.1572
vn 0.6396 0.6069 -0.4717
vn 0.4488 0.4827 -0.7521
vn 0.1772 0.4713 -0.8640
vn -0.0884 0.4640 -0.8814
vn -0.3330 0.2561 -0.9075
vn -0.5940 0.2891 -0.7507
vn -0.8417 0.2426 -0.4823
vn -0.9830 0.1235 -0.1360
vn -0.9391 0.3156 0.1357
vn -0.8690 0.2371 0.4343
vn -0.6522 0.3408 0.6771
vn -0.3586 0.1912 0.9137
vn -0.3798 0.6994 0.6055
vn -0.1515 0.7519 0.6416
vn -0.5565 0.6644 0.4988
vn -0.6744 0.6434 0.3622
vn -0.7615 0.6297 0.1536
vn -0.7687 0.6292 -0.1155
vn -0.6932 0.6409 -0.3297
vn -0.5832 0.6590 -0.4749
vn -0.3798 0.6994 -0.6055
vn -0.1848 0.7442 -0.6419
vn 0.0089 0.7954 -0.6061
vn 0.2083 0.8545 -0.4758
vn 0.3321 0.8952 -0.2972
vn 0.3931 0.9162 -0.0772
vn 0.3805 0.9118 0.1541
vn 0.2966 0.8833 0.3632
vn 0.1556 0.8381 0.5229
vn 0.0089 0.7953 0.6061
vn 0.3827 -0.6720 0.6340
vn 0.3569 -0.1807 0.9165
vn 0.0840 -0.4451 0.8916
vn 0.1785 -0.7189 0.6718
vn 0.6535 -0.3203 0.6859
vn 0.7843 -0.5991 0.1614
vn 0.7122 -0.6108 -0.3459
vn 0.8443 -0.2241 -0.4867
vn 0.6535 -0.3203 -0.6858
vn 0.5682 -0.6355 -0.5228
vn 0.3569 -0.1807 -0.9165
vn 0.0841 -0.4451 -0.8915
vn 0.1785 -0.7189 -0.6718
vn -0.1835 -0.4554 -0.8712
vn -0.3995 -0.5154 -0.7581
vn -0.2334 -0.8347 -0.4988
vn -0.5905 -0.6363 -0.4964
vn -0.4151 -0.8953 -0.1619
vn -0.8037 -0.5735 -0.1586
vn -0.4221 -0.8984 0.1216
vn -0.8071 -0.5476 0.2209
vn -0.5906 -0.6363 0.4964
vn -0.3454 -0.8720 0.3468
vn -0.2335 -0.8347 0.4988
vn -0.3775 -0.5950 0.7095
vn -0.0243 -0.7725 0.6346
vn -0.2462 -0.3861 0.8890
vn -0.0648 0.3631 0.9295
vn -0.3599 0.2458 0.9000
vn -0.6269 0.0722 0.7757
vn -0.8559 0.1428 0.4970
vn -0.9781 0.1198 0.1703
vn -0.9710 0.1921 -0.1424
vn -0.8620 0.1918 -0.4693
vn -0.6406 0.1855 -0.7451
vn -0.3491 0.1345 -0.9274
vn -0.0647 0.3631 -0.9295
vn 0.2101 0.3858 -0.8983
vn 0.4329 0.4968 -0.7522
vn 0.7243 0.4798 -0.4952
vn 0.8193 0.5609 -0.1192
vn 0.7605 0.6166 0.2039
vn 0.7025 0.4734 0.5314
vn 0.4335 0.4467 0.7826
vn 0.2101 0.3858 0.8984
vn 0.2487 0.1956 0.9486
vn -0.0057 0.0229 0.9997
vn 0.5816 0.1678 0.7960
vn 0.8506 0.1171 0.5126
vn 0.9569 0.2612 0.1271
vn 0.9332 0.2553 -0.2530
vn 0.7431 0.3703 -0.5574
vn 0.6413 0.0240 -0.7669
vn 0.2990 0.0978 -0.9492
vn -0.0014 -0.1282 -0.9917
vn -0.3580 0.1875 -0.9147
vn -0.5842 -0.2316 -0.7779
vn -0.8254 -0.1761 -0.5364
vn -0.9227 -0.3193 -0.2161
vn -0.9590 -0.2083 0.1919
vn -0.8247 -0.1760 0.5375
vn -0.5960 -0.0079 0.8029
vn -0.2600 -0.0392 0.9648
vn 0.0626 -0.3529 0.9336
vn -0.2585 -0.3943 0.8819
vn -0.5177 -0.4666 0.7171
vn -0.7185 -0.5259 0.4552
vn -0.8217 -0.5573 0.1194
vn -0.8124 -0.5550 -0.1791
vn -0.6807 -0.5594 -0.4730
vn -0.5170 -0.3652 -0.7742
vn -0.1778 -0.4696 -0.8648
vn 0.0709 -0.3099 -0.9481
vn 0.3255 -0.1910 -0.9260
vn 0.5921 -0.1910 -0.7829
vn 0.8521 -0.1394 -0.5045
vn 0.9737 -0.1775 -0.1427
vn 0.9764 -0.0713 0.2040
vn 0.8521 -0.1394 0.5045
vn 0.6759 -0.1738 0.7162
vn 0.3779 -0.1960 0.9049
vn 0.1905 0.4377 0.8787
vn -0.0426 0.3766 0.9254
vn 0.4085 0.4980 0.7649
vn 0.6556 0.5725 0.4924
vn 0.7735 0.6093 0.1743
vn 0.8180 0.5525 -0.1600
vn 0.5585 0.6959 -0.4513
vn 0.5188 0.4363 -0.7352
vn 0.2365 0.4496 -0.8613
vn -0.0802 0.4305 -0.8990
vn -0.3524 0.1538 -0.9231
vn -0.6127 0.3374 -0.7147
vn -0.8218 0.2733 -0.5000
vn -0.9809 0.1111 -0.1598
vn -0.9555 0.1833 0.2311
vn -0.8166 0.2085 0.5383
vn -0.5941 0.2519 0.7640
vn -0.3265 0.3092 0.8932
vn -0.2132 0.7099 0.6713
vn -0.4159 0.6645 0.6209
vn -0.5962 0.6299 0.4978
vn -0.7311 0.6072 0.3111
vn -0.7982 0.5970 0.0808
vn -0.7843 0.5991 -0.1614
vn -0.7122 0.6108 -0.3459
vn -0.5962 0.6299 -0.4978
vn -0.3827 0.6720 -0.6340
vn -0.1785 0.7189 -0.6718
vn -0.0086 0.7627 -0.6467
vn 0.2059 0.8266 -0.5238
vn 0.3454 0.8720 -0.3468
vn 0.4151 0.8953 -0.1618
vn 0.4221 0.8984 0.1216
vn 0.3454 0.8720 0.3468
vn 0.2334 0.8347 0.4988
vn 0.0242 0.7725 0.6346
vn 0.3622 -0.4164 0.8339
vn 0.0703 -0.3504 0.9339
vn 0.2131 -0.7099 0.6713
vn 0.5940 -0.2895 0.7505
vn 0.5962 -0.6299 0.4978
vn 0.8416 -0.2431 0.4822
vn 0.7122 -0.6109 0.3459
vn 0.7919 -0.5986 0.1213
vn 0.9817 -0.1335 0.1361
vn 0.9420 -0.3069 -0.1358
vn 0.7843 -0.5991 -0.1613
vn 0.8689 -0.2376 -0.4342
vn 0.6923 -0.6135 -0.3800
vn 0.6348 -0.2821 -0.7194
vn 0.3773 -0.3356 -0.8632
vn 0.0994 -0.4002 -0.9110
vn -0.1770 -0.4717 -0.8638
vn -0.4452 -0.4886 -0.7503
vn -0.6093 -0.6579 -0.4426
vn -0.8082 -0.5729 -0.1363
vn -0.6921 -0.7088 0.1362
vn -0.4151 -0.8953 0.1618
vn -0.6094 -0.6579 0.4426
vn -0.2334 -0.8347 0.4988
vn -0.4391 -0.5463 0.7133
vn -0.2383 -0.4070 0.8818
vn -0.1165 0.4693 0.8753
vn -0.3257 0.2019 0.9237
vn -0.5936 0.2276 0.7719
vn -0.8187 0.1832 0.5442
vn -0.9721 0.1554 0.1759
vn -0.9595 0.1571 -0.2338
vn -0.8187 0.1832 -0.5443
vn -0.6355 0.2196 -0.7402
vn -0.3705 0.2759 -0.8869
vn -0.0805 0.4254 -0.9014
vn 0.2444 0.2862 -0.9265
vn 0.4001 0.5562 -0.7284
vn 0.6402 0.5413 -0.5452
vn 0.7895 0.5879 -0.1763
vn 0.7776 0.5835 0.2343
vn 0.6051 0.6188 0.5010
vn 0.4681 0.4908 0.7348
vn 0.2444 0.2862 0.9265
vn 0.1113 -0.4485 0.8868
vn -0.1681 -0.4570 0.8734
vn -0.4142 -0.5924 0.6910
vn -0.5677 -0.7060 0.4234
vn -0.6405 -0.7566 0.1319
vn -0.8124 -0.5549 -0.1791
vn -0.4896 -0.7645 -0.4194
vn -0.4250 -0.5295 -0.7342
vn -0.1574 -0.5185 -0.8405
vn 0.1004 -0.5128 -0.8526
vn 0.3659 -0.2405 -0.8991
vn 0.7971 -0.3925 -0.4588
vn 0.9460 -0.2788 -0.1652
vn 0.9593 -0.1823 0.2158
vn 0.7893 -0.4495 0.4183
vn 0.6232 -0.2720 0.7332
vn 0.3370 -0.3952 0.8546
vn 0.2223 0.4214 0.8792
vn -0.0785 0.2386 0.9679
vn 0.4720 0.5130 0.7170
vn 0.7365 0.4566 0.4991
vn 0.8316 0.5422 0.1202
vn 0.8223 0.5398 -0.1802
vn 0.1673 0.4275 -0.8884
vn -0.0218 0.2313 -0.9726
vn -0.3380 0.1772 -0.9243
vn -0.6136 0.2445 -0.7508
vn -0.8423 0.0684 -0.5347
vn -0.9624 0.1785 -0.2048
vn -0.9788 0.0979 0.1799
vn -0.3976 0.2900 0.8705
vn -0.3490 0.5577 0.7531
vn -0.1095 0.6140 0.7817
vn -0.8751 0.4622 0.1433
vn -0.8826 0.4604 -0.0956
vn -0.8012 0.4729 -0.3667
vn -0.4271 0.5412 -0.7244
vn 0.1249 0.6771 -0.7252
vn 0.5601 0.8159 -0.1437
vn 0.5513 0.8121 0.1912
vn 0.4441 0.7758 0.4482
vn 0.2674 0.7194 0.6411
vn 0.0864 0.6669 0.7401
vn 0.1450 -0.4748 0.8681
vn 0.1922 -0.7742 0.6030
vn 0.8287 -0.3606 0.4281
vn 0.9649 -0.1444 0.2191
vn 0.9634 -0.2434 -0.1123
vn 0.8386 -0.3327 -0.4313
vn 0.5657 -0.6941 -0.4452
vn 0.6446 -0.3015 -0.7025
vn 0.3754 -0.7321 -0.5685
vn 0.4032 -0.2571 -0.8783
vn -0.5908 -0.6142 -0.5232
vn -0.2916 -0.9152 -0.2782
vn -0.7759 -0.6008 -0.1924
vn -0.3483 -0.9346 -0.0722
vn -0.7292 -0.6590 0.1842
vn -0.3366 -0.9306 0.1441
vn -0.5587 -0.6740 0.4833
vn -0.4196 -0.5625 0.7124
vn -0.2073 -0.4337 0.8769
vn 0.0398 -0.8136 0.5801
vn -0.1363 0.3431 0.9294
vn -0.3721 0.2891 0.8820
vn -0.6201 0.1798 0.7636
vn -0.8550 0.2480 0.4556
vn -0.9470 0.2547 -0.1958
vn -0.8734 0.1055 -0.4754
vn -0.6759 0.2248 -0.7019
vn -0.4184 0.2783 -0.8646
vn 0.4133 0.4885 -0.7684
vn 0.6325 0.5535 -0.5419
vn 0.7688 0.5957 -0.2327
vn 0.7897 0.6023 0.1169
vn 0.7032 0.5155 0.4896
vn -0.1299 0.6825 0.7192
vn 0.4166 0.8448 -0.3358
vn 0.2752 0.7982 -0.5358
vn -0.3502 0.6308 -0.6925
vn -0.5548 0.5895 -0.5871
vn -0.7417 0.5578 -0.3723
vn -0.7418 0.5578 0.3723
vn -0.6161 0.5784 0.5347
vn -0.3995 -0.5154 0.7581
vn -0.5905 -0.6363 0.4964
vn -0.3774 -0.5950 -0.7096
vn -0.1936 -0.4581 -0.8676
vn -0.0572 -0.7813 -0.6216
vn 0.0969 -0.3226 -0.9415
vn 0.3754 -0.3181 -0.8705
vn 0.6113 -0.3284 -0.7200
vn 0.8307 -0.1380 -0.5394
vn 0.7122 -0.6109 -0.3459
vn 0.9709 -0.1374 -0.1963
vn 0.9616 -0.2032 0.1848
vn 0.8151 -0.3690 0.4465
vn 0.7122 -0.6108 0.3459
vn 0.6441 -0.2620 0.7187
vn 0.5962 -0.6298 0.4978
vn 0.3530 -0.2626 0.8980
vn 0.1643 0.5549 0.8155
vn -0.0885 0.4640 0.8814
vn 0.4212 0.5404 0.7284
vn 0.7166 0.4709 0.5145
vn 0.7503 0.6422 0.1572
vn 0.6856 0.7152 -0.1361
vn 0.6597 0.6126 -0.4353
vn 0.4185 0.6040 -0.6782
vn 0.2281 0.3351 -0.9142
vn -0.0978 0.4858 -0.8686
vn -0.3580 0.4009 -0.8433
vn -0.6484 0.2145 -0.7305
vn -0.8690 0.2371 -0.4343
vn -0.9689 0.2197 -0.1137
vn -0.9601 0.2218 0.1706
vn -0.8445 0.3061 0.4394
vn -0.6445 0.2796 0.7116
vn -0.1848 0.7442 0.6419
vn -0.5833 0.6590 0.4749
vn -0.6933 0.6409 0.3296
vn -0.7687 0.6292 0.1154
vn -0.7615 0.6297 -0.1537
vn -0.6744 0.6434 -0.3623
vn -0.5292 0.6689 -0.5220
vn -0.3798 0.6993 -0.6055
vn -0.2179 0.7355 -0.6415
vn 0.1820 0.8468 -0.4997
vn 0.2966 0.8833 -0.3631
vn 0.3805 0.9118 -0.1541
vn 0.3931 0.9162 0.0772
vn 0.3145 0.8899 0.3305
vn -0.0225 0.7860 0.6178
vn 0.0840 -0.4451 0.8915
vn 0.6249 -0.4028 0.6687
vn 0.8306 -0.1381 0.5394
vn 0.9518 -0.2043 0.2288
vn 0.7982 -0.5970 0.0808
vn 0.9729 -0.2006 -0.1148
vn 0.7843 -0.5991 -0.1614
vn 0.8718 -0.2184 -0.4384
vn 0.6750 -0.2554 -0.6922
vn 0.5395 -0.6402 -0.5469
vn 0.3837 -0.2558 -0.8873
vn 0.3491 -0.6787 -0.6461
vn 0.0086 -0.7627 -0.6467
vn -0.1736 -0.5361 -0.8261
vn -0.4499 -0.4423 -0.7758
vn -0.8478 -0.4977 -0.1831
vn -0.7579 -0.6255 0.1851
vn -0.2462 -0.3862 0.8890
vn -0.3241 0.1856 0.9276
vn -0.6349 0.1867 0.7497
vn -0.8805 0.1376 0.4537
vn -0.9859 0.1178 0.1190
vn -0.9766 0.1201 -0.1785
vn -0.8804 0.1376 -0.4538
vn -0.6760 0.1778 -0.7152
vn -0.3770 0.1932 -0.9058
vn 0.2111 0.4538 -0.8657
vn 0.4696 0.4575 -0.7551
vn 0.6840 0.5203 -0.5113
vn 0.8085 0.5581 -0.1869
vn 0.8558 0.4972 0.1427
vn 0.7163 0.5295 0.4545
vn 0.5112 0.4186 0.7506
vn 0.2111 0.4538 0.8657
vn 0.2485 0.0854 0.9649
vn 0.5375 0.1568 0.8286
vn 0.8239 0.1109 0.5558
vn 0.9147 0.3706 0.1613
vn 0.7800 0.2171 -0.5869
vn 0.5108 0.3074 -0.8029
vn 0.3028 -0.0116 -0.9530
vn -0.3114 -0.0517 -0.9489
vn -0.5957 0.0362 -0.8024
vn -0.7920 -0.1682 -0.5869
vn -0.9593 -0.2083 -0.1906
vn -0.9455 -0.2051 0.2530
vn -0.7921 -0.1682 0.5868
vn -0.5258 -0.2611 0.8096
vn -0.3117 0.0582 0.9484
vn 0.0766 -0.3084 0.9482
vn -0.7185 -0.5258 0.4552
vn -0.7185 -0.5258 -0.4553
vn -0.4769 -0.4555 -0.7517
vn -0.1641 -0.3691 -0.9148
vn 0.1161 -0.3561 -0.9272
vn 0.3256 -0.1911 -0.9260
vn 0.6348 -0.1827 -0.7508
vn 0.8807 -0.1334 -0.4544
vn 0.9864 -0.1135 -0.1192
vn 0.9643 -0.1176 0.2374
vn 0.4131 -0.2295 0.8813
vn 0.1443 0.4248 0.8937
vn -0.0907 0.3652 0.9265
vn 0.6826 0.5116 0.5219
vn 0.7757 0.6100 0.1616
vn 0.7228 0.6620 -0.1984
vn 0.6264 0.5629 -0.5393
vn 0.4490 0.5104 -0.7334
vn 0.1914 0.5016 -0.8436
vn -0.0556 0.2242 -0.9730
vn -0.3835 0.2970 -0.8745
vn -0.9712 0.0851 0.2225
vn -0.8218 0.2733 0.5000
vn -0.1785 0.7189 0.6718
vn -0.5962 0.6298 0.4978
vn -0.7122 0.6108 0.3459
vn -0.7919 0.5985 0.1212
vn -0.4159 0.6645 -0.6209
vn 0.0243 0.7725 -0.6346
vn 0.3639 0.8776 -0.3120
vn 0.4221 0.8984 -0.1216
vn 0.4284 0.8999 0.0811
vn 0.3639 0.8776 0.3120
vn 0.0572 0.7813 0.6216
vn 0.9688 -0.2202 0.1137
vn 0.7981 -0.5970 -0.0808
vn 0.9479 -0.2238 -0.2266
vn 0.8121 -0.2479 -0.5282
vn 0.5962 -0.6299 -0.4978
vn 0.5941 -0.2895 -0.7505
vn 0.4159 -0.6645 -0.6209
vn 0.3622 -0.4164 -0.8339
vn 0.2132 -0.7098 -0.6713
vn 0.0704 -0.3504 -0.9339
vn -0.6094 -0.6579 -0.4426
vn -0.6766 -0.5575 0.4811
vn -0.3265 -0.8650 0.3809
vn -0.3591 -0.6552 0.6647
vn -0.3616 0.2778 0.8900
vn -0.6275 0.0784 0.7746
vn -0.8270 0.3218 0.4610
vn -0.9830 0.0896 0.1601
vn -0.9726 0.0657 -0.2232
vn -0.8268 0.2432 -0.5072
vn -0.3705 0.2758 -0.8869
vn 0.4681 0.4908 -0.7348
vn 0.6484 0.6075 -0.4588
vn 0.7987 0.5902 -0.1175
vn 0.8317 0.5083 0.2235
vn 0.5828 0.6684 0.4621
vt 0.050000 0.000000
vt 0.050000 0.050000
vt 0.000000 0.050000
vt 0.000000 0.000000
vt 0.100000 0.000000
vt 0.100000 0.050000
vt 0.150000 0.000000
vt 0.150000 0.050000
vt 0.200000 0.000000
vt 0.200000 0.050000
vt 0.250000 0.000000
vt 0.250000 0.050000
vt 0.300000 0.000000
vt 0.300000 0.050000
vt 0.350000 0.000000
vt 0.350000 0.050000
vt 0.400000 0.000000
vt 0.400000 0.050000
vt 0.450000 0.000000
vt 0.450000 0.050000
vt 0.500000 0.000000
vt 0.500000 0.050000
vt 0.550000 0.000000
vt 0.550000 0.050000
vt 0.600000 0.000000
vt 0.600000 0.050000
vt 0.650000 0.000000
vt 0.650000 0.050000
vt 0.700000 0.000000
vt 0.700000 0.050000
vt 0.750000 0.000000
vt 0.750000 0.050000
vt 0.800000 0.000000
vt 0.800000 0.050000
vt 0.850000 0.000000
vt 0.850000 0.050000
vt 0.900000 0.000000
vt 0.900000 0.050000
vt 0.950000 0.000000
vt 0.950000 0.050000
vt 1.000000 0.000000
vt 1.000000 0.050000
vt 0.050000 0.100000
vt 0.000000 0.100000
vt 0.100000 0.100000
vt 0.150000 0.100000
vt 0.200000 0.100000
vt 0.250000 0.100000
vt 0.300000 0.100000
vt 0.350000 0.100000
vt 0.400000 0.100000
vt 0.450000 0.100000
vt 0.500000 0.100000
vt 0.550000 0.100000
vt 0.600000 0.100000
vt 0.650000 0.100000
vt 0.700000 0.100000
vt 0.750000 0.100000
vt 0.800000 0.100000
vt 0.850000 0.100000
vt 0.900000 0.100000
vt 0.950000 0.100000
vt 1.000000 0.100000
vt 0.050000 0.150000
vt 0.000000 0.150000
vt 0.100000 0.150000
vt 0.150000 0.150000
vt 0.200000 0.150000
vt 0.250000 0.150000
vt 0.300000 0.150000
vt 0.350000 0.150000
vt 0.400000 0.150000
vt 0.450000 0.150000
vt 0.500000 0.150000
vt 0.550000 0.150000
vt 0.600000 0.150000
vt 0.650000 0.150000
vt 0.700000 0.150000
vt 0.750000 0.150000
vt 0.800000 0.150000
vt 0.850000 0.150000
vt 0.900000 0.150000
vt 0.950000 0.150000
vt 1.000000 0.150000
vt 0.050000 0.200000
vt 0.000000 0.200000
vt 0.100000 0.200000
vt 0.150000 0.200000
vt 0.200000 0.200000
vt 0.250000 0.200000
vt 0.300000 0.200000
vt 0.350000 0.200000
vt 0.400000 0.200000
vt 0.450000 0.200000
vt 0.500000 0.200000
vt 0.550000 0.200000
vt 0.600000 0.200000
vt 0.650000 0.200000
vt 0.700000 0.200000
vt 0.750000 0.200000
vt 0.800000 0.200000
vt 0.850000 0.200000
vt 0.900000 0.200000
vt 0.950000 0.200000
vt 1.000000 0.200000
vt 0.050000 0.250000
vt 0.000000 0.250000
vt 0.100000 0.250000
vt 0.150000 0.250000
vt 0.200000 0.250000
vt 0.250000 0.250000
vt 0.300000 0.250000
vt 0.350000 0.250000
vt 0.400000 0.250000
vt 0.450000 0.250000
vt 0.500000 0.250000
vt 0.550000 0.250000
vt 0.600000 0.250000
vt 0.650000 0.250000
vt 0.700000 0.250000
vt 0.750000 0.250000
vt 0.800000 0.250000
vt 0.850000 0.250000
vt 0.900000 0.250000
vt 0.950000 0.250000
vt 1.000000 0.250000
vt 0.050000 0.300000
vt 0.000000 0.300000
vt 0.100000 0.300000
vt 0.150000 0.300000
vt 0.200000 0.300000
vt 0.250000 0.300000
vt 0.300000 0.300000
vt 0.350000 0.300000
vt 0.400000 0.300000
vt 0.450000 0.300000
vt 0.500000 0.300000
vt 0.550000 0.300000
vt 0.600000 0.300000
vt 0.650000 0.300000
vt 0.700000 0.300000
vt 0.750000 0.300000
vt 0.800000 0.300000
vt 0.850000 0.300000
vt 0.900000 0.300000
vt 0.950000 0.300000
vt 1.000000 0.300000
vt 0.050000 0.350000
vt 0.000000 0.350000
vt 0.100000 0.350000
vt 0.150000 0.350000
vt 0.200000 0.350000
vt 0.250000 0.350000
vt 0.300000 0.350000
vt 0.350000 0.350000
vt 0.400000 0.350000
vt 0.450000 0.350000
vt 0.500000 0.350000
vt 0.550000 0.350000
vt 0.600000 0.350000
vt 0.650000 0.350000
vt 0.700000 0.350000
vt 0.750000 0.350000
vt 0.800000 0.350000
vt 0.850000 0.350000
vt 0.900000 0.350000
vt 0.950000 0.350000
vt 1.000000 0.350000
vt 0.050000 0.400000
vt 0.000000 0.400000
vt 0.100000 0.400000
vt 0.150000 0.400000
vt 0.200000 0.400000
vt 0.250000 0.400000
vt 0.300000 0.400000
vt 0.350000 0.400000
vt 0.400000 0.400000
vt 0.450000 0.400000
vt 0.500000 0.400000
vt 0.550000 0.400000
vt 0.600000 0.400000
vt 0.650000 0.400000
vt 0.700000 0.400000
vt 0.750000 0.400000
vt 0.800000 0.400000
vt 0.850000 0.400000
vt 0.900000 0.400000
vt 0.950000 0.400000
vt 1.000000 0.400000
vt 0.050000 0.450000
vt 0.000000 0.450000
vt 0.100000 0.450000
vt 0.150000 0.450000
vt 0.200000 0.450000
vt 0.250000 0.450000
vt 0.300000 0.450000
vt 0.350000 0.450000
vt 0.400000 0.450000
vt 0.450000 0.450000
vt 0.500000 0.450000
vt 0.550000 0.450000
vt 0.600000 0.450000
vt 0.650000 0.450000
vt 0.700000 0.450000
vt 0.750000 0.450000
vt 0.800000 0.450000
vt 0.850000 0.450000
vt 0.900000 0.450000
vt 0.950000 0.450000
vt 1.000000 0.450000
vt 0.050000 0.500000
vt 0.000000 0.500000
vt 0.100000 0.500000
vt 0.150000 0.500000
vt 0.200000 0.500000
vt 0.250000 0.500000
vt 0.300000 0.500000
vt 0.350000 0.500000
vt 0.400000 0.500000
vt 0.450000 0.500000
vt 0.500000 0.500000
vt 0.550000 0.500000
vt 0.600000 0.500000
vt 0.650000 0.500000
vt 0.700000 0.500000
vt 0.750000 0.500000
vt 0.800000 0.500000
vt 0.850000 0.500000
vt 0.900000 0.500000
vt 0.950000 0.500000
vt 1.000000 0.500000
vt 0.050000 0.550000
vt 0.000000 0.550000
vt 0.100000 0.550000
vt 0.150000 0.550000
vt 0.200000 0.550000
vt 0.250000 0.550000
vt 0.300000 0.550000
vt 0.350000 0.550000
vt 0.400000 0.550000
vt 0.450000 0.550000
vt 0.500000 0.550000
vt 0.550000 0.550000
vt 0.600000 0.550000
vt 0.650000 0.550000
vt 0.700000 0.550000
vt 0.750000 0.550000
vt 0.800000 0.550000
vt 0.850000 0.550000
vt 0.900000 0.550000
vt 0.950000 0.550000
vt 1.000000 0.550000
vt 0.050000 0.600000
vt 0.000000 0.600000
vt 0.100000 0.600000
vt 0.150000 0.600000
vt 0.200000 0.600000
vt 0.250000 0.600000
vt 0.300000 0.600000
vt 0.350000 0.600000
vt 0.400000 0.600000
vt 0.450000 0.600000
vt 0.500000 0.600000
vt 0.550000 0.600000
vt 0.600000 0.600000
vt 0.650000 0.600000
vt 0.700000 0.600000
vt 0.750000 0.600000
vt 0.800000 0.600000
vt 0.850000 0.600000
vt 0.900000 0.600000
vt 0.950000 0.600000
vt 1.000000 0.600000
vt 0.050000 0.650000
vt 0.000000 0.650000
vt 0.100000 0.650000
vt 0.150000 0.650000
vt 0.200000 0.650000
vt 0.250000 0.650000
vt 0.300000 0.650000
vt 0.350000 0.650000
vt 0.400000 0.650000
vt 0.450000 0.650000
vt 0.500000 0.650000
vt 0.550000 0.650000
vt 0.600000 0.650000
vt 0.650000 0.650000
vt 0.700000 0.650000
vt 0.750000 0.650000
vt 0.800000 0.650000
vt 0.850000 0.650000
vt 0.900000 0.650000
vt 0.950000 0.650000
vt 1.000000 0.650000
vt 0.050000 0.700000
vt 0.000000 0.700000
vt 0.100000 0.700000
vt 0.150000 0.700000
vt 0.200000 0.700000
vt 0.250000 0.700000
vt 0.300000 0.700000
vt 0.350000 0.700000
vt 0.400000 0.700000
vt 0.450000 0.700000
vt 0.500000 0.700000
vt 0.550000 0.700000
vt 0.600000 0.700000
vt 0.650000 0.700000
vt 0.700000 0.700000
vt 0.750000 0.700000
vt 0.800000 0.700000
vt 0.850000 0.700000
vt 0.900000 0.700000
vt 0.950000 0.700000
vt 1.000000 0.700000
vt 0.050000 0.750000
vt 0.000000 0.750000
vt 0.100000 0.750000
vt 0.150000 0.750000
vt 0.200000 0.750000
vt 0.250000 0.750000
vt 0.300000 0.750000
vt 0.350000 0.750000
vt 0.400000 0.750000
vt 0.450000 0.750000
vt 0.500000 0.750000
vt 0.550000 0.750000
vt 0.600000 0.750000
vt 0.650000 0.750000
vt 0.700000 0.750000
vt 0.750000 0.750000
vt 0.800000 0.750000
vt 0.850000 0.750000
vt 0.900000 0.750000
vt 0.950000 0.750000
vt 1.000000 0.750000
vt 0.050000 0.800000
vt 0.000000 0.800000
vt 0.100000 0.800000
vt 0.150000 0.800000
vt 0.200000 0.800000
vt 0.250000 0.800000
vt 0.300000 0.800000
vt 0.350000 0.800000
vt 0.400000 0.800000
vt 0.450000 0.800000
vt 0.500000 0.800000
vt 0.550000 0.800000
vt 0.600000 0.800000
vt 0.650000 0.800000
vt 0.700000 0.800000
vt 0.750000 0.800000
vt 0.800000 0.800000
vt 0.850000 0.800000
vt 0.900000 0.800000
vt 0.950000 0.800000
vt 1.000000 0.800000
vt 0.050000 0.850000
vt 0.000000 0.850000
vt 0.100000 0.850000
vt 0.150000 0.850000
vt 0.200000 0.850000
vt 0.250000 0.850000
vt 0.300000 0.850000
vt 0.350000 0.850000
vt 0.400000 0.850000
vt 0.450000 0.850000
vt 0.500000 0.850000
vt 0.550000 0.850000
vt 0.600000 0.850000
vt 0.650000 0.850000
vt 0.700000 0.850000
vt 0.750000 0.850000
vt 0.800000 0.850000
vt 0.850000 0.850000
vt 0.900000 0.850000
vt 0.950000 0.850000
vt 1.000000 0.850000
vt 0.050000 0.900000
vt 0.000000 0.900000
vt 0.100000 0.900000
vt 0.150000 0.900000
vt 0.200000 0.900000
vt 0.250000 0.900000
vt 0.300000 0.900000
vt 0.350000 0.900000
vt 0.400000 0.900000
vt 0.450000 0.900000
vt 0.500000 0.900000
vt 0.550000 0.900000
vt 0.600000 0.900000
vt 0.650000 0.900000
vt 0.700000 0.900000
vt 0.750000 0.900000
vt 0.800000 0.900000
vt 0.850000 0.900000
vt 0.900000 0.900000
vt 0.950000 0.900000
vt 1.000000 0.900000
vt 0.050000 0.950000
vt 0.000000 0.950000
vt 0.100000 0.950000
vt 0.150000 0.950000
vt 0.200000 0.950000
vt 0.250000 0.950000
vt 0.300000 0.950000
vt 0.350000 0.950000
vt 0.400000 0.950000
vt 0.450000 0.950000
vt 0.500000 0.950000
vt 0.550000 0.950000
vt 0.600000 0.950000
vt 0.650000 0.950000
vt 0.700000 0.950000
vt 0.750000 0.950000
vt 0.800000 0.950000
vt 0.850000 0.950000
vt 0.900000 0.950000
vt 0.950000 0.950000
vt 1.000000 0.950000
vt 0.050000 1.000000
vt 0.000000 1.000000
vt 0.100000 1.000000
vt 0.150000 1.000000
vt 0.200000 1.000000
vt 0.250000 1.000000
vt 0.300000 1.000000
vt 0.350000 1.000000
vt 0.400000 1.000000
vt 0.450000 1.000000
vt 0.500000 1.000000
vt 0.550000 1.000000
vt 0.600000 1.000000
vt 0.650000 1.000000
vt 0.700000 1.000000
vt 0.750000 1.000000
vt 0.800000 1.000000
vt 0.850000 1.000000
vt 0.900000 1.000000
vt 0.950000 1.000000
vt 1.000000 1.000000
s 1
g off
g glass_1_New
usemtl New
f 2/1/1 23/2/1 22/3/1 1/4/1
f 3/5/1 24/6/1 23/2/1 2/1/1
f 4/7/1 25/8/1 24/6/1 3/5/1
f 5/9/1 26/10/1 25/8/1 4/7/1
f 6/11/1 27/12/1 26/10/1 5/9/1
f 7/13/1 28/14/1 27/12/1 6/11/1
f 8/15/1 29/16/1 28/14/1 7/13/1
f 9/17/1 30/18/1 29/16/1 8/15/1
f 10/19/1 31/20/1 30/18/1 9/17/1
f 11/21/1 32/22/1 31/20/1 10/19/1
f 12/23/1 33/24/1 32/22/1 11/21/1
f 13/25/1 34/26/1 33/24/1 12/23/1
f 14/27/1 35/28/1 34/26/1 13/25/1
f 15/29/1 36/30/1 35/28/1 14/27/1
f 16/31/1 37/32/1 36/30/1 15/29/1
f 17/33/1 38/34/1 37/32/1 16/31/1
f 18/35/1 39/36/1 38/34/1 17/33/1
f 19/37/1 40/38/1 39/36/1 18/35/1
f 20/39/1 41/40/1 40/38/1 19/37/1
f 21/41/1 42/42/1 41/40/1 20/39/1
f 23/2/1 44/43/1 43/44/1 22/3/1
f 24/6/1 45/45/1 44/43/1 23/2/1
f 25/8/1 46/46/1 45/45/1 24/6/1
f 26/10/1 47/47/1 46/46/1 25/8/1
f 27/12/1 48/48/1 47/47/1 26/10/1
f 28/14/1 49/49/1 48/48/1 27/12/1
f 29/16/1 50/50/1 49/49/1 28/14/1
f 30/18/1 51/51/1 50/50/1 29/16/1
f 31/20/1 52/52/1 51/51/1 30/18/1
f 32/22/1 53/53/1 52/52/1 31/20/1
f 33/24/1 54/54/1 53/53/1 32/22/1
f 34/26/1 55/55/1 54/54/1 33/24/1
f 35/28/1 56/56/1 55/55/1 34/26/1
f 36/30/1 57/57/1 56/56/1 35/28/1
f 37/32/1 58/58/1 57/57/1 36/30/1
f 38/34/1 59/59/1 58/58/1 37/32/1
f 39/36/1 60/60/1 59/59/1 38/34/1
f 40/38/1 61/61/1 60/60/1 39/36/1
f 41/40/1 62/62/1 61/61/1 40/38/1
f 42/42/1 63/63/1 62/62/1 41/40/1
f 44/43/1 65/64/1 64/65/1 43/44/1
f 45/45/1 66/66/1 65/64/1 44/43/1
f 46/46/1 67/67/1 66/66/1 45/45/1
f 47/47/1 68/68/1 67/67/1 46/46/1
f 48/48/1 69/69/1 68/68/1 47/47/1
f 49/49/1 70/70/1 69/69/1 48/48/1
f 50/50/1 71/71/1 70/70/1 49/49/1
f 51/51/1 72/72/1 71/71/1 50/50/1
f 52/52/1 73/73/1 72/72/1 51/51/1
f 53/53/1 74/74/1 73/73/1 52/52/1
f 54/54/1 75/75/1 74/74/1 53/53/1
f 55/55/1 76/76/1 75/75/1 54/54/1
f 56/56/1 77/77/1 76/76/1 55/55/1
f 57/57/1 78/78/1 77/77/1 56/56/1
f 58/58/1 79/79/1 78/78/1 57/57/1
f 59/59/1 80/80/1 79/79/1 58/58/1
f 60/60/1 81/81/1 80/80/1 59/59/1
f 61/61/1 82/82/1 81/81/1 60/60/1
f 62/62/1 83/83/1 82/82/1 61/61/1
f 63/63/1 84/84/1 83/83/1 62/62/1
f 65/64/1 86/85/1 85/86/1 64/65/1
f 66/66/1 87/87/1 86/85/1 65/64/1
f 67/67/1 88/88/1 87/87/1 66/66/1
f 68/68/1 89/89/1 88/88/1 67/67/1
f 69/69/1 90/90/1 89/89/1 68/68/1
f 70/70/1 91/91/1 90/90/1 69/69/1
f 71/71/1 92/92/1 91/91/1 70/70/1
f 72/72/1 93/93/1 92/92/1 71/71/1
f 73/73/1 94/94/1 93/93/1 72/72/1
f 74/74/1 95/95/1 94/94/1 73/73/1
f 75/75/1 96/96/1 95/95/1 74/74/1
f 76/76/1 97/97/1 96/96/1 75/75/1
f 77/77/1 98/98/1 97/97/1 76/76/1
f 78/78/1 99/99/1 98/98/1 77/77/1
f 79/79/1 100/100/1 99/99/1 78/78/1
f 80/80/1 101/101/1 100/100/1 79/79/1
f 81/81/1 102/102/1 101/101/1 80/80/1
f 82/82/1 103/103/1 102/102/1 81/81/1
f 83/83/1 104/104/1 103/103/1 82/82/1
f 84/84/1 105/105/1 104/104/1 83/83/1
f 86/85/1 107/106/1 106/107/1 85/86/1
f 87/87/1 108/108/1 107/106/1 86/85/1
f 88/88/1 109/109/1 108/108/1 87/87/1
f 89/89/1 110/110/1 109/109/1 88/88/1
f 90/90/1 111/111/1 110/110/1 89/89/1
f 91/91/1 112/112/1 111/111/1 90/90/1
f 92/92/1 113/113/1 112/112/1 91/91/1
f 93/93/1 114/114/1 113/113/1 92/92/1
f 94/94/1 115/115/1 114/114/1 93/93/1
f 95/95/1 116/116/1 115/115/1 94/94/1
f 96/96/1 117/117/1 116/116/1 95/95/1
f 97/97/1 118/118/1 117/117/1 96/96/1
f 98/98/1 119/119/1 118/118/1 97/97/1
f 99/99/1 120/120/1 119/119/1 98/98/1
f 100/100/1 121/121/1 120/120/1 99/99/1
f 101/101/1 122/122/1 121/121/1 100/100/1
f 102/102/1 123/123/1 122/122/1 101/101/1
f 103/103/1 124/124/1 123/123/1 102/102/1
f 104/104/1 125/125/1 124/124/1 103/103/1
f 105/105/1 126/126/1 125/125/1 104/104/1
f 107/106/1 128/127/1 127/128/1 106/107/1
f 108/108/1 129/129/1 128/127/1 107/106/1
f 109/109/1 130/130/1 129/129/1 108/108/1
f 110/110/1 131/131/1 130/130/1 109/109/1
f 111/111/1 132/132/1 131/131/1 110/110/1
f 112/112/1 133/133/1 132/132/1 111/111/1
f 113/113/1 134/134/1 133/133/1 112/112/1
f 114/114/1 135/135/1 134/134/1 113/113/1
f 115/115/1 136/136/1 135/135/1 114/114/1
f 116/116/1 137/137/1 136/136/1 115/115/1
f 117/117/1 138/138/1 137/137/1 116/116/1
f 118/118/1 139/139/1 138/138/1 117/117/1
f 119/119/1 140/140/1 139/139/1 118/118/1
f 120/120/1 141/141/1 140/140/1 119/119/1
f 121/121/1 142/142/1 141/141/1 120/120/1
f 122/122/1 143/143/1 142/142/1 121/121/1
f 123/123/1 144/144/1 143/143/1 122/122/1
f 124/124/1 145/145/1 144/144/1 123/123/1
f 125/125/1 146/146/1 145/145/1 124/124/1
f 126/126/1 147/147/1 146/146/1 125/125/1
f 128/127/1 149/148/1 148/149/1 127/128/1
f 129/129/1 150/150/1 149/148/1 128/127/1
f 130/130/1 151/151/1 150/150/1 129/129/1
f 131/131/1 152/152/1 151/151/1 130/130/1
f 132/132/1 153/153/1 152/152/1 131/131/1
f 133/133/1 154/154/1 153/153/1 132/132/1
f 134/134/1 155/155/1 154/154/1 133/133/1
f 135/135/1 156/156/1 155/155/1 134/134/1
f 136/136/1 157/157/1 156/156/1 135/135/1
f 137/137/1 158/158/1 157/157/1 136/136/1
f 138/138/1 159/159/1 158/158/1 137/137/1
f 139/139/1 160/160/1 159/159/1 138/138/1
f 140/140/1 161/161/1 160/160/1 139/139/1
f 141/141/1 162/162/1 161/161/1 140/140/1
f 142/142/1 163/163/1 162/162/1 141/141/1
f 143/143/1 164/164/1 163/163/1 142/142/1
f 144/144/1 165/165/1 164/164/1 143/143/1
f 145/145/1 166/166/1 165/165/1 144/144/1
f 146/146/1 167/167/1 166/166/1 145/145/1
f 147/147/1 168/168/1 167/167/1 146/146/1
f 149/148/1 170/169/1 169/170/1 148/149/1
f 150/150/1 171/171/1 170/169/1 149/148/1
f 151/151/1 172/172/1 171/171/1 150/150/1
f 152/152/1 173/173/1 172/172/1 151/151/1
f 153/153/1 174/174/1 173/173/1 152/152/1
f 154/154/1 175/175/1 174/174/1 153/153/1
f 155/155/1 176/176/1 175/175/1 154/154/1
f 156/156/1 177/177/1 176/176/1 155/155/1
f 157/157/1 178/178/1 177/177/1 156/156/1
f 158/158/1 179/179/1 178/178/1 157/157/1
f 159/159/1 180/180/1 179/179/1 158/158/1
f 160/160/1 181/181/1 180/180/1 159/159/1
f 161/161/1 182/182/1 181/181/1 160/160/1
f 162/162/1 183/183/1 182/182/1 161/161/1
f 163/163/1 184/184/1 183/183/1 162/162/1
f 164/164/1 185/185/1 184/184/1 163/163/1
f 165/165/1 186/186/1 185/185/1 164/164/1
f 166/166/1 187/187/1 186/186/1 165/165/1
f 167/167/1 188/188/1 187/187/1 166/166/1
f 168/168/1 189/189/1 188/188/1 167/167/1
f 170/169/1 191/190/1 190/191/1 169/170/1
f 171/171/1 192/192/1 191/190/1 170/169/1
f 172/172/1 193/193/1 192/192/1 171/171/1
f 173/173/1 194/194/1 193/193/1 172/172/1
f 174/174/1 195/195/1 194/194/1 173/173/1
f 175/175/1 196/196/1 195/195/1 174/174/1
f 176/176/1 197/197/1 196/196/1 175/175/1
f 177/177/1 198/198/1 197/197/1 176/176/1
f 178/178/1 199/199/1 198/198/1 177/177/1
f 179/179/1 200/200/1 199/199/1 178/178/1
f 180/180/1 201/201/1 200/200/1 179/179/1
f 181/181/1 202/202/1 201/201/1 180/180/1
f 182/182/1 203/203/1 202/202/1 181/181/1
f 183/183/1 204/204/1 203/203/1 182/182/1
f 184/184/1 205/205/1 204/204/1 183/183/1
f 185/185/1 206/206/1 205/205/1 184/184/1
f 186/186/1 207/207/1 206/206/1 185/185/1
f 187/187/1 208/208/1 207/207/1 186/186/1
f 188/188/1 209/209/1 208/208/1 187/187/1
f 189/189/1 210/210/1 209/209/1 188/188/1
f 191/190/1 212/211/1 211/212/1 190/191/1
f 192/192/1 213/213/1 212/211/1 191/190/1
f 193/193/1 214/214/1 213/213/1 192/192/1
f 194/194/1 215/215/1 214/214/1 193/193/1
f 195/195/1 216/216/1 215/215/1 194/194/1
f 196/196/1 217/217/1 216/216/1 195/195/1
f 197/197/1 218/218/1 217/217/1 196/196/1
f 198/198/1 219/219/1 218/218/1 197/197/1
f 199/199/1 220/220/1 219/219/1 198/198/1
f 200/200/1 221/221/1 220/220/1 199/199/1
f 201/201/1 222/222/1 221/221/1 200/200/1
f 202/202/1 223/223/1 222/222/1 201/201/1
f 203/203/1 224/224/1 223/223/1 202/202/1
f 204/204/1 225/225/1 224/224/1 203/203/1
f 205/205/1 226/226/1 225/225/1 204/204/1
f 206/206/1 227/227/1 226/226/1 205/205/1
f 207/207/1 228/228/1 227/227/1 206/206/1
f 208/208/1 229/229/1 228/228/1 207/207/1
f 209/209/1 230/230/1 229/229/1 208/208/1
f 210/210/1 231/231/1 230/230/1 209/209/1
f 212/211/1 233/232/1 232/233/1 211/212/1
f 213/213/1 234/234/1 233/232/1 212/211/1
f 214/214/1 235/235/1 234/234/1 213/213/1
f 215/215/1 236/236/1 235/235/1 214/214/1
f 216/216/1 237/237/1 236/236/1 215/215/1
f 217/217/1 238/238/1 237/237/1 216/216/1
f 218/218/1 239/239/1 238/238/1 217/217/1
f 219/219/1 240/240/1 239/239/1 218/218/1
f 220/220/1 241/241/1 240/240/1 219/219/1
f 221/221/1 242/242/1 241/241/1 220/220/1
f 222/222/1 243/243/1 242/242/1 221/221/1
f 223/223/1 244/244/1 243/243/1 222/222/1
f 224/224/1 245/245/1 244/244/1 223/223/1
f 225/225/1 246/246/1 245/245/1 224/224/1
f 226/226/1 247/247/1 246/246/1 225/225/1
f 227/227/1 248/248/1 247/247/1 226/226/1
f 228/228/1 249/249/1 248/248/1 227/227/1
f 229/229/1 250/250/1 249/249/1 228/228/1
f 230/230/1 251/251/1 250/250/1 229/229/1
f 231/231/1 252/252/1 251/251/1 230/230/1
f 233/232/1 254/253/1 253/254/1 232/233/1
f 234/234/1 255/255/1 254/253/1 233/232/1
f 235/235/1 256/256/1 255/255/1 234/234/1
f 236/236/1 257/257/1 256/256/1 235/235/1
f 237/237/1 258/258/1 257/257/1 236/236/1
f 238/238/1 259/259/1 258/258/1 237/237/1
f 239/239/1 260/260/1 259/259/1 238/238/1
f 240/240/1 261/261/1 260/260/1 239/239/1
f 241/241/1 262/262/1 261/261/1 240/240/1
f 242/242/1 263/263/1 262/262/1 241/241/1
f 243/243/1 264/264/1 263/263/1 242/242/1
f 244/244/1 265/265/1 264/264/1 243/243/1
f 245/245/1 266/266/1 265/265/1 244/244/1
f 246/246/1 267/267/1 266/266/1 245/245/1
f 247/247/1 268/268/1 267/267/1 246/246/1
f 248/248/1 269/269/1 268/268/1 247/247/1
f 249/249/1 270/270/1 269/269/1 248/248/1
f 250/250/1 271/271/1 270/270/1 249/249/1
f 251/251/1 272/272/1 271/271/1 250/250/1
f 252/252/1 273/273/1 272/272/1 251/251/1
f 254/253/1 275/274/1 274/275/1 253/254/1
f 255/255/1 276/276/1 275/274/1 254/253/1
f 256/256/1 277/277/1 276/276/1 255/255/1
f 257/257/1 278/278/1 277/277/1 256/256/1
f 258/258/1 279/279/1 278/278/1 257/257/1
f 259/259/1 280/280/1 279/279/1 258/258/1
f 260/260/1 281/281/1 280/280/1 259/259/1
f 261/261/1 282/282/1 281/281/1 260/260/1
f 262/262/1 283/283/1 282/282/1 261/261/1
f 263/263/1 284/284/1 283/283/1 262/262/1
f 264/264/1 285/285/1 284/284/1 263/263/1
f 265/265/1 286/286/1 285/285/1 264/264/1
f 266/266/1 287/287/1 286/286/1 265/265/1
f 267/267/1 288/288/1 287/287/1 266/266/1
f 268/268/1 289/289/1 288/288/1 267/267/1
f 269/269/1 290/290/1 289/289/1 268/268/1
f 270/270/1 291/291/1 290/290/1 269/269/1
f 271/271/1 292/292/1 291/291/1 270/270/1
f 272/272/1 293/293/1 292/292/1 271/271/1
f 273/273/1 294/294/1 293/293/1 272/272/1
f 275/274/1 296/295/1 295/296/1 274/275/1
f 276/276/1 297/297/1 296/295/1 275/274/1
f 277/277/1 298/298/1 297/297/1 276/276/1
f 278/278/1 299/299/1 298/298/1 277/277/1
f 279/279/1 300/300/1 299/299/1 278/278/1
f 280/280/1 301/301/1 300/300/1 279/279/1
f 281/281/1 302/302/1 301/301/1 280/280/1
f 282/282/1 303/303/1 302/302/1 281/281/1
f 283/283/1 304/304/1 303/303/1 282/282/1
f 284/284/1 305/305/1 304/304/1 283/283/1
f 285/285/1 306/306/1 305/305/1 284/284/1
f 286/286/1 307/307/1 306/306/1 285/285/1
f 287/287/1 308/308/1 307/307/1 286/286/1
f 288/288/1 309/309/1 308/308/1 287/287/1
f 289/289/1 310/310/1 309/309/1 288/288/1
f 290/290/1 311/311/1 310/310/1 289/289/1
f 291/291/1 312/312/1 311/311/1 290/290/1
f 292/292/1 313/313/1 312/312/1 291/291/1
f 293/293/1 314/314/1 313/313/1 292/292/1
f 294/294/1 315/315/1 314/314/1 293/293/1
f 296/295/1 317/316/1 316/317/1 295/296/1
f 297/297/1 318/318/1 317/316/1 296/295/1
f 298/298/1 319/319/1 318/318/1 297/297/1
f 299/299/1 320/320/1 319/319/1 298/298/1
f 300/300/1 321/321/1 320/320/1 299/299/1
f 301/301/1 322/322/1 321/321/1 300/300/1
f 302/302/1 323/323/1 322/322/1 301/301/1
f 303/303/1 324/324/1 323/323/1 302/302/1
f 304/304/1 325/325/1 324/324/1 303/303/1
f 305/305/1 326/326/1 325/325/1 304/304/1
f 306/306/1 327/327/1 326/326/1 305/305/1
f 307/307/1 328/328/1 327/327/1 306/306/1
f 308/308/1 329/329/1 328/328/1 307/307/1
f 309/309/1 330/330/1 329/329/1 308/308/1
f 310/310/1 331/331/1 330/330/1 309/309/1
f 311/311/1 332/332/1 331/331/1 310/310/1
f 312/312/1 333/333/1 332/332/1 311/311/1
f 313/313/1 334/334/1 333/333/1 312/312/1
f 314/314/1 335/335/1 334/334/1 313/313/1
f 315/315/1 336/336/1 335/335/1 314/314/1
f 317/316/1 338/337/1 337/338/1 316/317/1
f 318/318/1 339/339/1 338/337/1 317/316/1
f 319/319/1 340/340/1 339/339/1 318/318/1
f 320/320/1 341/341/1 340/340/1 319/319/1
f 321/321/1 342/342/1 341/341/1 320/320/1
f 322/322/1 343/343/1 342/342/1 321/321/1
f 323/323/1 344/344/1 343/343/1 322/322/1
f 324/324/1 345/345/1 344/344/1 323/323/1
f 325/325/1 346/346/1 345/345/1 324/324/1
f 326/326/1 347/347/1 346/346/1 325/325/1
f 327/327/1 348/348/1 347/347/1 326/326/1
f 328/328/1 349/349/1 348/348/1 327/327/1
f 329/329/1 350/350/1 349/349/1 328/328/1
f 330/330/1 351/351/1 350/350/1 329/329/1
f 331/331/1 352/352/1 351/351/1 330/330/1
f 332/332/1 353/353/1 352/352/1 331/331/1
f 333/333/1 354/354/1 353/353/1 332/332/1
f 334/334/1 355/355/1 354/354/1 333/333/1
f 335/335/1 356/356/1 355/355/1 334/334/1
f 336/336/1 357/357/1 356/356/1 335/335/1
f 338/337/1 359/358/1 358/359/1 337/338/1
f 339/339/1 360/360/1 359/358/1 338/337/1
f 340/340/1 361/361/1 360/360/1 339/339/1
f 341/341/1 362/362/1 361/361/1 340/340/1
f 342/342/1 363/363/1 362/362/1 341/341/1
f 343/343/1 364/364/1 363/363/1 342/342/1
f 344/344/1 365/365/1 364/364/1 343/343/1
f 345/345/1 366/366/1 365/365/1 344/344/1
f 346/346/1 367/367/1 366/366/1 345/345/1
f 347/347/1 368/368/1 367/367/1 346/346/1
f 348/348/1 369/369/1 368/368/1 347/347/1
f 349/349/1 370/370/1 369/369/1 348/348/1
f 350/350/1 371/371/1 370/370/1 349/349/1
f 351/351/1 372/372/1 371/371/1 350/350/1
f 352/352/1 373/373/1 372/372/1 351/351/1
f 353/353/1 374/374/1 373/373/1 352/352/1
f 354/354/1 375/375/1 374/374/1 353/353/1
f 355/355/1 376/376/1 375/375/1 354/354/1
f 356/356/1 377/377/1 376/376/1 355/355/1
f 357/357/1 378/378/1 377/377/1 356/356/1
f 359/358/1 380/379/1 379/380/1 358/359/1
f 360/360/1 381/381/1 380/379/1 359/358/1
f 361/361/1 382/382/1 381/381/1 360/360/1
f 362/362/1 383/383/1 382/382/1 361/361/1
f 363/363/1 384/384/1 383/383/1 362/362/1
f 364/364/1 385/385/1 384/384/1 363/363/1
f 365/365/1 386/386/1 385/385/1 364/364/1
f 366/366/1 387/387/1 386/386/1 365/365/1
f 367/367/1 388/388/1 387/387/1 366/366/1
f 368/368/1 389/389/1 388/388/1 367/367/1
f 369/369/1 390/390/1 389/389/1 368/368/1
f 370/370/1 391/391/1 390/390/1 369/369/1
f 371/371/1 392/392/1 391/391/1 370/370/1
f 372/372/1 393/393/1 392/392/1 371/371/1
f 373/373/1 394/394/1 393/393/1 372/372/1
f 374/374/1 395/395/1 394/394/1 373/373/1
f 375/375/1 396/396/1 395/395/1 374/374/1
f 376/376/1 397/397/1 396/396/1 375/375/1
f 377/377/1 398/398/1 397/397/1 376/376/1
f 378/378/1 399/399/1 398/398/1 377/377/1
f 380/379/1 401/400/1 400/401/1 379/380/1
f 381/381/1 402/402/1 401/400/1 380/379/1
f 382/382/1 403/403/1 402/402/1 381/381/1
f 383/383/1 404/404/1 403/403/1 382/382/1
f 384/384/1 405/405/1 404/404/1 383/383/1
f 385/385/1 406/406/1 405/405/1 384/384/1
f 386/386/1 407/407/1 406/406/1 385/385/1
f 387/387/1 408/408/1 407/407/1 386/386/1
f 388/388/1 409/409/1 408/408/1 387/387/1
f 389/389/1 410/410/1 409/409/1 388/388/1
f 390/390/1 411/411/1 410/410/1 389/389/1
f 391/391/1 412/412/1 411/411/1 390/390/1
f 392/392/1 413/413/1 412/412/1 391/391/1
f 393/393/1 414/414/1 413/413/1 392/392/1
f 394/394/1 415/415/1 414/414/1 393/393/1
f 395/395/1 416/416/1 415/415/1 394/394/1
f 396/396/1 417/417/1 416/416/1 395/395/1
f 397/397/1 418/418/1 417/417/1 396/396/1
f 398/398/1 419/419/1 418/418/1 397/397/1
f 399/399/1 420/420/1 419/419/1 398/398/1
f 401/400/1 422/421/1 421/422/1 400/401/1
f 402/402/1 423/423/1 422/421/1 401/400/1
f 403/403/1 424/424/1 423/423/1 402/402/1
f 404/404/1 425/425/1 424/424/1 403/403/1
f 405/405/1 426/426/1 425/425/1 404/404/1
f 406/406/1 427/427/1 426/426/1 405/405/1
f 407/407/1 428/428/1 427/427/1 406/406/1
f 408/408/1 429/429/1 428/428/1 407/407/1
f 409/409/1 430/430/1 429/429/1 408/408/1
f 410/410/1 431/431/1 430/430/1 409/409/1
f 411/411/1 432/432/1 431/431/1 410/410/1
f 412/412/1 433/433/1 432/432/1 411/411/1
f 413/413/1 434/434/1 433/433/1 412/412/1
f 414/414/1 435/435/1 434/434/1 413/413/1
f 415/415/1 436/436/1 435/435/1 414/414/1
f 416/416/1 437/437/1 436/436/1 415/415/1
f 417/417/1 438/438/1 437/437/1 416/416/1
f 418/418/1 439/439/1 438/438/1 417/417/1
f 419/419/1 440/440/1 439/439/1 418/418/1
f 420/420/1 441/441/1 440/440/1 419/419/1
f 4832/1/1 4853/2/1 4852/3/1 4831/4/1
f 4833/5/1 4854/6/1 4853/2/1 4832/1/1
f 4834/7/1 4855/8/1 4854/6/1 4833/5/1
f 4835/9/1 4856/10/1 4855/8/1 4834/7/1
f 4836/11/1 4857/12/1 4856/10/1 4835/9/1
f 4837/13/1 4858/14/1 4857/12/1 4836/11/1
f 4838/15/1 4859/16/1 4858/14/1 4837/13/1
f 4839/17/1 4860/18/1 4859/16/1 4838/15/1
f 4840/19/1 4861/20/1 4860/18/1 4839/17/1
f 4841/21/1 4862/22/1 4861/20/1 4840/19/1
f 4842/23/1 4863/24/1 4862/22/1 4841/21/1
f 4843/25/1 4864/26/1 4863/24/1 4842/23/1
f 4844/27/1 4865/28/1 4864/26/1 4843/25/1
f 4845/29/1 4866/30/1 4865/28/1 4844/27/1
f 4846/31/1 4867/32/1 4866/30/1 4845/29/1
f 4847/33/1 4868/34/1 4867/32/1 4846/31/1
f 4848/35/1 4869/36/1 4868/34/1 4847/33/1
f 4849/37/1 4870/38/1 4869/36/1 4848/35/1
f 4850/39/1 4871/40/1 4870/38/1 4849/37/1
f 4851/41/1 4872/42/1 4871/40/1 4850/39/1
f 4853/2/1 4874/43/1 4873/44/1 4852/3/1
f 4854/6/1 4875/45/1 4874/43/1 4853/2/1
f 4855/8/1 4876/46/1 4875/45/1 4854/6/1
f 4856/10/1 4877/47/1 4876/46/1 4855/8/1
f 4857/12/1 4878/48/1 4877/47/1 4856/10/1
f 4858/14/1 4879/49/1 4878/48/1 4857/12/1
f 4859/16/1 4880/50/1 4879/49/1 4858/14/1
f 4860/18/1 4881/51/1 4880/50/1 4859/16/1
f 4861/20/1 4882/52/1 4881/51/1 4860/18/1
f 4862/22/1 4883/53/1 4882/52/1 4861/20/1
f 4863/24/1 4884/54/1 4883/53/1 4862/22/1
f 4864/26/1 4885/55/1 4884/54/1 4863/24/1
f 4865/28/1 4886/56/1 4885/55/1 4864/26/1
f 4866/30/1 4887/57/1 4886/56/1 4865/28/1
f 4867/32/1 4888/58/1 4887/57/1 4866/30/1
f 4868/34/1 4889/59/1 4888/58/1 4867/32/1
f 4869/36/1 4890/60/1 4889/59/1 4868/34/1
f 4870/38/1 4891/61/1 4890/60/1 4869/36/1
f 4871/40/1 4892/62/1 4891/61/1 4870/38/1
f 4872/42/1 4893/63/1 4892/62/1 4871/40/1
f 4874/43/1 4895/64/1 4894/65/1 4873/44/1
f 4875/45/1 4896/66/1 4895/64/1 4874/43/1
f 4876/46/1 4897/67/1 4896/66/1 4875/45/1
f 4877/47/1 4898/68/1 4897/67/1 4876/46/1
f 4878/48/1 4899/69/1 4898/68/1 4877/47/1
f 4879/49/1 4900/70/1 4899/69/1 4878/48/1
f 4880/50/1 4901/71/1 4900/70/1 4879/49/1
f 4881/51/1 4902/72/1 4901/71/1 4880/50/1
f 4882/52/1 4903/73/1 4902/72/1 4881/51/1
f 4883/53/1 4904/74/1 4903/73/1 4882/52/1
f 4884/54/1 4905/75/1 4904/74/1 4883/53/1
f 4885/55/1 4906/76/1 4905/75/1 4884/54/1
f 4886/56/1 4907/77/1 4906/76/1 4885/55/1
f 4887/57/1 4908/78/1 4907/77/1 4886/56/1
f 4888/58/1 4909/79/1 4908/78/1 4887/57/1
f 4889/59/1 4910/80/1 4909/79/1 4888/58/1
f 4890/60/1 4911/81/1 4910/80/1 4889/59/1
f 4891/61/1 4912/82/1 4911/81/1 4890/60/1
f 4892/62/1 4913/83/1 4912/82/1 4891/61/1
f 4893/63/1 4914/84/1 4913/83/1 4892/62/1
f 4895/64/1 4916/85/1 4915/86/1 4894/65/1
f 4896/66/1 4917/87/1 4916/85/1 4895/64/1
f 4897/67/1 4918/88/1 4917/87/1 4896/66/1
f 4898/68/1 4919/89/1 4918/88/1 4897/67/1
f 4899/69/1 4920/90/1 4919/89/1 4898/68/1
f 4900/70/1 4921/91/1 4920/90/1 4899/69/1
f 4901/71/1 4922/92/1 4921/91/1 4900/70/1
f 4902/72/1 4923/93/1 4922/92/1 4901/71/1
f 4903/73/1 4924/94/1 4923/93/1 4902/72/1
f 4904/74/1 4925/95/1 4924/94/1 4903/73/1
f 4905/75/1 4926/96/1 4925/95/1 4904/74/1
f 4906/76/1 4927/97/1 4926/96/1 4905/75/1
f 4907/77/1 4928/98/1 4927/97/1 4906/76/1
f 4908/78/1 4929/99/1 4928/98/1 4907/77/1
f 4909/79/1 4930/100/1 4929/99/1 4908/78/1
f 4910/80/1 4931/101/1 4930/100/1 4909/79/1
f 4911/81/1 4932/102/1 4931/101/1 4910/80/1
f 4912/82/1 4933/103/1 4932/102/1 4911/81/1
f 4913/83/1 4934/104/1 4933/103/1 4912/82/1
f 4914/84/1 4935/105/1 4934/104/1 4913/83/1
f 4916/85/1 4937/106/1 4936/107/1 4915/86/1
f 4917/87/1 4938/108/1 4937/106/1 4916/85/1
f 4918/88/1 4939/109/1 4938/108/1 4917/87/1
f 4919/89/1 4940/110/1 4939/109/1 4918/88/1
f 4920/90/1 4941/111/1 4940/110/1 4919/89/1
f 4921/91/1 4942/112/1 4941/111/1 4920/90/1
f 4922/92/1 4943/113/1 4942/112/1 4921/91/1
f 4923/93/1 4944/114/1 4943/113/1 4922/92/1
f 4924/94/1 4945/115/1 4944/114/1 4923/93/1
f 4925/95/1 4946/116/1 4945/115/1 4924/94/1
f 4926/96/1 4947/117/1 4946/116/1 4925/95/1
f 4927/97/1 4948/118/1 4947/117/1 4926/96/1
f 4928/98/1 4949/119/1 4948/118/1 4927/97/1
f 4929/99/1 4950/120/1 4949/119/1 4928/98/1
f 4930/100/1 4951/121/1 4950/120/1 4929/99/1
f 4931/101/1 4952/122/1 4951/121/1 4930/100/1
f 4932/102/1 4953/123/1 4952/122/1 4931/101/1
f 4933/103/1 4954/124/1 4953/123/1 4932/102/1
f 4934/104/1 4955/125/1 4954/124/1 4933/103/1
f 4935/105/1 4956/126/1 4955/125/1 4934/104/1
f 4937/106/1 4958/127/1 4957/128/1 4936/107/1
f 4938/108/1 4959/129/1 4958/127/1 4937/106/1
f 4939/109/1 4960/130/1 4959/129/1 4938/108/1
f 4940/110/1 4961/131/1 4960/130/1 4939/109/1
f 4941/111/1 4962/132/1 4961/131/1 4940/110/1
f 4942/112/1 4963/133/1 4962/132/1 4941/111/1
f 4943/113/1 4964/134/1 4963/133/1 4942/112/1
f 4944/114/1 4965/135/1 4964/134/1 4943/113/1
f 4945/115/1 4966/136/1 4965/135/1 4944/114/1
f 4946/116/1 4967/137/1 4966/136/1 4945/115/1
f 4947/117/1 4968/138/1 4967/137/1 4946/116/1
f 4948/118/1 4969/139/1 4968/138/1 4947/117/1
f 4949/119/1 4970/140/1 4969/139/1 4948/118/1
f 4950/120/1 4971/141/1 4970/140/1 4949/119/1
f 4951/121/1 4972/142/1 4971/141/1 4950/120/1
f 4952/122/1 4973/143/1 4972/142/1 4951/121/1
f 4953/123/1 4974/144/1 4973/143/1 4952/122/1
f 4954/124/1 4975/145/1 4974/144/1 4953/123/1
f 4955/125/1 4976/146/1 4975/145/1 4954/124/1
f 4956/126/1 4977/147/1 4976/146/1 4955/125/1
f 4958/127/1 4979/148/1 4978/149/1 4957/128/1
f 4959/129/1 4980/150/1 4979/148/1 4958/127/1
f 4960/130/1 4981/151/1 4980/150/1 4959/129/1
f 4961/131/1 4982/152/1 4981/151/1 4960/130/1
f 4962/132/1 4983/153/1 4982/152/1 4961/131/1
f 4963/133/1 4984/154/1 4983/153/1 4962/132/1
f 4964/134/1 4985/155/1 4984/154/1 4963/133/1
f 4965/135/1 4986/156/1 4985/155/1 4964/134/1
f 4966/136/1 4987/157/1 4986/156/1 4965/135/1
f 4967/137/1 4988/158/1 4987/157/1 4966/136/1
f 4968/138/1 4989/159/1 4988/158/1 4967/137/1
f 4969/139/1 4990/160/1 4989/159/1 4968/138/1
f 4970/140/1 4991/161/1 4990/160/1 4969/139/1
f 4971/141/1 4992/162/1 4991/161/1 4970/140/1
f 4972/142/1 4993/163/1 4992/162/1 4971/141/1
f 4973/143/1 4994/164/1 4993/163/1 4972/142/1
f 4974/144/1 4995/165/1 4994/164/1 4973/143/1
f 4975/145/1 4996/166/1 4995/165/1 4974/144/1
f 4976/146/1 4997/167/1 4996/166/1 4975/145/1
f 4977/147/1 4998/168/1 4997/167/1 4976/146/1
f 4979/148/1 5000/169/1 4999/170/1 4978/149/1
f 4980/150/1 5001/171/1 5000/169/1 4979/148/1
f 4981/151/1 5002/172/1 5001/171/1 4980/150/1
f 4982/152/1 5003/173/1 5002/172/1 4981/151/1
f 4983/153/1 5004/174/1 5003/173/1 4982/152/1
f 4984/154/1 5005/175/1 5004/174/1 4983/153/1
f 4985/155/1 5006/176/1 5005/175/1 4984/154/1
f 4986/156/1 5007/177/1 5006/176/1 4985/155/1
f 4987/157/1 5008/178/1 5007/177/1 4986/156/1
f 4988/158/1 5009/179/1 5008/178/1 4987/157/1
f 4989/159/1 5010/180/1 5009/179/1 4988/158/1
f 4990/160/1 5011/181/1 5010/180/1 4989/159/1
f 4991/161/1 5012/182/1 5011/181/1 4990/160/1
f 4992/162/1 5013/183/1 5012/182/1 4991/161/1
f 4993/163/1 5014/184/1 5013/183/1 4992/162/1
f 4994/164/1 5015/185/1 5014/184/1 4993/163/1
f 4995/165/1 5016/186/1 5015/185/1 4994/164/1
f 4996/166/1 5017/187/1 5016/186/1 4995/165/1
f 4997/167/1 5018/188/1 5017/187/1 4996/166/1
f 4998/168/1 5019/189/1 5018/188/1 4997/167/1
f 5000/169/1 5021/190/1 5020/191/1 4999/170/1
f 5001/171/1 5022/192/1 5021/190/1 5000/169/1
f 5002/172/1 5023/193/1 5022/192/1 5001/171/1
f 5003/173/1 5024/194/1 5023/193/1 5002/172/1
f 5004/174/1 5025/195/1 5024/194/1 5003/173/1
f 5005/175/1 5026/196/1 5025/195/1 5004/174/1
f 5006/176/1 5027/197/1 5026/196/1 5005/175/1
f 5007/177/1 5028/198/1 5027/197/1 5006/176/1
f 5008/178/1 5029/199/1 5028/198/1 5007/177/1
f 5009/179/1 5030/200/1 5029/199/1 5008/178/1
f 5010/180/1 5031/201/1 5030/200/1 5009/179/1
f 5011/181/1 5032/202/1 5031/201/1 5010/180/1
f 5012/182/1 5033/203/1 5032/202/1 5011/181/1
f 5013/183/1 5034/204/1 5033/203/1 5012/182/1
f 5014/184/1 5035/205/1 5034/204/1 5013/183/1
f 5015/185/1 5036/206/1 5035/205/1 5014/184/1
f 5016/186/1 5037/207/1 5036/206/1 5015/185/1
f 5017/187/1 5038/208/1 5037/207/1 5016/186/1
f 5018/188/1 5039/209/1 5038/208/1 5017/187/1
f 5019/189/1 5040/210/1 5039/209/1 5018/188/1
f 5021/190/1 5042/211/1 5041/212/1 5020/191/1
f 5022/192/1 5043/213/1 5042/211/1 5021/190/1
f 5023/193/1 5044/214/1 5043/213/1 5022/192/1
f 5024/194/1 5045/215/1 5044/214/1 5023/193/1
f 5025/195/1 5046/216/1 5045/215/1 5024/194/1
f 5026/196/1 5047/217/1 5046/216/1 5025/195/1
f 5027/197/1 5048/218/1 5047/217/1 5026/196/1
f 5028/198/1 5049/219/1 5048/218/1 5027/197/1
f 5029/199/1 5050/220/1 5049/219/1 5028/198/1
f 5030/200/1 5051/221/1 5050/220/1 5029/199/1
f 5031/201/1 5052/222/1 5051/221/1 5030/200/1
f 5032/202/1 5053/223/1 5052/222/1 5031/201/1
f 5033/203/1 5054/224/1 5053/223/1 5032/202/1
f 5034/204/1 5055/225/1 5054/224/1 5033/203/1
f 5035/205/1 5056/226/1 5055/225/1 5034/204/1
f 5036/206/1 5057/227/1 5056/226/1 5035/205/1
f 5037/207/1 5058/228/1 5057/227/1 5036/206/1
f 5038/208/1 5059/229/1 5058/228/1 5037/207/1
f 5039/209/1 5060/230/1 5059/229/1 5038/208/1
f 5040/210/1 5061/231/1 5060/230/1 5039/209/1
f 5042/211/1 5063/232/1 5062/233/1 5041/212/1
f 5043/213/1 5064/234/1 5063/232/1 5042/211/1
f 5044/214/1 5065/235/1 5064/234/1 5043/213/1
f 5045/215/1 5066/236/1 5065/235/1 5044/214/1
f 5046/216/1 5067/237/1 5066/236/1 5045/215/1
f 5047/217/1 5068/238/1 5067/237/1 5046/216/1
f 5048/218/1 5069/239/1 5068/238/1 5047/217/1
f 5049/219/1 5070/240/1 5069/239/1 5048/218/1
f 5050/220/1 5071/241/1 5070/240/1 5049/219/1
f 5051/221/1 5072/242/1 5071/241/1 5050/220/1
f 5052/222/1 5073/243/1 5072/242/1 5051/221/1
f 5053/223/1 5074/244/1 5073/243/1 5052/222/1
f 5054/224/1 5075/245/1 5074/244/1 5053/223/1
f 5055/225/1 5076/246/1 5075/245/1 5054/224/1
f 5056/226/1 5077/247/1 5076/246/1 5055/225/1
f 5057/227/1 5078/248/1 5077/247/1 5056/226/1
f 5058/228/1 5079/249/1 5078/248/1 5057/227/1
f 5059/229/1 5080/250/1 5079/249/1 5058/228/1
f 5060/230/1 5081/251/1 5080/250/1 5059/229/1
f 5061/231/1 5082/252/1 5081/251/1 5060/230/1
f 5063/232/1 5084/253/1 5083/254/1 5062/233/1
f 5064/234/1 5085/255/1 5084/253/1 5063/232/1
f 5065/235/1 5086/256/1 5085/255/1 5064/234/1
f 5066/236/1 5087/257/1 5086/256/1 5065/235/1
f 5067/237/1 5088/258/1 5087/257/1 5066/236/1
f 5068/238/1 5089/259/1 5088/258/1 5067/237/1
f 5069/239/1 5090/260/1 5089/259/1 5068/238/1
f 5070/240/1 5091/261/1 5090/260/1 5069/239/1
f 5071/241/1 5092/262/1 5091/261/1 5070/240/1
f 5072/242/1 5093/263/1 5092/262/1 5071/241/1
f 5073/243/1 5094/264/1 5093/263/1 5072/242/1
f 5074/244/1 5095/265/1 5094/264/1 5073/243/1
f 5075/245/1 5096/266/1 5095/265/1 5074/244/1
f 5076/246/1 5097/267/1 5096/266/1 5075/245/1
f 5077/247/1 5098/268/1 5097/267/1 5076/246/1
f 5078/248/1 5099/269/1 5098/268/1 5077/247/1
f 5079/249/1 5100/270/1 5099/269/1 5078/248/1
f 5080/250/1 5101/271/1 5100/270/1 5079/249/1
f 5081/251/1 5102/272/1 5101/271/1 5080/250/1
f 5082/252/1 5103/273/1 5102/272/1 5081/251/1
f 5084/253/1 5105/274/1 5104/275/1 5083/254/1
f 5085/255/1 5106/276/1 5105/274/1 5084/253/1
f 5086/256/1 5107/277/1 5106/276/1 5085/255/1
f 5087/257/1 5108/278/1 5107/277/1 5086/256/1
f 5088/258/1 5109/279/1 5108/278/1 5087/257/1
f 5089/259/1 5110/280/1 5109/279/1 5088/258/1
f 5090/260/1 5111/281/1 5110/280/1 5089/259/1
f 5091/261/1 5112/282/1 5111/281/1 5090/260/1
f 5092/262/1 5113/283/1 5112/282/1 5091/261/1
f 5093/263/1 5114/284/1 5113/283/1 5092/262/1
f 5094/264/1 5115/285/1 5114/284/1 5093/263/1
f 5095/265/1 5116/286/1 5115/285/1 5094/264/1
f 5096/266/1 5117/287/1 5116/286/1 5095/265/1
f 5097/267/1 5118/288/1 5117/287/1 5096/266/1
f 5098/268/1 5119/289/1 5118/288/1 5097/267/1
f 5099/269/1 5120/290/1 5119/289/1 5098/268/1
f 5100/270/1 5121/291/1 5120/290/1 5099/269/1
f 5101/271/1 5122/292/1 5121/291/1 5100/270/1
f 5102/272/1 5123/293/1 5122/292/1 5101/271/1
f 5103/273/1 5124/294/1 5123/293/1 5102/272/1
f 5105/274/1 5126/295/1 5125/296/1 5104/275/1
f 5106/276/1 5127/297/1 5126/295/1 5105/274/1
f 5107/277/1 5128/298/1 5127/297/1 5106/276/1
f 5108/278/1 5129/299/1 5128/298/1 5107/277/1
f 5109/279/1 5130/300/1 5129/299/1 5108/278/1
f 5110/280/1 5131/301/1 5130/300/1 5109/279/1
f 5111/281/1 5132/302/1 5131/301/1 5110/280/1
f 5112/282/1 5133/303/1 5132/302/1 5111/281/1
f 5113/283/1 5134/304/1 5133/303/1 5112/282/1
f 5114/284/1 5135/305/1 5134/304/1 5113/283/1
f 5115/285/1 5136/306/1 5135/305/1 5114/284/1
f 5116/286/1 5137/307/1 5136/306/1 5115/285/1
f 5117/287/1 5138/308/1 5137/307/1 5116/286/1
f 5118/288/1 5139/309/1 5138/308/1 5117/287/1
f 5119/289/1 5140/310/1 5139/309/1 5118/288/1
f 5120/290/1 5141/311/1 5140/310/1 5119/289/1
f 5121/291/1 5142/312/1 5141/311/1 5120/290/1
f 5122/292/1 5143/313/1 5142/312/1 5121/291/1
f 5123/293/1 5144/314/1 5143/313/1 5122/292/1
f 5124/294/1 5145/315/1 5144/314/1 5123/293/1
f 5126/295/1 5147/316/1 5146/317/1 5125/296/1
f 5127/297/1 5148/318/1 5147/316/1 5126/295/1
f 5128/298/1 5149/319/1 5148/318/1 5127/297/1
f 5129/299/1 5150/320/1 5149/319/1 5128/298/1
f 5130/300/1 5151/321/1 5150/320/1 5129/299/1
f 5131/301/1 5152/322/1 5151/321/1 5130/300/1
f 5132/302/1 5153/323/1 5152/322/1 5131/301/1
f 5133/303/1 5154/324/1 5153/323/1 5132/302/1
f 5134/304/1 5155/325/1 5154/324/1 5133/303/1
f 5135/305/1 5156/326/1 5155/325/1 5134/304/1
f 5136/306/1 5157/327/1 5156/326/1 5135/305/1
f 5137/307/1 5158/328/1 5157/327/1 5136/306/1
f 5138/308/1 5159/329/1 5158/328/1 5137/307/1
f 5139/309/1 5160/330/1 5159/329/1 5138/308/1
f 5140/310/1 5161/331/1 5160/330/1 5139/309/1
f 5141/311/1 5162/332/1 5161/331/1 5140/310/1
f 5142/312/1 5163/333/1 5162/332/1 5141/311/1
f 5143/313/1 5164/334/1 5163/333/1 5142/312/1
f 5144/314/1 5165/335/1 5164/334/1 5143/313/1
f 5145/315/1 5166/336/1 5165/335/1 5144/314/1
f 5147/316/1 5168/337/1 5167/338/1 5146/317/1
f 5148/318/1 5169/339/1 5168/337/1 5147/316/1
f 5149/319/1 5170/340/1 5169/339/1 5148/318/1
f 5150/320/1 5171/341/1 5170/340/1 5149/319/1
f 5151/321/1 5172/342/1 5171/341/1 5150/320/1
f 5152/322/1 5173/343/1 5172/342/1 5151/321/1
f 5153/323/1 5174/344/1 5173/343/1 5152/322/1
f 5154/324/1 5175/345/1 5174/344/1 5153/323/1
f 5155/325/1 5176/346/1 5175/345/1 5154/324/1
f 5156/326/1 5177/347/1 5176/346/1 5155/325/1
f 5157/327/1 5178/348/1 5177/347/1 5156/326/1
f 5158/328/1 5179/349/1 5178/348/1 5157/327/1
f 5159/329/1 5180/350/1 5179/349/1 5158/328/1
f 5160/330/1 5181/351/1 5180/350/1 5159/329/1
f 5161/331/1 5182/352/1 5181/351/1 5160/330/1
f 5162/332/1 5183/353/1 5182/352/1 5161/331/1
f 5163/333/1 5184/354/1 5183/353/1 5162/332/1
f 5164/334/1 5185/355/1 5184/354/1 5163/333/1
f 5165/335/1 5186/356/1 5185/355/1 5164/334/1
f 5166/336/1 5187/357/1 5186/356/1 5165/335/1
f 5168/337/1 5189/358/1 5188/359/1 5167/338/1
f 5169/339/1 5190/360/1 5189/358/1 5168/337/1
f 5170/340/1 5191/361/1 5190/360/1 5169/339/1
f 5171/341/1 5192/362/1 5191/361/1 5170/340/1
f 5172/342/1 5193/363/1 5192/362/1 5171/341/1
f 5173/343/1 5194/364/1 5193/363/1 5172/342/1
f 5174/344/1 5195/365/1 5194/364/1 5173/343/1
f 5175/345/1 5196/366/1 5195/365/1 5174/344/1
f 5176/346/1 5197/367/1 5196/366/1 5175/345/1
f 5177/347/1 5198/368/1 5197/367/1 5176/346/1
f 5178/348/1 5199/369/1 5198/368/1 5177/347/1
f 5179/349/1 5200/370/1 5199/369/1 5178/348/1
f 5180/350/1 5201/371/1 5200/370/1 5179/349/1
f 5181/351/1 5202/372/1 5201/371/1 5180/350/1
f 5182/352/1 5203/373/1 5202/372/1 5181/351/1
f 5183/353/1 5204/374/1 5203/373/1 5182/352/1
f 5184/354/1 5205/375/1 5204/374/1 5183/353/1
f 5185/355/1 5206/376/1 5205/375/1 5184/354/1
f 5186/356/1 5207/377/1 5206/376/1 5185/355/1
f 5187/357/1 5208/378/1 5207/377/1 5186/356/1
f 5189/358/1 5210/379/1 5209/380/1 5188/359/1
f 5190/360/1 5211/381/1 5210/379/1 5189/358/1
f 5191/361/1 5212/382/1 5211/381/1 5190/360/1
f 5192/362/1 5213/383/1 5212/382/1 5191/361/1
f 5193/363/1 5214/384/1 5213/383/1 5192/362/1
f 5194/364/1 5215/385/1 5214/384/1 5193/363/1
f 5195/365/1 5216/386/1 5215/385/1 5194/364/1
f 5196/366/1 5217/387/1 5216/386/1 5195/365/1
f 5197/367/1 5218/388/1 5217/387/1 5196/366/1
f 5198/368/1 5219/389/1 5218/388/1 5197/367/1
f 5199/369/1 5220/390/1 5219/389/1 5198/368/1
f 5200/370/1 5221/391/1 5220/390/1 5199/369/1
f 5201/371/1 5222/392/1 5221/391/1 5200/370/1
f 5202/372/1 5223/393/1 5222/392/1 5201/371/1
f 5203/373/1 5224/394/1 5223/393/1 5202/372/1
f 5204/374/1 5225/395/1 5224/394/1 5203/373/1
f 5205/375/1 5226/396/1 5225/395/1 5204/374/1
f 5206/376/1 5227/397/1 5226/396/1 5205/375/1
f 5207/377/1 5228/398/1 5227/397/1 5206/376/1
f 5208/378/1 5229/399/1 5228/398/1 5207/377/1
f 5210/379/1 5231/400/1 5230/401/1 5209/380/1
f 5211/381/1 5232/402/1 5231/400/1 5210/379/1
f 5212/382/1 5233/403/1 5232/402/1 5211/381/1
f 5213/383/1 5234/404/1 5233/403/1 5212/382/1
f 5214/384/1 5235/405/1 5234/404/1 5213/383/1
f 5215/385/1 5236/406/1 5235/405/1 5214/384/1
f 5216/386/1 5237/407/1 5236/406/1 5215/385/1
f 5217/387/1 5238/408/1 5237/407/1 5216/386/1
f 5218/388/1 5239/409/1 5238/408/1 5217/387/1
f 5219/389/1 5240/410/1 5239/409/1 5218/388/1
f 5220/390/1 5241/411/1 5240/410/1 5219/389/1
f 5221/391/1 5242/412/1 5241/411/1 5220/390/1
f 5222/392/1 5243/413/1 5242/412/1 5221/391/1
f 5223/393/1 5244/414/1 5243/413/1 5222/392/1
f 5224/394/1 5245/415/1 5244/414/1 5223/393/1
f 5225/395/1 5246/416/1 5245/415/1 5224/394/1
f 5226/396/1 5247/417/1 5246/416/1 5225/395/1
f 5227/397/1 5248/418/1 5247/417/1 5226/396/1
f 5228/398/1 5249/419/1 5248/418/1 5227/397/1
f 5229/399/1 5250/420/1 5249/419/1 5228/398/1
f 5231/400/1 5252/421/1 5251/422/1 5230/401/1
f 5232/402/1 5253/423/1 5252/421/1 5231/400/1
f 5233/403/1 5254/424/1 5253/423/1 5232/402/1
f 5234/404/1 5255/425/1 5254/424/1 5233/403/1
f 5235/405/1 5256/426/1 5255/425/1 5234/404/1
f 5236/406/1 5257/427/1 5256/426/1 5235/405/1
f 5237/407/1 5258/428/1 5257/427/1 5236/406/1
f 5238/408/1 5259/429/1 5258/428/1 5237/407/1
f 5239/409/1 5260/430/1 5259/429/1 5238/408/1
f 5240/410/1 5261/431/1 5260/430/1 5239/409/1
f 5241/411/1 5262/432/1 5261/431/1 5240/410/1
f 5242/412/1 5263/433/1 5262/432/1 5241/411/1
f 5243/413/1 5264/434/1 5263/433/1 5242/412/1
f 5244/414/1 5265/435/1 5264/434/1 5243/413/1
f 5245/415/1 5266/436/1 5265/435/1 5244/414/1
f 5246/416/1 5267/437/1 5266/436/1 5245/415/1
f 5247/417/1 5268/438/1 5267/437/1 5246/416/1
f 5248/418/1 5269/439/1 5268/438/1 5247/417/1
f 5249/419/1 5270/440/1 5269/439/1 5248/418/1
f 5250/420/1 5271/441/1 5270/440/1 5249/419/1
f 5273/1/16 5294/2/16 5293/3/16 5272/4/16
f 5274/5/16 5295/6/16 5294/2/16 5273/1/16
f 5275/7/16 5296/8/16 5295/6/16 5274/5/16
f 5276/9/16 5297/10/16 5296/8/16 5275/7/16
f 5277/11/16 5298/12/16 5297/10/16 5276/9/16
f 5278/13/16 5299/14/16 5298/12/16 5277/11/16
f 5279/15/16 5300/16/16 5299/14/16 5278/13/16
f 5280/17/16 5301/18/16 5300/16/16 5279/15/16
f 5281/19/16 5302/20/16 5301/18/16 5280/17/16
f 5282/21/16 5303/22/16 5302/20/16 5281/19/16
f 5283/23/16 5304/24/16 5303/22/16 5282/21/16
f 5284/25/16 5305/26/16 5304/24/16 5283/23/16
f 5285/27/16 5306/28/16 5305/26/16 5284/25/16
f 5286/29/16 5307/30/16 5306/28/16 5285/27/16
f 5287/31/16 5308/32/16 5307/30/16 5286/29/16
f 5288/33/16 5309/34/16 5308/32/16 5287/31/16
f 5289/35/16 5310/36/16 5309/34/16 5288/33/16
f 5290/37/16 5311/38/16 5310/36/16 5289/35/16
f 5291/39/16 5312/40/16 5311/38/16 5290/37/16
f 5292/41/16 5313/42/16 5312/40/16 5291/39/16
f 5294/2/16 5315/43/16 5314/44/16 5293/3/16
f 5295/6/16 5316/45/16 5315/43/16 5294/2/16
f 5296/8/16 5317/46/16 5316/45/16 5295/6/16
f 5297/10/16 5318/47/16 5317/46/16 5296/8/16
f 5298/12/16 5319/48/16 5318/47/16 5297/10/16
f 5299/14/16 5320/49/16 5319/48/16 5298/12/16
f 5300/16/16 5321/50/16 5320/49/16 5299/14/16
f 5301/18/16 5322/51/16 5321/50/16 5300/16/16
f 5302/20/16 5323/52/16 5322/51/16 5301/18/16
f 5303/22/16 5324/53/16 5323/52/16 5302/20/16
f 5304/24/16 5325/54/16 5324/53/16 5303/22/16
f 5305/26/16 5326/55/16 5325/54/16 5304/24/16
f 5306/28/16 5327/56/16 5326/55/16 5305/26/16
f 5307/30/16 5328/57/16 5327/56/16 5306/28/16
f 5308/32/16 5329/58/16 5328/57/16 5307/30/16
f 5309/34/16 5330/59/16 5329/58/16 5308/32/16
f 5310/36/16 5331/60/16 5330/59/16 5309/34/16
f 5311/38/16 5332/61/16 5331/60/16 5310/36/16
f 5312/40/16 5333/62/16 5332/61/16 5311/38/16
f 5313/42/16 5334/63/16 5333/62/16 5312/40/16
f 5315/43/16 5336/64/16 5335/65/16 5314/44/16
f 5316/45/16 5337/66/16 5336/64/16 5315/43/16
f 5317/46/16 5338/67/16 5337/66/16 5316/45/16
f 5318/47/16 5339/68/16 5338/67/16 5317/46/16
f 5319/48/16 5340/69/16 5339/68/16 5318/47/16
f 5320/49/16 5341/70/16 5340/69/16 5319/48/16
f 5321/50/16 5342/71/16 5341/70/16 5320/49/16
f 5322/51/16 5343/72/16 5342/71/16 5321/50/16
f 5323/52/16 5344/73/16 5343/72/16 5322/51/16
f 5324/53/16 5345/74/16 5344/73/16 5323/52/16
f 5325/54/16 5346/75/16 5345/74/16 5324/53/16
f 5326/55/16 5347/76/16 5346/75/16 5325/54/16
f 5327/56/16 5348/77/16 5347/76/16 5326/55/16
f 5328/57/16 5349/78/16 5348/77/16 5327/56/16
f 5329/58/16 5350/79/16 5349/78/16 5328/57/16
f 5330/59/16 5351/80/16 5350/79/16 5329/58/16
f 5331/60/16 5352/81/16 5351/80/16 5330/59/16
f 5332/61/16 5353/82/16 5352/81/16 5331/60/16
f 5333/62/16 5354/83/16 5353/82/16 5332/61/16
f 5334/63/16 5355/84/16 5354/83/16 5333/62/16
f 5336/64/16 5357/85/16 5356/86/16 5335/65/16
f 5337/66/16 5358/87/16 5357/85/16 5336/64/16
f 5338/67/16 5359/88/16 5358/87/16 5337/66/16
f 5339/68/16 5360/89/16 5359/88/16 5338/67/16
f 5340/69/16 5361/90/16 5360/89/16 5339/68/16
f 5341/70/16 5362/91/16 5361/90/16 5340/69/16
f 5342/71/16 5363/92/16 5362/91/16 5341/70/16
f 5343/72/16 5364/93/16 5363/92/16 5342/71/16
f 5344/73/16 5365/94/16 5364/93/16 5343/72/16
f 5345/74/16 5366/95/16 5365/94/16 5344/73/16
f 5346/75/16 5367/96/16 5366/95/16 5345/74/16
f 5347/76/16 5368/97/16 5367/96/16 5346/75/16
f 5348/77/16 5369/98/16 5368/97/16 5347/76/16
f 5349/78/16 5370/99/16 5369/98/16 5348/77/16
f 5350/79/16 5371/100/16 5370/99/16 5349/78/16
f 5351/80/16 5372/101/16 5371/100/16 5350/79/16
f 5352/81/16 5373/102/16 5372/101/16 5351/80/16
f 5353/82/16 5374/103/16 5373/102/16 5352/81/16
f 5354/83/16 5375/104/16 5374/103/16 5353/82/16
f 5355/84/16 5376/105/16 5375/104/16 5354/83/16
f 5357/85/16 5378/106/16 5377/107/16 5356/86/16
f 5358/87/16 5379/108/16 5378/106/16 5357/85/16
f 5359/88/16 5380/109/16 5379/108/16 5358/87/16
f 5360/89/16 5381/110/16 5380/109/16 5359/88/16
f 5361/90/16 5382/111/16 5381/110/16 5360/89/16
f 5362/91/16 5383/112/16 5382/111/16 5361/90/16
f 5363/92/16 5384/113/16 5383/112/16 5362/91/16
f 5364/93/16 5385/114/16 5384/113/16 5363/92/16
f 5365/94/16 5386/115/16 5385/114/16 5364/93/16
f 5366/95/16 5387/116/16 5386/115/16 5365/94/16
f 5367/96/16 5388/117/16 5387/116/16 5366/95/16
f 5368/97/16 5389/118/16 5388/117/16 5367/96/16
f 5369/98/16 5390/119/16 5389/118/16 5368/97/16
f 5370/99/16 5391/120/16 5390/119/16 5369/98/16
f 5371/100/16 5392/121/16 5391/120/16 5370/99/16
f 5372/101/16 5393/122/16 5392/121/16 5371/100/16
f 5373/102/16 5394/123/16 5393/122/16 5372/101/16
f 5374/103/16 5395/124/16 5394/123/16 5373/102/16
f 5375/104/16 5396/125/16 5395/124/16 5374/103/16
f 5376/105/16 5397/126/16 5396/125/16 5375/104/16
f 5378/106/16 5399/127/16 5398/128/16 5377/107/16
f 5379/108/16 5400/129/16 5399/127/16 5378/106/16
f 5380/109/16 5401/130/16 5400/129/16 5379/108/16
f 5381/110/16 5402/131/16 5401/130/16 5380/109/16
f 5382/111/16 5403/132/16 5402/131/16 5381/110/16
f 5383/112/16 5404/133/16 5403/132/16 5382/111/16
f 5384/113/16 5405/134/16 5404/133/16 5383/112/16
f 5385/114/16 5406/135/16 5405/134/16 5384/113/16
f 5386/115/16 5407/136/16 5406/135/16 5385/114/16
f 5387/116/16 5408/137/16 5407/136/16 5386/115/16
f 5388/117/16 5409/138/16 5408/137/16 5387/116/16
f 5389/118/16 5410/139/16 5409/138/16 5388/117/16
f 5390/119/16 5411/140/16 5410/139/16 5389/118/16
f 5391/120/16 5412/141/16 5411/140/16 5390/119/16
f 5392/121/16 5413/142/16 5412/141/16 5391/120/16
f 5393/122/16 5414/143/16 5413/142/16 5392/121/16
f 5394/123/16 5415/144/16 5414/143/16 5393/122/16
f 5395/124/16 5416/145/16 5415/144/16 5394/123/16
f 5396/125/16 5417/146/16 5416/145/16 5395/124/16
f 5397/126/16 5418/147/16 5417/146/16 5396/125/16
f 5399/127/16 5420/148/16 5419/149/16 5398/128/16
f 5400/129/16 5421/150/16 5420/148/16 5399/127/16
f 5401/130/16 5422/151/16 5421/150/16 5400/129/16
f 5402/131/16 5423/152/16 5422/151/16 5401/130/16
f 5403/132/16 5424/153/16 5423/152/16 5402/131/16
f 5404/133/16 5425/154/16 5424/153/16 5403/132/16
f 5405/134/16 5426/155/16 5425/154/16 5404/133/16
f 5406/135/16 5427/156/16 5426/155/16 5405/134/16
f 5407/136/16 5428/157/16 5427/156/16 5406/135/16
f 5408/137/16 5429/158/16 5428/157/16 5407/136/16
f 5409/138/16 5430/159/16 5429/158/16 5408/137/16
f 5410/139/16 5431/160/16 5430/159/16 5409/138/16
f 5411/140/16 5432/161/16 5431/160/16 5410/139/16
f 5412/141/16 5433/162/16 5432/161/16 5411/140/16
f 5413/142/16 5434/163/16 5433/162/16 5412/141/16
f 5414/143/16 5435/164/16 5434/163/16 5413/142/16
f 5415/144/16 5436/165/16 5435/164/16 5414/143/16
f 5416/145/16 5437/166/16 5436/165/16 5415/144/16
f 5417/146/16 5438/167/16 5437/166/16 5416/145/16
f 5418/147/16 5439/168/16 5438/167/16 5417/146/16
f 5420/148/16 5441/169/16 5440/170/16 5419/149/16
f 5421/150/16 5442/171/16 5441/169/16 5420/148/16
f 5422/151/16 5443/172/16 5442/171/16 5421/150/16
f 5423/152/16 5444/173/16 5443/172/16 5422/151/16
f 5424/153/16 5445/174/16 5444/173/16 5423/152/16
f 5425/154/16 5446/175/16 5445/174/16 5424/153/16
f 5426/155/16 5447/176/16 5446/175/16 5425/154/16
f 5427/156/16 5448/177/16 5447/176/16 5426/155/16
f 5428/157/16 5449/178/16 5448/177/16 5427/156/16
f 5429/158/16 5450/179/16 5449/178/16 5428/157/16
f 5430/159/16 5451/180/16 5450/179/16 5429/158/16
f 5431/160/16 5452/181/16 5451/180/16 5430/159/16
f 5432/161/16 5453/182/16 5452/181/16 5431/160/16
f 5433/162/16 5454/183/16 5453/182/16 5432/161/16
f 5434/163/16 5455/184/16 5454/183/16 5433/162/16
f 5435/164/16 5456/185/16 5455/184/16 5434/163/16
f 5436/165/16 5457/186/16 5456/185/16 5435/164/16
f 5437/166/16 5458/187/16 5457/186/16 5436/165/16
f 5438/167/16 5459/188/16 5458/187/16 5437/166/16
f 5439/168/16 5460/189/16 5459/188/16 5438/167/16
f 5441/169/16 5462/190/16 5461/191/16 5440/170/16
f 5442/171/16 5463/192/16 5462/190/16 5441/169/16
f 5443/172/16 5464/193/16 5463/192/16 5442/171/16
f 5444/173/16 5465/194/16 5464/193/16 5443/172/16
f 5445/174/16 5466/195/16 5465/194/16 5444/173/16
f 5446/175/16 5467/196/16 5466/195/16 5445/174/16
f 5447/176/16 5468/197/16 5467/196/16 5446/175/16
f 5448/177/16 5469/198/16 5468/197/16 5447/176/16
f 5449/178/16 5470/199/16 5469/198/16 5448/177/16
f 5450/179/16 5471/200/16 5470/199/16 5449/178/16
f 5451/180/16 5472/201/16 5471/200/16 5450/179/16
f 5452/181/16 5473/202/16 5472/201/16 5451/180/16
f 5453/182/16 5474/203/16 5473/202/16 5452/181/16
f 5454/183/16 5475/204/16 5474/203/16 5453/182/16
f 5455/184/16 5476/205/16 5475/204/16 5454/183/16
f 5456/185/16 5477/206/16 5476/205/16 5455/184/16
f 5457/186/16 5478/207/16 5477/206/16 5456/185/16
f 5458/187/16 5479/208/16 5478/207/16 5457/186/16
f 5459/188/16 5480/209/16 5479/208/16 5458/187/16
f 5460/189/16 5481/210/16 5480/209/16 5459/188/16
f 5462/190/16 5483/211/16 5482/212/16 5461/191/16
f 5463/192/16 5484/213/16 5483/211/16 5462/190/16
f 5464/193/16 5485/214/16 5484/213/16 5463/192/16
f 5465/194/16 5486/215/16 5485/214/16 5464/193/16
f 5466/195/16 5487/216/16 5486/215/16 5465/194/16
f 5467/196/16 5488/217/16 5487/216/16 5466/195/16
f 5468/197/16 5489/218/16 5488/217/16 5467/196/16
f 5469/198/16 5490/219/16 5489/218/16 5468/197/16
f 5470/199/16 5491/220/16 5490/219/16 5469/198/16
f 5471/200/16 5492/221/16 5491/220/16 5470/199/16
f 5472/201/16 5493/222/16 5492/221/16 5471/200/16
f 5473/202/16 5494/223/16 5493/222/16 5472/201/16
f 5474/203/16 5495/224/16 5494/223/16 5473/202/16
f 5475/204/16 5496/225/16 5495/224/16 5474/203/16
f 5476/205/16 5497/226/16 5496/225/16 5475/204/16
f 5477/206/16 5498/227/16 5497/226/16 5476/205/16
f 5478/207/16 5499/228/16 5498/227/16 5477/206/16
f 5479/208/16 5500/229/16 5499/228/16 5478/207/16
f 5480/209/16 5501/230/16 5500/229/16 5479/208/16
f 5481/210/16 5502/231/16 5501/230/16 5480/209/16
f 5483/211/16 5504/232/16 5503/233/16 5482/212/16
f 5484/213/16 5505/234/16 5504/232/16 5483/211/16
f 5485/214/16 5506/235/16 5505/234/16 5484/213/16
f 5486/215/16 5507/236/16 5506/235/16 5485/214/16
f 5487/216/16 5508/237/16 5507/236/16 5486/215/16
f 5488/217/16 5509/238/16 5508/237/16 5487/216/16
f 5489/218/16 5510/239/16 5509/238/16 5488/217/16
f 5490/219/16 5511/240/16 5510/239/16 5489/218/16
f 5491/220/16 5512/241/16 5511/240/16 5490/219/16
f 5492/221/16 5513/242/16 5512/241/16 5491/220/16
f 5493/222/16 5514/243/16 5513/242/16 5492/221/16
f 5494/223/16 5515/244/16 5514/243/16 5493/222/16
f 5495/224/16 5516/245/16 5515/244/16 5494/223/16
f 5496/225/16 5517/246/16 5516/245/16 5495/224/16
f 5497/226/16 5518/247/16 5517/246/16 5496/225/16
f 5498/227/16 5519/248/16 5518/247/16 5497/226/16
f 5499/228/16 5520/249/16 5519/248/16 5498/227/16
f 5500/229/16 5521/250/16 5520/249/16 5499/228/16
f 5501/230/16 5522/251/16 5521/250/16 5500/229/16
f 5502/231/16 5523/252/16 5522/251/16 5501/230/16
f 5504/232/16 5525/253/16 5524/254/16 5503/233/16
f 5505/234/16 5526/255/16 5525/253/16 5504/232/16
f 5506/235/16 5527/256/16 5526/255/16 5505/234/16
f 5507/236/16 5528/257/16 5527/256/16 5506/235/16
f 5508/237/16 5529/258/16 5528/257/16 5507/236/16
f 5509/238/16 5530/259/16 5529/258/16 5508/237/16
f 5510/239/16 5531/260/16 5530/259/16 5509/238/16
f 5511/240/16 5532/261/16 5531/260/16 5510/239/16
f 5512/241/16 5533/262/16 5532/261/16 5511/240/16
f 5513/242/16 5534/263/16 5533/262/16 5512/241/16
f 5514/243/16 5535/264/16 5534/263/16 5513/242/16
f 5515/244/16 5536/265/16 5535/264/16 5514/243/16
f 5516/245/16 5537/266/16 5536/265/16 5515/244/16
f 5517/246/16 5538/267/16 5537/266/16 5516/245/16
f 5518/247/16 5539/268/16 5538/267/16 5517/246/16
f 5519/248/16 5540/269/16 5539/268/16 5518/247/16
f 5520/249/16 5541/270/16 5540/269/16 5519/248/16
f 5521/250/16 5542/271/16 5541/270/16 5520/249/16
f 5522/251/16 5543/272/16 5542/271/16 5521/250/16
f 5523/252/16 5544/273/16 5543/272/16 5522/251/16
f 5525/253/16 5546/274/16 5545/275/16 5524/254/16
f 5526/255/16 5547/276/16 5546/274/16 5525/253/16
f 5527/256/16 5548/277/16 5547/276/16 5526/255/16
f 5528/257/16 5549/278/16 5548/277/16 5527/256/16
f 5529/258/16 5550/279/16 5549/278/16 5528/257/16
f 5530/259/16 5551/280/16 5550/279/16 5529/258/16
f 5531/260/16 5552/281/16 5551/280/16 5530/259/16
f 5532/261/16 5553/282/16 5552/281/16 5531/260/16
f 5533/262/16 5554/283/16 5553/282/16 5532/261/16
f 5534/263/16 5555/284/16 5554/283/16 5533/262/16
f 5535/264/16 5556/285/16 5555/284/16 5534/263/16
f 5536/265/16 5557/286/16 5556/285/16 5535/264/16
f 5537/266/16 5558/287/16 5557/286/16 5536/265/16
f 5538/267/16 5559/288/16 5558/287/16 5537/266/16
f 5539/268/16 5560/289/16 5559/288/16 5538/267/16
f 5540/269/16 5561/290/16 5560/289/16 5539/268/16
f 5541/270/16 5562/291/16 5561/290/16 5540/269/16
f 5542/271/16 5563/292/16 5562/291/16 5541/270/16
f 5543/272/16 5564/293/16 5563/292/16 5542/271/16
f 5544/273/16 5565/294/16 5564/293/16 5543/272/16
f 5546/274/16 5567/295/16 5566/296/16 5545/275/16
f 5547/276/16 5568/297/16 5567/295/16 5546/274/16
f 5548/277/16 5569/298/16 5568/297/16 5547/276/16
f 5549/278/16 5570/299/16 5569/298/16 5548/277/16
f 5550/279/16 5571/300/16 5570/299/16 5549/278/16
f 5551/280/16 5572/301/16 5571/300/16 5550/279/16
f 5552/281/16 5573/302/16 5572/301/16 5551/280/16
f 5553/282/16 5574/303/16 5573/302/16 5552/281/16
f 5554/283/16 5575/304/16 5574/303/16 5553/282/16
f 5555/284/16 5576/305/16 5575/304/16 5554/283/16
f 5556/285/16 5577/306/16 5576/305/16 5555/284/16
f 5557/286/16 5578/307/16 5577/306/16 5556/285/16
f 5558/287/16 5579/308/16 5578/307/16 5557/286/16
f 5559/288/16 5580/309/16 5579/308/16 5558/287/16
f 5560/289/16 5581/310/16 5580/309/16 5559/288/16
f 5561/290/16 5582/311/16 5581/310/16 5560/289/16
f 5562/291/16 5583/312/16 5582/311/16 5561/290/16
f 5563/292/16 5584/313/16 5583/312/16 5562/291/16
f 5564/293/16 5585/314/16 5584/313/16 5563/292/16
f 5565/294/16 5586/315/16 5585/314/16 5564/293/16
f 5567/295/16 5588/316/16 5587/317/16 5566/296/16
f 5568/297/16 5589/318/16 5588/316/16 5567/295/16
f 5569/298/16 5590/319/16 5589/318/16 5568/297/16
f 5570/299/16 5591/320/16 5590/319/16 5569/298/16
f 5571/300/16 5592/321/16 5591/320/16 5570/299/16
f 5572/301/16 5593/322/16 5592/321/16 5571/300/16
f 5573/302/16 5594/323/16 5593/322/16 5572/301/16
f 5574/303/16 5595/324/16 5594/323/16 5573/302/16
f 5575/304/16 5596/325/16 5595/324/16 5574/303/16
f 5576/305/16 5597/326/16 5596/325/16 5575/304/16
f 5577/306/16 5598/327/16 5597/326/16 5576/305/16
f 5578/307/16 5599/328/16 5598/327/16 5577/306/16
f 5579/308/16 5600/329/16 5599/328/16 5578/307/16
f 5580/309/16 5601/330/16 5600/329/16 5579/308/16
f 5581/310/16 5602/331/16 5601/330/16 5580/309/16
f 5582/311/16 5603/332/16 5602/331/16 5581/310/16
f 5583/312/16 5604/333/16 5603/332/16 5582/311/16
f 5584/313/16 5605/334/16 5604/333/16 5583/312/16
f 5585/314/16 5606/335/16 5605/334/16 5584/313/16
f 5586/315/16 5607/336/16 5606/335/16 5585/314/16
f 5588/316/16 5609/337/16 5608/338/16 5587/317/16
f 5589/318/16 5610/339/16 5609/337/16 5588/316/16
f 5590/319/16 5611/340/16 5610/339/16 5589/318/16
f 5591/320/16 5612/341/16 5611/340/16 5590/319/16
f 5592/321/16 5613/342/16 5612/341/16 5591/320/16
f 5593/322/16 5614/343/16 5613/342/16 5592/321/16
f 5594/323/16 5615/344/16 5614/343/16 5593/322/16
f 5595/324/16 5616/345/16 5615/344/16 5594/323/16
f 5596/325/16 5617/346/16 5616/345/16 5595/324/16
f 5597/326/16 5618/347/16 5617/346/16 5596/325/16
f 5598/327/16 5619/348/16 5618/347/16 5597/326/16
f 5599/328/16 5620/349/16 5619/348/16 5598/327/16
f 5600/329/16 5621/350/16 5620/349/16 5599/328/16
f 5601/330/16 5622/351/16 5621/350/16 5600/329/16
f 5602/331/16 5623/352/16 5622/351/16 5601/330/16
f 5603/332/16 5624/353/16 5623/352/16 5602/331/16
f 5604/333/16 5625/354/16 5624/353/16 5603/332/16
f 5605/334/16 5626/355/16 5625/354/16 5604/333/16
f 5606/335/16 5627/356/16 5626/355/16 5605/334/16
f 5607/336/16 5628/357/16 5627/356/16 5606/335/16
f 5609/337/16 5630/358/16 5629/359/16 5608/338/16
f 5610/339/16 5631/360/16 5630/358/16 5609/337/16
f 5611/340/16 5632/361/16 5631/360/16 5610/339/16
f 5612/341/16 5633/362/16 5632/361/16 5611/340/16
f 5613/342/16 5634/363/16 5633/362/16 5612/341/16
f 5614/343/16 5635/364/16 5634/363/16 5613/342/16
f 5615/344/16 5636/365/16 5635/364/16 5614/343/16
f 5616/345/16 5637/366/16 5636/365/16 5615/344/16
f 5617/346/16 5638/367/16 5637/366/16 5616/345/16
f 5618/347/16 5639/368/16 5638/367/16 5617/346/16
f 5619/348/16 5640/369/16 5639/368/16 5618/347/16
f 5620/349/16 5641/370/16 5640/369/16 5619/348/16
f 5621/350/16 5642/371/16 5641/370/16 5620/349/16
f 5622/351/16 5643/372/16 5642/371/16 5621/350/16
f 5623/352/16 5644/373/16 5643/372/16 5622/351/16
f 5624/353/16 5645/374/16 5644/373/16 5623/352/16
f 5625/354/16 5646/375/16 5645/374/16 5624/353/16
f 5626/355/16 5647/376/16 5646/375/16 5625/354/16
f 5627/356/16 5648/377/16 5647/376/16 5626/355/16
f 5628/357/16 5649/378/16 5648/377/16 5627/356/16
f 5630/358/16 5651/379/16 5650/380/16 5629/359/16
f 5631/360/16 5652/381/16 5651/379/16 5630/358/16
f 5632/361/16 5653/382/16 5652/381/16 5631/360/16
f 5633/362/16 5654/383/16 5653/382/16 5632/361/16
f 5634/363/16 5655/384/16 5654/383/16 5633/362/16
f 5635/364/16 5656/385/16 5655/384/16 5634/363/16
f 5636/365/16 5657/386/16 5656/385/16 5635/364/16
f 5637/366/16 5658/387/16 5657/386/16 5636/365/16
f 5638/367/16 5659/388/16 5658/387/16 5637/366/16
f 5639/368/16 5660/389/16 5659/388/16 5638/367/16
f 5640/369/16 5661/390/16 5660/389/16 5639/368/16
f 5641/370/16 5662/391/16 5661/390/16 5640/369/16
f 5642/371/16 5663/392/16 5662/391/16 5641/370/16
f 5643/372/16 5664/393/16 5663/392/16 5642/371/16
f 5644/373/16 5665/394/16 5664/393/16 5643/372/16
f 5645/374/16 5666/395/16 5665/394/16 5644/373/16
f 5646/375/16 5667/396/16 5666/395/16 5645/374/16
f 5647/376/16 5668/397/16 5667/396/16 5646/375/16
f 5648/377/16 5669/398/16 5668/397/16 5647/376/16
f 5649/378/16 5670/399/16 5669/398/16 5648/377/16
f 5651/379/16 5672/400/16 5671/401/16 5650/380/16
f 5652/381/16 5673/402/16 5672/400/16 5651/379/16
f 5653/382/16 5674/403/16 5673/402/16 5652/381/16
f 5654/383/16 5675/404/16 5674/403/16 5653/382/16
f 5655/384/16 5676/405/16 5675/404/16 5654/383/16
f 5656/385/16 5677/406/16 5676/405/16 5655/384/16
f 5657/386/16 5678/407/16 5677/406/16 5656/385/16
f 5658/387/16 5679/408/16 5678/407/16 5657/386/16
f 5659/388/16 5680/409/16 5679/408/16 5658/387/16
f 5660/389/16 5681/410/16 5680/409/16 5659/388/16
f 5661/390/16 5682/411/16 5681/410/16 5660/389/16
f 5662/391/16 5683/412/16 5682/411/16 5661/390/16
f 5663/392/16 5684/413/16 5683/412/16 5662/391/16
f 5664/393/16 5685/414/16 5684/413/16 5663/392/16
f 5665/394/16 5686/415/16 5685/414/16 5664/393/16
f 5666/395/16 5687/416/16 5686/415/16 5665/394/16
f 5667/396/16 5688/417/16 5687/416/16 5666/395/16
f 5668/397/16 5689/418/16 5688/417/16 5667/396/16
f 5669/398/16 5690/419/16 5689/418/16 5668/397/16
f 5670/399/16 5691/420/16 5690/419/16 5669/398/16
f 5672/400/16 5693/421/16 5692/422/16 5671/401/16
f 5673/402/16 5694/423/16 5693/421/16 5672/400/16
f 5674/403/16 5695/424/16 5694/423/16 5673/402/16
f 5675/404/16 5696/425/16 5695/424/16 5674/403/16
f 5676/405/16 5697/426/16 5696/425/16 5675/404/16
f 5677/406/16 5698/427/16 5697/426/16 5676/405/16
f 5678/407/16 5699/428/16 5698/427/16 5677/406/16
f 5679/408/16 5700/429/16 5699/428/16 5678/407/16
f 5680/409/16 5701/430/16 5700/429/16 5679/408/16
f 5681/410/16 5702/431/16 5701/430/16 5680/409/16
f 5682/411/16 5703/432/16 5702/431/16 5681/410/16
f 5683/412/16 5704/433/16 5703/432/16 5682/411/16
f 5684/413/16 5705/434/16 5704/433/16 5683/412/16
f 5685/414/16 5706/435/16 5705/434/16 5684/413/16
f 5686/415/16 5707/436/16 5706/435/16 5685/414/16
f 5687/416/16 5708/437/16 5707/436/16 5686/415/16
f 5688/417/16 5709/438/16 5708/437/16 5687/416/16
f 5689/418/16 5710/439/16 5709/438/16 5688/417/16
f 5690/419/16 5711/440/16 5710/439/16 5689/418/16
f 5691/420/16 5712/441/16 5711/440/16 5690/419/16
f 7082/1/1 7103/2/1 7102/3/1 7081/4/1
f 7083/5/1 7104/6/1 7103/2/1 7082/1/1
f 7084/7/1 7105/8/1 7104/6/1 7083/5/1
f 7085/9/1 7106/10/1 7105/8/1 7084/7/1
f 7086/11/1 7107/12/1 7106/10/1 7085/9/1
f 7087/13/1 7108/14/1 7107/12/1 7086/11/1
f 7088/15/1 7109/16/1 7108/14/1 7087/13/1
f 7089/17/1 7110/18/1 7109/16/1 7088/15/1
f 7090/19/1 7111/20/1 7110/18/1 7089/17/1
f 7091/21/1 7112/22/1 7111/20/1 7090/19/1
f 7092/23/1 7113/24/1 7112/22/1 7091/21/1
f 7093/25/1 7114/26/1 7113/24/1 7092/23/1
f 7094/27/1 7115/28/1 7114/26/1 7093/25/1
f 7095/29/1 7116/30/1 7115/28/1 7094/27/1
f 7096/31/1 7117/32/1 7116/30/1 7095/29/1
f 7097/33/1 7118/34/1 7117/32/1 7096/31/1
f 7098/35/1 7119/36/1 7118/34/1 7097/33/1
f 7099/37/1 7120/38/1 7119/36/1 7098/35/1
f 7100/39/1 7121/40/1 7120/38/1 7099/37/1
f 7101/41/1 7122/42/1 7121/40/1 7100/39/1
f 7103/2/1 7124/43/1 7123/44/1 7102/3/1
f 7104/6/1 7125/45/1 7124/43/1 7103/2/1
f 7105/8/1 7126/46/1 7125/45/1 7104/6/1
f 7106/10/1 7127/47/1 7126/46/1 7105/8/1
f 7107/12/1 7128/48/1 7127/47/1 7106/10/1
f 7108/14/1 7129/49/1 7128/48/1 7107/12/1
f 7109/16/1 7130/50/1 7129/49/1 7108/14/1
f 7110/18/1 7131/51/1 7130/50/1 7109/16/1
f 7111/20/1 7132/52/1 7131/51/1 7110/18/1
f 7112/22/1 7133/53/1 7132/52/1 7111/20/1
f 7113/24/1 7134/54/1 7133/53/1 7112/22/1
f 7114/26/1 7135/55/1 7134/54/1 7113/24/1
f 7115/28/1 7136/56/1 7135/55/1 7114/26/1
f 7116/30/1 7137/57/1 7136/56/1 7115/28/1
f 7117/32/1 7138/58/1 7137/57/1 7116/30/1
f 7118/34/1 7139/59/1 7138/58/1 7117/32/1
f 7119/36/1 7140/60/1 7139/59/1 7118/34/1
f 7120/38/1 7141/61/1 7140/60/1 7119/36/1
f 7121/40/1 7142/62/1 7141/61/1 7120/38/1
f 7122/42/1 7143/63/1 7142/62/1 7121/40/1
f 7124/43/1 7145/64/1 7144/65/1 7123/44/1
f 7125/45/1 7146/66/1 7145/64/1 7124/43/1
f 7126/46/1 7147/67/1 7146/66/1 7125/45/1
f 7127/47/1 7148/68/1 7147/67/1 7126/46/1
f 7128/48/1 7149/69/1 7148/68/1 7127/47/1
f 7129/49/1 7150/70/1 7149/69/1 7128/48/1
f 7130/50/1 7151/71/1 7150/70/1 7129/49/1
f 7131/51/1 7152/72/1 7151/71/1 7130/50/1
f 7132/52/1 7153/73/1 7152/72/1 7131/51/1
f 7133/53/1 7154/74/1 7153/73/1 7132/52/1
f 7134/54/1 7155/75/1 7154/74/1 7133/53/1
f 7135/55/1 7156/76/1 7155/75/1 7134/54/1
f 7136/56/1 7157/77/1 7156/76/1 7135/55/1
f 7137/57/1 7158/78/1 7157/77/1 7136/56/1
f 7138/58/1 7159/79/1 7158/78/1 7137/57/1
f 7139/59/1 7160/80/1 7159/79/1 7138/58/1
f 7140/60/1 7161/81/1 7160/80/1 7139/59/1
f 7141/61/1 7162/82/1 7161/81/1 7140/60/1
f 7142/62/1 7163/83/1 7162/82/1 7141/61/1
f 7143/63/1 7164/84/1 7163/83/1 7142/62/1
f 7145/64/1 7166/85/1 7165/86/1 7144/65/1
f 7146/66/1 7167/87/1 7166/85/1 7145/64/1
f 7147/67/1 7168/88/1 7167/87/1 7146/66/1
f 7148/68/1 7169/89/1 7168/88/1 7147/67/1
f 7149/69/1 7170/90/1 7169/89/1 7148/68/1
f 7150/70/1 7171/91/1 7170/90/1 7149/69/1
f 7151/71/1 7172/92/1 7171/91/1 7150/70/1
f 7152/72/1 7173/93/1 7172/92/1 7151/71/1
f 7153/73/1 7174/94/1 7173/93/1 7152/72/1
f 7154/74/1 7175/95/1 7174/94/1 7153/73/1
f 7155/75/1 7176/96/1 7175/95/1 7154/74/1
f 7156/76/1 7177/97/1 7176/96/1 7155/75/1
f 7157/77/1 7178/98/1 7177/97/1 7156/76/1
f 7158/78/1 7179/99/1 7178/98/1 7157/77/1
f 7159/79/1 7180/100/1 7179/99/1 7158/78/1
f 7160/80/1 7181/101/1 7180/100/1 7159/79/1
f 7161/81/1 7182/102/1 7181/101/1 7160/80/1
f 7162/82/1 7183/103/1 7182/102/1 7161/81/1
f 7163/83/1 7184/104/1 7183/103/1 7162/82/1
f 7164/84/1 7185/105/1 7184/104/1 7163/83/1
f 7166/85/1 7187/106/1 7186/107/1 7165/86/1
f 7167/87/1 7188/108/1 7187/106/1 7166/85/1
f 7168/88/1 7189/109/1 7188/108/1 7167/87/1
f 7169/89/1 7190/110/1 7189/109/1 7168/88/1
f 7170/90/1 7191/111/1 7190/110/1 7169/89/1
f 7171/91/1 7192/112/1 7191/111/1 7170/90/1
f 7172/92/1 7193/113/1 7192/112/1 7171/91/1
f 7173/93/1 7194/114/1 7193/113/1 7172/92/1
f 7174/94/1 7195/115/1 7194/114/1 7173/93/1
f 7175/95/1 7196/116/1 7195/115/1 7174/94/1
f 7176/96/1 7197/117/1 7196/116/1 7175/95/1
f 7177/97/1 7198/118/1 7197/117/1 7176/96/1
f 7178/98/1 7199/119/1 7198/118/1 7177/97/1
f 7179/99/1 7200/120/1 7199/119/1 7178/98/1
f 7180/100/1 7201/121/1 7200/120/1 7179/99/1
f 7181/101/1 7202/122/1 7201/121/1 7180/100/1
f 7182/102/1 7203/123/1 7202/122/1 7181/101/1
f 7183/103/1 7204/124/1 7203/123/1 7182/102/1
f 7184/104/1 7205/125/1 7204/124/1 7183/103/1
f 7185/105/1 7206/126/1 7205/125/1 7184/104/1
f 7187/106/1 7208/127/1 7207/128/1 7186/107/1
f 7188/108/1 7209/129/1 7208/127/1 7187/106/1
f 7189/109/1 7210/130/1 7209/129/1 7188/108/1
f 7190/110/1 7211/131/1 7210/130/1 7189/109/1
f 7191/111/1 7212/132/1 7211/131/1 7190/110/1
f 7192/112/1 7213/133/1 7212/132/1 7191/111/1
f 7193/113/1 7214/134/1 7213/133/1 7192/112/1
f 7194/114/1 7215/135/1 7214/134/1 7193/113/1
f 7195/115/1 7216/136/1 7215/135/1 7194/114/1
f 7196/116/1 7217/137/1 7216/136/1 7195/115/1
f 7197/117/1 7218/138/1 7217/137/1 7196/116/1
f 7198/118/1 7219/139/1 7218/138/1 7197/117/1
f 7199/119/1 7220/140/1 7219/139/1 7198/118/1
f 7200/120/1 7221/141/1 7220/140/1 7199/119/1
f 7201/121/1 7222/142/1 7221/141/1 7200/120/1
f 7202/122/1 7223/143/1 7222/142/1 7201/121/1
f 7203/123/1 7224/144/1 7223/143/1 7202/122/1
f 7204/124/1 7225/145/1 7224/144/1 7203/123/1
f 7205/125/1 7226/146/1 7225/145/1 7204/124/1
f 7206/126/1 7227/147/1 7226/146/1 7205/125/1
f 7208/127/1 7229/148/1 7228/149/1 7207/128/1
f 7209/129/1 7230/150/1 7229/148/1 7208/127/1
f 7210/130/1 7231/151/1 7230/150/1 7209/129/1
f 7211/131/1 7232/152/1 7231/151/1 7210/130/1
f 7212/132/1 7233/153/1 7232/152/1 7211/131/1
f 7213/133/1 7234/154/1 7233/153/1 7212/132/1
f 7214/134/1 7235/155/1 7234/154/1 7213/133/1
f 7215/135/1 7236/156/1 7235/155/1 7214/134/1
f 7216/136/1 7237/157/1 7236/156/1 7215/135/1
f 7217/137/1 7238/158/1 7237/157/1 7216/136/1
f 7218/138/1 7239/159/1 7238/158/1 7217/137/1
f 7219/139/1 7240/160/1 7239/159/1 7218/138/1
f 7220/140/1 7241/161/1 7240/160/1 7219/139/1
f 7221/141/1 7242/162/1 7241/161/1 7220/140/1
f 7222/142/1 7243/163/1 7242/162/1 7221/141/1
f 7223/143/1 7244/164/1 7243/163/1 7222/142/1
f 7224/144/1 7245/165/1 7244/164/1 7223/143/1
f 7225/145/1 7246/166/1 7245/165/1 7224/144/1
f 7226/146/1 7247/167/1 7246/166/1 7225/145/1
f 7227/147/1 7248/168/1 7247/167/1 7226/146/1
f 7229/148/1 7250/169/1 7249/170/1 7228/149/1
f 7230/150/1 7251/171/1 7250/169/1 7229/148/1
f 7231/151/1 7252/172/1 7251/171/1 7230/150/1
f 7232/152/1 7253/173/1 7252/172/1 7231/151/1
f 7233/153/1 7254/174/1 7253/173/1 7232/152/1
f 7234/154/1 7255/175/1 7254/174/1 7233/153/1
f 7235/155/1 7256/176/1 7255/175/1 7234/154/1
f 7236/156/1 7257/177/1 7256/176/1 7235/155/1
f 7237/157/1 7258/178/1 7257/177/1 7236/156/1
f 7238/158/1 7259/179/1 7258/178/1 7237/157/1
f 7239/159/1 7260/180/1 7259/179/1 7238/158/1
f 7240/160/1 7261/181/1 7260/180/1 7239/159/1
f 7241/161/1 7262/182/1 7261/181/1 7240/160/1
f 7242/162/1 7263/183/1 7262/182/1 7241/161/1
f 7243/163/1 7264/184/1 7263/183/1 7242/162/1
f 7244/164/1 7265/185/1 7264/184/1 7243/163/1
f 7245/165/1 7266/186/1 7265/185/1 7244/164/1
f 7246/166/1 7267/187/1 7266/186/1 7245/165/1
f 7247/167/1 7268/188/1 7267/187/1 7246/166/1
f 7248/168/1 7269/189/1 7268/188/1 7247/167/1
f 7250/169/1 7271/190/1 7270/191/1 7249/170/1
f 7251/171/1 7272/192/1 7271/190/1 7250/169/1
f 7252/172/1 7273/193/1 7272/192/1 7251/171/1
f 7253/173/1 7274/194/1 7273/193/1 7252/172/1
f 7254/174/1 7275/195/1 7274/194/1 7253/173/1
f 7255/175/1 7276/196/1 7275/195/1 7254/174/1
f 7256/176/1 7277/197/1 7276/196/1 7255/175/1
f 7257/177/1 7278/198/1 7277/197/1 7256/176/1
f 7258/178/1 7279/199/1 7278/198/1 7257/177/1
f 7259/179/1 7280/200/1 7279/199/1 7258/178/1
f 7260/180/1 7281/201/1 7280/200/1 7259/179/1
f 7261/181/1 7282/202/1 7281/201/1 7260/180/1
f 7262/182/1 7283/203/1 7282/202/1 7261/181/1
f 7263/183/1 7284/204/1 7283/203/1 7262/182/1
f 7264/184/1 7285/205/1 7284/204/1 7263/183/1
f 7265/185/1 7286/206/1 7285/205/1 7264/184/1
f 7266/186/1 7287/207/1 7286/206/1 7265/185/1
f 7267/187/1 7288/208/1 7287/207/1 7266/186/1
f 7268/188/1 7289/209/1 7288/208/1 7267/187/1
f 7269/189/1 7290/210/1 7289/209/1 7268/188/1
f 7271/190/1 7292/211/1 7291/212/1 7270/191/1
f 7272/192/1 7293/213/1 7292/211/1 7271/190/1
f 7273/193/1 7294/214/1 7293/213/1 7272/192/1
f 7274/194/1 7295/215/1 7294/214/1 7273/193/1
f 7275/195/1 7296/216/1 7295/215/1 7274/194/1
f 7276/196/1 7297/217/1 7296/216/1 7275/195/1
f 7277/197/1 7298/218/1 7297/217/1 7276/196/1
f 7278/198/1 7299/219/1 7298/218/1 7277/197/1
f 7279/199/1 7300/220/1 7299/219/1 7278/198/1
f 7280/200/1 7301/221/1 7300/220/1 7279/199/1
f 7281/201/1 7302/222/1 7301/221/1 7280/200/1
f 7282/202/1 7303/223/1 7302/222/1 7281/201/1
f 7283/203/1 7304/224/1 7303/223/1 7282/202/1
f 7284/204/1 7305/225/1 7304/224/1 7283/203/1
f 7285/205/1 7306/226/1 7305/225/1 7284/204/1
f 7286/206/1 7307/227/1 7306/226/1 7285/205/1
f 7287/207/1 7308/228/1 7307/227/1 7286/206/1
f 7288/208/1 7309/229/1 7308/228/1 7287/207/1
f 7289/209/1 7310/230/1 7309/229/1 7288/208/1
f 7290/210/1 7311/231/1 7310/230/1 7289/209/1
f 7292/211/1 7313/232/1 7312/233/1 7291/212/1
f 7293/213/1 7314/234/1 7313/232/1 7292/211/1
f 7294/214/1 7315/235/1 7314/234/1 7293/213/1
f 7295/215/1 7316/236/1 7315/235/1 7294/214/1
f 7296/216/1 7317/237/1 7316/236/1 7295/215/1
f 7297/217/1 7318/238/1 7317/237/1 7296/216/1
f 7298/218/1 7319/239/1 7318/238/1 7297/217/1
f 7299/219/1 7320/240/1 7319/239/1 7298/218/1
f 7300/220/1 7321/241/1 7320/240/1 7299/219/1
f 7301/221/1 7322/242/1 7321/241/1 7300/220/1
f 7302/222/1 7323/243/1 7322/242/1 7301/221/1
f 7303/223/1 7324/244/1 7323/243/1 7302/222/1
f 7304/224/1 7325/245/1 7324/244/1 7303/223/1
f 7305/225/1 7326/246/1 7325/245/1 7304/224/1
f 7306/226/1 7327/247/1 7326/246/1 7305/225/1
f 7307/227/1 7328/248/1 7327/247/1 7306/226/1
f 7308/228/1 7329/249/1 7328/248/1 7307/227/1
f 7309/229/1 7330/250/1 7329/249/1 7308/228/1
f 7310/230/1 7331/251/1 7330/250/1 7309/229/1
f 7311/231/1 7332/252/1 7331/251/1 7310/230/1
f 7313/232/1 7334/253/1 7333/254/1 7312/233/1
f 7314/234/1 7335/255/1 7334/253/1 7313/232/1
f 7315/235/1 7336/256/1 7335/255/1 7314/234/1
f 7316/236/1 7337/257/1 7336/256/1 7315/235/1
f 7317/237/1 7338/258/1 7337/257/1 7316/236/1
f 7318/238/1 7339/259/1 7338/258/1 7317/237/1
f 7319/239/1 7340/260/1 7339/259/1 7318/238/1
f 7320/240/1 7341/261/1 7340/260/1 7319/239/1
f 7321/241/1 7342/262/1 7341/261/1 7320/240/1
f 7322/242/1 7343/263/1 7342/262/1 7321/241/1
f 7323/243/1 7344/264/1 7343/263/1 7322/242/1
f 7324/244/1 7345/265/1 7344/264/1 7323/243/1
f 7325/245/1 7346/266/1 7345/265/1 7324/244/1
f 7326/246/1 7347/267/1 7346/266/1 7325/245/1
f 7327/247/1 7348/268/1 7347/267/1 7326/246/1
f 7328/248/1 7349/269/1 7348/268/1 7327/247/1
f 7329/249/1 7350/270/1 7349/269/1 7328/248/1
f 7330/250/1 7351/271/1 7350/270/1 7329/249/1
f 7331/251/1 7352/272/1 7351/271/1 7330/250/1
f 7332/252/1 7353/273/1 7352/272/1 7331/251/1
f 7334/253/1 7355/274/1 7354/275/1 7333/254/1
f 7335/255/1 7356/276/1 7355/274/1 7334/253/1
f 7336/256/1 7357/277/1 7356/276/1 7335/255/1
f 7337/257/1 7358/278/1 7357/277/1 7336/256/1
f 7338/258/1 7359/279/1 7358/278/1 7337/257/1
f 7339/259/1 7360/280/1 7359/279/1 7338/258/1
f 7340/260/1 7361/281/1 7360/280/1 7339/259/1
f 7341/261/1 7362/282/1 7361/281/1 7340/260/1
f 7342/262/1 7363/283/1 7362/282/1 7341/261/1
f 7343/263/1 7364/284/1 7363/283/1 7342/262/1
f 7344/264/1 7365/285/1 7364/284/1 7343/263/1
f 7345/265/1 7366/286/1 7365/285/1 7344/264/1
f 7346/266/1 7367/287/1 7366/286/1 7345/265/1
f 7347/267/1 7368/288/1 7367/287/1 7346/266/1
f 7348/268/1 7369/289/1 7368/288/1 7347/267/1
f 7349/269/1 7370/290/1 7369/289/1 7348/268/1
f 7350/270/1 7371/291/1 7370/290/1 7349/269/1
f 7351/271/1 7372/292/1 7371/291/1 7350/270/1
f 7352/272/1 7373/293/1 7372/292/1 7351/271/1
f 7353/273/1 7374/294/1 7373/293/1 7352/272/1
f 7355/274/1 7376/295/1 7375/296/1 7354/275/1
f 7356/276/1 7377/297/1 7376/295/1 7355/274/1
f 7357/277/1 7378/298/1 7377/297/1 7356/276/1
f 7358/278/1 7379/299/1 7378/298/1 7357/277/1
f 7359/279/1 7380/300/1 7379/299/1 7358/278/1
f 7360/280/1 7381/301/1 7380/300/1 7359/279/1
f 7361/281/1 7382/302/1 7381/301/1 7360/280/1
f 7362/282/1 7383/303/1 7382/302/1 7361/281/1
f 7363/283/1 7384/304/1 7383/303/1 7362/282/1
f 7364/284/1 7385/305/1 7384/304/1 7363/283/1
f 7365/285/1 7386/306/1 7385/305/1 7364/284/1
f 7366/286/1 7387/307/1 7386/306/1 7365/285/1
f 7367/287/1 7388/308/1 7387/307/1 7366/286/1
f 7368/288/1 7389/309/1 7388/308/1 7367/287/1
f 7369/289/1 7390/310/1 7389/309/1 7368/288/1
f 7370/290/1 7391/311/1 7390/310/1 7369/289/1
f 7371/291/1 7392/312/1 7391/311/1 7370/290/1
f 7372/292/1 7393/313/1 7392/312/1 7371/291/1
f 7373/293/1 7394/314/1 7393/313/1 7372/292/1
f 7374/294/1 7395/315/1 7394/314/1 7373/293/1
f 7376/295/1 7397/316/1 7396/317/1 7375/296/1
f 7377/297/1 7398/318/1 7397/316/1 7376/295/1
f 7378/298/1 7399/319/1 7398/318/1 7377/297/1
f 7379/299/1 7400/320/1 7399/319/1 7378/298/1
f 7380/300/1 7401/321/1 7400/320/1 7379/299/1
f 7381/301/1 7402/322/1 7401/321/1 7380/300/1
f 7382/302/1 7403/323/1 7402/322/1 7381/301/1
f 7383/303/1 7404/324/1 7403/323/1 7382/302/1
f 7384/304/1 7405/325/1 7404/324/1 7383/303/1
f 7385/305/1 7406/326/1 7405/325/1 7384/304/1
f 7386/306/1 7407/327/1 7406/326/1 7385/305/1
f 7387/307/1 7408/328/1 7407/327/1 7386/306/1
f 7388/308/1 7409/329/1 7408/328/1 7387/307/1
f 7389/309/1 7410/330/1 7409/329/1 7388/308/1
f 7390/310/1 7411/331/1 7410/330/1 7389/309/1
f 7391/311/1 7412/332/1 7411/331/1 7390/310/1
f 7392/312/1 7413/333/1 7412/332/1 7391/311/1
f 7393/313/1 7414/334/1 7413/333/1 7392/312/1
f 7394/314/1 7415/335/1 7414/334/1 7393/313/1
f 7395/315/1 7416/336/1 7415/335/1 7394/314/1
f 7397/316/1 7418/337/1 7417/338/1 7396/317/1
f 7398/318/1 7419/339/1 7418/337/1 7397/316/1
f 7399/319/1 7420/340/1 7419/339/1 7398/318/1
f 7400/320/1 7421/341/1 7420/340/1 7399/319/1
f 7401/321/1 7422/342/1 7421/341/1 7400/320/1
f 7402/322/1 7423/343/1 7422/342/1 7401/321/1
f 7403/323/1 7424/344/1 7423/343/1 7402/322/1
f 7404/324/1 7425/345/1 7424/344/1 7403/323/1
f 7405/325/1 7426/346/1 7425/345/1 7404/324/1
f 7406/326/1 7427/347/1 7426/346/1 7405/325/1
f 7407/327/1 7428/348/1 7427/347/1 7406/326/1
f 7408/328/1 7429/349/1 7428/348/1 7407/327/1
f 7409/329/1 7430/350/1 7429/349/1 7408/328/1
f 7410/330/1 7431/351/1 7430/350/1 7409/329/1
f 7411/331/1 7432/352/1 7431/351/1 7410/330/1
f 7412/332/1 7433/353/1 7432/352/1 7411/331/1
f 7413/333/1 7434/354/1 7433/353/1 7412/332/1
f 7414/334/1 7435/355/1 7434/354/1 7413/333/1
f 7415/335/1 7436/356/1 7435/355/1 7414/334/1
f 7416/336/1 7437/357/1 7436/356/1 7415/335/1
f 7418/337/1 7439/358/1 7438/359/1 7417/338/1
f 7419/339/1 7440/360/1 7439/358/1 7418/337/1
f 7420/340/1 7441/361/1 7440/360/1 7419/339/1
f 7421/341/1 7442/362/1 7441/361/1 7420/340/1
f 7422/342/1 7443/363/1 7442/362/1 7421/341/1
f 7423/343/1 7444/364/1 7443/363/1 7422/342/1
f 7424/344/1 7445/365/1 7444/364/1 7423/343/1
f 7425/345/1 7446/366/1 7445/365/1 7424/344/1
f 7426/346/1 7447/367/1 7446/366/1 7425/345/1
f 7427/347/1 7448/368/1 7447/367/1 7426/346/1
f 7428/348/1 7449/369/1 7448/368/1 7427/347/1
f 7429/349/1 7450/370/1 7449/369/1 7428/348/1
f 7430/350/1 7451/371/1 7450/370/1 7429/349/1
f 7431/351/1 7452/372/1 7451/371/1 7430/350/1
f 7432/352/1 7453/373/1 7452/372/1 7431/351/1
f 7433/353/1 7454/374/1 7453/373/1 7432/352/1
f 7434/354/1 7455/375/1 7454/374/1 7433/353/1
f 7435/355/1 7456/376/1 7455/375/1 7434/354/1
f 7436/356/1 7457/377/1 7456/376/1 7435/355/1
f 7437/357/1 7458/378/1 7457/377/1 7436/356/1
f 7439/358/1 7460/379/1 7459/380/1 7438/359/1
f 7440/360/1 7461/381/1 7460/379/1 7439/358/1
f 7441/361/1 7462/382/1 7461/381/1 7440/360/1
f 7442/362/1 7463/383/1 7462/382/1 7441/361/1
f 7443/363/1 7464/384/1 7463/383/1 7442/362/1
f 7444/364/1 7465/385/1 7464/384/1 7443/363/1
f 7445/365/1 7466/386/1 7465/385/1 7444/364/1
f 7446/366/1 7467/387/1 7466/386/1 7445/365/1
f 7447/367/1 7468/388/1 7467/387/1 7446/366/1
f 7448/368/1 7469/389/1 7468/388/1 7447/367/1
f 7449/369/1 7470/390/1 7469/389/1 7448/368/1
f 7450/370/1 7471/391/1 7470/390/1 7449/369/1
f 7451/371/1 7472/392/1 7471/391/1 7450/370/1
f 7452/372/1 7473/393/1 7472/392/1 7451/371/1
f 7453/373/1 7474/394/1 7473/393/1 7452/372/1
f 7454/374/1 7475/395/1 7474/394/1 7453/373/1
f 7455/375/1 7476/396/1 7475/395/1 7454/374/1
f 7456/376/1 7477/397/1 7476/396/1 7455/375/1
f 7457/377/1 7478/398/1 7477/397/1 7456/376/1
f 7458/378/1 7479/399/1 7478/398/1 7457/377/1
f 7460/379/1 7481/400/1 7480/401/1 7459/380/1
f 7461/381/1 7482/402/1 7481/400/1 7460/379/1
f 7462/382/1 7483/403/1 7482/402/1 7461/381/1
f 7463/383/1 7484/404/1 7483/403/1 7462/382/1
f 7464/384/1 7485/405/1 7484/404/1 7463/383/1
f 7465/385/1 7486/406/1 7485/405/1 7464/384/1
f 7466/386/1 7487/407/1 7486/406/1 7465/385/1
f 7467/387/1 7488/408/1 7487/407/1 7466/386/1
f 7468/388/1 7489/409/1 7488/408/1 7467/387/1
f 7469/389/1 7490/410/1 7489/409/1 7468/388/1
f 7470/390/1 7491/411/1 7490/410/1 7469/389/1
f 7471/391/1 7492/412/1 7491/411/1 7470/390/1
f 7472/392/1 7493/413/1 7492/412/1 7471/391/1
f 7473/393/1 7494/414/1 7493/413/1 7472/392/1
f 7474/394/1 7495/415/1 7494/414/1 7473/393/1
f 7475/395/1 7496/416/1 7495/415/1 7474/394/1
f 7476/396/1 7497/417/1 7496/416/1 7475/395/1
f 7477/397/1 7498/418/1 7497/417/1 7476/396/1
f 7478/398/1 7499/419/1 7498/418/1 7477/397/1
f 7479/399/1 7500/420/1 7499/419/1 7478/398/1
f 7481/400/1 7502/421/1 7501/422/1 7480/401/1
f 7482/402/1 7503/423/1 7502/421/1 7481/400/1
f 7483/403/1 7504/424/1 7503/423/1 7482/402/1
f 7484/404/1 7505/425/1 7504/424/1 7483/403/1
f 7485/405/1 7506/426/1 7505/425/1 7484/404/1
f 7486/406/1 7507/427/1 7506/426/1 7485/405/1
f 7487/407/1 7508/428/1 7507/427/1 7486/406/1
f 7488/408/1 7509/429/1 7508/428/1 7487/407/1
f 7489/409/1 7510/430/1 7509/429/1 7488/408/1
f 7490/410/1 7511/431/1 7510/430/1 7489/409/1
f 7491/411/1 7512/432/1 7511/431/1 7490/410/1
f 7492/412/1 7513/433/1 7512/432/1 7491/411/1
f 7493/413/1 7514/434/1 7513/433/1 7492/412/1
f 7494/414/1 7515/435/1 7514/434/1 7493/413/1
f 7495/415/1 7516/436/1 7515/435/1 7494/414/1
f 7496/416/1 7517/437/1 7516/436/1 7495/415/1
f 7497/417/1 7518/438/1 7517/437/1 7496/416/1
f 7498/418/1 7519/439/1 7518/438/1 7497/417/1
f 7499/419/1 7520/440/1 7519/439/1 7498/418/1
f 7500/420/1 7521/441/1 7520/440/1 7499/419/1
g glass_1_dkgrey
usemtl dkgrey
f 445/4/2 442/4/3 443/4/4
f 443/4/4 444/4/5 445/4/2
f 447/4/6 448/4/7 449/4/8
f 446/4/9 447/4/6 449/4/8
f 452/4/10 453/4/11 450/4/12
f 450/4/12 451/4/13 452/4/10
f 454/4/14 455/4/15 456/4/16
f 454/4/14 456/4/16 457/4/17
f 454/4/14 458/4/18 459/4/19
f 459/4/19 455/4/15 454/4/14
f 461/4/20 459/4/19 458/4/18
f 460/4/21 461/4/20 458/4/18
f 462/4/22 463/4/23 461/4/20
f 462/4/22 461/4/20 460/4/21
f 464/4/24 465/4/25 445/4/2
f 445/4/2 444/4/5 464/4/24
f 476/4/26 477/4/26 466/4/26
f 475/4/26 476/4/26 466/4/26
f 474/4/26 475/4/26 466/4/26
f 473/4/26 474/4/26 466/4/26
f 472/4/26 473/4/26 466/4/26
f 471/4/26 472/4/26 466/4/26
f 470/4/26 471/4/26 466/4/26
f 470/4/26 466/4/26 467/4/26
f 470/4/26 467/4/26 468/4/26
f 468/4/26 469/4/27 470/4/26
f 478/4/28 479/4/29 467/4/23
f 466/4/24 478/4/28 467/4/23
f 470/4/15 480/4/30 481/4/31
f 470/4/15 481/4/31 471/4/16
f 472/4/13 482/4/32 483/4/33
f 472/4/13 483/4/33 473/4/34
f 475/4/7 484/4/35 485/4/36
f 475/4/7 485/4/36 476/4/4
f 489/4/37 486/4/38 487/4/39
f 487/4/39 488/4/4 489/4/37
f 490/4/11 491/4/10 492/4/6
f 490/4/11 492/4/6 493/4/9
f 496/4/40 497/4/41 494/4/42
f 494/4/42 495/4/16 496/4/40
f 500/4/43 501/4/44 498/4/45
f 498/4/45 499/4/24 500/4/43
f 504/4/1 500/4/1 499/4/1
f 504/4/1 499/4/1 505/4/1
f 504/4/1 505/4/1 488/4/1
f 504/4/1 488/4/1 487/4/1
f 504/4/1 487/4/1 492/4/1
f 504/4/1 492/4/1 491/4/1
f 503/4/1 504/4/1 491/4/1
f 503/4/1 491/4/1 496/4/1
f 502/4/1 503/4/1 496/4/1
f 496/4/1 495/4/46 502/4/1
f 508/4/47 509/4/48 506/4/5
f 506/4/5 507/4/49 508/4/47
f 511/4/50 512/4/51 513/4/52
f 510/4/23 511/4/50 513/4/52
f 515/4/53 513/4/52 512/4/51
f 512/4/51 514/4/54 515/4/53
f 515/4/53 514/4/54 516/4/55
f 515/4/53 516/4/55 517/4/15
f 518/4/16 519/4/56 520/4/57
f 518/4/16 520/4/57 521/4/13
f 524/4/58 525/4/59 522/4/34
f 522/4/34 523/4/60 524/4/58
f 525/4/59 524/4/58 526/4/61
f 525/4/59 526/4/61 527/4/7
f 506/4/5 528/4/62 529/4/63
f 529/4/63 507/4/49 506/4/5
f 528/4/62 527/4/7 526/4/61
f 526/4/61 529/4/63 528/4/62
f 522/4/34 521/4/13 520/4/57
f 520/4/57 523/4/60 522/4/34
f 516/4/55 519/4/56 518/4/16
f 517/4/15 516/4/55 518/4/16
f 509/4/48 508/4/47 511/4/50
f 509/4/48 511/4/50 510/4/23
f 517/4/26 518/4/64 521/4/26
f 517/4/26 521/4/26 522/4/26
f 517/4/26 522/4/26 525/4/26
f 517/4/26 525/4/26 527/4/26
f 517/4/26 527/4/26 528/4/26
f 517/4/26 528/4/26 506/4/26
f 517/4/26 506/4/26 509/4/26
f 517/4/26 509/4/26 510/4/26
f 517/4/26 510/4/26 513/4/26
f 513/4/26 515/4/26 517/4/26
f 505/4/5 499/4/24 498/4/45
f 530/4/65 505/4/5 498/4/45
f 501/4/44 500/4/43 504/4/20
f 501/4/44 504/4/20 531/4/21
f 504/4/20 503/4/19 532/4/66
f 531/4/21 504/4/20 532/4/66
f 533/4/67 532/4/66 503/4/19
f 503/4/19 502/4/68 533/4/67
f 494/4/42 533/4/67 502/4/68
f 502/4/68 495/4/16 494/4/42
f 497/4/41 496/4/40 491/4/10
f 497/4/41 491/4/10 490/4/11
f 492/4/6 487/4/39 486/4/38
f 493/4/9 492/4/6 486/4/38
f 489/4/37 488/4/4 505/4/5
f 489/4/37 505/4/5 530/4/65
f 485/4/36 534/4/69 477/4/5
f 476/4/4 485/4/36 477/4/5
f 535/4/70 484/4/35 475/4/7
f 474/4/71 535/4/70 475/4/7
f 474/4/71 473/4/34 483/4/33
f 483/4/33 535/4/70 474/4/71
f 472/4/13 471/4/16 481/4/31
f 481/4/31 482/4/32 472/4/13
f 536/4/72 480/4/30 470/4/15
f 469/4/53 536/4/72 470/4/15
f 536/4/72 469/4/53 468/4/73
f 468/4/73 537/4/74 536/4/72
f 467/4/23 479/4/29 537/4/74
f 467/4/23 537/4/74 468/4/73
f 477/4/5 534/4/69 478/4/28
f 477/4/5 478/4/28 466/4/24
f 461/4/1 463/4/1 464/4/1
f 461/4/1 464/4/1 444/4/1
f 461/4/1 444/4/1 443/4/1
f 461/4/1 443/4/1 448/4/1
f 461/4/1 448/4/1 447/4/1
f 461/4/1 447/4/1 452/4/1
f 459/4/1 461/4/1 452/4/1
f 459/4/1 452/4/1 451/4/1
f 455/4/1 459/4/1 451/4/1
f 451/4/1 456/4/1 455/4/1
f 462/4/22 465/4/25 464/4/24
f 464/4/24 463/4/23 462/4/22
f 450/4/12 457/4/17 456/4/16
f 456/4/16 451/4/13 450/4/12
f 453/4/11 452/4/10 447/4/6
f 453/4/11 447/4/6 446/4/9
f 443/4/4 442/4/3 449/4/8
f 449/4/8 448/4/7 443/4/4
f 539/4/75 540/4/76 541/4/77
f 538/4/78 539/4/75 541/4/77
f 542/4/79 543/4/80 544/4/81
f 542/4/79 544/4/81 545/4/82
f 546/4/83 547/4/84 548/4/85
f 546/4/83 548/4/85 549/4/86
f 550/4/87 551/4/88 552/4/89
f 550/4/87 552/4/89 553/4/90
f 554/4/91 555/4/92 551/4/88
f 554/4/91 551/4/88 550/4/87
f 557/4/93 555/4/92 554/4/91
f 556/4/94 557/4/93 554/4/91
f 556/4/94 558/4/95 559/4/96
f 559/4/96 557/4/93 556/4/94
f 538/4/78 560/4/97 561/4/98
f 545/4/82 538/4/78 561/4/98
f 562/4/99 563/4/100 549/4/86
f 549/4/86 542/4/79 562/4/99
f 565/4/101 553/4/90 546/4/83
f 546/4/83 564/4/102 565/4/101
f 566/4/103 567/4/104 554/4/91
f 554/4/91 550/4/87 566/4/103
f 556/4/94 568/4/105 569/4/106
f 558/4/95 556/4/94 569/4/106
f 570/4/107 571/4/108 572/4/109
f 541/4/77 570/4/107 572/4/109
f 574/4/110 573/4/111 571/4/108
f 571/4/108 569/4/106 574/4/110
f 566/4/103 565/4/101 576/4/112
f 575/4/113 566/4/103 576/4/112
f 578/4/114 577/4/115 564/4/102
f 564/4/102 563/4/100 578/4/114
f 579/4/116 561/4/98 560/4/97
f 579/4/116 560/4/97 580/4/117
f 581/4/118 572/4/109 571/4/108
f 581/4/118 571/4/108 573/4/111
f 572/4/109 581/4/118 580/4/117
f 580/4/117 560/4/97 572/4/109
f 562/4/99 561/4/98 579/4/116
f 582/4/119 562/4/99 579/4/116
f 563/4/100 562/4/99 582/4/119
f 578/4/114 563/4/100 582/4/119
f 577/4/115 576/4/112 565/4/101
f 565/4/101 564/4/102 577/4/115
f 567/4/104 566/4/103 575/4/113
f 583/4/120 567/4/104 575/4/113
f 584/4/121 568/4/105 567/4/104
f 584/4/121 567/4/104 583/4/120
f 574/4/110 569/4/106 568/4/105
f 574/4/110 568/4/105 584/4/121
f 569/4/106 571/4/108 570/4/107
f 570/4/107 558/4/95 569/4/106
f 556/4/94 554/4/91 567/4/104
f 556/4/94 567/4/104 568/4/105
f 565/4/101 566/4/103 550/4/87
f 550/4/87 553/4/90 565/4/101
f 564/4/102 546/4/83 549/4/86
f 549/4/86 563/4/100 564/4/102
f 562/4/99 542/4/79 545/4/82
f 545/4/82 561/4/98 562/4/99
f 541/4/77 572/4/109 560/4/97
f 538/4/78 541/4/77 560/4/97
f 558/4/95 570/4/107 585/4/122
f 585/4/122 559/4/96 558/4/95
f 547/4/84 546/4/83 553/4/90
f 553/4/90 552/4/89 547/4/84
f 549/4/86 548/4/85 543/4/80
f 549/4/86 543/4/80 542/4/79
f 538/4/78 545/4/82 544/4/81
f 544/4/81 539/4/75 538/4/78
f 540/4/76 585/4/122 570/4/107
f 541/4/77 540/4/76 570/4/107
f 584/4/121 587/4/123 586/4/124
f 586/4/124 574/4/110 584/4/121
f 583/4/120 588/4/125 587/4/123
f 587/4/123 584/4/121 583/4/120
f 589/4/126 588/4/125 583/4/120
f 583/4/120 575/4/113 589/4/126
f 591/4/127 590/4/128 576/4/112
f 576/4/112 577/4/115 591/4/127
f 593/4/129 592/4/130 578/4/114
f 578/4/114 582/4/119 593/4/129
f 594/4/131 593/4/129 582/4/119
f 582/4/119 579/4/116 594/4/131
f 580/4/132 581/4/133 595/4/134
f 580/4/117 595/4/135 596/4/136
f 597/4/137 595/4/134 581/4/133
f 581/4/133 573/4/138 597/4/137
f 580/4/117 596/4/136 594/4/131
f 594/4/131 579/4/116 580/4/117
f 592/4/130 591/4/127 577/4/115
f 577/4/115 578/4/114 592/4/130
f 590/4/128 589/4/126 575/4/113
f 575/4/113 576/4/112 590/4/128
f 597/4/137 573/4/138 574/4/139
f 597/4/140 574/4/110 586/4/124
f 586/4/124 599/4/141 598/4/142
f 598/4/142 597/4/140 586/4/124
f 600/4/143 599/4/141 601/4/144
f 600/4/143 601/4/144 602/4/145
f 596/4/136 604/4/146 603/4/147
f 603/4/147 594/4/131 596/4/136
f 605/4/148 604/4/146 606/4/149
f 605/4/148 606/4/149 607/4/150
f 607/4/150 606/4/149 598/4/142
f 607/4/150 598/4/142 608/4/151
f 606/4/149 595/4/135 597/4/140
f 606/4/149 597/4/140 598/4/142
f 595/4/135 606/4/149 604/4/146
f 604/4/146 596/4/136 595/4/135
f 609/4/152 603/4/147 604/4/146
f 609/4/152 604/4/146 605/4/148
f 599/4/141 586/4/124 587/4/123
f 599/4/141 587/4/123 601/4/144
f 608/4/151 598/4/142 599/4/141
f 608/4/151 599/4/141 600/4/143
f 608/4/151 600/4/143 611/4/153
f 610/4/154 608/4/151 611/4/153
f 602/4/153 613/4/153 614/4/153
f 612/4/153 602/4/153 614/4/153
f 614/4/153 613/4/153 615/4/153
f 614/4/153 615/4/153 616/4/153
f 616/4/153 615/4/153 617/4/155
f 616/4/153 617/4/155 618/4/153
f 620/4/156 621/4/157 622/4/158
f 619/4/153 620/4/156 622/4/158
f 624/4/159 609/4/152 625/4/160
f 623/4/161 624/4/159 625/4/160
f 625/4/160 609/4/152 605/4/148
f 625/4/160 605/4/148 626/4/162
f 627/4/163 607/4/150 608/4/151
f 627/4/163 608/4/151 610/4/154
f 626/4/162 605/4/148 607/4/150
f 626/4/162 607/4/150 627/4/163
f 621/4/157 624/4/159 623/4/161
f 622/4/158 621/4/157 623/4/161
f 618/4/153 617/4/155 620/4/156
f 618/4/153 620/4/156 619/4/153
f 600/4/143 602/4/153 612/4/153
f 611/4/153 600/4/143 612/4/153
f 628/4/164 629/4/165 630/4/166
f 628/4/164 630/4/166 631/4/167
f 634/4/168 632/4/169 631/4/167
f 631/4/167 633/4/170 634/4/168
f 612/4/171 635/4/172 630/4/166
f 630/4/166 611/4/173 612/4/171
f 633/4/170 635/4/172 636/4/174
f 633/4/170 636/4/174 637/4/175
f 636/4/174 638/4/176 639/4/177
f 637/4/175 636/4/174 639/4/177
f 638/4/176 640/4/178 641/4/179
f 639/4/177 638/4/176 641/4/179
f 643/4/180 644/4/181 642/4/182
f 642/4/182 641/4/179 643/4/180
f 645/4/183 640/4/178 618/4/184
f 618/4/184 619/4/185 645/4/183
f 645/4/183 646/4/186 647/4/187
f 643/4/180 645/4/183 647/4/187
f 649/4/188 650/4/189 648/4/190
f 648/4/190 647/4/187 649/4/188
f 651/4/191 646/4/186 622/4/158
f 622/4/158 623/4/161 651/4/191
f 651/4/191 652/4/192 653/4/193
f 649/4/188 651/4/191 653/4/193
f 653/4/193 652/4/192 654/4/194
f 653/4/193 654/4/194 655/4/195
f 658/4/196 656/4/197 655/4/195
f 655/4/195 657/4/198 658/4/196
f 627/4/163 659/4/199 654/4/194
f 654/4/194 626/4/162 627/4/163
f 660/4/200 658/4/196 657/4/198
f 657/4/198 628/4/164 660/4/200
f 610/4/201 629/4/165 659/4/199
f 659/4/199 627/4/163 610/4/201
f 657/4/198 659/4/199 629/4/165
f 657/4/198 629/4/165 628/4/164
f 655/4/195 654/4/194 659/4/199
f 655/4/195 659/4/199 657/4/198
f 626/4/162 654/4/194 652/4/192
f 652/4/192 625/4/160 626/4/162
f 656/4/197 661/4/202 653/4/193
f 653/4/193 655/4/195 656/4/197
f 652/4/192 651/4/191 623/4/161
f 623/4/161 625/4/160 652/4/192
f 653/4/193 661/4/202 650/4/189
f 650/4/189 649/4/188 653/4/193
f 646/4/186 651/4/191 649/4/188
f 647/4/187 646/4/186 649/4/188
f 646/4/186 645/4/183 619/4/185
f 619/4/185 622/4/158 646/4/186
f 647/4/187 648/4/190 644/4/181
f 644/4/181 643/4/180 647/4/187
f 640/4/178 645/4/183 643/4/180
f 641/4/179 640/4/178 643/4/180
f 640/4/178 638/4/176 616/4/203
f 616/4/203 618/4/184 640/4/178
f 641/4/179 642/4/182 662/4/204
f 662/4/204 639/4/177 641/4/179
f 638/4/176 636/4/174 614/4/205
f 614/4/205 616/4/203 638/4/176
f 639/4/177 662/4/204 663/4/206
f 663/4/206 637/4/175 639/4/177
f 614/4/205 636/4/174 635/4/172
f 635/4/172 612/4/171 614/4/205
f 663/4/206 634/4/168 633/4/170
f 633/4/170 637/4/175 663/4/206
f 631/4/167 630/4/166 635/4/172
f 631/4/167 635/4/172 633/4/170
f 611/4/173 630/4/166 629/4/165
f 629/4/165 610/4/201 611/4/173
f 632/4/169 660/4/200 628/4/164
f 628/4/164 631/4/167 632/4/169
f 665/4/207 664/4/208 660/4/200
f 660/4/200 632/4/169 665/4/207
f 663/4/206 667/4/209 666/4/210
f 666/4/210 634/4/168 663/4/206
f 668/4/211 667/4/209 663/4/206
f 663/4/206 662/4/204 668/4/211
f 669/4/212 668/4/211 662/4/204
f 662/4/204 642/4/182 669/4/212
f 648/4/190 671/4/213 670/4/214
f 670/4/214 644/4/181 648/4/190
f 661/4/202 673/4/215 672/4/216
f 672/4/216 650/4/189 661/4/202
f 674/4/217 673/4/215 661/4/202
f 661/4/202 656/4/197 674/4/217
f 660/4/200 664/4/208 675/4/218
f 675/4/218 658/4/196 660/4/200
f 658/4/196 675/4/218 674/4/217
f 674/4/217 656/4/197 658/4/196
f 650/4/189 672/4/216 671/4/213
f 671/4/213 648/4/190 650/4/189
f 670/4/214 669/4/212 642/4/182
f 642/4/182 644/4/181 670/4/214
f 666/4/210 665/4/207 632/4/169
f 632/4/169 634/4/168 666/4/210
f 676/4/219 665/4/207 666/4/210
f 676/4/219 666/4/210 677/4/220
f 669/4/212 670/4/214 679/4/221
f 678/4/222 669/4/212 679/4/221
f 671/4/213 672/4/216 681/4/223
f 680/4/224 671/4/213 681/4/223
f 674/4/217 675/4/218 683/4/225
f 682/4/226 674/4/217 683/4/225
f 683/4/225 675/4/218 664/4/208
f 683/4/225 664/4/208 684/4/227
f 673/4/215 674/4/217 682/4/226
f 685/4/228 673/4/215 682/4/226
f 672/4/216 673/4/215 685/4/228
f 681/4/223 672/4/216 685/4/228
f 679/4/221 670/4/214 671/4/213
f 679/4/221 671/4/213 680/4/224
f 686/4/229 668/4/211 669/4/212
f 686/4/229 669/4/212 678/4/222
f 687/4/230 667/4/209 668/4/211
f 687/4/230 668/4/211 686/4/229
f 677/4/220 666/4/210 667/4/209
f 677/4/220 667/4/209 687/4/230
f 664/4/208 665/4/207 676/4/219
f 684/4/227 664/4/208 676/4/219
f 689/4/231 688/4/232 684/4/227
f 684/4/227 676/4/219 689/4/231
f 691/4/233 690/4/234 677/4/220
f 677/4/220 687/4/230 691/4/233
f 692/4/235 691/4/233 687/4/230
f 687/4/230 686/4/229 692/4/235
f 693/4/236 692/4/235 686/4/229
f 686/4/229 678/4/222 693/4/236
f 695/4/237 694/4/238 679/4/221
f 679/4/221 680/4/224 695/4/237
f 685/4/228 697/4/239 696/4/240
f 696/4/240 681/4/223 685/4/228
f 682/4/226 698/4/241 697/4/239
f 697/4/239 685/4/228 682/4/226
f 684/4/227 688/4/232 699/4/242
f 699/4/242 683/4/225 684/4/227
f 683/4/225 699/4/242 698/4/241
f 698/4/241 682/4/226 683/4/225
f 681/4/223 696/4/240 695/4/237
f 695/4/237 680/4/224 681/4/223
f 694/4/238 693/4/236 678/4/222
f 678/4/222 679/4/221 694/4/238
f 690/4/234 689/4/231 676/4/219
f 676/4/219 677/4/220 690/4/234
f 700/4/243 689/4/244 690/4/245
f 700/4/243 690/4/245 701/4/246
f 702/4/247 693/4/248 694/4/249
f 702/4/247 694/4/249 703/4/250
f 695/4/251 696/4/252 705/4/253
f 704/4/254 695/4/251 705/4/253
f 698/4/255 699/4/256 707/4/257
f 706/4/258 698/4/255 707/4/257
f 699/4/256 688/4/259 708/4/260
f 707/4/257 699/4/256 708/4/260
f 697/4/261 698/4/255 706/4/258
f 709/4/262 697/4/261 706/4/258
f 696/4/252 697/4/261 709/4/262
f 705/4/253 696/4/252 709/4/262
f 694/4/249 695/4/251 704/4/254
f 703/4/250 694/4/249 704/4/254
f 710/4/263 692/4/264 693/4/248
f 710/4/263 693/4/248 702/4/247
f 711/4/265 691/4/266 692/4/264
f 711/4/265 692/4/264 710/4/263
f 701/4/246 690/4/245 691/4/266
f 701/4/246 691/4/266 711/4/265
f 708/4/260 688/4/259 689/4/244
f 708/4/260 689/4/244 700/4/243
f 713/4/267 712/4/268 708/4/260
f 708/4/260 700/4/243 713/4/267
f 715/4/269 714/4/270 701/4/246
f 701/4/246 711/4/265 715/4/269
f 716/4/271 715/4/269 711/4/265
f 711/4/265 710/4/263 716/4/271
f 717/4/272 716/4/271 710/4/263
f 710/4/263 702/4/247 717/4/272
f 719/4/273 718/4/274 703/4/250
f 703/4/250 704/4/254 719/4/273
f 709/4/262 721/4/275 720/4/276
f 720/4/276 705/4/253 709/4/262
f 706/4/258 722/4/277 721/4/275
f 721/4/275 709/4/262 706/4/258
f 708/4/260 712/4/268 723/4/278
f 723/4/278 707/4/257 708/4/260
f 707/4/257 723/4/278 722/4/277
f 722/4/277 706/4/258 707/4/257
f 705/4/253 720/4/276 719/4/273
f 719/4/273 704/4/254 705/4/253
f 718/4/274 717/4/272 702/4/247
f 702/4/247 703/4/250 718/4/274
f 714/4/270 713/4/267 700/4/243
f 700/4/243 701/4/246 714/4/270
f 508/4/47 713/4/279 714/4/280
f 508/4/47 714/4/280 511/4/50
f 516/4/55 717/4/281 718/4/282
f 516/4/55 718/4/282 519/4/56
f 520/4/57 719/4/283 720/4/284
f 520/4/57 720/4/284 523/4/60
f 722/4/285 723/4/286 529/4/63
f 526/4/61 722/4/285 529/4/63
f 723/4/286 712/4/287 507/4/49
f 529/4/63 723/4/286 507/4/49
f 524/4/58 721/4/288 722/4/285
f 524/4/58 722/4/285 526/4/61
f 523/4/60 720/4/284 721/4/288
f 523/4/60 721/4/288 524/4/58
f 519/4/56 718/4/282 719/4/283
f 519/4/56 719/4/283 520/4/57
f 716/4/289 717/4/281 516/4/55
f 514/4/54 716/4/289 516/4/55
f 715/4/290 716/4/289 514/4/54
f 512/4/51 715/4/290 514/4/54
f 714/4/280 715/4/290 512/4/51
f 511/4/50 714/4/280 512/4/51
f 712/4/287 713/4/279 508/4/47
f 507/4/49 712/4/287 508/4/47
f 589/4/126 590/4/128 725/4/291
f 724/4/292 589/4/126 725/4/291
f 725/4/291 726/4/293 620/4/156
f 617/4/155 725/4/291 620/4/156
f 727/4/294 726/4/293 591/4/127
f 591/4/127 592/4/130 727/4/294
f 727/4/294 728/4/295 624/4/159
f 621/4/157 727/4/294 624/4/159
f 593/4/129 594/4/131 603/4/147
f 728/4/295 593/4/129 603/4/147
f 728/4/295 603/4/147 609/4/152
f 624/4/159 728/4/295 609/4/152
f 728/4/295 727/4/294 592/4/130
f 592/4/130 593/4/129 728/4/295
f 726/4/293 727/4/294 621/4/157
f 620/4/156 726/4/293 621/4/157
f 726/4/293 725/4/291 590/4/128
f 590/4/128 591/4/127 726/4/293
f 724/4/292 725/4/291 617/4/155
f 615/4/296 724/4/292 617/4/155
f 588/4/125 589/4/126 724/4/292
f 729/4/297 588/4/125 724/4/292
f 729/4/297 724/4/292 615/4/296
f 613/4/298 729/4/297 615/4/296
f 588/4/125 729/4/297 601/4/144
f 601/4/144 587/4/123 588/4/125
f 602/4/145 601/4/144 729/4/297
f 602/4/145 729/4/297 613/4/298
f 530/4/65 731/4/299 730/4/300
f 730/4/300 489/4/37 530/4/65
f 486/4/38 733/4/301 732/4/302
f 732/4/302 493/4/9 486/4/38
f 735/4/303 734/4/304 497/4/41
f 497/4/41 490/4/11 735/4/303
f 737/4/305 736/4/306 533/4/67
f 533/4/67 494/4/42 737/4/305
f 533/4/67 736/4/306 738/4/307
f 738/4/307 532/4/66 533/4/67
f 738/4/307 739/4/308 531/4/21
f 531/4/21 532/4/66 738/4/307
f 739/4/308 740/4/309 501/4/44
f 501/4/44 531/4/21 739/4/308
f 741/4/310 731/4/299 530/4/65
f 530/4/65 498/4/45 741/4/310
f 740/4/309 741/4/310 498/4/45
f 498/4/45 501/4/44 740/4/309
f 734/4/304 737/4/305 494/4/42
f 494/4/42 497/4/41 734/4/304
f 493/4/9 732/4/302 735/4/303
f 735/4/303 490/4/11 493/4/9
f 489/4/37 730/4/300 733/4/301
f 733/4/301 486/4/38 489/4/37
f 733/4/311 730/4/312 743/4/313
f 742/4/314 733/4/311 743/4/313
f 735/4/315 732/4/316 745/4/317
f 744/4/318 735/4/315 745/4/317
f 746/4/319 737/4/320 734/4/321
f 746/4/319 734/4/321 747/4/322
f 748/4/323 741/4/324 740/4/325
f 748/4/323 740/4/325 749/4/326
f 750/4/327 731/4/328 741/4/324
f 750/4/327 741/4/324 748/4/323
f 740/4/325 739/4/329 751/4/330
f 749/4/326 740/4/325 751/4/330
f 751/4/330 739/4/329 738/4/331
f 751/4/330 738/4/331 752/4/332
f 738/4/331 736/4/333 753/4/334
f 752/4/332 738/4/331 753/4/334
f 736/4/333 737/4/320 746/4/319
f 753/4/334 736/4/333 746/4/319
f 747/4/322 734/4/321 735/4/315
f 747/4/322 735/4/315 744/4/318
f 732/4/316 733/4/311 742/4/314
f 745/4/317 732/4/316 742/4/314
f 730/4/312 731/4/328 750/4/327
f 743/4/313 730/4/312 750/4/327
f 750/4/327 755/4/335 754/4/336
f 754/4/336 743/4/313 750/4/327
f 742/4/314 757/4/337 756/4/338
f 756/4/338 745/4/317 742/4/314
f 744/4/318 759/4/339 758/4/340
f 758/4/340 747/4/322 744/4/318
f 761/4/341 760/4/342 753/4/334
f 753/4/334 746/4/319 761/4/341
f 760/4/342 762/4/343 752/4/332
f 752/4/332 753/4/334 760/4/342
f 762/4/343 763/4/344 751/4/330
f 751/4/330 752/4/332 762/4/343
f 763/4/344 764/4/345 749/4/326
f 749/4/326 751/4/330 763/4/344
f 748/4/323 765/4/346 755/4/335
f 755/4/335 750/4/327 748/4/323
f 764/4/345 765/4/346 748/4/323
f 748/4/323 749/4/326 764/4/345
f 758/4/340 761/4/341 746/4/319
f 746/4/319 747/4/322 758/4/340
f 745/4/317 756/4/338 759/4/339
f 759/4/339 744/4/318 745/4/317
f 743/4/313 754/4/336 757/4/337
f 757/4/337 742/4/314 743/4/313
f 757/4/347 754/4/348 767/4/349
f 766/4/350 757/4/347 767/4/349
f 759/4/351 756/4/352 769/4/353
f 768/4/354 759/4/351 769/4/353
f 770/4/355 761/4/356 758/4/357
f 770/4/355 758/4/357 771/4/358
f 772/4/359 765/4/360 764/4/361
f 772/4/359 764/4/361 773/4/362
f 774/4/363 755/4/364 765/4/360
f 774/4/363 765/4/360 772/4/359
f 773/4/362 764/4/361 763/4/365
f 773/4/362 763/4/365 775/4/366
f 775/4/366 763/4/365 762/4/367
f 775/4/366 762/4/367 776/4/368
f 776/4/368 762/4/367 760/4/369
f 776/4/368 760/4/369 777/4/370
f 777/4/370 760/4/369 761/4/356
f 777/4/370 761/4/356 770/4/355
f 758/4/357 759/4/351 768/4/354
f 771/4/358 758/4/357 768/4/354
f 756/4/352 757/4/347 766/4/350
f 769/4/353 756/4/352 766/4/350
f 754/4/348 755/4/364 774/4/363
f 767/4/349 754/4/348 774/4/363
f 774/4/363 779/4/371 778/4/372
f 778/4/372 767/4/349 774/4/363
f 781/4/373 780/4/374 769/4/353
f 769/4/353 766/4/350 781/4/373
f 768/4/354 783/4/375 782/4/376
f 782/4/376 771/4/358 768/4/354
f 785/4/377 784/4/378 777/4/370
f 777/4/370 770/4/355 785/4/377
f 784/4/378 786/4/379 776/4/368
f 776/4/368 777/4/370 784/4/378
f 786/4/379 787/4/380 775/4/366
f 775/4/366 776/4/368 786/4/379
f 775/4/366 787/4/380 788/4/381
f 788/4/381 773/4/362 775/4/366
f 789/4/382 779/4/371 774/4/363
f 774/4/363 772/4/359 789/4/382
f 788/4/381 789/4/382 772/4/359
f 772/4/359 773/4/362 788/4/381
f 771/4/358 782/4/376 785/4/377
f 785/4/377 770/4/355 771/4/358
f 780/4/374 783/4/375 768/4/354
f 768/4/354 769/4/353 780/4/374
f 767/4/349 778/4/372 781/4/373
f 781/4/373 766/4/350 767/4/349
f 790/4/383 781/4/373 778/4/372
f 790/4/383 778/4/372 791/4/384
f 783/4/375 780/4/374 793/4/385
f 792/4/386 783/4/375 793/4/385
f 785/4/377 782/4/376 795/4/387
f 794/4/388 785/4/377 795/4/387
f 796/4/389 789/4/382 788/4/381
f 796/4/389 788/4/381 797/4/390
f 779/4/371 789/4/382 796/4/389
f 798/4/391 779/4/371 796/4/389
f 788/4/381 787/4/380 799/4/392
f 797/4/390 788/4/381 799/4/392
f 799/4/392 787/4/380 786/4/379
f 799/4/392 786/4/379 800/4/393
f 800/4/393 786/4/379 784/4/378
f 800/4/393 784/4/378 801/4/394
f 801/4/394 784/4/378 785/4/377
f 801/4/394 785/4/377 794/4/388
f 782/4/376 783/4/375 792/4/386
f 795/4/387 782/4/376 792/4/386
f 793/4/385 780/4/374 781/4/373
f 793/4/385 781/4/373 790/4/383
f 791/4/384 778/4/372 779/4/371
f 791/4/384 779/4/371 798/4/391
f 803/4/395 804/4/396 805/4/397
f 802/4/398 803/4/395 805/4/397
f 806/4/399 791/4/384 798/4/391
f 806/4/399 798/4/391 807/4/400
f 803/4/395 808/4/401 809/4/402
f 809/4/402 806/4/399 803/4/395
f 811/4/403 808/4/401 812/4/404
f 810/4/405 811/4/403 812/4/404
f 813/4/406 793/4/385 790/4/383
f 813/4/406 790/4/383 809/4/402
f 813/4/406 811/4/403 814/4/407
f 814/4/407 815/4/408 813/4/406
f 816/4/409 817/4/410 814/4/407
f 816/4/409 814/4/407 818/4/411
f 795/4/387 792/4/386 815/4/408
f 819/4/412 795/4/387 815/4/408
f 819/4/412 817/4/410 820/4/413
f 820/4/413 821/4/414 819/4/412
f 822/4/415 823/4/416 820/4/413
f 822/4/415 820/4/413 824/4/417
f 801/4/394 794/4/388 821/4/414
f 825/4/418 801/4/394 821/4/414
f 826/4/419 827/4/420 823/4/416
f 826/4/419 823/4/416 822/4/415
f 800/4/393 801/4/394 825/4/418
f 828/4/421 800/4/393 825/4/418
f 829/4/422 830/4/423 827/4/420
f 829/4/422 827/4/420 826/4/419
f 799/4/392 800/4/393 828/4/421
f 831/4/424 799/4/392 828/4/421
f 833/4/425 830/4/423 829/4/422
f 832/4/426 833/4/425 829/4/422
f 834/4/427 797/4/390 799/4/392
f 834/4/427 799/4/392 831/4/424
f 833/4/425 835/4/428 836/4/429
f 836/4/429 834/4/427 833/4/425
f 835/4/428 804/4/396 807/4/400
f 807/4/400 836/4/429 835/4/428
f 807/4/400 798/4/391 796/4/389
f 807/4/400 796/4/389 836/4/429
f 804/4/396 835/4/428 837/4/430
f 805/4/397 804/4/396 837/4/430
f 836/4/429 796/4/389 797/4/390
f 836/4/429 797/4/390 834/4/427
f 835/4/428 833/4/425 832/4/426
f 837/4/430 835/4/428 832/4/426
f 830/4/423 833/4/425 834/4/427
f 834/4/427 831/4/424 830/4/423
f 828/4/421 827/4/420 830/4/423
f 830/4/423 831/4/424 828/4/421
f 825/4/418 823/4/416 827/4/420
f 827/4/420 828/4/421 825/4/418
f 821/4/414 820/4/413 823/4/416
f 823/4/416 825/4/418 821/4/414
f 794/4/388 795/4/387 819/4/412
f 821/4/414 794/4/388 819/4/412
f 824/4/417 820/4/413 817/4/410
f 824/4/417 817/4/410 816/4/409
f 815/4/408 814/4/407 817/4/410
f 817/4/410 819/4/412 815/4/408
f 792/4/386 793/4/385 813/4/406
f 815/4/408 792/4/386 813/4/406
f 818/4/411 814/4/407 811/4/403
f 818/4/411 811/4/403 810/4/405
f 808/4/401 811/4/403 813/4/406
f 813/4/406 809/4/402 808/4/401
f 809/4/402 790/4/383 791/4/384
f 809/4/402 791/4/384 806/4/399
f 808/4/401 803/4/395 802/4/398
f 812/4/404 808/4/401 802/4/398
f 804/4/396 803/4/395 806/4/399
f 806/4/399 807/4/400 804/4/396
f 839/4/431 838/4/432 812/4/404
f 812/4/404 802/4/398 839/4/431
f 810/4/405 841/4/433 840/4/434
f 840/4/434 818/4/411 810/4/405
f 816/4/409 843/4/435 842/4/436
f 842/4/436 824/4/437 816/4/409
f 832/4/437 845/4/437 844/4/438
f 844/4/438 837/4/437 832/4/437
f 837/4/437 844/4/438 846/4/439
f 846/4/439 805/4/437 837/4/437
f 829/4/437 847/4/437 845/4/437
f 845/4/437 832/4/437 829/4/437
f 848/4/437 847/4/437 829/4/437
f 829/4/437 826/4/437 848/4/437
f 849/4/440 848/4/437 826/4/437
f 826/4/437 822/4/437 849/4/440
f 842/4/436 849/4/440 822/4/437
f 822/4/437 824/4/437 842/4/436
f 818/4/411 840/4/434 843/4/435
f 843/4/435 816/4/409 818/4/411
f 838/4/432 841/4/433 810/4/405
f 810/4/405 812/4/404 838/4/432
f 846/4/439 839/4/431 802/4/398
f 802/4/398 805/4/437 846/4/439
f 851/4/441 850/4/442 839/4/431
f 839/4/431 846/4/439 851/4/441
f 853/4/443 850/4/442 854/4/444
f 852/4/445 853/4/443 854/4/444
f 853/4/443 855/4/446 841/4/433
f 841/4/433 838/4/432 853/4/443
f 859/4/447 856/4/448 857/4/449
f 857/4/449 858/4/450 859/4/447
f 851/4/441 857/4/449 856/4/448
f 860/4/451 851/4/441 856/4/448
f 857/4/449 851/4/441 846/4/439
f 846/4/439 844/4/438 857/4/449
f 858/4/450 857/4/449 844/4/438
f 844/4/438 845/4/452 858/4/450
f 852/4/445 861/4/453 855/4/446
f 855/4/446 853/4/443 852/4/445
f 850/4/442 853/4/443 838/4/432
f 838/4/432 839/4/431 850/4/442
f 860/4/451 854/4/444 850/4/442
f 850/4/442 851/4/441 860/4/451
f 854/4/444 860/4/451 585/4/122
f 540/4/76 854/4/444 585/4/122
f 861/4/453 852/4/445 539/4/75
f 544/4/81 861/4/453 539/4/75
f 548/4/85 862/4/454 863/4/455
f 548/4/85 863/4/455 543/4/80
f 552/4/89 864/4/456 865/4/457
f 552/4/89 865/4/457 547/4/84
f 860/4/451 856/4/448 559/4/96
f 585/4/122 860/4/451 559/4/96
f 856/4/448 859/4/447 557/4/93
f 559/4/96 856/4/448 557/4/93
f 859/4/447 866/4/458 555/4/92
f 557/4/93 859/4/447 555/4/92
f 555/4/92 866/4/458 867/4/459
f 555/4/92 867/4/459 551/4/88
f 551/4/88 867/4/459 864/4/456
f 551/4/88 864/4/456 552/4/89
f 547/4/84 865/4/457 862/4/454
f 547/4/84 862/4/454 548/4/85
f 543/4/80 863/4/455 861/4/453
f 543/4/80 861/4/453 544/4/81
f 852/4/445 854/4/444 540/4/76
f 539/4/75 852/4/445 540/4/76
f 858/4/450 868/4/460 866/4/458
f 859/4/447 858/4/450 866/4/458
f 868/4/460 858/4/450 845/4/452
f 845/4/452 847/4/461 868/4/460
f 866/4/458 868/4/460 869/4/462
f 866/4/458 869/4/462 867/4/459
f 848/4/463 869/4/462 868/4/460
f 868/4/460 847/4/461 848/4/463
f 863/4/455 870/4/464 855/4/446
f 863/4/455 855/4/446 861/4/453
f 840/4/434 870/4/464 871/4/465
f 871/4/465 843/4/435 840/4/434
f 871/4/465 862/4/454 865/4/457
f 865/4/457 872/4/466 871/4/465
f 842/4/436 872/4/466 873/4/467
f 873/4/467 849/4/440 842/4/436
f 873/4/467 864/4/456 867/4/459
f 867/4/459 869/4/462 873/4/467
f 849/4/440 873/4/467 869/4/462
f 869/4/462 848/4/463 849/4/440
f 864/4/456 873/4/467 872/4/466
f 864/4/456 872/4/466 865/4/457
f 843/4/435 871/4/465 872/4/466
f 872/4/466 842/4/436 843/4/435
f 870/4/464 863/4/455 862/4/454
f 862/4/454 871/4/465 870/4/464
f 841/4/433 855/4/446 870/4/464
f 870/4/464 840/4/434 841/4/433
f 875/4/76 876/4/122 877/4/468
f 874/4/469 875/4/76 877/4/468
f 881/4/78 878/4/470 879/4/81
f 879/4/81 880/4/471 881/4/78
f 882/4/472 883/4/85 884/4/80
f 882/4/472 884/4/80 885/4/473
f 888/4/474 889/4/475 886/4/476
f 886/4/476 887/4/89 888/4/474
f 891/4/477 877/4/468 876/4/122
f 876/4/122 890/4/96 891/4/477
f 874/4/469 892/4/478 893/4/479
f 881/4/78 874/4/469 893/4/479
f 894/4/480 895/4/481 885/4/473
f 885/4/473 878/4/470 894/4/480
f 896/4/482 897/4/483 889/4/475
f 889/4/475 882/4/472 896/4/482
f 899/4/101 900/4/484 898/4/485
f 898/4/485 886/4/476 899/4/101
f 901/4/486 902/4/487 903/4/488
f 901/4/486 903/4/488 904/4/489
f 877/4/468 891/4/477 905/4/490
f 877/4/468 905/4/490 906/4/491
f 907/4/492 905/4/490 904/4/489
f 907/4/492 904/4/489 908/4/121
f 908/4/121 904/4/489 903/4/488
f 908/4/121 903/4/488 909/4/120
f 903/4/488 900/4/484 910/4/113
f 909/4/120 903/4/488 910/4/113
f 912/4/115 911/4/112 899/4/101
f 899/4/101 897/4/483 912/4/115
f 896/4/482 895/4/481 914/4/493
f 913/4/114 896/4/482 914/4/493
f 895/4/481 894/4/480 915/4/116
f 914/4/493 895/4/481 915/4/116
f 892/4/478 917/4/494 916/4/495
f 916/4/495 893/4/479 892/4/478
f 906/4/491 918/4/496 917/4/494
f 917/4/494 892/4/478 906/4/491
f 915/4/116 894/4/480 893/4/479
f 915/4/116 893/4/479 916/4/495
f 913/4/114 912/4/115 897/4/483
f 897/4/483 896/4/482 913/4/114
f 900/4/484 899/4/101 911/4/112
f 910/4/113 900/4/484 911/4/112
f 905/4/490 907/4/492 918/4/496
f 918/4/496 906/4/491 905/4/490
f 874/4/469 877/4/468 906/4/491
f 874/4/469 906/4/491 892/4/478
f 891/4/477 901/4/486 904/4/489
f 891/4/477 904/4/489 905/4/490
f 903/4/488 902/4/487 898/4/485
f 898/4/485 900/4/484 903/4/488
f 899/4/101 886/4/476 889/4/475
f 889/4/475 897/4/483 899/4/101
f 896/4/482 882/4/472 885/4/473
f 885/4/473 895/4/481 896/4/482
f 881/4/78 893/4/479 894/4/480
f 878/4/470 881/4/78 894/4/480
f 901/4/486 891/4/477 890/4/96
f 890/4/96 919/4/93 901/4/486
f 919/4/93 920/4/92 902/4/487
f 901/4/486 919/4/93 902/4/487
f 902/4/487 920/4/92 921/4/88
f 902/4/487 921/4/88 898/4/485
f 898/4/485 921/4/88 887/4/89
f 898/4/485 887/4/89 886/4/476
f 889/4/475 888/4/474 883/4/85
f 889/4/475 883/4/85 882/4/472
f 885/4/473 884/4/80 879/4/81
f 885/4/473 879/4/81 878/4/470
f 880/4/471 875/4/76 874/4/469
f 881/4/78 880/4/471 874/4/469
f 907/4/492 923/4/124 922/4/497
f 922/4/497 918/4/496 907/4/492
f 925/4/128 924/4/126 910/4/113
f 910/4/113 911/4/112 925/4/128
f 927/4/498 926/4/127 912/4/115
f 912/4/115 913/4/114 927/4/498
f 916/4/495 929/4/499 928/4/131
f 928/4/131 915/4/116 916/4/495
f 918/4/496 922/4/497 930/4/500
f 930/4/500 917/4/494 918/4/496
f 917/4/494 930/4/500 929/4/499
f 929/4/499 916/4/495 917/4/494
f 928/4/131 931/4/129 914/4/493
f 914/4/493 915/4/116 928/4/131
f 931/4/129 927/4/498 913/4/114
f 913/4/114 914/4/493 931/4/129
f 926/4/127 925/4/128 911/4/112
f 911/4/112 912/4/115 926/4/127
f 924/4/126 932/4/125 909/4/120
f 909/4/120 910/4/113 924/4/126
f 909/4/120 932/4/125 933/4/123
f 933/4/123 908/4/121 909/4/120
f 908/4/121 933/4/123 923/4/124
f 923/4/124 907/4/492 908/4/121
f 934/4/501 935/4/502 936/4/141
f 934/4/501 936/4/141 937/4/143
f 936/4/141 923/4/124 933/4/123
f 936/4/141 933/4/123 938/4/503
f 939/4/152 940/4/147 941/4/146
f 939/4/152 941/4/146 942/4/148
f 941/4/146 929/4/499 930/4/500
f 941/4/146 930/4/500 943/4/504
f 944/4/150 943/4/504 935/4/502
f 944/4/150 935/4/502 934/4/501
f 922/4/497 935/4/502 943/4/504
f 943/4/504 930/4/500 922/4/497
f 942/4/148 941/4/146 943/4/504
f 942/4/148 943/4/504 944/4/150
f 929/4/499 941/4/146 940/4/147
f 940/4/147 928/4/131 929/4/499
f 937/4/143 936/4/141 938/4/503
f 937/4/143 938/4/503 945/4/145
f 923/4/124 936/4/141 935/4/502
f 935/4/502 922/4/497 923/4/124
f 937/4/143 945/4/153 947/4/153
f 946/4/153 937/4/143 947/4/153
f 948/4/153 949/4/505 950/4/156
f 948/4/153 950/4/156 951/4/153
f 953/4/506 954/4/159 955/4/161
f 952/4/158 953/4/506 955/4/161
f 956/4/162 942/4/148 944/4/150
f 956/4/162 944/4/150 957/4/163
f 957/4/163 944/4/150 934/4/501
f 957/4/163 934/4/501 958/4/153
f 959/4/160 939/4/152 942/4/148
f 959/4/160 942/4/148 956/4/162
f 954/4/159 939/4/152 959/4/160
f 955/4/161 954/4/159 959/4/160
f 950/4/156 953/4/506 952/4/158
f 951/4/153 950/4/156 952/4/158
f 960/4/153 961/4/153 949/4/505
f 960/4/153 949/4/505 948/4/153
f 962/4/153 963/4/153 961/4/153
f 962/4/153 961/4/153 960/4/153
f 945/4/153 963/4/153 962/4/153
f 947/4/153 945/4/153 962/4/153
f 934/4/501 937/4/143 946/4/153
f 958/4/153 934/4/501 946/4/153
f 967/4/507 964/4/200 965/4/508
f 965/4/508 966/4/167 967/4/507
f 946/4/173 969/4/509 968/4/165
f 968/4/165 958/4/201 946/4/173
f 966/4/167 969/4/509 970/4/172
f 966/4/167 970/4/172 971/4/170
f 974/4/510 972/4/511 971/4/170
f 971/4/170 973/4/175 974/4/510
f 962/4/205 975/4/174 970/4/172
f 970/4/172 947/4/171 962/4/205
f 976/4/177 977/4/204 974/4/510
f 974/4/510 973/4/175 976/4/177
f 978/4/176 975/4/174 962/4/205
f 962/4/205 960/4/203 978/4/176
f 979/4/179 980/4/512 977/4/204
f 977/4/204 976/4/177 979/4/179
f 981/4/513 978/4/176 960/4/203
f 960/4/203 948/4/184 981/4/513
f 981/4/513 982/4/183 983/4/180
f 979/4/179 981/4/513 983/4/180
f 985/4/187 986/4/190 984/4/514
f 984/4/514 983/4/180 985/4/187
f 987/4/515 982/4/183 951/4/185
f 951/4/185 952/4/158 987/4/515
f 987/4/515 988/4/191 989/4/516
f 985/4/187 987/4/515 989/4/516
f 991/4/193 992/4/517 990/4/189
f 990/4/189 989/4/516 991/4/193
f 993/4/192 988/4/191 955/4/161
f 955/4/161 959/4/160 993/4/192
f 995/4/518 992/4/517 991/4/193
f 991/4/193 994/4/195 995/4/518
f 956/4/162 996/4/194 993/4/192
f 993/4/192 959/4/160 956/4/162
f 994/4/195 996/4/194 997/4/519
f 994/4/195 997/4/519 998/4/198
f 964/4/200 999/4/520 998/4/198
f 998/4/198 965/4/508 964/4/200
f 958/4/201 968/4/165 997/4/519
f 997/4/519 957/4/163 958/4/201
f 998/4/198 997/4/519 968/4/165
f 998/4/198 968/4/165 965/4/508
f 957/4/163 997/4/519 996/4/194
f 996/4/194 956/4/162 957/4/163
f 999/4/520 995/4/518 994/4/195
f 994/4/195 998/4/198 999/4/520
f 991/4/193 993/4/192 996/4/194
f 991/4/193 996/4/194 994/4/195
f 988/4/191 993/4/192 991/4/193
f 989/4/516 988/4/191 991/4/193
f 988/4/191 987/4/515 952/4/158
f 952/4/158 955/4/161 988/4/191
f 989/4/516 990/4/189 986/4/190
f 986/4/190 985/4/187 989/4/516
f 982/4/183 987/4/515 985/4/187
f 983/4/180 982/4/183 985/4/187
f 982/4/183 981/4/513 948/4/184
f 948/4/184 951/4/185 982/4/183
f 983/4/180 984/4/514 980/4/512
f 980/4/512 979/4/179 983/4/180
f 978/4/176 981/4/513 979/4/179
f 976/4/177 978/4/176 979/4/179
f 975/4/174 978/4/176 976/4/177
f 973/4/175 975/4/174 976/4/177
f 971/4/170 970/4/172 975/4/174
f 971/4/170 975/4/174 973/4/175
f 947/4/171 970/4/172 969/4/509
f 969/4/509 946/4/173 947/4/171
f 972/4/511 967/4/507 966/4/167
f 966/4/167 971/4/170 972/4/511
f 965/4/508 968/4/165 969/4/509
f 965/4/508 969/4/509 966/4/167
f 1001/4/521 1000/4/207 967/4/507
f 967/4/507 972/4/511 1001/4/521
f 984/4/514 1003/4/522 1002/4/523
f 1002/4/523 980/4/512 984/4/514
f 990/4/189 1005/4/524 1004/4/525
f 1004/4/525 986/4/190 990/4/189
f 1007/4/526 1006/4/527 995/4/518
f 995/4/518 999/4/520 1007/4/526
f 964/4/200 1008/4/528 1007/4/526
f 1007/4/526 999/4/520 964/4/200
f 995/4/518 1006/4/527 1009/4/529
f 1009/4/529 992/4/517 995/4/518
f 992/4/517 1009/4/529 1005/4/524
f 1005/4/524 990/4/189 992/4/517
f 986/4/190 1004/4/525 1003/4/522
f 1003/4/522 984/4/514 986/4/190
f 1002/4/523 1010/4/530 977/4/204
f 977/4/204 980/4/512 1002/4/523
f 1010/4/530 1011/4/531 974/4/510
f 974/4/510 977/4/204 1010/4/530
f 1011/4/531 1001/4/521 972/4/511
f 972/4/511 974/4/510 1011/4/531
f 1000/4/207 1008/4/528 964/4/200
f 964/4/200 967/4/507 1000/4/207
f 1008/4/528 1000/4/207 1013/4/219
f 1012/4/227 1008/4/528 1013/4/219
f 1001/4/521 1011/4/531 1015/4/532
f 1014/4/533 1001/4/521 1015/4/532
f 1015/4/532 1011/4/531 1010/4/530
f 1015/4/532 1010/4/530 1016/4/534
f 1010/4/530 1002/4/523 1017/4/535
f 1016/4/534 1010/4/530 1017/4/535
f 1003/4/522 1004/4/525 1019/4/536
f 1018/4/537 1003/4/522 1019/4/536
f 1005/4/524 1009/4/529 1021/4/538
f 1020/4/539 1005/4/524 1021/4/538
f 1021/4/538 1009/4/529 1006/4/527
f 1021/4/538 1006/4/527 1022/4/540
f 1023/4/225 1007/4/526 1008/4/528
f 1023/4/225 1008/4/528 1012/4/227
f 1006/4/527 1007/4/526 1023/4/225
f 1022/4/540 1006/4/527 1023/4/225
f 1019/4/536 1004/4/525 1005/4/524
f 1019/4/536 1005/4/524 1020/4/539
f 1017/4/535 1002/4/523 1003/4/522
f 1017/4/535 1003/4/522 1018/4/537
f 1013/4/219 1000/4/207 1001/4/521
f 1013/4/219 1001/4/521 1014/4/533
f 1025/4/541 1024/4/231 1013/4/219
f 1013/4/219 1014/4/533 1025/4/541
f 1018/4/537 1027/4/542 1026/4/543
f 1026/4/543 1017/4/535 1018/4/537
f 1020/4/539 1029/4/544 1028/4/237
f 1028/4/237 1019/4/536 1020/4/539
f 1023/4/225 1031/4/242 1030/4/545
f 1030/4/545 1022/4/540 1023/4/225
f 1012/4/227 1032/4/232 1031/4/242
f 1031/4/242 1023/4/225 1012/4/227
f 1022/4/540 1030/4/545 1033/4/239
f 1033/4/239 1021/4/538 1022/4/540
f 1021/4/538 1033/4/239 1029/4/544
f 1029/4/544 1020/4/539 1021/4/538
f 1028/4/237 1027/4/542 1018/4/537
f 1018/4/537 1019/4/536 1028/4/237
f 1026/4/543 1034/4/235 1016/4/534
f 1016/4/534 1017/4/535 1026/4/543
f 1034/4/235 1035/4/233 1015/4/532
f 1015/4/532 1016/4/534 1034/4/235
f 1035/4/233 1025/4/541 1014/4/533
f 1014/4/533 1015/4/532 1035/4/233
f 1024/4/231 1032/4/232 1012/4/227
f 1012/4/227 1013/4/219 1024/4/231
f 1036/4/260 1032/4/259 1024/4/244
f 1036/4/260 1024/4/244 1037/4/243
f 1038/4/246 1025/4/546 1035/4/547
f 1038/4/246 1035/4/547 1039/4/265
f 1039/4/265 1035/4/547 1034/4/264
f 1039/4/265 1034/4/264 1040/4/548
f 1040/4/548 1034/4/264 1026/4/549
f 1040/4/548 1026/4/549 1041/4/550
f 1042/4/551 1027/4/552 1028/4/553
f 1042/4/551 1028/4/553 1043/4/554
f 1029/4/252 1033/4/555 1045/4/262
f 1044/4/253 1029/4/252 1045/4/262
f 1033/4/555 1030/4/255 1046/4/258
f 1045/4/262 1033/4/555 1046/4/258
f 1031/4/256 1032/4/259 1036/4/260
f 1047/4/257 1031/4/256 1036/4/260
f 1030/4/255 1031/4/256 1047/4/257
f 1046/4/258 1030/4/255 1047/4/257
f 1028/4/553 1029/4/252 1044/4/253
f 1043/4/554 1028/4/553 1044/4/253
f 1026/4/549 1027/4/552 1042/4/551
f 1041/4/550 1026/4/549 1042/4/551
f 1037/4/243 1024/4/244 1025/4/546
f 1037/4/243 1025/4/546 1038/4/246
f 1049/4/270 1048/4/267 1037/4/243
f 1037/4/243 1038/4/246 1049/4/270
f 1051/4/556 1050/4/557 1041/4/550
f 1041/4/550 1042/4/551 1051/4/556
f 1044/4/253 1053/4/276 1052/4/273
f 1052/4/273 1043/4/554 1044/4/253
f 1047/4/257 1055/4/278 1054/4/558
f 1054/4/558 1046/4/258 1047/4/257
f 1036/4/260 1056/4/268 1055/4/278
f 1055/4/278 1047/4/257 1036/4/260
f 1046/4/258 1054/4/558 1057/4/559
f 1057/4/559 1045/4/262 1046/4/258
f 1045/4/262 1057/4/559 1053/4/276
f 1053/4/276 1044/4/253 1045/4/262
f 1052/4/273 1051/4/556 1042/4/551
f 1042/4/551 1043/4/554 1052/4/273
f 1041/4/550 1050/4/557 1058/4/560
f 1058/4/560 1040/4/548 1041/4/550
f 1058/4/560 1059/4/269 1039/4/265
f 1039/4/265 1040/4/548 1058/4/560
f 1059/4/269 1049/4/270 1038/4/246
f 1038/4/246 1039/4/265 1059/4/269
f 1048/4/267 1056/4/268 1036/4/260
f 1036/4/260 1037/4/243 1048/4/267
f 534/4/69 1056/4/561 1048/4/562
f 534/4/69 1048/4/562 478/4/28
f 1049/4/280 1059/4/290 537/4/74
f 479/4/29 1049/4/280 537/4/74
f 1059/4/290 1058/4/289 536/4/72
f 537/4/74 1059/4/290 536/4/72
f 1058/4/289 1050/4/563 480/4/30
f 536/4/72 1058/4/289 480/4/30
f 481/4/31 1051/4/564 1052/4/565
f 481/4/31 1052/4/565 482/4/32
f 483/4/33 1053/4/284 1057/4/288
f 483/4/33 1057/4/288 535/4/70
f 535/4/70 1057/4/288 1054/4/566
f 535/4/70 1054/4/566 484/4/35
f 1055/4/567 1056/4/561 534/4/69
f 485/4/36 1055/4/567 534/4/69
f 484/4/35 1054/4/566 1055/4/567
f 484/4/35 1055/4/567 485/4/36
f 482/4/32 1052/4/565 1053/4/284
f 482/4/32 1053/4/284 483/4/33
f 1050/4/563 1051/4/564 481/4/31
f 480/4/30 1050/4/563 481/4/31
f 478/4/28 1048/4/562 1049/4/280
f 478/4/28 1049/4/280 479/4/29
f 1060/4/292 1061/4/291 949/4/505
f 961/4/296 1060/4/292 949/4/505
f 1062/4/568 1061/4/291 925/4/128
f 925/4/128 926/4/127 1062/4/568
f 1062/4/568 1063/4/294 953/4/506
f 950/4/156 1062/4/568 953/4/506
f 1064/4/295 1063/4/294 927/4/498
f 927/4/498 931/4/129 1064/4/295
f 1064/4/295 940/4/147 939/4/152
f 954/4/159 1064/4/295 939/4/152
f 940/4/147 1064/4/295 931/4/129
f 931/4/129 928/4/131 940/4/147
f 1063/4/294 1064/4/295 954/4/159
f 953/4/506 1063/4/294 954/4/159
f 926/4/127 927/4/498 1063/4/294
f 1062/4/568 926/4/127 1063/4/294
f 1061/4/291 1062/4/568 950/4/156
f 949/4/505 1061/4/291 950/4/156
f 924/4/126 925/4/128 1061/4/291
f 1060/4/292 924/4/126 1061/4/291
f 1065/4/297 1060/4/292 961/4/296
f 963/4/298 1065/4/297 961/4/296
f 932/4/125 924/4/126 1060/4/292
f 1065/4/297 932/4/125 1060/4/292
f 945/4/145 938/4/503 1065/4/297
f 945/4/145 1065/4/297 963/4/298
f 932/4/125 1065/4/297 938/4/503
f 938/4/503 933/4/123 932/4/125
f 1067/4/569 1066/4/570 449/4/8
f 449/4/8 442/4/3 1067/4/569
f 446/4/9 1069/4/302 1068/4/303
f 1068/4/303 453/4/11 446/4/9
f 1071/4/304 1070/4/571 457/4/17
f 457/4/17 450/4/12 1071/4/304
f 1073/4/572 1072/4/573 465/4/25
f 465/4/25 462/4/22 1073/4/572
f 1072/4/573 1074/4/574 445/4/2
f 445/4/2 465/4/25 1072/4/573
f 1075/4/308 1073/4/572 462/4/22
f 462/4/22 460/4/21 1075/4/308
f 1076/4/307 1075/4/308 460/4/21
f 460/4/21 458/4/18 1076/4/307
f 454/4/14 1077/4/575 1076/4/307
f 1076/4/307 458/4/18 454/4/14
f 457/4/17 1070/4/571 1077/4/575
f 1077/4/575 454/4/14 457/4/17
f 1068/4/303 1071/4/304 450/4/12
f 450/4/12 453/4/11 1068/4/303
f 449/4/8 1066/4/570 1069/4/302
f 1069/4/302 446/4/9 449/4/8
f 445/4/2 1074/4/574 1067/4/569
f 1067/4/569 442/4/3 445/4/2
f 1067/4/312 1074/4/328 1079/4/576
f 1078/4/577 1067/4/312 1079/4/576
f 1080/4/578 1069/4/579 1066/4/580
f 1080/4/578 1066/4/580 1081/4/581
f 1082/4/582 1071/4/321 1068/4/315
f 1082/4/582 1068/4/315 1083/4/318
f 1084/4/583 1077/4/584 1070/4/585
f 1084/4/583 1070/4/585 1085/4/586
f 1076/4/331 1077/4/584 1084/4/583
f 1086/4/332 1076/4/331 1084/4/583
f 1087/4/330 1075/4/329 1076/4/331
f 1087/4/330 1076/4/331 1086/4/332
f 1073/4/325 1075/4/329 1087/4/330
f 1088/4/587 1073/4/325 1087/4/330
f 1079/4/576 1074/4/328 1072/4/324
f 1079/4/576 1072/4/324 1089/4/588
f 1089/4/588 1072/4/324 1073/4/325
f 1089/4/588 1073/4/325 1088/4/587
f 1085/4/586 1070/4/585 1071/4/321
f 1085/4/586 1071/4/321 1082/4/582
f 1068/4/315 1069/4/579 1080/4/578
f 1083/4/318 1068/4/315 1080/4/578
f 1066/4/580 1067/4/312 1078/4/577
f 1081/4/581 1066/4/580 1078/4/577
f 1091/4/589 1090/4/590 1081/4/581
f 1081/4/581 1078/4/577 1091/4/589
f 1080/4/578 1093/4/338 1092/4/339
f 1092/4/339 1083/4/318 1080/4/578
f 1095/4/591 1094/4/592 1085/4/586
f 1085/4/586 1082/4/582 1095/4/591
f 1097/4/345 1096/4/593 1089/4/588
f 1089/4/588 1088/4/587 1097/4/345
f 1096/4/593 1098/4/594 1079/4/576
f 1079/4/576 1089/4/588 1096/4/593
f 1099/4/344 1097/4/345 1088/4/587
f 1088/4/587 1087/4/330 1099/4/344
f 1100/4/343 1099/4/344 1087/4/330
f 1087/4/330 1086/4/332 1100/4/343
f 1101/4/595 1100/4/343 1086/4/332
f 1086/4/332 1084/4/583 1101/4/595
f 1085/4/586 1094/4/592 1101/4/595
f 1101/4/595 1084/4/583 1085/4/586
f 1083/4/318 1092/4/339 1095/4/591
f 1095/4/591 1082/4/582 1083/4/318
f 1081/4/581 1090/4/590 1093/4/338
f 1093/4/338 1080/4/578 1081/4/581
f 1079/4/576 1098/4/594 1091/4/589
f 1091/4/589 1078/4/577 1079/4/576
f 1091/4/348 1098/4/364 1103/4/596
f 1102/4/597 1091/4/348 1103/4/596
f 1093/4/352 1090/4/598 1105/4/350
f 1104/4/599 1093/4/352 1105/4/350
f 1106/4/600 1095/4/601 1092/4/602
f 1106/4/600 1092/4/602 1107/4/603
f 1108/4/604 1101/4/605 1094/4/606
f 1108/4/604 1094/4/606 1109/4/355
f 1100/4/607 1101/4/605 1108/4/604
f 1110/4/608 1100/4/607 1108/4/604
f 1111/4/366 1099/4/365 1100/4/607
f 1111/4/366 1100/4/607 1110/4/608
f 1112/4/609 1097/4/361 1099/4/365
f 1112/4/609 1099/4/365 1111/4/366
f 1103/4/596 1098/4/364 1096/4/360
f 1103/4/596 1096/4/360 1113/4/610
f 1113/4/610 1096/4/360 1097/4/361
f 1113/4/610 1097/4/361 1112/4/609
f 1109/4/355 1094/4/606 1095/4/601
f 1109/4/355 1095/4/601 1106/4/600
f 1092/4/602 1093/4/352 1104/4/599
f 1107/4/603 1092/4/602 1104/4/599
f 1090/4/598 1091/4/348 1102/4/597
f 1105/4/350 1090/4/598 1102/4/597
f 1102/4/597 1115/4/611 1114/4/612
f 1114/4/612 1105/4/350 1102/4/597
f 1104/4/599 1117/4/613 1116/4/614
f 1116/4/614 1107/4/603 1104/4/599
f 1106/4/600 1119/4/615 1118/4/616
f 1118/4/616 1109/4/355 1106/4/600
f 1121/4/617 1120/4/618 1113/4/610
f 1113/4/610 1112/4/609 1121/4/617
f 1113/4/610 1120/4/618 1122/4/619
f 1122/4/619 1103/4/596 1113/4/610
f 1111/4/366 1123/4/380 1121/4/617
f 1121/4/617 1112/4/609 1111/4/366
f 1124/4/620 1123/4/380 1111/4/366
f 1111/4/366 1110/4/608 1124/4/620
f 1108/4/604 1125/4/621 1124/4/620
f 1124/4/620 1110/4/608 1108/4/604
f 1118/4/616 1125/4/621 1108/4/604
f 1108/4/604 1109/4/355 1118/4/616
f 1116/4/614 1119/4/615 1106/4/600
f 1106/4/600 1107/4/603 1116/4/614
f 1114/4/612 1117/4/613 1104/4/599
f 1104/4/599 1105/4/350 1114/4/612
f 1122/4/619 1115/4/611 1102/4/597
f 1102/4/597 1103/4/596 1122/4/619
f 1115/4/611 1122/4/619 1127/4/622
f 1126/4/623 1115/4/611 1127/4/622
f 1128/4/385 1117/4/613 1114/4/612
f 1128/4/385 1114/4/612 1129/4/624
f 1119/4/615 1116/4/614 1131/4/625
f 1130/4/387 1119/4/615 1131/4/625
f 1132/4/626 1125/4/621 1118/4/616
f 1132/4/626 1118/4/616 1133/4/388
f 1124/4/620 1125/4/621 1132/4/626
f 1134/4/627 1124/4/620 1132/4/626
f 1135/4/392 1123/4/380 1124/4/620
f 1135/4/392 1124/4/620 1134/4/627
f 1121/4/617 1123/4/380 1135/4/392
f 1136/4/628 1121/4/617 1135/4/392
f 1127/4/622 1122/4/619 1120/4/618
f 1127/4/622 1120/4/618 1137/4/629
f 1120/4/618 1121/4/617 1136/4/628
f 1137/4/629 1120/4/618 1136/4/628
f 1118/4/616 1119/4/615 1130/4/387
f 1133/4/388 1118/4/616 1130/4/387
f 1116/4/614 1117/4/613 1128/4/385
f 1131/4/625 1116/4/614 1128/4/385
f 1129/4/624 1114/4/612 1115/4/611
f 1129/4/624 1115/4/611 1126/4/623
f 1141/4/396 1138/4/395 1139/4/399
f 1139/4/399 1140/4/400 1141/4/396
f 1143/4/401 1138/4/395 1144/4/398
f 1142/4/404 1143/4/401 1144/4/398
f 1145/4/402 1129/4/624 1126/4/623
f 1145/4/402 1126/4/623 1139/4/399
f 1143/4/401 1146/4/403 1147/4/406
f 1147/4/406 1145/4/402 1143/4/401
f 1148/4/411 1149/4/407 1146/4/403
f 1148/4/411 1146/4/403 1150/4/405
f 1131/4/625 1128/4/385 1147/4/406
f 1151/4/630 1131/4/625 1147/4/406
f 1151/4/630 1149/4/407 1152/4/631
f 1152/4/631 1153/4/412 1151/4/630
f 1154/4/417 1155/4/632 1152/4/631
f 1154/4/417 1152/4/631 1156/4/409
f 1133/4/388 1130/4/387 1153/4/412
f 1157/4/414 1133/4/388 1153/4/412
f 1157/4/414 1155/4/632 1158/4/416
f 1158/4/416 1159/4/418 1157/4/414
f 1159/4/418 1158/4/416 1160/4/420
f 1160/4/420 1161/4/421 1159/4/418
f 1161/4/421 1160/4/420 1162/4/423
f 1162/4/423 1163/4/424 1161/4/421
f 1162/4/423 1164/4/633 1165/4/427
f 1165/4/427 1163/4/424 1162/4/423
f 1167/4/428 1164/4/633 1168/4/426
f 1166/4/430 1167/4/428 1168/4/426
f 1169/4/429 1137/4/629 1136/4/628
f 1169/4/429 1136/4/628 1165/4/427
f 1141/4/396 1167/4/428 1166/4/430
f 1170/4/397 1141/4/396 1166/4/430
f 1140/4/400 1127/4/622 1137/4/629
f 1140/4/400 1137/4/629 1169/4/429
f 1167/4/428 1141/4/396 1140/4/400
f 1140/4/400 1169/4/429 1167/4/428
f 1164/4/633 1167/4/428 1169/4/429
f 1169/4/429 1165/4/427 1164/4/633
f 1165/4/427 1136/4/628 1135/4/392
f 1165/4/427 1135/4/392 1163/4/424
f 1164/4/633 1162/4/423 1171/4/422
f 1168/4/426 1164/4/633 1171/4/422
f 1135/4/392 1134/4/627 1161/4/421
f 1163/4/424 1135/4/392 1161/4/421
f 1171/4/422 1162/4/423 1160/4/420
f 1171/4/422 1160/4/420 1172/4/419
f 1134/4/627 1132/4/626 1159/4/418
f 1161/4/421 1134/4/627 1159/4/418
f 1172/4/419 1160/4/420 1158/4/416
f 1172/4/419 1158/4/416 1173/4/415
f 1132/4/626 1133/4/388 1157/4/414
f 1159/4/418 1132/4/626 1157/4/414
f 1173/4/415 1158/4/416 1155/4/632
f 1173/4/415 1155/4/632 1154/4/417
f 1153/4/412 1152/4/631 1155/4/632
f 1155/4/632 1157/4/414 1153/4/412
f 1130/4/387 1131/4/625 1151/4/630
f 1153/4/412 1130/4/387 1151/4/630
f 1156/4/409 1152/4/631 1149/4/407
f 1156/4/409 1149/4/407 1148/4/411
f 1147/4/406 1146/4/403 1149/4/407
f 1149/4/407 1151/4/630 1147/4/406
f 1147/4/406 1128/4/385 1129/4/624
f 1147/4/406 1129/4/624 1145/4/402
f 1146/4/403 1143/4/401 1142/4/404
f 1150/4/405 1146/4/403 1142/4/404
f 1138/4/395 1143/4/401 1145/4/402
f 1145/4/402 1139/4/399 1138/4/395
f 1139/4/399 1126/4/623 1127/4/622
f 1139/4/399 1127/4/622 1140/4/400
f 1138/4/395 1141/4/396 1170/4/397
f 1144/4/398 1138/4/395 1170/4/397
f 1175/4/439 1174/4/634 1144/4/398
f 1144/4/398 1170/4/437 1175/4/439
f 1177/4/432 1176/4/433 1150/4/405
f 1150/4/405 1142/4/404 1177/4/432
f 1148/4/411 1179/4/434 1178/4/435
f 1178/4/435 1156/4/409 1148/4/411
f 1181/4/635 1180/4/440 1173/4/437
f 1173/4/437 1154/4/437 1181/4/635
f 1180/4/440 1182/4/437 1172/4/437
f 1172/4/437 1173/4/437 1180/4/440
f 1182/4/437 1183/4/437 1171/4/437
f 1171/4/437 1172/4/437 1182/4/437
f 1171/4/437 1183/4/437 1184/4/437
f 1184/4/437 1168/4/437 1171/4/437
f 1166/4/636 1185/4/438 1175/4/439
f 1175/4/439 1170/4/437 1166/4/636
f 1168/4/437 1184/4/437 1185/4/438
f 1185/4/438 1166/4/636 1168/4/437
f 1156/4/409 1178/4/435 1181/4/635
f 1181/4/635 1154/4/437 1156/4/409
f 1150/4/405 1176/4/433 1179/4/434
f 1179/4/434 1148/4/411 1150/4/405
f 1174/4/634 1177/4/432 1142/4/404
f 1142/4/404 1144/4/398 1174/4/634
f 1189/4/451 1186/4/444 1187/4/637
f 1187/4/637 1188/4/638 1189/4/451
f 1187/4/637 1190/4/639 1177/4/432
f 1177/4/432 1174/4/634 1187/4/637
f 1193/4/445 1191/4/453 1192/4/446
f 1192/4/446 1190/4/639 1193/4/445
f 1195/4/450 1194/4/640 1185/4/438
f 1185/4/438 1184/4/452 1195/4/450
f 1194/4/640 1188/4/638 1175/4/439
f 1175/4/439 1185/4/438 1194/4/640
f 1188/4/638 1194/4/640 1196/4/448
f 1189/4/451 1188/4/638 1196/4/448
f 1197/4/447 1196/4/448 1194/4/640
f 1194/4/640 1195/4/450 1197/4/447
f 1190/4/639 1192/4/446 1176/4/433
f 1176/4/433 1177/4/432 1190/4/639
f 1190/4/639 1187/4/637 1186/4/444
f 1193/4/445 1190/4/639 1186/4/444
f 1188/4/638 1187/4/637 1174/4/634
f 1174/4/634 1175/4/439 1188/4/638
f 1193/4/445 1186/4/444 875/4/76
f 880/4/471 1193/4/445 875/4/76
f 884/4/80 1198/4/455 1191/4/453
f 884/4/80 1191/4/453 879/4/81
f 888/4/474 1199/4/641 1200/4/454
f 888/4/474 1200/4/454 883/4/85
f 921/4/88 1201/4/459 1202/4/456
f 921/4/88 1202/4/456 887/4/89
f 920/4/92 1203/4/458 1201/4/459
f 920/4/92 1201/4/459 921/4/88
f 1197/4/447 1203/4/458 920/4/92
f 919/4/93 1197/4/447 920/4/92
f 1196/4/448 1197/4/447 919/4/93
f 890/4/96 1196/4/448 919/4/93
f 1189/4/451 1196/4/448 890/4/96
f 876/4/122 1189/4/451 890/4/96
f 887/4/89 1202/4/456 1199/4/641
f 887/4/89 1199/4/641 888/4/474
f 883/4/85 1200/4/454 1198/4/455
f 883/4/85 1198/4/455 884/4/80
f 1191/4/453 1193/4/445 880/4/471
f 879/4/81 1191/4/453 880/4/471
f 1186/4/444 1189/4/451 876/4/122
f 875/4/76 1186/4/444 876/4/122
f 1204/4/460 1195/4/450 1184/4/452
f 1184/4/452 1183/4/461 1204/4/460
f 1195/4/450 1204/4/460 1203/4/458
f 1197/4/447 1195/4/450 1203/4/458
f 1182/4/463 1205/4/642 1204/4/460
f 1204/4/460 1183/4/461 1182/4/463
f 1203/4/458 1204/4/460 1205/4/642
f 1203/4/458 1205/4/642 1201/4/459
f 1176/4/433 1192/4/446 1206/4/464
f 1206/4/464 1179/4/434 1176/4/433
f 1200/4/454 1207/4/643 1206/4/464
f 1200/4/454 1206/4/464 1198/4/455
f 1178/4/435 1207/4/643 1208/4/466
f 1208/4/466 1181/4/635 1178/4/435
f 1202/4/456 1209/4/644 1208/4/466
f 1202/4/456 1208/4/466 1199/4/641
f 1180/4/440 1209/4/644 1205/4/642
f 1205/4/642 1182/4/463 1180/4/440
f 1209/4/644 1202/4/456 1201/4/459
f 1201/4/459 1205/4/642 1209/4/644
f 1181/4/635 1208/4/466 1209/4/644
f 1209/4/644 1180/4/440 1181/4/635
f 1207/4/643 1200/4/454 1199/4/641
f 1199/4/641 1208/4/466 1207/4/643
f 1179/4/434 1206/4/464 1207/4/643
f 1207/4/643 1178/4/435 1179/4/434
f 1198/4/455 1206/4/464 1192/4/446
f 1198/4/455 1192/4/446 1191/4/453
f 1213/4/20 1210/4/20 1211/4/20
f 1211/4/20 1212/4/20 1213/4/20
f 1217/4/645 1218/4/645 1219/4/646
f 1216/4/645 1217/4/645 1219/4/646
f 1216/4/645 1219/4/646 1214/4/647
f 1214/4/647 1215/4/648 1216/4/645
f 1222/4/1 1218/4/1 1220/4/1
f 1220/4/1 1221/4/1 1222/4/1
f 1226/4/5 1227/4/649 1220/4/5
f 1225/4/5 1226/4/5 1220/4/5
f 1225/4/5 1220/4/5 1223/4/5
f 1223/4/5 1224/4/5 1225/4/5
f 1231/4/16 1232/4/16 1233/4/16
f 1230/4/16 1231/4/16 1233/4/16
f 1230/4/16 1233/4/16 1228/4/650
f 1228/4/650 1229/4/651 1230/4/16
f 1236/4/652 1232/4/652 1234/4/653
f 1234/4/653 1235/4/654 1236/4/652
f 1238/4/655 1239/4/656 1230/4/657
f 1237/4/658 1238/4/655 1230/4/657
f 1230/4/657 1229/4/651 1237/4/658
f 1241/4/659 1238/4/655 1237/4/658
f 1237/4/658 1240/4/660 1241/4/659
f 1243/4/6 1244/4/6 1245/4/6
f 1242/4/6 1243/4/6 1245/4/6
f 1249/4/1 1246/4/661 1247/4/662
f 1247/4/662 1248/4/1 1249/4/1
f 1244/4/663 1250/4/5 1251/4/5
f 1251/4/5 1252/4/663 1244/4/663
f 1253/4/20 1254/4/20 1212/4/20
f 1253/4/20 1212/4/20 1255/4/20
f 1255/4/20 1256/4/20 1253/4/20
f 1227/4/20 1219/4/20 1213/4/20
f 1227/4/20 1213/4/20 1257/4/20
f 1213/4/20 1212/4/20 1254/4/20
f 1254/4/20 1257/4/20 1213/4/20
f 1258/4/6 1259/4/6 1260/4/6
f 1258/4/6 1260/4/6 1261/4/6
f 1264/4/6 1261/4/6 1262/4/6
f 1262/4/6 1263/4/6 1264/4/6
f 1266/4/6 1222/4/6 1221/4/6
f 1221/4/6 1265/4/6 1266/4/6
f 1267/4/6 1262/4/6 1261/4/6
f 1236/4/6 1235/4/6 1264/4/6
f 1236/4/6 1264/4/6 1263/4/6
f 1268/4/6 1236/4/6 1263/4/6
f 1260/4/6 1266/4/6 1265/4/6
f 1265/4/6 1269/4/6 1260/4/6
f 1267/4/6 1261/4/6 1260/4/6
f 1260/4/6 1269/4/6 1267/4/6
f 1270/4/6 1264/4/6 1235/4/6
f 1256/4/664 1240/4/660 1228/4/650
f 1228/4/650 1233/4/26 1256/4/664
f 1272/4/26 1271/4/665 1241/4/659
f 1241/4/659 1255/4/26 1272/4/26
f 1263/4/666 1256/4/664 1233/4/26
f 1233/4/26 1268/4/26 1263/4/666
f 1270/4/26 1272/4/26 1255/4/26
f 1255/4/26 1264/4/26 1270/4/26
f 1255/4/26 1241/4/659 1240/4/660
f 1240/4/660 1256/4/664 1255/4/26
f 1264/4/667 1255/4/667 1212/4/668
f 1212/4/668 1261/4/668 1264/4/667
f 1212/4/668 1211/4/5 1258/4/5
f 1258/4/5 1261/4/668 1212/4/668
f 1276/4/669 1273/4/5 1274/4/5
f 1274/4/5 1275/4/670 1276/4/669
f 1279/4/671 1280/4/672 1277/4/673
f 1277/4/673 1278/4/674 1279/4/671
f 1284/4/675 1281/4/676 1282/4/677
f 1282/4/677 1283/4/678 1284/4/675
f 1278/4/674 1277/4/673 1286/4/679
f 1285/4/680 1278/4/674 1286/4/679
f 1290/4/681 1287/4/682 1288/4/683
f 1288/4/683 1289/4/684 1290/4/681
f 1294/4/685 1291/4/686 1292/4/687
f 1292/4/687 1293/4/688 1294/4/685
f 1276/4/669 1275/4/670 1283/4/678
f 1283/4/678 1295/4/689 1276/4/669
f 1297/4/690 1298/4/691 1299/4/692
f 1296/4/693 1297/4/690 1299/4/692
f 1303/4/694 1300/4/695 1301/4/696
f 1301/4/696 1302/4/697 1303/4/694
f 1307/4/698 1304/4/699 1305/4/700
f 1305/4/700 1306/4/701 1307/4/698
f 1311/4/702 1308/4/703 1309/4/704
f 1309/4/704 1310/4/705 1311/4/702
f 1315/4/26 1312/4/26 1313/4/26
f 1313/4/26 1314/4/26 1315/4/26
f 1318/4/706 1316/4/16 1317/4/16
f 1317/4/16 1243/4/706 1318/4/706
f 1320/4/707 1321/4/708 1322/4/709
f 1319/4/674 1320/4/707 1322/4/709
f 1326/4/710 1323/4/711 1324/4/712
f 1324/4/712 1325/4/713 1326/4/710
f 1328/4/714 1320/4/707 1319/4/674
f 1319/4/674 1327/4/715 1328/4/714
f 1332/4/716 1329/4/717 1330/4/718
f 1330/4/718 1331/4/719 1332/4/716
f 1245/4/720 1333/4/721 1334/4/722
f 1334/4/722 1242/4/723 1245/4/720
f 1335/4/724 1326/4/710 1318/4/706
f 1318/4/706 1243/4/706 1335/4/724
f 1336/4/725 1231/4/726 1230/4/657
f 1230/4/657 1239/4/656 1336/4/725
f 1225/4/727 1215/4/648 1214/4/647
f 1225/4/727 1214/4/647 1226/4/728
f 1267/4/729 1254/4/730 1253/4/731
f 1253/4/731 1262/4/732 1267/4/729
f 1265/4/733 1227/4/649 1257/4/734
f 1257/4/734 1269/4/735 1265/4/733
f 1259/4/26 1258/4/26 1211/4/26
f 1211/4/26 1210/4/26 1259/4/26
f 1260/4/736 1213/4/736 1219/4/646
f 1219/4/646 1266/4/737 1260/4/736
f 1269/4/735 1257/4/734 1254/4/730
f 1254/4/730 1267/4/729 1269/4/735
f 1262/4/732 1253/4/731 1256/4/664
f 1256/4/664 1263/4/666 1262/4/732
f 1224/4/738 1216/4/739 1215/4/648
f 1225/4/727 1224/4/738 1215/4/648
f 1227/4/740 1226/4/728 1214/4/647
f 1214/4/647 1219/4/646 1227/4/740
f 1223/4/741 1217/4/742 1216/4/739
f 1216/4/739 1224/4/738 1223/4/741
f 1260/4/736 1259/4/16 1210/4/16
f 1210/4/16 1213/4/736 1260/4/736
f 1316/4/1 1251/4/1 1250/4/1
f 1250/4/1 1317/4/1 1316/4/1
f 1242/4/723 1334/4/722 1325/4/743
f 1325/4/743 1337/4/744 1242/4/723
f 1331/4/719 1330/4/718 1333/4/721
f 1333/4/721 1245/4/720 1331/4/719
f 1323/4/711 1328/4/714 1327/4/715
f 1327/4/715 1324/4/712 1323/4/711
f 1341/4/745 1338/4/746 1339/4/747
f 1339/4/747 1340/4/748 1341/4/745
f 1345/4/749 1342/4/750 1343/4/751
f 1343/4/751 1344/4/751 1345/4/749
f 1306/4/701 1305/4/700 1308/4/703
f 1308/4/703 1311/4/702 1306/4/701
f 1347/4/752 1346/4/753 1304/4/699
f 1304/4/699 1307/4/698 1347/4/752
f 1300/4/695 1349/4/754 1348/4/738
f 1348/4/738 1301/4/696 1300/4/695
f 1342/4/750 1303/4/694 1302/4/697
f 1302/4/697 1309/4/755 1342/4/750
f 1349/4/754 1350/4/756 1351/4/757
f 1348/4/738 1349/4/754 1351/4/757
f 1343/4/751 1315/4/5 1314/4/5
f 1314/4/5 1344/4/751 1343/4/751
f 1273/4/1 1352/4/1 1353/4/1
f 1353/4/1 1274/4/1 1273/4/1
f 1354/4/758 1284/4/759 1291/4/686
f 1291/4/686 1294/4/685 1354/4/758
f 1293/4/688 1292/4/687 1287/4/682
f 1287/4/682 1290/4/681 1293/4/688
f 1285/4/680 1286/4/679 1282/4/677
f 1285/4/680 1282/4/677 1281/4/676
f 1355/4/760 1356/4/761 1357/4/762
f 1355/4/760 1357/4/762 1358/4/763
f 1266/4/737 1219/4/646 1218/4/645
f 1218/4/645 1222/4/645 1266/4/737
f 1218/4/1 1217/4/742 1223/4/741
f 1223/4/741 1220/4/1 1218/4/1
f 1221/4/5 1220/4/5 1227/4/649
f 1227/4/649 1265/4/733 1221/4/5
f 1268/4/16 1233/4/16 1232/4/16
f 1232/4/16 1236/4/16 1268/4/16
f 1232/4/652 1231/4/726 1336/4/725
f 1336/4/725 1234/4/653 1232/4/652
f 1235/4/654 1234/4/653 1272/4/5
f 1272/4/5 1270/4/5 1235/4/654
f 1271/4/5 1272/4/5 1234/4/653
f 1359/4/5 1271/4/5 1234/4/653
f 1359/4/5 1234/4/653 1336/4/725
f 1336/4/725 1239/4/656 1359/4/5
f 1359/4/764 1239/4/656 1238/4/655
f 1271/4/665 1359/4/764 1238/4/655
f 1238/4/655 1241/4/659 1271/4/665
f 1237/4/658 1229/4/651 1228/4/650
f 1237/4/658 1228/4/650 1240/4/660
f 1333/4/20 1252/4/20 1318/4/20
f 1333/4/20 1318/4/20 1334/4/20
f 1318/4/20 1326/4/20 1325/4/20
f 1325/4/20 1334/4/20 1318/4/20
f 1249/4/20 1252/4/20 1330/4/20
f 1329/4/20 1249/4/20 1330/4/20
f 1330/4/20 1252/4/20 1333/4/20
f 1251/4/20 1316/4/20 1318/4/20
f 1251/4/20 1318/4/20 1252/4/20
f 1360/4/6 1361/4/6 1362/4/6
f 1337/4/6 1335/4/6 1243/4/6
f 1337/4/6 1243/4/6 1242/4/6
f 1362/4/6 1361/4/6 1363/4/6
f 1332/4/6 1362/4/6 1363/4/6
f 1363/4/6 1364/4/6 1332/4/6
f 1245/4/6 1244/4/6 1331/4/6
f 1365/4/6 1366/4/6 1335/4/6
f 1365/4/6 1335/4/6 1337/4/6
f 1331/4/6 1244/4/6 1362/4/6
f 1331/4/6 1362/4/6 1332/4/6
f 1243/4/6 1317/4/6 1250/4/6
f 1250/4/6 1244/4/6 1243/4/6
f 1329/4/717 1367/4/765 1246/4/661
f 1246/4/661 1249/4/1 1329/4/717
f 1362/4/1 1249/4/1 1248/4/1
f 1248/4/1 1360/4/1 1362/4/1
f 1364/4/1 1368/4/1 1329/4/717
f 1329/4/717 1332/4/716 1364/4/1
f 1368/4/1 1369/4/766 1367/4/765
f 1367/4/765 1329/4/717 1368/4/1
f 1244/4/663 1252/4/663 1249/4/767
f 1249/4/767 1362/4/767 1244/4/663
f 1366/4/768 1370/4/768 1326/4/710
f 1326/4/710 1335/4/724 1366/4/768
f 1323/4/711 1326/4/710 1370/4/768
f 1328/4/714 1323/4/711 1370/4/768
f 1328/4/714 1370/4/768 1321/4/768
f 1321/4/768 1320/4/768 1328/4/714
f 1371/4/26 1322/4/709 1321/4/708
f 1321/4/708 1370/4/26 1371/4/26
f 1365/4/26 1371/4/26 1370/4/26
f 1370/4/26 1366/4/26 1365/4/26
f 1337/4/744 1325/4/743 1371/4/5
f 1371/4/5 1365/4/5 1337/4/744
f 1322/4/5 1371/4/5 1325/4/743
f 1319/4/5 1322/4/5 1325/4/743
f 1319/4/5 1325/4/743 1324/4/5
f 1324/4/5 1327/4/5 1319/4/5
f 1369/4/766 1368/4/16 1373/4/16
f 1372/4/769 1369/4/766 1373/4/16
f 1372/4/769 1373/4/16 1340/4/16
f 1340/4/16 1339/4/16 1372/4/769
f 1363/4/16 1373/4/16 1368/4/16
f 1368/4/16 1364/4/16 1363/4/16
f 1361/4/770 1374/4/771 1373/4/772
f 1373/4/772 1363/4/772 1361/4/770
f 1374/4/771 1341/4/745 1340/4/748
f 1340/4/748 1373/4/772 1374/4/771
f 1341/4/745 1374/4/771 1248/4/5
f 1338/4/746 1341/4/745 1248/4/5
f 1338/4/746 1248/4/5 1247/4/5
f 1247/4/5 1375/4/5 1338/4/746
f 1360/4/5 1248/4/5 1374/4/771
f 1374/4/771 1361/4/770 1360/4/5
f 1339/4/747 1338/4/746 1377/4/773
f 1339/4/747 1377/4/773 1376/4/774
f 1376/4/774 1372/4/769 1339/4/747
f 1375/4/775 1377/4/773 1338/4/746
f 1369/4/766 1372/4/769 1376/4/774
f 1376/4/774 1367/4/765 1369/4/766
f 1376/4/774 1377/4/773 1246/4/661
f 1376/4/774 1246/4/661 1367/4/765
f 1246/4/661 1377/4/773 1375/4/775
f 1375/4/775 1247/4/662 1246/4/661
f 1312/4/20 1315/4/20 1343/4/20
f 1312/4/20 1343/4/20 1378/4/20
f 1304/4/20 1378/4/20 1305/4/20
f 1379/4/20 1378/4/20 1304/4/20
f 1346/4/20 1379/4/20 1304/4/20
f 1343/4/20 1342/4/20 1309/4/20
f 1309/4/20 1308/4/20 1343/4/20
f 1305/4/20 1378/4/20 1343/4/20
f 1305/4/20 1343/4/20 1308/4/20
f 1344/4/6 1314/4/6 1313/4/6
f 1313/4/6 1380/4/6 1344/4/6
f 1307/4/6 1380/4/6 1381/4/6
f 1307/4/6 1381/4/6 1347/4/6
f 1382/4/6 1383/4/6 1345/4/6
f 1382/4/6 1345/4/6 1310/4/6
f 1306/4/6 1380/4/6 1307/4/6
f 1381/4/6 1384/4/6 1385/4/6
f 1347/4/6 1381/4/6 1385/4/6
f 1385/4/6 1386/4/6 1347/4/6
f 1310/4/6 1345/4/6 1344/4/6
f 1310/4/6 1344/4/6 1311/4/6
f 1344/4/6 1380/4/6 1306/4/6
f 1311/4/6 1344/4/6 1306/4/6
f 1387/4/6 1384/4/6 1381/4/6
f 1390/4/26 1388/4/776 1389/4/777
f 1389/4/777 1346/4/753 1390/4/26
f 1379/4/26 1391/4/778 1392/4/779
f 1392/4/779 1393/4/26 1379/4/26
f 1386/4/26 1390/4/26 1346/4/753
f 1346/4/753 1347/4/752 1386/4/26
f 1381/4/26 1379/4/26 1393/4/26
f 1393/4/26 1387/4/26 1381/4/26
f 1346/4/753 1389/4/777 1391/4/778
f 1391/4/778 1379/4/26 1346/4/753
f 1380/4/780 1378/4/780 1379/4/781
f 1379/4/781 1381/4/781 1380/4/780
f 1380/4/780 1313/4/16 1312/4/16
f 1312/4/16 1378/4/780 1380/4/780
f 1303/4/694 1342/4/750 1394/4/782
f 1300/4/695 1303/4/694 1394/4/782
f 1300/4/695 1394/4/782 1350/4/782
f 1350/4/782 1349/4/783 1300/4/695
f 1383/4/782 1394/4/782 1342/4/750
f 1342/4/750 1345/4/749 1383/4/782
f 1382/4/1 1395/4/1 1394/4/1
f 1394/4/1 1383/4/1 1382/4/1
f 1395/4/1 1351/4/757 1350/4/756
f 1350/4/756 1394/4/1 1395/4/1
f 1351/4/16 1395/4/16 1309/4/704
f 1348/4/16 1351/4/16 1309/4/704
f 1348/4/16 1309/4/704 1302/4/16
f 1302/4/16 1301/4/16 1348/4/16
f 1310/4/705 1309/4/704 1395/4/16
f 1395/4/16 1382/4/16 1310/4/705
f 1385/4/5 1396/4/5 1390/4/5
f 1390/4/5 1386/4/5 1385/4/5
f 1388/4/776 1390/4/5 1396/4/5
f 1397/4/784 1388/4/776 1396/4/5
f 1397/4/784 1396/4/5 1298/4/5
f 1298/4/5 1297/4/5 1397/4/784
f 1398/4/785 1299/4/692 1298/4/691
f 1298/4/691 1396/4/786 1398/4/785
f 1384/4/787 1398/4/785 1396/4/786
f 1396/4/786 1385/4/786 1384/4/787
f 1387/4/16 1393/4/16 1398/4/785
f 1398/4/785 1384/4/787 1387/4/16
f 1299/4/692 1398/4/785 1393/4/16
f 1296/4/693 1299/4/692 1393/4/16
f 1296/4/693 1393/4/16 1392/4/16
f 1392/4/16 1399/4/16 1296/4/693
f 1399/4/788 1400/4/789 1296/4/693
f 1297/4/690 1296/4/693 1400/4/789
f 1297/4/690 1400/4/789 1401/4/790
f 1401/4/790 1397/4/784 1297/4/690
f 1399/4/788 1392/4/779 1391/4/778
f 1400/4/789 1399/4/788 1391/4/778
f 1401/4/790 1400/4/789 1391/4/778
f 1401/4/790 1391/4/778 1389/4/777
f 1388/4/776 1397/4/784 1401/4/790
f 1401/4/790 1389/4/777 1388/4/776
f 1275/4/20 1402/4/20 1292/4/20
f 1292/4/20 1291/4/20 1275/4/20
f 1284/4/20 1283/4/20 1275/4/20
f 1284/4/20 1275/4/20 1291/4/20
f 1287/4/20 1402/4/20 1403/4/20
f 1403/4/20 1288/4/20 1287/4/20
f 1287/4/20 1292/4/20 1402/4/20
f 1402/4/20 1275/4/20 1274/4/20
f 1274/4/20 1353/4/20 1402/4/20
f 1404/4/6 1405/4/6 1406/4/6
f 1293/4/6 1407/4/6 1276/4/6
f 1276/4/6 1294/4/6 1293/4/6
f 1276/4/6 1295/4/6 1354/4/6
f 1354/4/6 1294/4/6 1276/4/6
f 1409/4/6 1406/4/6 1405/4/6
f 1409/4/6 1405/4/6 1289/4/6
f 1408/4/6 1409/4/6 1289/4/6
f 1293/4/6 1290/4/6 1407/4/6
f 1295/4/6 1410/4/6 1411/4/6
f 1411/4/6 1354/4/6 1295/4/6
f 1405/4/6 1407/4/6 1290/4/6
f 1290/4/6 1289/4/6 1405/4/6
f 1273/4/6 1276/4/6 1407/4/6
f 1352/4/6 1273/4/6 1407/4/6
f 1403/4/1 1412/4/791 1413/4/792
f 1413/4/792 1288/4/683 1403/4/1
f 1404/4/1 1414/4/1 1403/4/1
f 1403/4/1 1405/4/1 1404/4/1
f 1289/4/684 1288/4/683 1415/4/1
f 1415/4/1 1408/4/1 1289/4/684
f 1414/4/1 1416/4/793 1412/4/791
f 1412/4/791 1403/4/1 1414/4/1
f 1288/4/683 1413/4/792 1417/4/794
f 1417/4/794 1415/4/1 1288/4/683
f 1402/4/795 1353/4/16 1352/4/16
f 1352/4/16 1407/4/795 1402/4/795
f 1405/4/796 1403/4/796 1402/4/795
f 1402/4/795 1407/4/795 1405/4/796
f 1295/4/689 1283/4/678 1418/4/797
f 1418/4/797 1410/4/797 1295/4/689
f 1280/4/797 1418/4/797 1283/4/678
f 1277/4/797 1280/4/797 1283/4/678
f 1277/4/797 1283/4/678 1282/4/677
f 1282/4/677 1286/4/679 1277/4/797
f 1418/4/26 1280/4/672 1279/4/671
f 1279/4/671 1419/4/26 1418/4/26
f 1410/4/26 1418/4/26 1419/4/26
f 1419/4/26 1411/4/26 1410/4/26
f 1411/4/16 1419/4/16 1284/4/759
f 1284/4/759 1354/4/758 1411/4/16
f 1281/4/16 1284/4/759 1419/4/16
f 1285/4/16 1281/4/16 1419/4/16
f 1285/4/16 1419/4/16 1279/4/16
f 1279/4/16 1278/4/16 1285/4/16
f 1358/4/5 1421/4/5 1415/4/5
f 1355/4/5 1358/4/5 1415/4/5
f 1355/4/5 1415/4/5 1417/4/794
f 1417/4/794 1420/4/798 1355/4/5
f 1408/4/5 1415/4/5 1421/4/5
f 1421/4/5 1409/4/5 1408/4/5
f 1409/4/799 1421/4/799 1422/4/800
f 1422/4/800 1406/4/801 1409/4/799
f 1421/4/799 1358/4/763 1357/4/762
f 1357/4/762 1422/4/800 1421/4/799
f 1416/4/16 1414/4/16 1422/4/800
f 1423/4/16 1416/4/16 1422/4/800
f 1423/4/16 1422/4/800 1357/4/762
f 1357/4/762 1356/4/761 1423/4/16
f 1406/4/801 1422/4/800 1414/4/16
f 1414/4/16 1404/4/16 1406/4/801
f 1425/4/802 1356/4/761 1355/4/760
f 1424/4/803 1425/4/802 1355/4/760
f 1355/4/760 1420/4/798 1424/4/803
f 1423/4/804 1356/4/761 1425/4/802
f 1424/4/803 1420/4/798 1417/4/794
f 1424/4/803 1417/4/794 1413/4/792
f 1412/4/791 1425/4/802 1424/4/803
f 1424/4/803 1413/4/792 1412/4/791
f 1416/4/793 1423/4/804 1425/4/802
f 1425/4/802 1412/4/791 1416/4/793
f 1429/4/805 1426/4/806 1427/4/20
f 1427/4/20 1428/4/807 1429/4/805
f 1433/4/808 1430/4/809 1431/4/810
f 1431/4/810 1432/4/810 1433/4/808
f 1431/4/1 1434/4/811 1435/4/812
f 1435/4/812 1436/4/1 1431/4/1
f 1439/4/5 1436/4/5 1437/4/813
f 1437/4/813 1438/4/814 1439/4/5
f 1443/4/16 1440/4/16 1441/4/16
f 1441/4/16 1442/4/16 1443/4/16
f 1441/4/815 1444/4/816 1445/4/817
f 1445/4/817 1446/4/818 1441/4/815
f 1447/4/819 1448/4/820 1449/4/821
f 1452/4/822 1449/4/821 1450/4/823
f 1450/4/823 1451/4/824 1452/4/822
f 1454/4/825 1455/4/826 1456/4/827
f 1453/4/828 1454/4/825 1456/4/827
f 1455/4/829 1457/4/830 1458/4/1
f 1458/4/1 1459/4/1 1455/4/829
f 1455/4/829 1454/4/831 1460/4/832
f 1460/4/832 1457/4/830 1455/4/829
f 1437/4/813 1430/4/809 1429/4/805
f 1437/4/813 1429/4/805 1428/4/807
f 1426/4/806 1461/4/833 1462/4/834
f 1462/4/834 1463/4/835 1426/4/806
f 1463/4/835 1427/4/20 1426/4/806
f 1465/4/20 1426/4/806 1429/4/805
f 1464/4/20 1465/4/20 1429/4/805
f 1466/4/6 1467/4/836 1468/4/6
f 1471/4/6 1472/4/837 1469/4/838
f 1469/4/838 1470/4/839 1471/4/6
f 1469/4/838 1433/4/840 1438/4/841
f 1438/4/841 1470/4/839 1469/4/838
f 1442/4/6 1468/4/6 1467/4/836
f 1442/4/6 1467/4/836 1473/4/842
f 1443/4/6 1442/4/6 1473/4/842
f 1471/4/6 1474/4/843 1472/4/837
f 1433/4/840 1432/4/6 1439/4/6
f 1439/4/6 1438/4/841 1433/4/840
f 1473/4/842 1467/4/836 1472/4/837
f 1472/4/837 1474/4/843 1473/4/842
f 1469/4/838 1472/4/837 1475/4/6
f 1475/4/6 1476/4/6 1469/4/838
f 1461/4/833 1452/4/822 1451/4/824
f 1451/4/824 1462/4/834 1461/4/833
f 1466/4/26 1477/4/26 1461/4/833
f 1461/4/833 1467/4/844 1466/4/26
f 1473/4/26 1462/4/834 1440/4/26
f 1440/4/26 1443/4/26 1473/4/26
f 1477/4/26 1478/4/845 1452/4/822
f 1452/4/822 1461/4/833 1477/4/26
f 1462/4/834 1451/4/824 1479/4/846
f 1479/4/846 1440/4/26 1462/4/834
f 1426/4/806 1465/4/5 1475/4/5
f 1475/4/5 1472/4/847 1426/4/806
f 1426/4/806 1472/4/847 1467/4/844
f 1461/4/833 1426/4/806 1467/4/844
f 1482/4/848 1483/4/849 1480/4/850
f 1480/4/850 1481/4/851 1482/4/848
f 1484/4/852 1485/4/853 1486/4/854
f 1484/4/852 1486/4/854 1487/4/855
f 1491/4/856 1488/4/857 1489/4/858
f 1489/4/858 1490/4/859 1491/4/856
f 1493/4/860 1494/4/861 1495/4/862
f 1492/4/863 1493/4/860 1495/4/862
f 1499/4/1 1496/4/1 1497/4/1
f 1497/4/1 1498/4/1 1499/4/1
f 1503/4/864 1500/4/5 1501/4/5
f 1501/4/5 1502/4/865 1503/4/864
f 1505/4/866 1506/4/867 1507/4/868
f 1504/4/869 1505/4/866 1507/4/868
f 1511/4/870 1508/4/871 1509/4/872
f 1509/4/872 1510/4/873 1511/4/870
f 1513/4/874 1505/4/866 1504/4/869
f 1504/4/869 1512/4/875 1513/4/874
f 1515/4/876 1516/4/877 1517/4/878
f 1514/4/879 1515/4/876 1517/4/878
f 1521/4/880 1518/4/881 1519/4/882
f 1519/4/882 1520/4/883 1521/4/880
f 1503/4/864 1502/4/865 1522/4/884
f 1511/4/870 1503/4/864 1522/4/884
f 1526/4/885 1523/4/886 1524/4/887
f 1524/4/887 1525/4/888 1526/4/885
f 1530/4/889 1527/4/890 1528/4/891
f 1528/4/891 1529/4/892 1530/4/889
f 1453/4/893 1531/4/894 1532/4/895
f 1532/4/895 1533/4/896 1453/4/893
f 1536/4/897 1537/4/898 1534/4/899
f 1534/4/899 1535/4/900 1536/4/897
f 1541/4/1 1538/4/1 1539/4/1
f 1539/4/1 1540/4/1 1541/4/1
f 1469/4/901 1476/4/16 1464/4/16
f 1464/4/16 1429/4/805 1469/4/901
f 1435/4/812 1434/4/811 1542/4/902
f 1542/4/902 1543/4/869 1435/4/812
f 1437/4/813 1544/4/903 1545/4/904
f 1545/4/904 1430/4/809 1437/4/813
f 1543/4/869 1542/4/902 1547/4/905
f 1546/4/906 1543/4/869 1547/4/905
f 1473/4/907 1474/4/908 1463/4/835
f 1463/4/835 1462/4/834 1473/4/907
f 1470/4/909 1428/4/807 1427/4/910
f 1427/4/910 1471/4/911 1470/4/909
f 1433/4/808 1469/4/901 1429/4/805
f 1429/4/805 1430/4/809 1433/4/808
f 1476/4/26 1475/4/26 1465/4/26
f 1465/4/26 1464/4/26 1476/4/26
f 1428/4/807 1470/4/909 1438/4/814
f 1437/4/813 1428/4/807 1438/4/814
f 1471/4/911 1427/4/910 1463/4/835
f 1463/4/835 1474/4/908 1471/4/911
f 1546/4/906 1547/4/905 1545/4/904
f 1546/4/906 1545/4/904 1544/4/903
f 1445/4/817 1444/4/816 1548/4/912
f 1548/4/912 1448/4/820 1445/4/817
f 1550/4/913 1551/4/914 1552/4/915
f 1549/4/916 1550/4/913 1552/4/915
f 1533/4/896 1532/4/895 1534/4/899
f 1534/4/899 1537/4/898 1533/4/896
f 1531/4/894 1453/4/893 1456/4/917
f 1553/4/918 1531/4/894 1456/4/917
f 1527/4/890 1555/4/919 1554/4/920
f 1554/4/920 1528/4/891 1527/4/890
f 1549/4/916 1530/4/889 1529/4/892
f 1529/4/892 1535/4/900 1549/4/916
f 1555/4/919 1556/4/921 1557/4/922
f 1554/4/920 1555/4/919 1557/4/922
f 1550/4/913 1541/4/16 1540/4/16
f 1540/4/16 1551/4/914 1550/4/913
f 1500/4/26 1558/4/26 1559/4/26
f 1559/4/26 1501/4/26 1500/4/26
f 1560/4/923 1520/4/883 1519/4/882
f 1519/4/882 1510/4/873 1560/4/923
f 1516/4/877 1515/4/876 1518/4/881
f 1518/4/881 1521/4/880 1516/4/877
f 1508/4/871 1513/4/874 1512/4/875
f 1512/4/875 1509/4/872 1508/4/871
f 1562/4/924 1563/4/925 1564/4/926
f 1561/4/927 1562/4/924 1564/4/926
f 1567/4/928 1568/4/929 1565/4/930
f 1565/4/930 1566/4/931 1567/4/928
f 1494/4/861 1493/4/860 1488/4/857
f 1488/4/857 1491/4/856 1494/4/861
f 1570/4/932 1490/4/859 1489/4/858
f 1489/4/858 1569/4/933 1570/4/932
f 1571/4/920 1572/4/934 1485/4/853
f 1484/4/852 1571/4/920 1485/4/853
f 1492/4/863 1487/4/855 1486/4/854
f 1486/4/854 1566/4/931 1492/4/863
f 1573/4/935 1574/4/936 1572/4/934
f 1572/4/934 1571/4/920 1573/4/935
f 1568/4/929 1499/4/5 1498/4/5
f 1498/4/5 1565/4/930 1568/4/929
f 1434/4/810 1431/4/810 1430/4/809
f 1434/4/810 1430/4/809 1545/4/904
f 1434/4/810 1545/4/904 1547/4/905
f 1547/4/905 1542/4/810 1434/4/810
f 1432/4/1 1431/4/1 1436/4/1
f 1436/4/1 1439/4/1 1432/4/1
f 1544/4/5 1437/4/813 1436/4/5
f 1546/4/5 1544/4/5 1436/4/5
f 1546/4/5 1436/4/5 1435/4/5
f 1435/4/5 1543/4/5 1546/4/5
f 1444/4/16 1441/4/16 1440/4/16
f 1444/4/16 1440/4/16 1479/4/846
f 1548/4/16 1444/4/16 1479/4/846
f 1479/4/846 1575/4/937 1548/4/16
f 1442/4/815 1441/4/815 1446/4/818
f 1446/4/818 1468/4/938 1442/4/815
f 1478/4/5 1477/4/5 1446/4/818
f 1478/4/5 1446/4/818 1445/4/817
f 1478/4/5 1445/4/817 1448/4/820
f 1448/4/820 1447/4/939 1478/4/5
f 1468/4/938 1446/4/818 1477/4/5
f 1477/4/5 1466/4/5 1468/4/938
f 1449/4/821 1448/4/820 1548/4/912
f 1450/4/823 1449/4/821 1548/4/912
f 1548/4/912 1575/4/937 1450/4/823
f 1450/4/823 1575/4/937 1479/4/846
f 1450/4/823 1479/4/846 1451/4/824
f 1449/4/821 1452/4/822 1478/4/845
f 1447/4/819 1449/4/821 1478/4/845
f 1538/4/20 1541/4/20 1550/4/913
f 1538/4/20 1550/4/913 1460/4/832
f 1531/4/894 1460/4/832 1532/4/20
f 1553/4/918 1457/4/830 1460/4/832
f 1553/4/918 1460/4/832 1531/4/894
f 1550/4/913 1549/4/916 1535/4/900
f 1535/4/900 1534/4/899 1550/4/913
f 1532/4/20 1460/4/832 1550/4/913
f 1532/4/20 1550/4/913 1534/4/899
f 1551/4/940 1540/4/6 1539/4/6
f 1539/4/6 1454/4/825 1551/4/940
f 1576/4/6 1577/4/6 1552/4/941
f 1576/4/6 1552/4/941 1536/4/942
f 1533/4/6 1454/4/825 1453/4/828
f 1455/4/826 1578/4/6 1579/4/6
f 1456/4/827 1455/4/826 1579/4/6
f 1579/4/6 1580/4/6 1456/4/827
f 1536/4/942 1552/4/941 1551/4/940
f 1536/4/942 1551/4/940 1537/4/943
f 1551/4/940 1454/4/825 1533/4/6
f 1537/4/943 1551/4/940 1533/4/6
f 1459/4/6 1578/4/6 1455/4/826
f 1583/4/1 1581/4/944 1582/4/945
f 1582/4/945 1553/4/918 1583/4/1
f 1457/4/830 1584/4/946 1585/4/947
f 1585/4/947 1458/4/1 1457/4/830
f 1580/4/1 1583/4/1 1553/4/918
f 1553/4/918 1456/4/1 1580/4/1
f 1553/4/918 1582/4/945 1584/4/946
f 1584/4/946 1457/4/830 1553/4/918
f 1454/4/831 1539/4/5 1538/4/5
f 1538/4/5 1460/4/832 1454/4/831
f 1530/4/889 1549/4/916 1586/4/948
f 1530/4/889 1586/4/948 1556/4/948
f 1527/4/890 1530/4/889 1556/4/948
f 1556/4/948 1555/4/948 1527/4/890
f 1577/4/948 1586/4/948 1549/4/916
f 1549/4/916 1552/4/915 1577/4/948
f 1576/4/26 1587/4/26 1586/4/26
f 1586/4/26 1577/4/26 1576/4/26
f 1587/4/26 1557/4/922 1556/4/921
f 1556/4/921 1586/4/26 1587/4/26
f 1557/4/5 1587/4/5 1535/4/900
f 1554/4/5 1557/4/5 1535/4/900
f 1554/4/5 1535/4/900 1529/4/5
f 1529/4/5 1528/4/5 1554/4/5
f 1536/4/897 1535/4/900 1587/4/5
f 1587/4/5 1576/4/5 1536/4/897
f 1579/4/16 1588/4/16 1583/4/16
f 1583/4/16 1580/4/16 1579/4/16
f 1581/4/944 1583/4/16 1588/4/16
f 1581/4/944 1588/4/16 1525/4/16
f 1581/4/944 1525/4/16 1524/4/16
f 1524/4/16 1589/4/949 1581/4/944
f 1590/4/950 1526/4/885 1525/4/888
f 1525/4/888 1588/4/951 1590/4/950
f 1578/4/952 1590/4/950 1588/4/951
f 1588/4/951 1579/4/951 1578/4/952
f 1459/4/5 1458/4/5 1590/4/950
f 1590/4/950 1578/4/952 1459/4/5
f 1526/4/885 1590/4/950 1458/4/5
f 1526/4/885 1458/4/5 1585/4/5
f 1523/4/886 1526/4/885 1585/4/5
f 1585/4/5 1591/4/5 1523/4/886
f 1591/4/953 1592/4/954 1523/4/886
f 1524/4/887 1523/4/886 1592/4/954
f 1524/4/887 1592/4/954 1593/4/955
f 1593/4/955 1589/4/949 1524/4/887
f 1584/4/946 1592/4/954 1591/4/953
f 1591/4/953 1585/4/947 1584/4/946
f 1593/4/955 1592/4/954 1584/4/946
f 1593/4/955 1584/4/946 1582/4/945
f 1581/4/944 1589/4/949 1593/4/955
f 1593/4/955 1582/4/945 1581/4/944
f 1518/4/20 1594/4/956 1503/4/864
f 1518/4/20 1503/4/864 1519/4/882
f 1503/4/864 1511/4/870 1510/4/873
f 1510/4/873 1519/4/882 1503/4/864
f 1514/4/879 1595/4/957 1594/4/956
f 1514/4/879 1594/4/956 1515/4/876
f 1515/4/876 1594/4/956 1518/4/20
f 1594/4/956 1558/4/20 1500/4/20
f 1500/4/20 1503/4/864 1594/4/956
f 1596/4/6 1597/4/6 1598/4/958
f 1502/4/959 1599/4/960 1521/4/6
f 1520/4/961 1502/4/959 1521/4/6
f 1560/4/962 1522/4/963 1502/4/959
f 1560/4/962 1502/4/959 1520/4/961
f 1598/4/958 1597/4/6 1600/4/6
f 1517/4/964 1598/4/958 1600/4/6
f 1600/4/6 1601/4/6 1517/4/964
f 1521/4/6 1599/4/960 1516/4/965
f 1602/4/6 1603/4/6 1522/4/963
f 1602/4/6 1522/4/963 1560/4/962
f 1599/4/960 1598/4/958 1517/4/964
f 1516/4/965 1599/4/960 1517/4/964
f 1501/4/6 1559/4/6 1599/4/960
f 1501/4/6 1599/4/960 1502/4/959
f 1514/4/879 1604/4/966 1605/4/967
f 1605/4/967 1595/4/957 1514/4/879
f 1598/4/968 1595/4/957 1606/4/26
f 1606/4/26 1596/4/26 1598/4/968
f 1601/4/26 1607/4/26 1514/4/879
f 1514/4/879 1517/4/26 1601/4/26
f 1595/4/957 1605/4/967 1608/4/969
f 1608/4/969 1606/4/26 1595/4/957
f 1607/4/26 1609/4/970 1604/4/966
f 1604/4/966 1514/4/879 1607/4/26
f 1599/4/971 1559/4/16 1558/4/16
f 1558/4/16 1594/4/956 1599/4/971
f 1598/4/968 1599/4/971 1594/4/956
f 1594/4/956 1595/4/957 1598/4/968
f 1603/4/972 1610/4/972 1511/4/870
f 1511/4/870 1522/4/884 1603/4/972
f 1508/4/871 1511/4/870 1610/4/972
f 1508/4/871 1610/4/972 1506/4/972
f 1513/4/874 1508/4/871 1506/4/972
f 1506/4/972 1505/4/972 1513/4/874
f 1611/4/1 1507/4/868 1506/4/867
f 1506/4/867 1610/4/1 1611/4/1
f 1602/4/1 1611/4/1 1610/4/1
f 1610/4/1 1603/4/1 1602/4/1
f 1560/4/923 1510/4/873 1611/4/16
f 1611/4/16 1602/4/16 1560/4/923
f 1507/4/16 1611/4/16 1510/4/873
f 1504/4/16 1507/4/16 1510/4/873
f 1504/4/16 1510/4/873 1509/4/16
f 1509/4/16 1512/4/16 1504/4/16
f 1609/4/970 1607/4/5 1613/4/5
f 1609/4/970 1613/4/5 1563/4/5
f 1609/4/970 1563/4/5 1562/4/5
f 1562/4/5 1612/4/973 1609/4/970
f 1600/4/5 1613/4/5 1607/4/5
f 1607/4/5 1601/4/5 1600/4/5
f 1597/4/974 1614/4/975 1613/4/976
f 1613/4/976 1600/4/976 1597/4/974
f 1614/4/975 1564/4/926 1563/4/925
f 1563/4/925 1613/4/976 1614/4/975
f 1564/4/926 1614/4/975 1606/4/16
f 1564/4/926 1606/4/16 1608/4/16
f 1561/4/927 1564/4/926 1608/4/16
f 1608/4/16 1615/4/16 1561/4/927
f 1596/4/16 1606/4/16 1614/4/975
f 1614/4/975 1597/4/974 1596/4/16
f 1562/4/924 1561/4/927 1617/4/977
f 1562/4/924 1617/4/977 1616/4/978
f 1616/4/978 1612/4/973 1562/4/924
f 1615/4/979 1617/4/977 1561/4/927
f 1609/4/970 1612/4/973 1616/4/978
f 1616/4/978 1604/4/966 1609/4/970
f 1616/4/978 1617/4/977 1605/4/967
f 1616/4/978 1605/4/967 1604/4/966
f 1605/4/967 1617/4/977 1615/4/979
f 1615/4/979 1608/4/969 1605/4/967
f 1498/4/20 1497/4/20 1618/4/980
f 1498/4/20 1618/4/980 1565/4/930
f 1489/4/858 1488/4/20 1618/4/980
f 1618/4/980 1619/4/981 1569/4/933
f 1569/4/933 1489/4/858 1618/4/980
f 1492/4/863 1566/4/931 1565/4/930
f 1492/4/863 1565/4/930 1493/4/860
f 1565/4/930 1618/4/980 1488/4/20
f 1488/4/20 1493/4/860 1565/4/930
f 1620/4/982 1496/4/6 1499/4/6
f 1499/4/6 1568/4/983 1620/4/982
f 1570/4/984 1621/4/985 1620/4/982
f 1620/4/982 1490/4/986 1570/4/984
f 1567/4/987 1622/4/6 1623/4/6
f 1623/4/6 1495/4/988 1567/4/987
f 1491/4/6 1490/4/986 1620/4/982
f 1625/4/6 1626/4/6 1621/4/985
f 1625/4/6 1621/4/985 1570/4/984
f 1624/4/6 1625/4/6 1570/4/984
f 1568/4/983 1567/4/987 1495/4/988
f 1495/4/988 1494/4/989 1568/4/983
f 1491/4/6 1620/4/982 1568/4/983
f 1568/4/983 1494/4/989 1491/4/6
f 1627/4/6 1621/4/985 1626/4/6
f 1569/4/933 1628/4/990 1629/4/991
f 1629/4/991 1630/4/1 1569/4/933
f 1633/4/1 1631/4/812 1632/4/992
f 1632/4/992 1619/4/981 1633/4/1
f 1570/4/1 1569/4/933 1630/4/1
f 1630/4/1 1624/4/1 1570/4/1
f 1627/4/1 1633/4/1 1619/4/981
f 1619/4/981 1621/4/993 1627/4/1
f 1619/4/981 1632/4/992 1628/4/990
f 1628/4/990 1569/4/933 1619/4/981
f 1618/4/980 1620/4/994 1621/4/993
f 1619/4/981 1618/4/980 1621/4/993
f 1618/4/980 1497/4/16 1496/4/16
f 1496/4/16 1620/4/994 1618/4/980
f 1574/4/995 1634/4/995 1566/4/931
f 1574/4/995 1566/4/931 1486/4/854
f 1574/4/995 1486/4/854 1485/4/853
f 1485/4/853 1572/4/996 1574/4/995
f 1567/4/928 1566/4/931 1634/4/995
f 1634/4/995 1622/4/995 1567/4/928
f 1622/4/26 1634/4/26 1635/4/26
f 1635/4/26 1623/4/26 1622/4/26
f 1634/4/26 1574/4/936 1573/4/935
f 1573/4/935 1635/4/26 1634/4/26
f 1487/4/16 1492/4/863 1635/4/16
f 1484/4/16 1487/4/16 1635/4/16
f 1484/4/16 1635/4/16 1573/4/16
f 1573/4/16 1571/4/16 1484/4/16
f 1623/4/16 1635/4/16 1492/4/863
f 1492/4/863 1495/4/862 1623/4/16
f 1624/4/5 1630/4/5 1636/4/5
f 1636/4/5 1625/4/5 1624/4/5
f 1483/4/5 1636/4/5 1630/4/5
f 1483/4/5 1630/4/5 1629/4/991
f 1480/4/5 1483/4/5 1629/4/991
f 1629/4/991 1637/4/997 1480/4/5
f 1636/4/998 1483/4/849 1482/4/848
f 1482/4/848 1638/4/999 1636/4/998
f 1625/4/998 1636/4/998 1638/4/999
f 1638/4/999 1626/4/1000 1625/4/998
f 1626/4/1000 1638/4/999 1633/4/16
f 1633/4/16 1627/4/16 1626/4/1000
f 1631/4/16 1633/4/16 1638/4/999
f 1631/4/16 1638/4/999 1482/4/848
f 1631/4/16 1482/4/848 1481/4/851
f 1481/4/851 1639/4/16 1631/4/16
f 1639/4/953 1481/4/851 1640/4/1001
f 1640/4/1001 1481/4/851 1480/4/850
f 1641/4/1002 1640/4/1001 1480/4/850
f 1480/4/850 1637/4/997 1641/4/1002
f 1639/4/953 1640/4/1001 1632/4/992
f 1639/4/953 1632/4/992 1631/4/812
f 1632/4/992 1640/4/1001 1641/4/1002
f 1641/4/1002 1628/4/990 1632/4/992
f 1641/4/1002 1637/4/997 1629/4/991
f 1641/4/1002 1629/4/991 1628/4/990
f 2055/4/1003 2056/4/1004 2057/4/1005
f 2054/4/1006 2055/4/1003 2057/4/1005
f 2061/4/1 2058/4/1 2059/4/1
f 2059/4/1 2060/4/1 2061/4/1
f 2062/4/1 2063/4/1 2064/4/1
f 2062/4/1 2064/4/1 2065/4/1
f 2068/4/1 2066/4/1 2065/4/1
f 2065/4/1 2064/4/1 2067/4/1
f 2065/4/1 2067/4/1 2068/4/1
f 2070/4/1 2063/4/1 2062/4/1
f 2069/4/1 2070/4/1 2062/4/1
f 2072/4/1 2070/4/1 2069/4/1
f 2071/4/1 2072/4/1 2069/4/1
f 2060/4/1 2072/4/1 2071/4/1
f 2061/4/1 2060/4/1 2071/4/1
f 2059/4/1 2058/4/1 2073/4/1
f 2073/4/1 2074/4/1 2059/4/1
f 2074/4/1 2073/4/1 2075/4/1
f 2075/4/1 2076/4/1 2074/4/1
f 2076/4/1 2075/4/1 2077/4/1
f 2077/4/1 2078/4/1 2076/4/1
f 2056/4/1004 2078/4/1 2077/4/1
f 2057/4/1005 2056/4/1004 2077/4/1
f 2055/4/1003 2054/4/1006 2079/4/1007
f 2079/4/1007 2080/4/1008 2055/4/1003
f 2081/4/6 2082/4/6 2083/4/6
f 2081/4/6 2083/4/6 2084/4/6
f 2084/4/6 2083/4/6 2085/4/6
f 2085/4/6 2086/4/6 2084/4/6
f 2087/4/1009 2088/4/1010 2061/4/1011
f 2087/4/1009 2061/4/1011 2071/4/1012
f 2087/4/1009 2071/4/1012 2089/4/1013
f 2089/4/1013 2071/4/1012 2069/4/1014
f 2090/4/1015 2089/4/1013 2069/4/1014
f 2090/4/1015 2069/4/1014 2091/4/1016
f 2069/4/1014 2062/4/6 2092/4/6
f 2091/4/1016 2069/4/1014 2092/4/6
f 2065/4/1017 2066/4/1018 2095/4/1019
f 2065/4/1017 2095/4/1019 2093/4/1020
f 2093/4/1020 2094/4/1021 2065/4/1017
f 2096/4/1022 2092/4/6 2062/4/6
f 2096/4/1022 2062/4/6 2065/4/1017
f 2096/4/1022 2065/4/1017 2094/4/1021
f 2084/4/6 2086/4/6 2095/4/1019
f 2084/4/6 2095/4/1019 2066/4/1018
f 2066/4/1018 2097/4/6 2081/4/6
f 2081/4/6 2084/4/6 2066/4/1018
f 2089/4/1013 2090/4/1015 2087/4/1009
f 2094/4/1021 2093/4/1020 2096/4/1022
f 2099/4/26 2095/4/26 2086/4/26
f 2086/4/26 2098/4/26 2099/4/26
f 2093/4/26 2095/4/26 2099/4/26
f 2101/4/26 2100/4/26 2093/4/26
f 2093/4/26 2099/4/26 2101/4/26
f 2098/4/26 2102/4/26 2101/4/26
f 2098/4/26 2101/4/26 2099/4/26
f 2086/4/26 2085/4/26 2103/4/26
f 2103/4/26 2098/4/26 2086/4/26
f 2104/4/1023 2105/4/1024 2106/4/1025
f 2104/4/1023 2106/4/1025 2107/4/1026
f 2110/4/1027 2111/4/1028 2108/4/1029
f 2108/4/1029 2109/4/1030 2110/4/1027
f 2113/4/1031 2114/4/1032 2115/4/1033
f 2112/4/1034 2113/4/1031 2115/4/1033
f 2112/4/1034 2115/4/1033 2116/4/1035
f 2118/4/1036 2119/4/1036 2114/4/1032
f 2117/4/1037 2118/4/1036 2114/4/1032
f 2117/4/1037 2114/4/1032 2113/4/1031
f 2121/4/1038 2119/4/1036 2118/4/1036
f 2120/4/1038 2121/4/1038 2118/4/1036
f 2124/4/1039 2125/4/1040 2122/4/1041
f 2122/4/1041 2123/4/1042 2124/4/1039
f 2126/4/1043 2127/4/1044 2117/4/1037
f 2126/4/1043 2117/4/1037 2112/4/1034
f 2107/4/1026 2123/4/1042 2122/4/1041
f 2104/4/1023 2107/4/1026 2122/4/1041
f 2127/4/1044 2126/4/1043 2108/4/1029
f 2108/4/1029 2111/4/1028 2127/4/1044
f 2128/4/1045 2129/4/1046 2109/4/1030
f 2128/4/1045 2109/4/1030 2106/4/1025
f 2105/4/1024 2130/4/1047 2128/4/1045
f 2106/4/1025 2105/4/1024 2128/4/1045
f 2131/4/1048 2132/4/1049 2100/4/1050
f 2133/4/1051 2134/4/1052 2135/4/1053
f 2060/4/1036 2059/4/1038 2136/4/1038
f 2136/4/1038 2137/4/1036 2060/4/1036
f 2070/4/1054 2072/4/1055 2133/4/1051
f 2070/4/1054 2133/4/1051 2135/4/1053
f 2135/4/1053 2138/4/1056 2070/4/1054
f 2070/4/1054 2138/4/1056 2139/4/1057
f 2070/4/1054 2139/4/1057 2063/4/1057
f 2064/4/1058 2063/4/1057 2139/4/1057
f 2064/4/1058 2139/4/1057 2132/4/1049
f 2132/4/1049 2131/4/1048 2064/4/1058
f 2101/4/1059 2067/4/1060 2064/4/1058
f 2100/4/1050 2101/4/1059 2064/4/1058
f 2064/4/1058 2131/4/1048 2100/4/1050
f 2060/4/1036 2137/4/1036 2134/4/1052
f 2072/4/1055 2060/4/1036 2134/4/1052
f 2134/4/1052 2133/4/1051 2072/4/1055
f 2130/4/1047 2100/4/1050 2132/4/1049
f 2128/4/1045 2130/4/1047 2132/4/1049
f 2134/4/1052 2140/4/1044 2129/4/1046
f 2129/4/1046 2135/4/1053 2134/4/1052
f 2109/4/1030 2129/4/1046 2140/4/1044
f 2110/4/1027 2109/4/1030 2140/4/1044
f 2107/4/1026 2108/4/1029 2126/4/1043
f 2126/4/1043 2123/4/1042 2107/4/1026
f 2141/4/1061 2125/4/1040 2124/4/1039
f 2113/4/1031 2112/4/1034 2117/4/1037
f 2116/4/1035 2115/4/1033 2142/4/1057
f 2116/4/1035 2142/4/1057 2143/4/1057
f 2124/4/1039 2143/4/1057 2142/4/1057
f 2124/4/1039 2142/4/1057 2144/4/1062
f 2124/4/1039 2144/4/1062 2141/4/1061
f 2141/4/1061 2144/4/1062 2145/4/1063
f 2125/4/1040 2141/4/1061 2145/4/1063
f 2125/4/1040 2145/4/1063 2146/4/1059
f 2132/4/26 2139/4/26 2092/4/26
f 2092/4/26 2096/4/26 2132/4/26
f 2092/4/26 2139/4/26 2138/4/26
f 2138/4/26 2091/4/26 2092/4/26
f 2091/4/26 2138/4/26 2135/4/26
f 2135/4/26 2090/4/26 2091/4/26
f 2148/4/26 2149/4/26 2136/4/26
f 2147/4/26 2148/4/26 2136/4/26
f 2087/4/26 2134/4/26 2137/4/26
f 2137/4/26 2088/4/26 2087/4/26
f 2136/4/26 2149/4/26 2088/4/26
f 2136/4/26 2088/4/26 2137/4/26
f 2151/4/26 2148/4/26 2147/4/26
f 2150/4/26 2151/4/26 2147/4/26
f 2153/4/1064 2151/4/26 2150/4/26
f 2152/4/26 2153/4/1064 2150/4/26
f 2153/4/1064 2152/4/26 2154/4/26
f 2154/4/26 2155/4/1065 2153/4/1064
f 2157/4/1066 2158/4/1067 2159/4/1068
f 2156/4/1069 2157/4/1066 2159/4/1068
f 2163/4/1070 2160/4/1071 2161/4/1072
f 2161/4/1072 2162/4/1073 2163/4/1070
f 2164/4/1074 2165/4/1075 2166/4/1076
f 2164/4/1074 2166/4/1076 2167/4/1077
f 2170/4/1078 2161/4/1072 2160/4/1071
f 2170/4/1078 2160/4/1071 2168/4/1079
f 2168/4/1079 2169/4/1080 2170/4/1078
f 2171/4/1081 2170/4/1082 2172/4/1083
f 2173/4/1084 2170/4/1082 2171/4/1081
f 2174/4/1085 2170/4/1082 2173/4/1084
f 2174/4/1086 2161/4/1087 2170/4/1088
f 2175/4/1089 2176/4/1090 2177/4/1091
f 2175/4/1089 2177/4/1091 2178/4/1092
f 2169/4/1080 2179/4/1093 2170/4/1078
f 2181/4/1094 2179/4/1094 2182/4/1095
f 2180/4/1096 2181/4/1094 2182/4/1095
f 2183/4/1097 2184/4/1098 2185/4/1099
f 2183/4/1097 2185/4/1099 2170/4/1078
f 2187/4/1 2186/4/1 2173/4/1
f 2173/4/1 2171/4/1 2187/4/1
f 2191/4/1100 2188/4/1101 2189/4/6
f 2189/4/6 2190/4/6 2191/4/1100
f 2195/4/1102 2192/4/1103 2193/4/6
f 2193/4/6 2194/4/6 2195/4/1102
f 2123/4/26 2126/4/26 2196/4/26
f 2196/4/26 2197/4/26 2123/4/26
f 2199/4/1104 2108/4/1105 2107/4/1106
f 2107/4/1106 2198/4/1107 2199/4/1104
f 2171/4/1081 2172/4/1083 2200/4/26
f 2200/4/26 2201/4/26 2171/4/1081
f 2203/4/1108 2204/4/1109 2205/4/1110
f 2202/4/1111 2203/4/1108 2205/4/1110
f 2174/4/1085 2173/4/1084 2206/4/26
f 2206/4/26 2207/4/26 2174/4/1085
f 2193/4/26 2208/4/1112 2209/4/1113
f 2194/4/26 2193/4/26 2209/4/1113
f 2210/4/1114 2196/4/1115 2192/4/1103
f 2192/4/1103 2195/4/1102 2210/4/1114
f 2211/4/1116 2212/4/1117 2190/4/26
f 2190/4/26 2189/4/26 2211/4/1116
f 2215/4/1118 2216/4/1119 2213/4/1120
f 2213/4/1120 2214/4/1121 2215/4/1118
f 2218/4/1 2096/4/1022 2093/4/1020
f 2217/4/1 2218/4/1 2093/4/1020
f 2220/4/1122 2221/4/1123 2222/4/1124
f 2219/4/1125 2220/4/1122 2222/4/1124
f 2087/4/1009 2090/4/1015 2223/4/1
f 2223/4/1 2224/4/1 2087/4/1009
f 2227/4/1126 2228/4/1127 2225/4/1128
f 2225/4/1128 2226/4/1129 2227/4/1126
f 2230/4/1 2231/4/1 2155/4/1
f 2229/4/1 2230/4/1 2155/4/1
f 2234/4/1130 2235/4/1131 2232/4/1132
f 2232/4/1132 2233/4/1133 2234/4/1130
f 2237/4/1 2238/4/1134 2239/4/1135
f 2236/4/1 2237/4/1 2239/4/1135
f 2224/4/6 2223/4/6 2220/4/1122
f 2220/4/1122 2219/4/1125 2224/4/6
f 2213/4/1120 2218/4/6 2217/4/6
f 2217/4/6 2214/4/1121 2213/4/1120
f 2241/4/26 2242/4/26 2243/4/26
f 2240/4/26 2241/4/26 2243/4/26
f 2244/4/1 2245/4/1 2228/4/1
f 2244/4/1 2228/4/1 2234/4/1
f 2229/4/6 2226/4/1129 2225/4/1128
f 2229/4/6 2225/4/1128 2230/4/6
f 2231/4/1136 2246/4/1137 2247/4/1138
f 2231/4/1136 2247/4/1138 2239/4/1139
f 2249/4/1140 2250/4/1141 2251/4/1142
f 2248/4/1143 2249/4/1140 2251/4/1142
f 2254/4/1144 2255/4/1145 2252/4/1145
f 2252/4/1145 2253/4/1146 2254/4/1144
f 2256/4/1147 2250/4/1141 2255/4/1148
f 2259/4/1149 2260/4/1150 2257/4/1151
f 2257/4/1151 2258/4/1152 2259/4/1149
f 2056/4/1153 2055/4/1154 2261/4/1155
f 2056/4/1153 2261/4/1155 2254/4/1144
f 2254/4/1144 2262/4/1156 2056/4/1153
f 2256/4/1147 2057/4/1005 2077/4/1157
f 2250/4/1141 2256/4/1147 2077/4/1157
f 2250/4/1141 2077/4/1157 2153/4/1158
f 2231/4/1136 2153/4/1064 2155/4/1065
f 2239/4/1139 2153/4/1064 2231/4/1136
f 2238/4/1134 2153/4/1159 2239/4/1135
f 2238/4/1134 2250/4/1160 2153/4/1159
f 2076/4/1161 2078/4/1162 2152/4/1163
f 2152/4/1163 2150/4/1161 2076/4/1161
f 2151/4/1070 2153/4/1158 2077/4/1157
f 2077/4/1157 2075/4/1073 2151/4/1070
f 2149/4/1164 2058/4/1164 2061/4/1011
f 2149/4/1164 2061/4/1011 2088/4/1010
f 2263/4/1165 2054/4/1006 2057/4/1005
f 2255/4/1148 2263/4/1165 2057/4/1005
f 2255/4/1148 2057/4/1005 2256/4/1147
f 2079/4/1090 2258/4/1152 2257/4/1151
f 2079/4/1090 2257/4/1151 2080/4/1166
f 2262/4/1156 2254/4/1144 2251/4/1167
f 2267/4/1168 2264/4/1169 2265/4/1170
f 2265/4/1170 2266/4/1171 2267/4/1168
f 2184/4/1098 2183/4/1097 2249/4/1140
f 2184/4/1098 2249/4/1140 2248/4/1143
f 2268/4/1172 2253/4/1146 2252/4/1173
f 2268/4/1172 2252/4/1173 2269/4/1174
f 2264/4/1169 2267/4/1168 2260/4/1150
f 2259/4/1149 2264/4/1169 2260/4/1150
f 2270/4/26 2251/4/1142 2250/4/1141
f 2250/4/1141 2238/4/26 2270/4/26
f 2232/4/1132 2237/4/6 2236/4/6
f 2236/4/6 2233/4/1133 2232/4/1132
f 2221/4/1 2129/4/1 2128/4/1
f 2216/4/1 2221/4/1 2128/4/1
f 2106/4/26 2109/4/26 2271/4/26
f 2106/4/26 2271/4/26 2272/4/26
f 2191/4/1100 2197/4/1175 2273/4/1176
f 2188/4/1101 2191/4/1100 2273/4/1176
f 2275/4/1177 2276/4/1178 2277/4/1179
f 2274/4/1180 2275/4/1177 2277/4/1179
f 2280/4/1 2281/4/1 2278/4/1
f 2278/4/1 2279/4/1 2280/4/1
f 2276/4/26 2282/4/26 2283/4/26
f 2283/4/26 2205/4/26 2276/4/26
f 2202/4/1111 2201/4/6 2200/4/6
f 2202/4/1111 2200/4/6 2203/4/1108
f 2275/4/1177 2274/4/1180 2207/4/6
f 2207/4/6 2206/4/6 2275/4/1177
f 2170/4/1078 2185/4/1099 2284/4/1
f 2170/4/1078 2284/4/1 2172/4/1
f 2286/4/1181 2266/4/1171 2265/4/1170
f 2265/4/1170 2285/4/1182 2286/4/1181
f 2181/4/1183 2180/4/1096 2287/4/1184
f 2287/4/1184 2288/4/1185 2181/4/1183
f 2289/4/1186 2185/4/1187 2182/4/1095
f 2178/4/1092 2286/4/1181 2285/4/1182
f 2175/4/1089 2178/4/1092 2285/4/1182
f 2290/4/1188 2291/4/1189 2292/4/1190
f 2182/4/1095 2290/4/1188 2292/4/1190
f 2182/4/1095 2292/4/1190 2289/4/1186
f 2168/4/1079 2293/4/1191 2294/4/1192
f 2168/4/1079 2294/4/1192 2179/4/1093
f 2179/4/1093 2169/4/1080 2168/4/1079
f 2279/4/1193 2240/4/1193 2243/4/1194
f 2279/4/1193 2243/4/1194 2280/4/1195
f 2241/4/1196 2278/4/1196 2281/4/1197
f 2241/4/1196 2281/4/1197 2242/4/1198
f 2108/4/1105 2199/4/1104 2271/4/1199
f 2271/4/1199 2109/4/1200 2108/4/1105
f 2107/4/1201 2106/4/1201 2272/4/1202
f 2107/4/1201 2272/4/1202 2198/4/1203
f 2148/4/1204 2151/4/1070 2075/4/1073
f 2075/4/1073 2073/4/1205 2148/4/1204
f 2149/4/1164 2148/4/1204 2073/4/1205
f 2073/4/1205 2058/4/1164 2149/4/1164
f 2076/4/1161 2150/4/1161 2147/4/1206
f 2076/4/1161 2147/4/1206 2074/4/1207
f 2136/4/1038 2059/4/1038 2074/4/1207
f 2074/4/1207 2147/4/1206 2136/4/1038
f 2296/4/1208 2242/4/1198 2281/4/1197
f 2281/4/1197 2295/4/1208 2296/4/1208
f 2298/4/1208 2280/4/1195 2243/4/1194
f 2243/4/1194 2297/4/1208 2298/4/1208
f 2282/4/1198 2281/4/1197 2280/4/1195
f 2280/4/1195 2283/4/1209 2282/4/1198
f 2244/4/1195 2299/4/1208 2297/4/1208
f 2297/4/1208 2243/4/1194 2244/4/1195
f 2242/4/1198 2296/4/1208 2300/4/1208
f 2242/4/1198 2300/4/1208 2245/4/1210
f 2247/4/1211 2270/4/1208 2299/4/1208
f 2299/4/1208 2244/4/1195 2247/4/1211
f 2152/4/1163 2078/4/1162 2056/4/1153
f 2251/4/1167 2152/4/1163 2056/4/1153
f 2056/4/1153 2262/4/1156 2251/4/1167
f 2247/4/1212 2251/4/1213 2270/4/1214
f 2246/4/1137 2251/4/1215 2247/4/1138
f 2154/4/1216 2251/4/1167 2246/4/1217
f 2154/4/1216 2152/4/1163 2251/4/1167
f 2245/4/1210 2300/4/1208 2154/4/1208
f 2245/4/1210 2154/4/1208 2246/4/1218
f 2244/4/1195 2243/4/1194 2242/4/1198
f 2242/4/1198 2245/4/1210 2244/4/1195
f 2280/4/1195 2298/4/1208 2301/4/1208
f 2280/4/1195 2301/4/1208 2283/4/1209
f 2282/4/1198 2302/4/1208 2295/4/1208
f 2295/4/1208 2281/4/1197 2282/4/1198
f 2283/4/1209 2301/4/1208 2284/4/1208
f 2283/4/1209 2284/4/1208 2187/4/1211
f 2186/4/1218 2303/4/1208 2302/4/1208
f 2302/4/1208 2282/4/1198 2186/4/1218
f 2165/4/1075 2164/4/1074 2185/4/1187
f 2292/4/1190 2165/4/1075 2185/4/1187
f 2185/4/1187 2289/4/1186 2292/4/1190
f 2186/4/1219 2164/4/1220 2303/4/1221
f 2187/4/1222 2164/4/1220 2186/4/1219
f 2284/4/1223 2164/4/1224 2187/4/1225
f 2284/4/1226 2185/4/1187 2164/4/1074
f 2269/4/1227 2263/4/1228 2261/4/1155
f 2261/4/1155 2268/4/1229 2269/4/1227
f 2255/4/1230 2254/4/1144 2261/4/1155
f 2261/4/1155 2263/4/1228 2255/4/1230
f 2175/4/1231 2294/4/1192 2293/4/1191
f 2176/4/1231 2175/4/1231 2293/4/1191
f 2175/4/1232 2288/4/1233 2294/4/1234
f 2175/4/1235 2285/4/1235 2288/4/1235
f 2288/4/1236 2285/4/1182 2265/4/1170
f 2181/4/1237 2288/4/1236 2265/4/1170
f 2264/4/1169 2259/4/1149 2269/4/1227
f 2269/4/1227 2252/4/1238 2264/4/1169
f 2252/4/1238 2249/4/1140 2183/4/1097
f 2183/4/1097 2181/4/1237 2252/4/1238
f 2258/4/1231 2079/4/1231 2054/4/1006
f 2258/4/1231 2054/4/1006 2263/4/1165
f 2269/4/1227 2259/4/1149 2263/4/1228
f 2259/4/1239 2258/4/1239 2263/4/1239
f 2249/4/1140 2252/4/1238 2255/4/1148
f 2249/4/1140 2255/4/1148 2250/4/1141
f 2265/4/1170 2264/4/1169 2252/4/1238
f 2265/4/1170 2252/4/1238 2181/4/1237
f 2179/4/1093 2181/4/1237 2183/4/1097
f 2183/4/1097 2170/4/1078 2179/4/1093
f 2178/4/1092 2177/4/1091 2291/4/1189
f 2178/4/1092 2291/4/1189 2290/4/1188
f 2290/4/1188 2287/4/1184 2286/4/1240
f 2286/4/1181 2178/4/1092 2290/4/1241
f 2266/4/1242 2286/4/1240 2287/4/1184
f 2266/4/1242 2287/4/1184 2180/4/1096
f 2268/4/1172 2260/4/1243 2267/4/1244
f 2267/4/1244 2253/4/1146 2268/4/1172
f 2180/4/1096 2253/4/1146 2267/4/1244
f 2267/4/1244 2266/4/1242 2180/4/1096
f 2248/4/1245 2253/4/1146 2180/4/1096
f 2180/4/1096 2184/4/1246 2248/4/1245
f 2080/4/1166 2257/4/1151 2260/4/1247
f 2055/4/1154 2080/4/1166 2260/4/1247
f 2260/4/1247 2261/4/1155 2055/4/1154
f 2261/4/1155 2260/4/1248 2268/4/1229
f 2254/4/1144 2253/4/1146 2248/4/1245
f 2248/4/1245 2251/4/1167 2254/4/1144
f 2184/4/1246 2180/4/1096 2182/4/1095
f 2184/4/1246 2182/4/1095 2185/4/1187
f 2307/4/5 2304/4/5 2305/4/5
f 2305/4/5 2306/4/5 2307/4/5
f 2307/4/5 2306/4/5 2102/4/5
f 2102/4/5 2098/4/5 2307/4/5
f 2101/4/1059 2102/4/20 2306/4/20
f 2306/4/20 2067/4/1060 2101/4/1059
f 2305/4/20 2308/4/20 2067/4/1060
f 2305/4/20 2067/4/1060 2306/4/20
f 2304/4/1 2309/4/1 2082/4/1
f 2082/4/1 2081/4/1 2304/4/1
f 2310/4/1 2304/4/1 2081/4/1
f 2081/4/1 2097/4/1 2310/4/1
f 2308/4/1 2305/4/1 2304/4/1
f 2304/4/1 2310/4/1 2308/4/1
f 2103/4/20 2311/4/20 2307/4/20
f 2103/4/20 2307/4/20 2098/4/20
f 2311/4/20 2309/4/20 2304/4/20
f 2304/4/20 2307/4/20 2311/4/20
f 2085/4/5 2083/4/5 2311/4/5
f 2085/4/5 2311/4/5 2103/4/5
f 2083/4/5 2082/4/5 2309/4/5
f 2309/4/5 2311/4/5 2083/4/5
f 2068/4/16 2310/4/16 2097/4/16
f 2097/4/16 2066/4/16 2068/4/16
f 2067/4/16 2308/4/16 2310/4/16
f 2310/4/16 2068/4/16 2067/4/16
f 2303/4/1249 2174/4/1250 2277/4/1179
f 2277/4/1179 2302/4/1249 2303/4/1249
f 2154/4/1249 2300/4/1249 2227/4/1126
f 2227/4/1126 2155/4/1250 2154/4/1249
f 2300/4/1249 2296/4/1249 2312/4/1251
f 2312/4/1251 2227/4/1126 2300/4/1249
f 2155/4/1250 2227/4/1126 2226/4/5
f 2226/4/5 2229/4/5 2155/4/1250
f 2274/4/5 2277/4/1179 2174/4/1250
f 2207/4/5 2274/4/5 2174/4/1250
f 2295/4/1249 2302/4/1249 2277/4/1179
f 2313/4/1251 2295/4/1249 2277/4/1179
f 2313/4/1251 2312/4/1251 2296/4/1249
f 2296/4/1249 2295/4/1249 2313/4/1251
f 2245/4/1210 2246/4/1218 2231/4/1252
f 2228/4/1253 2245/4/1210 2231/4/1252
f 2225/4/16 2228/4/1253 2231/4/1252
f 2230/4/16 2225/4/16 2231/4/1252
f 2301/4/1254 2204/4/1109 2172/4/1255
f 2301/4/1254 2172/4/1255 2284/4/1254
f 2298/4/1254 2314/4/1256 2204/4/1109
f 2298/4/1254 2204/4/1109 2301/4/1254
f 2235/4/1131 2299/4/1254 2270/4/1254
f 2235/4/1131 2270/4/1254 2238/4/1257
f 2299/4/1254 2235/4/1131 2315/4/1258
f 2315/4/1258 2297/4/1254 2299/4/1254
f 2232/4/16 2235/4/1131 2238/4/1257
f 2237/4/16 2232/4/16 2238/4/1257
f 2172/4/1255 2204/4/1109 2203/4/16
f 2203/4/16 2200/4/16 2172/4/1255
f 2314/4/1256 2298/4/1254 2297/4/1254
f 2297/4/1254 2315/4/1258 2314/4/1256
f 2247/4/1211 2244/4/1195 2234/4/1259
f 2234/4/1259 2239/4/1260 2247/4/1211
f 2239/4/1260 2234/4/1259 2233/4/5
f 2233/4/5 2236/4/5 2239/4/1260
f 2241/4/1261 2312/4/1251 2313/4/1251
f 2313/4/1251 2278/4/1261 2241/4/1261
f 2314/4/1256 2315/4/1258 2240/4/1261
f 2314/4/1256 2240/4/1261 2279/4/1261
f 2278/4/1261 2313/4/1251 2277/4/1179
f 2278/4/1261 2277/4/1179 2276/4/1178
f 2279/4/1261 2205/4/1110 2204/4/1109
f 2314/4/1256 2279/4/1261 2204/4/1109
f 2278/4/1261 2276/4/1178 2205/4/1110
f 2205/4/1110 2279/4/1261 2278/4/1261
f 2312/4/1251 2241/4/1261 2228/4/1127
f 2312/4/1251 2228/4/1127 2227/4/1126
f 2235/4/1131 2234/4/1130 2240/4/1261
f 2240/4/1261 2315/4/1258 2235/4/1131
f 2234/4/1130 2228/4/1127 2241/4/1261
f 2234/4/1130 2241/4/1261 2240/4/1261
f 2132/4/1201 2096/4/1262 2216/4/1119
f 2216/4/1119 2128/4/1201 2132/4/1201
f 2213/4/1120 2216/4/1119 2096/4/1262
f 2218/4/16 2213/4/1120 2096/4/1262
f 2100/4/1050 2130/4/1047 2215/4/1263
f 2215/4/1263 2093/4/1264 2100/4/1050
f 2215/4/1263 2130/4/1047 2105/4/1024
f 2105/4/1024 2316/4/1265 2215/4/1263
f 2093/4/1264 2215/4/1263 2214/4/5
f 2214/4/5 2217/4/5 2093/4/1264
f 2188/4/5 2273/4/1266 2211/4/1267
f 2189/4/5 2188/4/5 2211/4/1267
f 2273/4/1266 2317/4/1265 2104/4/1023
f 2104/4/1023 2122/4/1041 2273/4/1266
f 2122/4/1041 2125/4/1040 2211/4/1267
f 2273/4/1266 2122/4/1041 2211/4/1267
f 2104/4/1023 2317/4/1265 2316/4/1265
f 2316/4/1265 2105/4/1024 2104/4/1023
f 2140/4/1044 2222/4/1268 2318/4/1269
f 2318/4/1269 2110/4/1027 2140/4/1044
f 2222/4/1268 2140/4/1044 2134/4/1052
f 2222/4/1268 2134/4/1052 2087/4/1270
f 2219/4/16 2222/4/1268 2087/4/1270
f 2224/4/16 2219/4/16 2087/4/1270
f 2209/4/1270 2210/4/1271 2195/4/16
f 2195/4/16 2194/4/16 2209/4/1270
f 2319/4/1269 2210/4/1271 2127/4/1044
f 2111/4/1028 2319/4/1269 2127/4/1044
f 2117/4/1037 2127/4/1044 2210/4/1271
f 2210/4/1271 2209/4/1270 2117/4/1037
f 2111/4/1028 2110/4/1027 2318/4/1269
f 2111/4/1028 2318/4/1269 2319/4/1269
f 2129/4/1200 2221/4/1123 2090/4/1272
f 2129/4/1200 2090/4/1272 2135/4/1200
f 2090/4/1272 2221/4/1123 2220/4/1122
f 2220/4/1122 2223/4/5 2090/4/1272
f 2317/4/1273 2198/4/1203 2272/4/1202
f 2272/4/1202 2316/4/1273 2317/4/1273
f 2199/4/1104 2319/4/1274 2318/4/1274
f 2318/4/1274 2271/4/1199 2199/4/1104
f 2317/4/1273 2273/4/1176 2197/4/1175
f 2198/4/1203 2317/4/1273 2197/4/1175
f 2271/4/1199 2221/4/1123 2216/4/1119
f 2272/4/1202 2271/4/1199 2216/4/1119
f 2221/4/1123 2271/4/1199 2318/4/1274
f 2318/4/1274 2222/4/1124 2221/4/1123
f 2316/4/1273 2272/4/1202 2216/4/1119
f 2316/4/1273 2216/4/1119 2215/4/1118
f 2196/4/1115 2199/4/1104 2198/4/1203
f 2198/4/1203 2197/4/1175 2196/4/1115
f 2196/4/1115 2210/4/1114 2319/4/1274
f 2319/4/1274 2199/4/1104 2196/4/1115
f 2212/4/1262 2197/4/1175 2191/4/1100
f 2191/4/1100 2190/4/16 2212/4/1262
f 2197/4/1175 2212/4/1262 2124/4/1201
f 2123/4/1201 2197/4/1175 2124/4/1201
f 2192/4/1103 2196/4/1115 2208/4/1275
f 2193/4/5 2192/4/1103 2208/4/1275
f 2196/4/1115 2126/4/1200 2112/4/1200
f 2196/4/1115 2112/4/1200 2208/4/1275
f 2186/4/1218 2282/4/1198 2276/4/1276
f 2276/4/1276 2173/4/1277 2186/4/1218
f 2173/4/1277 2276/4/1276 2275/4/16
f 2275/4/16 2206/4/16 2173/4/1277
f 2171/4/1278 2205/4/1279 2283/4/1209
f 2283/4/1209 2187/4/1211 2171/4/1278
f 2202/4/5 2205/4/1279 2171/4/1278
f 2201/4/5 2202/4/5 2171/4/1278
f 2321/4/1280 2159/4/1068 2158/4/1067
f 2321/4/1280 2158/4/1067 2209/4/1113
f 2209/4/1113 2320/4/1281 2321/4/1280
f 2322/4/6 2323/4/6 2324/4/1282
f 2322/4/6 2324/4/1282 2325/4/1019
f 2326/4/6 2327/4/6 2323/4/6
f 2326/4/6 2323/4/6 2328/4/6
f 2320/4/1281 2209/4/1113 2208/4/1112
f 2329/4/1283 2212/4/1117 2211/4/1116
f 2323/4/6 2327/4/6 2330/4/6
f 2330/4/6 2324/4/1282 2323/4/6
f 2322/4/6 2331/4/6 2328/4/6
f 2328/4/6 2323/4/6 2322/4/6
f 2208/4/1112 2332/4/1284 2333/4/1285
f 2208/4/1112 2333/4/1285 2321/4/1280
f 2321/4/1280 2320/4/1281 2208/4/1112
f 2335/4/6 2333/4/1285 2332/4/1284
f 2332/4/1284 2334/4/6 2335/4/6
f 2336/4/1286 2335/4/6 2334/4/6
f 2336/4/1286 2334/4/6 2212/4/1117
f 2212/4/1117 2329/4/1283 2336/4/1286
f 2324/4/1282 2336/4/1286 2329/4/1283
f 2324/4/1282 2329/4/1283 2211/4/1116
f 2211/4/1116 2325/4/1019 2324/4/1282
f 2290/4/1188 2182/4/1095 2179/4/1287
f 2294/4/1234 2290/4/1188 2179/4/1287
f 2290/4/1188 2294/4/1234 2288/4/1233
f 2290/4/1188 2288/4/1233 2287/4/1184
f 2338/4/5 2337/4/5 2326/4/5
f 2326/4/5 2328/4/5 2338/4/5
f 2338/4/5 2328/4/5 2331/4/5
f 2331/4/5 2339/4/5 2338/4/5
f 2342/4/16 2340/4/16 2341/4/16
f 2341/4/16 2145/4/16 2342/4/16
f 2324/4/16 2330/4/16 2340/4/16
f 2340/4/16 2342/4/16 2324/4/16
f 2341/4/20 2343/4/20 2344/4/20
f 2341/4/20 2344/4/20 2145/4/1063
f 2145/4/1063 2344/4/20 2345/4/20
f 2345/4/20 2146/4/1059 2145/4/1063
f 2344/4/5 2343/4/5 2346/4/5
f 2346/4/5 2347/4/5 2344/4/5
f 2348/4/5 2345/4/5 2344/4/5
f 2344/4/5 2347/4/5 2348/4/5
f 2338/4/20 2339/4/20 2348/4/20
f 2338/4/20 2348/4/20 2347/4/20
f 2347/4/20 2346/4/20 2337/4/20
f 2337/4/20 2338/4/20 2347/4/20
f 2346/4/26 2343/4/26 2341/4/26
f 2346/4/26 2341/4/26 2340/4/26
f 2327/4/26 2326/4/26 2337/4/26
f 2337/4/26 2346/4/26 2327/4/26
f 2330/4/26 2327/4/26 2346/4/26
f 2346/4/26 2340/4/26 2330/4/26
f 2349/4/1 2325/4/1 2211/4/1
f 2211/4/1 2125/4/1 2146/4/1
f 2211/4/1 2146/4/1 2349/4/1
f 2146/4/1 2345/4/1 2348/4/1
f 2348/4/1 2349/4/1 2146/4/1
f 2348/4/1 2339/4/1 2331/4/1
f 2331/4/1 2322/4/1 2348/4/1
f 2322/4/1 2325/4/1 2349/4/1
f 2348/4/1 2322/4/1 2349/4/1
f 2336/4/26 2324/4/26 2342/4/26
f 2145/4/26 2144/4/26 2336/4/26
f 2336/4/26 2342/4/26 2145/4/26
f 2144/4/26 2142/4/26 2335/4/26
f 2335/4/26 2336/4/26 2144/4/26
f 2335/4/26 2142/4/26 2115/4/26
f 2115/4/26 2333/4/26 2335/4/26
f 2333/4/26 2115/4/26 2114/4/26
f 2114/4/26 2321/4/26 2333/4/26
f 2168/4/1079 2292/4/1288 2291/4/1289
f 2291/4/1289 2293/4/1191 2168/4/1079
f 2176/4/1290 2293/4/1191 2291/4/1289
f 2177/4/1291 2176/4/1290 2291/4/1289
f 2160/4/26 2165/4/26 2292/4/1288
f 2292/4/1288 2168/4/1079 2160/4/26
f 2160/4/26 2163/4/26 2166/4/26
f 2165/4/26 2160/4/26 2166/4/26
f 2163/4/26 2350/4/26 2351/4/26
f 2166/4/26 2163/4/26 2351/4/26
f 2350/4/26 2156/4/26 2121/4/26
f 2351/4/26 2350/4/26 2121/4/26
f 2121/4/26 2156/4/26 2159/4/26
f 2121/4/26 2159/4/26 2119/4/26
f 2321/4/26 2114/4/26 2119/4/26
f 2119/4/26 2159/4/26 2321/4/26
f 2352/4/1 2353/4/1 2162/4/1
f 2162/4/1 2167/4/1 2352/4/1
f 2303/4/1 2164/4/1 2161/4/1087
f 2174/4/1086 2303/4/1 2161/4/1087
f 2167/4/1 2162/4/1 2161/4/1087
f 2161/4/1087 2164/4/1 2167/4/1
f 2120/4/1 2157/4/1 2353/4/1
f 2353/4/1 2352/4/1 2120/4/1
f 2158/4/1 2157/4/1 2120/4/1
f 2120/4/1 2118/4/1 2158/4/1
f 2118/4/1 2117/4/1 2209/4/1
f 2158/4/1 2118/4/1 2209/4/1
f 2121/4/1038 2120/4/1038 2352/4/1207
f 2352/4/1207 2351/4/1206 2121/4/1038
f 2167/4/1077 2166/4/1076 2351/4/1206
f 2167/4/1077 2351/4/1206 2352/4/1207
f 2353/4/1205 2157/4/1066 2156/4/1069
f 2350/4/1204 2353/4/1205 2156/4/1069
f 2350/4/1204 2163/4/1070 2162/4/1073
f 2162/4/1073 2353/4/1205 2350/4/1204
f 2334/4/1 2143/4/1 2124/4/1
f 2334/4/1 2124/4/1 2212/4/1
f 2116/4/1 2143/4/1 2334/4/1
f 2332/4/1 2116/4/1 2334/4/1
f 2112/4/1 2116/4/1 2332/4/1
f 2208/4/1 2112/4/1 2332/4/1
f 2805/4/5 2802/4/5 2803/4/5
f 2803/4/5 2804/4/5 2805/4/5
f 2805/4/6 2806/4/6 2807/4/6
f 2807/4/6 2802/4/6 2805/4/6
f 2806/4/26 2805/4/26 2804/4/26
f 2804/4/26 2808/4/26 2806/4/26
f 2802/4/1 2807/4/1 2809/4/1
f 2809/4/1 2803/4/1 2802/4/1
f 2809/4/20 2808/4/20 2804/4/20
f 2809/4/20 2804/4/20 2803/4/20
f 2807/4/16 2806/4/16 2808/4/16
f 2808/4/16 2809/4/16 2807/4/16
f 2813/4/16 2810/4/16 2811/4/16
f 2811/4/16 2812/4/16 2813/4/16
f 2814/4/20 2815/4/20 2812/4/20
f 2812/4/20 2811/4/20 2814/4/20
f 2816/4/1 2813/4/1 2812/4/1
f 2812/4/1 2815/4/1 2816/4/1
f 2810/4/26 2817/4/26 2814/4/26
f 2814/4/26 2811/4/26 2810/4/26
f 2813/4/6 2816/4/6 2817/4/6
f 2810/4/6 2813/4/6 2817/4/6
f 2817/4/5 2816/4/5 2815/4/5
f 2815/4/5 2814/4/5 2817/4/5
f 2821/4/1292 2818/4/1293 2819/4/1294
f 2819/4/1294 2820/4/1295 2821/4/1292
f 2825/4/1296 2822/4/1297 2823/4/1298
f 2823/4/1298 2824/4/1299 2825/4/1296
f 2826/4/1300 2827/4/1301 2828/4/1302
f 2826/4/1300 2828/4/1302 2829/4/1303
f 2833/4/1304 2830/4/1305 2831/4/1306
f 2831/4/1306 2832/4/1307 2833/4/1304
f 2834/4/1308 2835/4/1309 2836/4/1310
f 2834/4/1308 2836/4/1310 2837/4/1311
f 2840/4/1312 2841/4/1313 2838/4/1314
f 2838/4/1314 2839/4/1315 2840/4/1312
f 2845/4/1316 2842/4/1317 2843/4/1318
f 2843/4/1318 2844/4/1319 2845/4/1316
f 2848/4/1320 2849/4/1321 2846/4/1322
f 2846/4/1322 2847/4/1323 2848/4/1320
f 2853/4/1324 2850/4/1325 2851/4/1326
f 2851/4/1326 2852/4/1327 2853/4/1324
f 2857/4/1328 2854/4/1329 2855/4/1330
f 2855/4/1330 2856/4/1331 2857/4/1328
f 2858/4/1332 2859/4/1333 2860/4/1334
f 2858/4/1332 2860/4/1334 2861/4/1335
f 2863/4/1336 2864/4/1306 2865/4/1337
f 2862/4/1338 2863/4/1336 2865/4/1337
f 2866/4/1339 2867/4/1340 2868/4/1341
f 2866/4/1339 2868/4/1341 2869/4/1342
f 2871/4/1343 2872/4/1306 2873/4/1337
f 2870/4/1344 2871/4/1343 2873/4/1337
f 2877/4/1345 2874/4/1346 2875/4/1347
f 2875/4/1347 2876/4/1348 2877/4/1345
f 2880/4/1349 2881/4/1350 2878/4/1351
f 2878/4/1351 2879/4/1352 2880/4/1349
f 2885/4/1353 2882/4/1354 2883/4/1355
f 2883/4/1355 2884/4/1356 2885/4/1353
f 2886/4/1351 2887/4/1320 2888/4/1357
f 2886/4/1351 2888/4/1357 2889/4/1358
f 2890/4/1359 2891/4/1360 2892/4/1361
f 2890/4/1359 2892/4/1361 2893/4/1362
f 2897/4/1363 2894/4/1364 2895/4/1343
f 2895/4/1343 2896/4/1365 2897/4/1363
f 2898/4/1366 2899/4/1367 2900/4/1368
f 2898/4/1366 2900/4/1368 2901/4/1369
f 2905/4/1363 2902/4/1370 2903/4/1371
f 2903/4/1371 2904/4/1336 2905/4/1363
f 2909/4/1372 2906/4/1373 2907/4/1374
f 2907/4/1374 2908/4/1375 2909/4/1372
f 2910/4/1376 2911/4/1320 2912/4/1357
f 2910/4/1376 2912/4/1357 2913/4/1377
f 2914/4/1378 2915/4/1379 2916/4/1380
f 2914/4/1378 2916/4/1380 2917/4/1381
f 2921/4/1382 2918/4/1370 2919/4/1383
f 2919/4/1383 2920/4/1343 2921/4/1382
f 2925/4/1384 2922/4/1385 2923/4/1386
f 2923/4/1386 2924/4/1387 2925/4/1384
f 2926/4/1388 2927/4/1349 2928/4/1389
f 2926/4/1388 2928/4/1389 2929/4/1390
f 2931/4/1391 2932/4/1392 2933/4/1393
f 2930/4/1393 2931/4/1391 2933/4/1393
f 2934/4/1394 2935/4/1395 2936/4/1396
f 2934/4/1394 2936/4/1396 2937/4/1397
f 2940/4/1398 2941/4/1399 2938/4/1400
f 2938/4/1400 2939/4/1401 2940/4/1398
f 2945/4/1402 2942/4/1403 2943/4/1404
f 2943/4/1404 2944/4/1405 2945/4/1402
f 2947/4/1406 2948/4/1407 2949/4/1408
f 2946/4/1409 2947/4/1406 2949/4/1408
f 2953/4/1410 2950/4/1411 2951/4/1412
f 2951/4/1412 2952/4/1413 2953/4/1410
f 2957/4/1414 2954/4/1415 2955/4/1416
f 2955/4/1416 2956/4/1417 2957/4/1414
f 2958/4/1418 2959/4/1419 2960/4/1420
f 2958/4/1418 2960/4/1420 2961/4/1421
f 2962/4/1422 2963/4/1423 2964/4/1424
f 2962/4/1422 2964/4/1424 2965/4/1425
f 2968/4/1426 2969/4/1427 2966/4/1428
f 2966/4/1428 2967/4/1429 2968/4/1426
f 2972/4/1430 2973/4/1431 2970/4/1432
f 2970/4/1432 2971/4/1433 2972/4/1430
f 2977/4/1434 2974/4/1435 2975/4/1436
f 2975/4/1436 2976/4/1437 2977/4/1434
f 2979/4/1438 2980/4/1439 2981/4/1440
f 2978/4/1441 2979/4/1438 2981/4/1440
f 2983/4/1442 2984/4/1443 2985/4/1444
f 2982/4/1445 2983/4/1442 2985/4/1444
f 2986/4/1446 2987/4/1447 2988/4/1448
f 2986/4/1446 2988/4/1448 2989/4/1449
f 2991/4/1450 2992/4/1451 2993/4/1452
f 2990/4/1453 2991/4/1450 2993/4/1452
f 2984/4/1443 2983/4/1442 2994/4/1454
f 2994/4/1454 2995/4/1455 2984/4/1443
f 2996/4/1456 2997/4/1457 2998/4/1458
f 2996/4/1456 2998/4/1458 2999/4/1459
f 3003/4/1460 3000/4/1461 3001/4/1462
f 3001/4/1462 3002/4/1463 3003/4/1460
f 3005/4/1464 3006/4/1465 3007/4/1466
f 3004/4/1467 3005/4/1464 3007/4/1466
f 3009/4/1468 3010/4/1469 3011/4/1470
f 3008/4/1470 3009/4/1468 3011/4/1470
f 3012/4/1471 3013/4/1415 3014/4/1472
f 3012/4/1471 3014/4/1472 3015/4/1473
f 3016/4/1474 3017/4/1475 3018/4/1476
f 3016/4/1474 3018/4/1476 3019/4/1477
f 3022/4/1478 3023/4/1479 3020/4/1480
f 3020/4/1480 3021/4/1481 3022/4/1478
f 3025/4/1482 3026/4/1483 3027/4/1484
f 3024/4/1485 3025/4/1482 3027/4/1484
f 3028/4/1486 3029/4/1487 3014/4/1472
f 3013/4/1415 3028/4/1486 3014/4/1472
f 3029/4/1487 3028/4/1486 3024/4/1485
f 3024/4/1485 3027/4/1484 3029/4/1487
f 3019/4/1477 3022/4/1478 3021/4/1481
f 3021/4/1481 3016/4/1474 3019/4/1477
f 3031/4/1488 3018/4/1476 3017/4/1475
f 3017/4/1475 3030/4/1489 3031/4/1488
f 3032/4/1490 3008/4/1470 3011/4/1470
f 3032/4/1490 3011/4/1470 3033/4/1491
f 3035/4/1492 3034/4/1493 3004/4/1467
f 3004/4/1467 3007/4/1466 3035/4/1492
f 3006/4/1465 3005/4/1464 3000/4/1461
f 3000/4/1461 3003/4/1460 3006/4/1465
f 3037/4/1494 3002/4/1463 3001/4/1462
f 3001/4/1462 3036/4/1495 3037/4/1494
f 3033/4/1491 2998/4/1458 2997/4/1457
f 2997/4/1457 3032/4/1490 3033/4/1491
f 2995/4/1455 2994/4/1454 3038/4/1496
f 3038/4/1496 3039/4/1497 2995/4/1455
f 2991/4/1450 2986/4/1446 2989/4/1449
f 2991/4/1450 2989/4/1449 2992/4/1451
f 2987/4/1447 3040/4/1498 3041/4/1499
f 2987/4/1447 3041/4/1499 2988/4/1448
f 3043/4/1500 3042/4/1501 2982/4/1445
f 2982/4/1445 2985/4/1444 3043/4/1500
f 3047/4/1502 3044/4/1503 3045/4/1504
f 3045/4/1504 3046/4/1505 3047/4/1502
f 2974/4/1435 2977/4/1434 2980/4/1439
f 2979/4/1438 2974/4/1435 2980/4/1439
f 3049/4/1506 2976/4/1437 2975/4/1436
f 2975/4/1436 3048/4/1507 3049/4/1506
f 2971/4/1433 2966/4/1428 2969/4/1427
f 2971/4/1433 2969/4/1427 2972/4/1430
f 3047/4/1502 2968/4/1426 2967/4/1429
f 2967/4/1429 3044/4/1503 3047/4/1502
f 2965/4/1425 3051/4/1508 3050/4/1509
f 3050/4/1509 2962/4/1422 2965/4/1425
f 2961/4/1421 2964/4/1424 2963/4/1423
f 2963/4/1423 2958/4/1418 2961/4/1421
f 3052/4/1510 2954/4/1415 2957/4/1414
f 3052/4/1510 2957/4/1414 3053/4/1511
f 2956/4/1417 2955/4/1416 2950/4/1411
f 2950/4/1411 2953/4/1410 2956/4/1417
f 2942/4/1403 2945/4/1402 2948/4/1407
f 2947/4/1406 2942/4/1403 2948/4/1407
f 2944/4/1405 2943/4/1404 2938/4/1400
f 2938/4/1400 2941/4/1399 2944/4/1405
f 2937/4/1397 3055/4/1459 3054/4/1512
f 3054/4/1512 2934/4/1394 2937/4/1397
f 2935/4/1395 2930/4/1393 2933/4/1393
f 2935/4/1395 2933/4/1393 2936/4/1396
f 2929/4/1390 2916/4/1380 2915/4/1379
f 2915/4/1379 2926/4/1388 2929/4/1390
f 2922/4/1385 2925/4/1384 2928/4/1389
f 2927/4/1349 2922/4/1385 2928/4/1389
f 2918/4/1370 2921/4/1382 2924/4/1387
f 2923/4/1386 2918/4/1370 2924/4/1387
f 2917/4/1381 2920/4/1343 2919/4/1383
f 2919/4/1383 2914/4/1378 2917/4/1381
f 2913/4/1377 2900/4/1368 2899/4/1367
f 2899/4/1367 2910/4/1376 2913/4/1377
f 2906/4/1373 2909/4/1372 2912/4/1357
f 2911/4/1320 2906/4/1373 2912/4/1357
f 2902/4/1370 2905/4/1363 2908/4/1375
f 2907/4/1374 2902/4/1370 2908/4/1375
f 2901/4/1369 2904/4/1336 2903/4/1371
f 2903/4/1371 2898/4/1366 2901/4/1369
f 2894/4/1364 2897/4/1363 2884/4/1356
f 2883/4/1355 2894/4/1364 2884/4/1356
f 2893/4/1362 2896/4/1365 2895/4/1343
f 2895/4/1343 2890/4/1359 2893/4/1362
f 2889/4/1358 2892/4/1361 2891/4/1360
f 2891/4/1360 2886/4/1351 2889/4/1358
f 2882/4/1354 2885/4/1353 2888/4/1357
f 2887/4/1320 2882/4/1354 2888/4/1357
f 2881/4/1350 2868/4/1341 2867/4/1340
f 2867/4/1340 2878/4/1351 2881/4/1350
f 2874/4/1346 2877/4/1345 2880/4/1349
f 2879/4/1352 2874/4/1346 2880/4/1349
f 2870/4/1344 2873/4/1337 2876/4/1348
f 2875/4/1347 2870/4/1344 2876/4/1348
f 2869/4/1342 2872/4/1306 2871/4/1343
f 2871/4/1343 2866/4/1339 2869/4/1342
f 2862/4/1338 2865/4/1337 2852/4/1327
f 2851/4/1326 2862/4/1338 2852/4/1327
f 2863/4/1336 2858/4/1332 2861/4/1335
f 2863/4/1336 2861/4/1335 2864/4/1306
f 2857/4/1328 2860/4/1334 2859/4/1333
f 2859/4/1333 2854/4/1329 2857/4/1328
f 2850/4/1325 2853/4/1324 2856/4/1331
f 2855/4/1330 2850/4/1325 2856/4/1331
f 2849/4/1321 2836/4/1310 2835/4/1309
f 2835/4/1309 2846/4/1322 2849/4/1321
f 2842/4/1317 2845/4/1316 2848/4/1320
f 2847/4/1323 2842/4/1317 2848/4/1320
f 2838/4/1314 2841/4/1313 2844/4/1319
f 2843/4/1318 2838/4/1314 2844/4/1319
f 2837/4/1311 2840/4/1312 2839/4/1315
f 2839/4/1315 2834/4/1308 2837/4/1311
f 2830/4/1305 2833/4/1304 2820/4/1295
f 2819/4/1294 2830/4/1305 2820/4/1295
f 2829/4/1303 2832/4/1307 2831/4/1306
f 2831/4/1306 2826/4/1300 2829/4/1303
f 2825/4/1296 2828/4/1302 2827/4/1301
f 2827/4/1301 2822/4/1297 2825/4/1296
f 2818/4/1293 2821/4/1292 2824/4/1299
f 2823/4/1298 2818/4/1293 2824/4/1299
f 3057/4/1513 3058/4/1514 3059/4/1515
f 3056/4/1516 3057/4/1513 3059/4/1515
f 3026/4/1483 3025/4/1482 3060/4/1517
f 3060/4/1517 3061/4/1518 3026/4/1483
f 3056/4/1516 3059/4/1515 3061/4/1518
f 3060/4/1517 3056/4/1516 3061/4/1518
f 3058/4/1514 3057/4/1513 3020/4/1480
f 3020/4/1480 3023/4/1479 3058/4/1514
f 3063/4/1519 3064/4/1520 3065/4/1521
f 3062/4/1522 3063/4/1519 3065/4/1521
f 3031/4/1488 3030/4/1489 3062/4/1522
f 3062/4/1522 3065/4/1521 3031/4/1488
f 3064/4/1520 3063/4/1519 3012/4/1471
f 3012/4/1471 3015/4/1473 3064/4/1520
f 3035/4/1492 3067/4/1523 3066/4/1524
f 3066/4/1524 3034/4/1493 3035/4/1492
f 3069/4/1525 3010/4/1469 3009/4/1468
f 3009/4/1468 3068/4/1526 3069/4/1525
f 3068/4/1526 3066/4/1524 3067/4/1523
f 3068/4/1526 3067/4/1523 3069/4/1525
f 3070/4/1527 3071/4/1528 3072/4/1529
f 3070/4/1527 3072/4/1529 3073/4/1530
f 3073/4/1530 3037/4/1494 3036/4/1495
f 3036/4/1495 3070/4/1527 3073/4/1530
f 3071/4/1528 2996/4/1456 2999/4/1459
f 3071/4/1528 2999/4/1459 3072/4/1529
f 3030/4/1531 3017/4/1532 2995/4/1533
f 2995/4/1533 3039/4/1534 3030/4/1531
f 3016/4/1535 3021/4/1536 2985/4/1536
f 2985/4/1536 2984/4/1537 3016/4/1535
f 3043/4/1538 3020/4/1539 3057/4/1540
f 3074/4/1541 3043/4/1538 3057/4/1540
f 3056/4/1542 3060/4/1543 3075/4/1544
f 3075/4/1544 3076/4/1545 3056/4/1542
f 3025/4/1546 3024/4/1547 2988/4/1548
f 2988/4/1548 3041/4/1549 3025/4/1546
f 2989/4/1550 3028/4/1550 3013/4/1551
f 2992/4/1552 2989/4/1550 3013/4/1551
f 2993/4/1548 3012/4/1553 3063/4/1554
f 3077/4/1555 2993/4/1548 3063/4/1554
f 3063/4/1554 3062/4/1556 3078/4/1557
f 3078/4/1557 3077/4/1555 3063/4/1554
f 2992/4/1552 3013/4/1551 3012/4/1553
f 2993/4/1548 2992/4/1552 3012/4/1553
f 3024/4/1547 3028/4/1550 2989/4/1550
f 2989/4/1550 2988/4/1548 3024/4/1547
f 3075/4/1544 3060/4/1543 3025/4/1546
f 3041/4/1549 3075/4/1544 3025/4/1546
f 3074/4/1541 3057/4/1540 3056/4/1542
f 3076/4/1545 3074/4/1541 3056/4/1542
f 2985/4/1536 3021/4/1536 3020/4/1539
f 3043/4/1538 2985/4/1536 3020/4/1539
f 3017/4/1532 3016/4/1535 2984/4/1537
f 2984/4/1537 2995/4/1533 3017/4/1532
f 3062/4/1556 3030/4/1531 3039/4/1534
f 3039/4/1534 3078/4/1557 3062/4/1556
f 3070/4/1558 3036/4/1559 3046/4/1560
f 3046/4/1560 3079/4/1561 3070/4/1558
f 3047/4/1562 3001/4/1563 3000/4/1564
f 2968/4/1565 3047/4/1562 3000/4/1564
f 2969/4/1566 3005/4/1567 3004/4/1568
f 2972/4/1569 2969/4/1566 3004/4/1568
f 2973/4/1570 3034/4/1571 3066/4/1572
f 3080/4/1573 2973/4/1570 3066/4/1572
f 3068/4/1574 3009/4/1575 3049/4/1543
f 3049/4/1543 3081/4/1576 3068/4/1574
f 2976/4/1577 3008/4/1578 3032/4/1579
f 2977/4/1580 2976/4/1577 3032/4/1579
f 2997/4/1581 2996/4/1582 2981/4/1566
f 2981/4/1566 2980/4/1583 2997/4/1581
f 2996/4/1582 3071/4/1584 3082/4/1584
f 3082/4/1584 2981/4/1566 2996/4/1582
f 2977/4/1580 3032/4/1579 2997/4/1581
f 2980/4/1583 2977/4/1580 2997/4/1581
f 3009/4/1575 3008/4/1578 2976/4/1577
f 2976/4/1577 3049/4/1543 3009/4/1575
f 3080/4/1573 3066/4/1572 3068/4/1574
f 3081/4/1576 3080/4/1573 3068/4/1574
f 2972/4/1569 3004/4/1568 3034/4/1571
f 2973/4/1570 2972/4/1569 3034/4/1571
f 2968/4/1565 3000/4/1564 3005/4/1567
f 2969/4/1566 2968/4/1565 3005/4/1567
f 3036/4/1559 3001/4/1563 3047/4/1562
f 3047/4/1562 3046/4/1560 3036/4/1559
f 3082/4/1584 3071/4/1584 3070/4/1558
f 3079/4/1561 3082/4/1584 3070/4/1558
f 3083/4/1585 3084/4/1586 3077/4/1587
f 3083/4/1585 3077/4/1587 3078/4/1588
f 3078/4/1588 3039/4/1497 3038/4/1496
f 3038/4/1496 3083/4/1585 3078/4/1588
f 2993/4/1452 3077/4/1587 3084/4/1586
f 3084/4/1586 2990/4/1453 2993/4/1452
f 3085/4/1589 3042/4/1501 3043/4/1500
f 3085/4/1589 3043/4/1500 3074/4/1590
f 3086/4/1591 3087/4/1592 3076/4/1593
f 3086/4/1591 3076/4/1593 3075/4/1594
f 3075/4/1594 3041/4/1499 3040/4/1498
f 3040/4/1498 3086/4/1591 3075/4/1594
f 3087/4/1592 3085/4/1589 3074/4/1590
f 3087/4/1592 3074/4/1590 3076/4/1593
f 3089/4/1595 3082/4/1596 3079/4/1597
f 3088/4/1598 3089/4/1595 3079/4/1597
f 3088/4/1598 3079/4/1597 3046/4/1505
f 3045/4/1504 3088/4/1598 3046/4/1505
f 3082/4/1596 3089/4/1595 2978/4/1441
f 2978/4/1441 2981/4/1440 3082/4/1596
f 3091/4/1599 3080/4/1600 3081/4/1601
f 3090/4/1602 3091/4/1599 3081/4/1601
f 3049/4/1506 3048/4/1507 3090/4/1602
f 3090/4/1602 3081/4/1601 3049/4/1506
f 3080/4/1600 3091/4/1599 2970/4/1432
f 2970/4/1432 2973/4/1431 3080/4/1600
f 3087/4/1603 3086/4/1604 3092/4/1604
f 3092/4/1604 3093/4/1603 3087/4/1603
f 3040/4/1605 2987/4/1606 2953/4/1607
f 2953/4/1607 2952/4/1608 3040/4/1605
f 2986/4/1609 2991/4/1610 2957/4/1611
f 2957/4/1611 2956/4/1609 2986/4/1609
f 3053/4/1612 2990/4/1613 3084/4/1614
f 3094/4/1615 3053/4/1612 3084/4/1614
f 3083/4/1616 3038/4/1617 2960/4/1618
f 2960/4/1618 3095/4/1619 3083/4/1616
f 2961/4/1620 2994/4/1621 2983/4/1622
f 2964/4/1623 2961/4/1620 2983/4/1622
f 2965/4/1624 2982/4/1624 3042/4/1625
f 3051/4/1626 2965/4/1624 3042/4/1625
f 3051/4/1626 3042/4/1625 3085/4/1627
f 3096/4/1628 3051/4/1626 3085/4/1627
f 2983/4/1622 2982/4/1624 2965/4/1624
f 2965/4/1624 2964/4/1623 2983/4/1622
f 3038/4/1617 2994/4/1621 2961/4/1620
f 2961/4/1620 2960/4/1618 3038/4/1617
f 3094/4/1615 3084/4/1614 3083/4/1616
f 3095/4/1619 3094/4/1615 3083/4/1616
f 2957/4/1611 2991/4/1610 2990/4/1613
f 3053/4/1612 2957/4/1611 2990/4/1613
f 2987/4/1606 2986/4/1609 2956/4/1609
f 2956/4/1609 2953/4/1607 2987/4/1606
f 3086/4/1604 3040/4/1605 2952/4/1608
f 2952/4/1608 3092/4/1604 3086/4/1604
f 3096/4/1628 3085/4/1627 3087/4/1603
f 3093/4/1603 3096/4/1628 3087/4/1603
f 2949/4/1629 2970/4/1630 3091/4/1631
f 3097/4/1632 2949/4/1629 3091/4/1631
f 3090/4/1633 3048/4/1634 2932/4/1635
f 2932/4/1635 3098/4/1636 3090/4/1633
f 2933/4/1637 2975/4/1638 2974/4/1626
f 2936/4/1628 2933/4/1637 2974/4/1626
f 2937/4/1639 2979/4/1640 2978/4/1641
f 3055/4/1642 2937/4/1639 2978/4/1641
f 3100/4/1643 3089/4/1644 3088/4/1645
f 3099/4/1645 3100/4/1643 3088/4/1645
f 3045/4/1646 3044/4/1647 2941/4/1648
f 2941/4/1648 2940/4/1646 3045/4/1646
f 2944/4/1649 2967/4/1650 2966/4/1651
f 2945/4/1652 2944/4/1649 2966/4/1651
f 2966/4/1651 2971/4/1653 2948/4/1654
f 2948/4/1654 2945/4/1652 2966/4/1651
f 2941/4/1648 3044/4/1647 2967/4/1650
f 2944/4/1649 2941/4/1648 2967/4/1650
f 3088/4/1645 3045/4/1646 2940/4/1646
f 2940/4/1646 3099/4/1645 3088/4/1645
f 3055/4/1642 2978/4/1641 3089/4/1644
f 3100/4/1643 3055/4/1642 3089/4/1644
f 2936/4/1628 2974/4/1626 2979/4/1640
f 2937/4/1639 2936/4/1628 2979/4/1640
f 3048/4/1634 2975/4/1638 2933/4/1637
f 2933/4/1637 2932/4/1635 3048/4/1634
f 3091/4/1631 3090/4/1633 3098/4/1636
f 3098/4/1636 3097/4/1632 3091/4/1631
f 2948/4/1654 2971/4/1653 2970/4/1630
f 2949/4/1629 2948/4/1654 2970/4/1630
f 3050/4/1509 3051/4/1508 3096/4/1514
f 3101/4/1655 3050/4/1509 3096/4/1514
f 3103/4/1656 3093/4/1657 3092/4/1658
f 3102/4/1659 3103/4/1656 3092/4/1658
f 3102/4/1659 3092/4/1658 2952/4/1413
f 2951/4/1412 3102/4/1659 2952/4/1413
f 3093/4/1657 3103/4/1656 3101/4/1655
f 3101/4/1655 3096/4/1514 3093/4/1657
f 3094/4/1660 3104/4/1661 3052/4/1510
f 3052/4/1510 3053/4/1511 3094/4/1660
f 2960/4/1420 2959/4/1419 3105/4/1662
f 3105/4/1662 3095/4/1663 2960/4/1420
f 3104/4/1661 3094/4/1660 3095/4/1663
f 3105/4/1662 3104/4/1661 3095/4/1663
f 3097/4/1664 3098/4/1665 3106/4/1526
f 3106/4/1526 3107/4/1666 3097/4/1664
f 3107/4/1666 2946/4/1409 2949/4/1408
f 3107/4/1666 2949/4/1408 3097/4/1664
f 2931/4/1391 3106/4/1526 3098/4/1665
f 2931/4/1391 3098/4/1665 2932/4/1392
f 3108/4/1667 3054/4/1512 3055/4/1459
f 3108/4/1667 3055/4/1459 3100/4/1668
f 2939/4/1401 3109/4/1527 3099/4/1669
f 2939/4/1401 3099/4/1669 2940/4/1398
f 3100/4/1668 3099/4/1669 3109/4/1527
f 3109/4/1527 3108/4/1667 3100/4/1668
f 5716/4/4210 5713/4/4211 5714/4/4212
f 5714/4/4212 5715/4/4213 5716/4/4210
f 5714/4/4212 5713/4/4211 5717/4/4214
f 5717/4/4214 5718/4/4215 5714/4/4212
f 5717/4/4214 5719/4/4216 5720/4/4217
f 5720/4/4217 5718/4/4215 5717/4/4214
f 5719/4/4216 5721/4/4218 5722/4/4219
f 5722/4/4219 5720/4/4217 5719/4/4216
f 5721/4/4218 5723/4/4220 5724/4/4221
f 5724/4/4221 5722/4/4219 5721/4/4218
f 5724/4/4221 5723/4/4220 5725/4/4222
f 5725/4/4222 5726/4/4223 5724/4/4221
f 5725/4/4222 5727/4/4224 5728/4/4225
f 5728/4/4225 5726/4/4223 5725/4/4222
f 5727/4/4224 5729/4/4226 5730/4/4227
f 5730/4/4227 5728/4/4225 5727/4/4224
f 5730/4/4227 5729/4/4226 5731/4/4228
f 5731/4/4228 5732/4/4229 5730/4/4227
f 5731/4/4228 5733/4/4230 5734/4/4231
f 5734/4/4231 5732/4/4229 5731/4/4228
f 5734/4/4231 5733/4/4230 5735/4/4232
f 5735/4/4232 5736/4/4233 5734/4/4231
f 5736/4/4233 5735/4/4232 5737/4/4234
f 5737/4/4234 5738/4/4235 5736/4/4233
f 5738/4/4235 5737/4/4234 5739/4/4236
f 5739/4/4236 5740/4/4237 5738/4/4235
f 5739/4/4236 5741/4/4238 5742/4/4239
f 5742/4/4239 5740/4/4237 5739/4/4236
f 5741/4/4238 5743/4/4240 5744/4/4241
f 5744/4/4241 5742/4/4239 5741/4/4238
f 5744/4/4241 5743/4/4240 5745/4/4242
f 5745/4/4242 5746/4/4243 5744/4/4241
f 5745/4/4242 5747/4/4244 5748/4/4245
f 5748/4/4245 5746/4/4243 5745/4/4242
f 5748/4/4245 5747/4/4244 5716/4/4210
f 5716/4/4210 5715/4/4213 5748/4/4245
f 5750/4/4246 5749/4/4247 5716/4/4210
f 5716/4/4210 5747/4/4244 5750/4/4246
f 5751/4/4248 5750/4/4246 5747/4/4244
f 5747/4/4244 5745/4/4242 5751/4/4248
f 5752/4/4249 5751/4/4248 5745/4/4242
f 5745/4/4242 5743/4/4240 5752/4/4249
f 5741/4/4238 5753/4/4250 5752/4/4249
f 5752/4/4249 5743/4/4240 5741/4/4238
f 5754/4/4251 5753/4/4250 5741/4/4238
f 5741/4/4238 5739/4/4236 5754/4/4251
f 5737/4/4234 5755/4/4252 5754/4/4251
f 5754/4/4251 5739/4/4236 5737/4/4234
f 5735/4/4232 5756/4/4253 5755/4/4252
f 5755/4/4252 5737/4/4234 5735/4/4232
f 5733/4/4230 5757/4/4254 5756/4/4253
f 5756/4/4253 5735/4/4232 5733/4/4230
f 5731/4/4228 5758/4/4255 5757/4/4254
f 5757/4/4254 5733/4/4230 5731/4/4228
f 5729/4/4226 5759/4/4256 5758/4/4255
f 5758/4/4255 5731/4/4228 5729/4/4226
f 5760/4/4257 5759/4/4256 5729/4/4226
f 5729/4/4226 5727/4/4224 5760/4/4257
f 5761/4/4258 5760/4/4257 5727/4/4224
f 5727/4/4224 5725/4/4222 5761/4/4258
f 5723/4/4220 5762/4/4259 5761/4/4258
f 5761/4/4258 5725/4/4222 5723/4/4220
f 5721/4/4218 5763/4/4260 5762/4/4259
f 5762/4/4259 5723/4/4220 5721/4/4218
f 5719/4/4216 5764/4/4261 5763/4/4260
f 5763/4/4260 5721/4/4218 5719/4/4216
f 5717/4/4214 5765/4/4262 5764/4/4261
f 5764/4/4261 5719/4/4216 5717/4/4214
f 5713/4/4211 5766/4/4263 5765/4/4262
f 5765/4/4262 5717/4/4214 5713/4/4211
f 5749/4/4247 5766/4/4263 5713/4/4211
f 5713/4/4211 5716/4/4210 5749/4/4247
f 5766/4/4263 5749/4/4247 5768/4/4264
f 5767/4/4265 5766/4/4263 5768/4/4264
f 5765/4/4262 5766/4/4263 5767/4/4265
f 5769/4/4266 5765/4/4262 5767/4/4265
f 5764/4/4261 5765/4/4262 5769/4/4266
f 5770/4/4267 5764/4/4261 5769/4/4266
f 5763/4/4260 5764/4/4261 5770/4/4267
f 5771/4/4268 5763/4/4260 5770/4/4267
f 5762/4/4259 5763/4/4260 5771/4/4268
f 5772/4/4269 5762/4/4259 5771/4/4268
f 5761/4/4258 5762/4/4259 5772/4/4269
f 5773/4/4270 5761/4/4258 5772/4/4269
f 5774/4/4271 5760/4/4257 5761/4/4258
f 5774/4/4271 5761/4/4258 5773/4/4270
f 5775/4/4272 5759/4/4256 5760/4/4257
f 5775/4/4272 5760/4/4257 5774/4/4271
f 5776/4/4273 5758/4/4255 5759/4/4256
f 5776/4/4273 5759/4/4256 5775/4/4272
f 5777/4/4274 5757/4/4254 5758/4/4255
f 5777/4/4274 5758/4/4255 5776/4/4273
f 5778/4/4275 5756/4/4253 5757/4/4254
f 5778/4/4275 5757/4/4254 5777/4/4274
f 5755/4/4252 5756/4/4253 5778/4/4275
f 5779/4/4276 5755/4/4252 5778/4/4275
f 5754/4/4251 5755/4/4252 5779/4/4276
f 5780/4/4277 5754/4/4251 5779/4/4276
f 5781/4/4278 5753/4/4250 5754/4/4251
f 5781/4/4278 5754/4/4251 5780/4/4277
f 5782/4/4279 5752/4/4249 5753/4/4250
f 5782/4/4279 5753/4/4250 5781/4/4278
f 5751/4/4248 5752/4/4249 5782/4/4279
f 5783/4/4280 5751/4/4248 5782/4/4279
f 5784/4/4281 5750/4/4246 5751/4/4248
f 5784/4/4281 5751/4/4248 5783/4/4280
f 5749/4/4247 5750/4/4246 5784/4/4281
f 5768/4/4264 5749/4/4247 5784/4/4281
f 5784/4/4282 5786/4/4283 5785/4/4284
f 5785/4/4284 5768/4/4285 5784/4/4282
f 5783/4/4286 5787/4/4287 5786/4/4283
f 5786/4/4283 5784/4/4282 5783/4/4286
f 5782/4/4288 5788/4/4289 5787/4/4287
f 5787/4/4287 5783/4/4286 5782/4/4288
f 5781/4/4290 5789/4/4291 5788/4/4289
f 5788/4/4289 5782/4/4288 5781/4/4290
f 5790/4/4292 5789/4/4291 5781/4/4290
f 5781/4/4290 5780/4/4293 5790/4/4292
f 5791/4/4294 5790/4/4292 5780/4/4293
f 5780/4/4293 5779/4/4295 5791/4/4294
f 5778/4/4296 5792/4/4297 5791/4/4294
f 5791/4/4294 5779/4/4295 5778/4/4296
f 5793/4/4298 5792/4/4297 5778/4/4296
f 5778/4/4296 5777/4/4299 5793/4/4298
f 5794/4/4300 5793/4/4298 5777/4/4299
f 5777/4/4299 5776/4/4301 5794/4/4300
f 5795/4/4302 5794/4/4300 5776/4/4301
f 5776/4/4301 5775/4/4303 5795/4/4302
f 5774/4/4304 5796/4/4305 5795/4/4302
f 5795/4/4302 5775/4/4303 5774/4/4304
f 5797/4/4306 5796/4/4305 5774/4/4304
f 5774/4/4304 5773/4/4307 5797/4/4306
f 5772/4/4308 5798/4/4309 5797/4/4306
f 5797/4/4306 5773/4/4307 5772/4/4308
f 5771/4/4310 5799/4/4311 5798/4/4309
f 5798/4/4309 5772/4/4308 5771/4/4310
f 5800/4/4312 5799/4/4311 5771/4/4310
f 5771/4/4310 5770/4/4313 5800/4/4312
f 5801/4/4314 5800/4/4312 5770/4/4313
f 5770/4/4313 5769/4/4315 5801/4/4314
f 5767/4/4316 5802/4/4317 5801/4/4314
f 5801/4/4314 5769/4/4315 5767/4/4316
f 5768/4/4285 5785/4/4284 5802/4/4317
f 5802/4/4317 5767/4/4316 5768/4/4285
f 5785/4/4284 5804/4/4318 5803/4/4319
f 5803/4/4319 5802/4/4317 5785/4/4284
f 5803/4/4319 5805/4/4320 5801/4/4314
f 5801/4/4314 5802/4/4317 5803/4/4319
f 5800/4/4312 5801/4/4314 5805/4/4320
f 5806/4/4321 5800/4/4312 5805/4/4320
f 5807/4/4322 5799/4/4311 5800/4/4312
f 5807/4/4322 5800/4/4312 5806/4/4321
f 5807/4/4322 5808/4/4323 5798/4/4309
f 5798/4/4309 5799/4/4311 5807/4/4322
f 5797/4/4306 5798/4/4309 5808/4/4323
f 5809/4/4324 5797/4/4306 5808/4/4323
f 5809/4/4324 5810/4/4325 5796/4/4305
f 5796/4/4305 5797/4/4306 5809/4/4324
f 5795/4/4302 5796/4/4305 5810/4/4325
f 5811/4/4326 5795/4/4302 5810/4/4325
f 5811/4/4326 5812/4/4327 5794/4/4300
f 5794/4/4300 5795/4/4302 5811/4/4326
f 5793/4/4298 5794/4/4300 5812/4/4327
f 5813/4/4328 5793/4/4298 5812/4/4327
f 5814/4/4329 5792/4/4297 5793/4/4298
f 5814/4/4329 5793/4/4298 5813/4/4328
f 5814/4/4329 5815/4/4330 5791/4/4294
f 5791/4/4294 5792/4/4297 5814/4/4329
f 5816/4/4331 5790/4/4292 5791/4/4294
f 5816/4/4331 5791/4/4294 5815/4/4330
f 5790/4/4292 5816/4/4331 5817/4/4332
f 5817/4/4332 5789/4/4291 5790/4/4292
f 5817/4/4332 5818/4/4333 5788/4/4289
f 5788/4/4289 5789/4/4291 5817/4/4332
f 5787/4/4287 5788/4/4289 5818/4/4333
f 5819/4/4334 5787/4/4287 5818/4/4333
f 5819/4/4334 5820/4/4335 5786/4/4283
f 5786/4/4283 5787/4/4287 5819/4/4334
f 5820/4/4335 5804/4/4318 5785/4/4284
f 5785/4/4284 5786/4/4283 5820/4/4335
f 5804/4/4318 5820/4/4335 5822/4/4336
f 5821/4/4337 5804/4/4318 5822/4/4336
f 5822/4/4336 5820/4/4335 5819/4/4334
f 5822/4/4336 5819/4/4334 5823/4/4338
f 5823/4/4338 5819/4/4334 5818/4/4333
f 5823/4/4338 5818/4/4333 5824/4/4339
f 5818/4/4333 5817/4/4332 5825/4/4340
f 5824/4/4339 5818/4/4333 5825/4/4340
f 5817/4/4332 5816/4/4331 5826/4/4341
f 5825/4/4340 5817/4/4332 5826/4/4341
f 5826/4/4341 5816/4/4331 5815/4/4330
f 5826/4/4341 5815/4/4330 5827/4/4342
f 5815/4/4330 5814/4/4329 5828/4/4343
f 5827/4/4342 5815/4/4330 5828/4/4343
f 5814/4/4329 5813/4/4328 5829/4/4344
f 5828/4/4343 5814/4/4329 5829/4/4344
f 5829/4/4344 5813/4/4328 5812/4/4327
f 5829/4/4344 5812/4/4327 5830/4/4345
f 5812/4/4327 5811/4/4326 5831/4/4346
f 5830/4/4345 5812/4/4327 5831/4/4346
f 5831/4/4346 5811/4/4326 5810/4/4325
f 5831/4/4346 5810/4/4325 5832/4/4347
f 5832/4/4347 5810/4/4325 5809/4/4324
f 5832/4/4347 5809/4/4324 5833/4/4348
f 5809/4/4324 5808/4/4323 5834/4/4349
f 5833/4/4348 5809/4/4324 5834/4/4349
f 5834/4/4349 5808/4/4323 5807/4/4322
f 5834/4/4349 5807/4/4322 5835/4/4350
f 5835/4/4350 5807/4/4322 5806/4/4321
f 5835/4/4350 5806/4/4321 5836/4/4351
f 5836/4/4351 5806/4/4321 5805/4/4320
f 5836/4/4351 5805/4/4320 5837/4/4352
f 5805/4/4320 5803/4/4319 5838/4/4353
f 5837/4/4352 5805/4/4320 5838/4/4353
f 5838/4/4353 5803/4/4319 5804/4/4318
f 5838/4/4353 5804/4/4318 5821/4/4337
f 5840/4/4354 5839/4/4355 5838/4/4356
f 5838/4/4356 5821/4/4357 5840/4/4354
f 5838/4/4356 5839/4/4355 5841/4/4358
f 5841/4/4358 5837/4/4359 5838/4/4356
f 5837/4/4359 5841/4/4358 5842/4/4360
f 5842/4/4360 5836/4/4361 5837/4/4359
f 5842/4/4360 5843/4/4362 5835/4/4363
f 5835/4/4363 5836/4/4361 5842/4/4360
f 5843/4/4362 5844/4/4364 5834/4/4365
f 5834/4/4365 5835/4/4363 5843/4/4362
f 5834/4/4365 5844/4/4364 5845/4/4366
f 5845/4/4366 5833/4/4367 5834/4/4365
f 5845/4/4366 5846/4/4368 5832/4/4369
f 5832/4/4369 5833/4/4367 5845/4/4366
f 5846/4/4368 5847/4/4370 5831/4/4371
f 5831/4/4371 5832/4/4369 5846/4/4368
f 5831/4/4371 5847/4/4370 5848/4/4372
f 5848/4/4372 5830/4/4373 5831/4/4371
f 5830/4/4373 5848/4/4372 5849/4/4374
f 5849/4/4374 5829/4/4375 5830/4/4373
f 5849/4/4374 5850/4/4376 5828/4/4377
f 5828/4/4377 5829/4/4375 5849/4/4374
f 5850/4/4376 5851/4/4378 5827/4/4379
f 5827/4/4379 5828/4/4377 5850/4/4376
f 5827/4/4379 5851/4/4378 5852/4/4380
f 5852/4/4380 5826/4/4381 5827/4/4379
f 5826/4/4381 5852/4/4380 5853/4/4382
f 5853/4/4382 5825/4/4383 5826/4/4381
f 5825/4/4383 5853/4/4382 5854/4/4384
f 5854/4/4384 5824/4/4385 5825/4/4383
f 5824/4/4385 5854/4/4384 5855/4/4386
f 5855/4/4386 5823/4/4387 5824/4/4385
f 5855/4/4386 5856/4/4388 5822/4/4389
f 5822/4/4389 5823/4/4387 5855/4/4386
f 5856/4/4388 5840/4/4354 5821/4/4357
f 5821/4/4357 5822/4/4389 5856/4/4388
f 5858/4/4390 5857/4/4391 5840/4/4354
f 5840/4/4354 5856/4/4388 5858/4/4390
f 5855/4/4386 5859/4/4392 5858/4/4390
f 5858/4/4390 5856/4/4388 5855/4/4386
f 5859/4/4392 5855/4/4386 5854/4/4384
f 5859/4/4392 5854/4/4384 5860/4/4393
f 5860/4/4393 5854/4/4384 5853/4/4382
f 5860/4/4393 5853/4/4382 5861/4/4394
f 5862/4/4395 5861/4/4394 5853/4/4382
f 5853/4/4382 5852/4/4380 5862/4/4395
f 5852/4/4380 5851/4/4378 5863/4/4396
f 5862/4/4395 5852/4/4380 5863/4/4396
f 5850/4/4376 5864/4/4397 5863/4/4396
f 5863/4/4396 5851/4/4378 5850/4/4376
f 5864/4/4397 5850/4/4376 5849/4/4374
f 5864/4/4397 5849/4/4374 5865/4/4398
f 5866/4/4399 5865/4/4398 5849/4/4374
f 5849/4/4374 5848/4/4372 5866/4/4399
f 5847/4/4370 5867/4/4400 5866/4/4399
f 5866/4/4399 5848/4/4372 5847/4/4370
f 5867/4/4400 5847/4/4370 5846/4/4368
f 5867/4/4400 5846/4/4368 5868/4/4401
f 5868/4/4401 5846/4/4368 5845/4/4366
f 5868/4/4401 5845/4/4366 5869/4/4402
f 5845/4/4366 5844/4/4364 5870/4/4403
f 5869/4/4402 5845/4/4366 5870/4/4403
f 5871/4/4404 5870/4/4403 5844/4/4364
f 5844/4/4364 5843/4/4362 5871/4/4404
f 5872/4/4405 5871/4/4404 5843/4/4362
f 5843/4/4362 5842/4/4360 5872/4/4405
f 5841/4/4358 5873/4/4406 5872/4/4405
f 5872/4/4405 5842/4/4360 5841/4/4358
f 5839/4/4355 5874/4/4407 5873/4/4406
f 5873/4/4406 5841/4/4358 5839/4/4355
f 5840/4/4354 5857/4/4391 5874/4/4407
f 5874/4/4407 5839/4/4355 5840/4/4354
f 5875/4/4408 5874/4/4407 5857/4/4391
f 5875/4/4408 5857/4/4391 5876/4/4409
f 5873/4/4406 5874/4/4407 5875/4/4408
f 5877/4/4410 5873/4/4406 5875/4/4408
f 5878/4/4411 5872/4/4405 5873/4/4406
f 5878/4/4411 5873/4/4406 5877/4/4410
f 5879/4/4412 5871/4/4404 5872/4/4405
f 5879/4/4412 5872/4/4405 5878/4/4411
f 5880/4/4413 5870/4/4403 5871/4/4404
f 5880/4/4413 5871/4/4404 5879/4/4412
f 5869/4/4402 5870/4/4403 5880/4/4413
f 5881/4/4414 5869/4/4402 5880/4/4413
f 5882/4/4415 5868/4/4401 5869/4/4402
f 5882/4/4415 5869/4/4402 5881/4/4414
f 5883/4/4416 5867/4/4400 5868/4/4401
f 5883/4/4416 5868/4/4401 5882/4/4415
f 5866/4/4399 5867/4/4400 5883/4/4416
f 5884/4/4417 5866/4/4399 5883/4/4416
f 5865/4/4398 5866/4/4399 5884/4/4417
f 5885/4/4418 5865/4/4398 5884/4/4417
f 5864/4/4397 5865/4/4398 5885/4/4418
f 5886/4/4419 5864/4/4397 5885/4/4418
f 5863/4/4396 5864/4/4397 5886/4/4419
f 5887/4/4420 5863/4/4396 5886/4/4419
f 5862/4/4395 5863/4/4396 5887/4/4420
f 5888/4/4421 5862/4/4395 5887/4/4420
f 5861/4/4394 5862/4/4395 5888/4/4421
f 5889/4/4422 5861/4/4394 5888/4/4421
f 5860/4/4393 5861/4/4394 5889/4/4422
f 5890/4/4423 5860/4/4393 5889/4/4422
f 5859/4/4392 5860/4/4393 5890/4/4423
f 5891/4/4424 5859/4/4392 5890/4/4423
f 5858/4/4390 5859/4/4392 5891/4/4424
f 5892/4/4425 5858/4/4390 5891/4/4424
f 5876/4/4409 5857/4/4391 5858/4/4390
f 5876/4/4409 5858/4/4390 5892/4/4425
f 5892/4/4426 5894/4/4427 5893/4/4428
f 5893/4/4428 5876/4/4429 5892/4/4426
f 5895/4/4430 5894/4/4427 5892/4/4426
f 5892/4/4426 5891/4/4431 5895/4/4430
f 5896/4/4432 5895/4/4430 5891/4/4431
f 5891/4/4431 5890/4/4433 5896/4/4432
f 5889/4/4434 5897/4/4435 5896/4/4432
f 5896/4/4432 5890/4/4433 5889/4/4434
f 5898/4/4436 5897/4/4435 5889/4/4434
f 5889/4/4434 5888/4/4437 5898/4/4436
f 5887/4/4438 5899/4/4439 5898/4/4436
f 5898/4/4436 5888/4/4437 5887/4/4438
f 5886/4/4440 5900/4/4441 5899/4/4439
f 5899/4/4439 5887/4/4438 5886/4/4440
f 5885/4/4375 5901/4/4442 5900/4/4441
f 5900/4/4441 5886/4/4440 5885/4/4375
f 5902/4/4443 5901/4/4442 5885/4/4375
f 5885/4/4375 5884/4/4444 5902/4/4443
f 5883/4/4371 5903/4/4445 5902/4/4443
f 5902/4/4443 5884/4/4444 5883/4/4371
f 5904/4/4446 5903/4/4445 5883/4/4371
f 5883/4/4371 5882/4/4447 5904/4/4446
f 5905/4/4448 5904/4/4446 5882/4/4447
f 5882/4/4447 5881/4/4449 5905/4/4448
f 5880/4/4450 5906/4/4451 5905/4/4448
f 5905/4/4448 5881/4/4449 5880/4/4450
f 5879/4/4452 5907/4/4453 5906/4/4451
f 5906/4/4451 5880/4/4450 5879/4/4452
f 5908/4/4360 5907/4/4453 5879/4/4452
f 5879/4/4452 5878/4/4454 5908/4/4360
f 5877/4/4359 5909/4/4358 5908/4/4360
f 5908/4/4360 5878/4/4454 5877/4/4359
f 5875/4/4356 5910/4/4455 5909/4/4358
f 5909/4/4358 5877/4/4359 5875/4/4356
f 5893/4/4428 5910/4/4455 5875/4/4356
f 5875/4/4356 5876/4/4429 5893/4/4428
f 5910/4/4455 5893/4/4428 5912/4/4456
f 5911/4/4457 5910/4/4455 5912/4/4456
f 5913/4/4458 5909/4/4358 5910/4/4455
f 5913/4/4458 5910/4/4455 5911/4/4457
f 5909/4/4358 5913/4/4458 5914/4/4459
f 5914/4/4459 5908/4/4360 5909/4/4358
f 5907/4/4453 5908/4/4360 5914/4/4459
f 5915/4/4460 5907/4/4453 5914/4/4459
f 5916/4/4461 5906/4/4451 5907/4/4453
f 5916/4/4461 5907/4/4453 5915/4/4460
f 5917/4/4462 5905/4/4448 5906/4/4451
f 5917/4/4462 5906/4/4451 5916/4/4461
f 5905/4/4448 5917/4/4462 5918/4/4463
f 5918/4/4463 5904/4/4446 5905/4/4448
f 5903/4/4445 5904/4/4446 5918/4/4463
f 5919/4/4464 5903/4/4445 5918/4/4463
f 5920/4/4465 5902/4/4443 5903/4/4445
f 5920/4/4465 5903/4/4445 5919/4/4464
f 5902/4/4443 5920/4/4465 5921/4/4466
f 5921/4/4466 5901/4/4442 5902/4/4443
f 5901/4/4442 5921/4/4466 5922/4/4467
f 5922/4/4467 5900/4/4441 5901/4/4442
f 5922/4/4467 5923/4/4468 5899/4/4439
f 5899/4/4439 5900/4/4441 5922/4/4467
f 5898/4/4436 5899/4/4439 5923/4/4468
f 5924/4/4469 5898/4/4436 5923/4/4468
f 5925/4/4470 5897/4/4435 5898/4/4436
f 5925/4/4470 5898/4/4436 5924/4/4469
f 5925/4/4470 5926/4/4471 5896/4/4432
f 5896/4/4432 5897/4/4435 5925/4/4470
f 5927/4/4472 5895/4/4430 5896/4/4432
f 5927/4/4472 5896/4/4432 5926/4/4471
f 5895/4/4430 5927/4/4472 5928/4/4473
f 5928/4/4473 5894/4/4427 5895/4/4430
f 5928/4/4473 5912/4/4456 5893/4/4428
f 5893/4/4428 5894/4/4427 5928/4/4473
f 5912/4/4456 5928/4/4473 5930/4/4474
f 5929/4/4475 5912/4/4456 5930/4/4474
f 5928/4/4473 5927/4/4472 5931/4/4476
f 5930/4/4474 5928/4/4473 5931/4/4476
f 5931/4/4476 5927/4/4472 5926/4/4471
f 5931/4/4476 5926/4/4471 5932/4/4477
f 5932/4/4477 5926/4/4471 5925/4/4470
f 5932/4/4477 5925/4/4470 5933/4/4478
f 5933/4/4478 5925/4/4470 5924/4/4469
f 5933/4/4478 5924/4/4469 5934/4/4479
f 5934/4/4479 5924/4/4469 5923/4/4468
f 5934/4/4479 5923/4/4468 5935/4/4480
f 5935/4/4480 5923/4/4468 5922/4/4467
f 5935/4/4480 5922/4/4467 5936/4/4481
f 5922/4/4467 5921/4/4466 5937/4/4482
f 5936/4/4481 5922/4/4467 5937/4/4482
f 5937/4/4482 5921/4/4466 5920/4/4465
f 5937/4/4482 5920/4/4465 5938/4/4483
f 5920/4/4465 5919/4/4464 5939/4/4484
f 5938/4/4483 5920/4/4465 5939/4/4484
f 5939/4/4484 5919/4/4464 5918/4/4463
f 5939/4/4484 5918/4/4463 5940/4/4485
f 5918/4/4463 5917/4/4462 5941/4/4486
f 5940/4/4485 5918/4/4463 5941/4/4486
f 5917/4/4462 5916/4/4461 5942/4/4487
f 5941/4/4486 5917/4/4462 5942/4/4487
f 5916/4/4461 5915/4/4460 5943/4/4488
f 5942/4/4487 5916/4/4461 5943/4/4488
f 5915/4/4460 5914/4/4459 5944/4/4489
f 5943/4/4488 5915/4/4460 5944/4/4489
f 5914/4/4459 5913/4/4458 5945/4/4490
f 5944/4/4489 5914/4/4459 5945/4/4490
f 5913/4/4458 5911/4/4457 5946/4/4491
f 5945/4/4490 5913/4/4458 5946/4/4491
f 5946/4/4491 5911/4/4457 5912/4/4456
f 5946/4/4491 5912/4/4456 5929/4/4475
f 5948/4/4492 5947/4/4493 5946/4/4491
f 5946/4/4491 5929/4/4475 5948/4/4492
f 5947/4/4493 5949/4/4494 5945/4/4490
f 5945/4/4490 5946/4/4491 5947/4/4493
f 5945/4/4490 5949/4/4494 5950/4/4495
f 5950/4/4495 5944/4/4489 5945/4/4490
f 5944/4/4489 5950/4/4495 5951/4/4496
f 5951/4/4496 5943/4/4488 5944/4/4489
f 5943/4/4488 5951/4/4496 5952/4/4497
f 5952/4/4497 5942/4/4487 5943/4/4488
f 5942/4/4487 5952/4/4497 5953/4/4498
f 5953/4/4498 5941/4/4486 5942/4/4487
f 5953/4/4498 5954/4/4499 5940/4/4485
f 5940/4/4485 5941/4/4486 5953/4/4498
f 5954/4/4499 5955/4/4226 5939/4/4484
f 5939/4/4484 5940/4/4485 5954/4/4499
f 5939/4/4484 5955/4/4226 5956/4/4500
f 5956/4/4500 5938/4/4483 5939/4/4484
f 5938/4/4483 5956/4/4500 5957/4/4501
f 5957/4/4501 5937/4/4482 5938/4/4483
f 5957/4/4501 5958/4/4502 5936/4/4481
f 5936/4/4481 5937/4/4482 5957/4/4501
f 5958/4/4502 5959/4/4503 5935/4/4480
f 5935/4/4480 5936/4/4481 5958/4/4502
f 5959/4/4503 5960/4/4504 5934/4/4479
f 5934/4/4479 5935/4/4480 5959/4/4503
f 5934/4/4479 5960/4/4504 5961/4/4505
f 5961/4/4505 5933/4/4478 5934/4/4479
f 5933/4/4478 5961/4/4505 5962/4/4506
f 5962/4/4506 5932/4/4477 5933/4/4478
f 5932/4/4477 5962/4/4506 5963/4/4507
f 5963/4/4507 5931/4/4476 5932/4/4477
f 5931/4/4476 5963/4/4507 5964/4/4508
f 5964/4/4508 5930/4/4474 5931/4/4476
f 5930/4/4474 5964/4/4508 5948/4/4492
f 5948/4/4492 5929/4/4475 5930/4/4474
f 5964/4/4508 5966/4/4509 5965/4/4510
f 5965/4/4510 5948/4/4492 5964/4/4508
f 5967/4/4511 5966/4/4509 5964/4/4508
f 5964/4/4508 5963/4/4507 5967/4/4511
f 5968/4/4512 5967/4/4511 5963/4/4507
f 5963/4/4507 5962/4/4506 5968/4/4512
f 5969/4/4513 5968/4/4512 5962/4/4506
f 5962/4/4506 5961/4/4505 5969/4/4513
f 5970/4/4514 5969/4/4513 5961/4/4505
f 5961/4/4505 5960/4/4504 5970/4/4514
f 5959/4/4503 5971/4/4515 5970/4/4514
f 5970/4/4514 5960/4/4504 5959/4/4503
f 5972/4/4516 5971/4/4515 5959/4/4503
f 5959/4/4503 5958/4/4502 5972/4/4516
f 5957/4/4501 5973/4/4517 5972/4/4516
f 5972/4/4516 5958/4/4502 5957/4/4501
f 5974/4/4518 5973/4/4517 5957/4/4501
f 5957/4/4501 5956/4/4500 5974/4/4518
f 5975/4/4519 5974/4/4518 5956/4/4500
f 5956/4/4500 5955/4/4226 5975/4/4519
f 5954/4/4499 5976/4/4520 5975/4/4519
f 5975/4/4519 5955/4/4226 5954/4/4499
f 5953/4/4498 5977/4/4521 5976/4/4520
f 5976/4/4520 5954/4/4499 5953/4/4498
f 5978/4/4522 5977/4/4521 5953/4/4498
f 5953/4/4498 5952/4/4497 5978/4/4522
f 5979/4/4523 5978/4/4522 5952/4/4497
f 5952/4/4497 5951/4/4496 5979/4/4523
f 5980/4/4524 5979/4/4523 5951/4/4496
f 5951/4/4496 5950/4/4495 5980/4/4524
f 5949/4/4494 5981/4/4525 5980/4/4524
f 5980/4/4524 5950/4/4495 5949/4/4494
f 5947/4/4493 5982/4/4526 5981/4/4525
f 5981/4/4525 5949/4/4494 5947/4/4493
f 5948/4/4492 5965/4/4510 5982/4/4526
f 5982/4/4526 5947/4/4493 5948/4/4492
f 5982/4/4526 5965/4/4510 5984/4/4527
f 5983/4/4528 5982/4/4526 5984/4/4527
f 5985/4/4529 5981/4/4525 5982/4/4526
f 5985/4/4529 5982/4/4526 5983/4/4528
f 5980/4/4524 5981/4/4525 5985/4/4529
f 5986/4/4530 5980/4/4524 5985/4/4529
f 5979/4/4523 5980/4/4524 5986/4/4530
f 5987/4/4531 5979/4/4523 5986/4/4530
f 5978/4/4522 5979/4/4523 5987/4/4531
f 5988/4/4532 5978/4/4522 5987/4/4531
f 5977/4/4521 5978/4/4522 5988/4/4532
f 5989/4/4533 5977/4/4521 5988/4/4532
f 5990/4/4534 5976/4/4520 5977/4/4521
f 5990/4/4534 5977/4/4521 5989/4/4533
f 5975/4/4519 5976/4/4520 5990/4/4534
f 5991/4/4535 5975/4/4519 5990/4/4534
f 5974/4/4518 5975/4/4519 5991/4/4535
f 5992/4/4536 5974/4/4518 5991/4/4535
f 5993/4/4537 5973/4/4517 5974/4/4518
f 5993/4/4537 5974/4/4518 5992/4/4536
f 5972/4/4516 5973/4/4517 5993/4/4537
f 5994/4/4538 5972/4/4516 5993/4/4537
f 5971/4/4515 5972/4/4516 5994/4/4538
f 5995/4/4539 5971/4/4515 5994/4/4538
f 5996/4/4540 5970/4/4514 5971/4/4515
f 5996/4/4540 5971/4/4515 5995/4/4539
f 5997/4/4541 5969/4/4513 5970/4/4514
f 5997/4/4541 5970/4/4514 5996/4/4540
f 5968/4/4512 5969/4/4513 5997/4/4541
f 5998/4/4542 5968/4/4512 5997/4/4541
f 5999/4/4543 5967/4/4511 5968/4/4512
f 5999/4/4543 5968/4/4512 5998/4/4542
f 6000/4/4544 5966/4/4509 5967/4/4511
f 6000/4/4544 5967/4/4511 5999/4/4543
f 5984/4/4527 5965/4/4510 5966/4/4509
f 5984/4/4527 5966/4/4509 6000/4/4544
f 6002/4/4545 6001/4/4546 5984/4/4357
f 5984/4/4357 6000/4/4547 6002/4/4545
f 6003/4/4548 6002/4/4545 6000/4/4547
f 6000/4/4547 5999/4/4431 6003/4/4548
f 6004/4/4549 6003/4/4548 5999/4/4431
f 5999/4/4431 5998/4/4550 6004/4/4549
f 6005/4/4551 6004/4/4549 5998/4/4550
f 5998/4/4550 5997/4/4552 6005/4/4551
f 6006/4/4553 6005/4/4551 5997/4/4552
f 5997/4/4552 5996/4/4437 6006/4/4553
f 5995/4/4554 6007/4/4555 6006/4/4553
f 6006/4/4553 5996/4/4437 5995/4/4554
f 5994/4/4556 6008/4/4557 6007/4/4555
f 6007/4/4555 5995/4/4554 5994/4/4556
f 5993/4/4558 6009/4/4559 6008/4/4557
f 6008/4/4557 5994/4/4556 5993/4/4558
f 6010/4/4560 6009/4/4559 5993/4/4558
f 5993/4/4558 5992/4/4444 6010/4/4560
f 5991/4/4371 6011/4/4561 6010/4/4560
f 6010/4/4560 5992/4/4444 5991/4/4371
f 6012/4/4562 6011/4/4561 5991/4/4371
f 5991/4/4371 5990/4/4447 6012/4/4562
f 6013/4/4563 6012/4/4562 5990/4/4447
f 5990/4/4447 5989/4/4449 6013/4/4563
f 5988/4/4450 6014/4/4564 6013/4/4563
f 6013/4/4563 5989/4/4449 5988/4/4450
f 5987/4/4565 6015/4/4566 6014/4/4564
f 6014/4/4564 5988/4/4450 5987/4/4565
f 5986/4/4567 6016/4/4568 6015/4/4566
f 6015/4/4566 5987/4/4565 5986/4/4567
f 5985/4/4569 6017/4/4570 6016/4/4568
f 6016/4/4568 5986/4/4567 5985/4/4569
f 5983/4/4571 6018/4/4572 6017/4/4570
f 6017/4/4570 5985/4/4569 5983/4/4571
f 6001/4/4546 6018/4/4572 5983/4/4571
f 5983/4/4571 5984/4/4357 6001/4/4546
f 6001/4/4546 6020/4/4573 6019/4/4574
f 6019/4/4574 6018/4/4572 6001/4/4546
f 6019/4/4574 6021/4/4575 6017/4/4570
f 6017/4/4570 6018/4/4572 6019/4/4574
f 6021/4/4575 6022/4/4576 6016/4/4568
f 6016/4/4568 6017/4/4570 6021/4/4575
f 6016/4/4568 6022/4/4576 6023/4/4577
f 6023/4/4577 6015/4/4566 6016/4/4568
f 6023/4/4577 6024/4/4578 6014/4/4564
f 6014/4/4564 6015/4/4566 6023/4/4577
f 6024/4/4578 6025/4/4579 6013/4/4563
f 6013/4/4563 6014/4/4564 6024/4/4578
f 6013/4/4563 6025/4/4579 6026/4/4580
f 6026/4/4580 6012/4/4562 6013/4/4563
f 6012/4/4562 6026/4/4580 6027/4/4581
f 6027/4/4581 6011/4/4561 6012/4/4562
f 6027/4/4581 6028/4/4582 6010/4/4560
f 6010/4/4560 6011/4/4561 6027/4/4581
f 6010/4/4560 6028/4/4582 6029/4/4583
f 6029/4/4583 6009/4/4559 6010/4/4560
f 6009/4/4559 6029/4/4583 6030/4/4584
f 6030/4/4584 6008/4/4557 6009/4/4559
f 6030/4/4584 6031/4/4585 6007/4/4555
f 6007/4/4555 6008/4/4557 6030/4/4584
f 6007/4/4555 6031/4/4585 6032/4/4586
f 6032/4/4586 6006/4/4553 6007/4/4555
f 6006/4/4553 6032/4/4586 6033/4/4587
f 6033/4/4587 6005/4/4551 6006/4/4553
f 6033/4/4587 6034/4/4588 6004/4/4549
f 6004/4/4549 6005/4/4551 6033/4/4587
f 6004/4/4549 6034/4/4588 6035/4/4589
f 6035/4/4589 6003/4/4548 6004/4/4549
f 6035/4/4589 6036/4/4590 6002/4/4545
f 6002/4/4545 6003/4/4548 6035/4/4589
f 6036/4/4590 6020/4/4573 6001/4/4546
f 6001/4/4546 6002/4/4545 6036/4/4590
f 6020/4/4573 6036/4/4590 6038/4/4591
f 6037/4/4592 6020/4/4573 6038/4/4591
f 6038/4/4591 6036/4/4590 6035/4/4589
f 6038/4/4591 6035/4/4589 6039/4/4593
f 6039/4/4593 6035/4/4589 6034/4/4588
f 6039/4/4593 6034/4/4588 6040/4/4594
f 6040/4/4594 6034/4/4588 6033/4/4587
f 6040/4/4594 6033/4/4587 6041/4/4595
f 6041/4/4595 6033/4/4587 6032/4/4586
f 6041/4/4595 6032/4/4586 6042/4/4596
f 6032/4/4586 6031/4/4585 6043/4/4597
f 6042/4/4596 6032/4/4586 6043/4/4597
f 6031/4/4585 6030/4/4584 6044/4/4598
f 6043/4/4597 6031/4/4585 6044/4/4598
f 6030/4/4584 6029/4/4583 6045/4/4599
f 6044/4/4598 6030/4/4584 6045/4/4599
f 6045/4/4599 6029/4/4583 6028/4/4582
f 6045/4/4599 6028/4/4582 6046/4/4600
f 6028/4/4582 6027/4/4581 6047/4/4601
f 6046/4/4600 6028/4/4582 6047/4/4601
f 6027/4/4581 6026/4/4580 6048/4/4602
f 6047/4/4601 6027/4/4581 6048/4/4602
f 6048/4/4602 6026/4/4580 6025/4/4579
f 6048/4/4602 6025/4/4579 6049/4/4603
f 6049/4/4603 6025/4/4579 6024/4/4578
f 6049/4/4603 6024/4/4578 6050/4/4604
f 6050/4/4604 6024/4/4578 6023/4/4577
f 6050/4/4604 6023/4/4577 6051/4/4605
f 6023/4/4577 6022/4/4576 6052/4/4606
f 6051/4/4605 6023/4/4577 6052/4/4606
f 6022/4/4576 6021/4/4575 6053/4/4607
f 6052/4/4606 6022/4/4576 6053/4/4607
f 6021/4/4575 6019/4/4574 6054/4/4608
f 6053/4/4607 6021/4/4575 6054/4/4608
f 6054/4/4608 6019/4/4574 6020/4/4573
f 6054/4/4608 6020/4/4573 6037/4/4592
f 6065/4/4609 6066/4/4610 6067/4/4611
f 6064/4/4612 6065/4/4609 6067/4/4611
f 6064/4/4612 6067/4/4611 6068/4/4613
f 6064/4/4612 6068/4/4613 6069/4/4614
f 6064/4/4612 6069/4/4614 6070/4/4615
f 6064/4/4612 6070/4/4615 6071/4/4616
f 6064/4/4612 6071/4/4616 6072/4/4617
f 6064/4/4612 6072/4/4617 6055/4/4618
f 6063/4/4619 6064/4/4612 6055/4/4618
f 6062/4/4620 6063/4/4619 6055/4/4618
f 6061/4/4621 6062/4/4620 6055/4/4618
f 6060/4/4622 6061/4/4621 6055/4/4618
f 6060/4/4622 6055/4/4618 6056/4/4623
f 6060/4/4622 6056/4/4623 6057/4/4624
f 6060/4/4622 6057/4/4624 6058/4/4625
f 6058/4/4625 6059/4/4626 6060/4/4622
f 6088/4/4627 6089/4/4628 6090/4/4629
f 6087/4/4630 6088/4/4627 6090/4/4629
f 6087/4/4630 6090/4/4629 6073/4/4631
f 6087/4/4630 6073/4/4631 6074/4/4632
f 6087/4/4630 6074/4/4632 6075/4/4633
f 6086/4/4634 6087/4/4630 6075/4/4633
f 6085/4/4635 6086/4/4634 6075/4/4633
f 6084/4/4636 6085/4/4635 6075/4/4633
f 6083/4/4637 6084/4/4636 6075/4/4633
f 6083/4/4637 6075/4/4633 6076/4/4638
f 6083/4/4637 6076/4/4638 6077/4/4639
f 6082/4/4640 6083/4/4637 6077/4/4639
f 6081/4/4641 6082/4/4640 6077/4/4639
f 6081/4/4641 6077/4/4639 6078/4/4642
f 6080/4/4620 6081/4/4641 6078/4/4642
f 6078/4/4642 6079/4/4643 6080/4/4620
f 6108/4/4213 6091/4/4644 6092/4/4645
f 6107/4/4245 6108/4/4213 6092/4/4645
f 6107/4/4245 6092/4/4645 6093/4/4646
f 6106/4/4647 6107/4/4245 6093/4/4646
f 6106/4/4647 6093/4/4646 6094/4/4648
f 6106/4/4647 6094/4/4648 6095/4/4649
f 6105/4/4650 6106/4/4647 6095/4/4649
f 6105/4/4650 6095/4/4649 6096/4/4651
f 6104/4/4652 6105/4/4650 6096/4/4651
f 6103/4/4653 6104/4/4652 6096/4/4651
f 6103/4/4653 6096/4/4651 6097/4/4654
f 6102/4/4655 6103/4/4653 6097/4/4654
f 6101/4/4656 6102/4/4655 6097/4/4654
f 6100/4/4657 6101/4/4656 6097/4/4654
f 6100/4/4657 6097/4/4654 6098/4/4658
f 6098/4/4658 6099/4/4659 6100/4/4657
f 5744/4/4241 5746/4/4243 5748/4/4245
f 5742/4/4239 5744/4/4241 5748/4/4245
f 5742/4/4239 5748/4/4245 5715/4/4213
f 5742/4/4239 5715/4/4213 5714/4/4212
f 5740/4/4237 5742/4/4239 5714/4/4212
f 5738/4/4235 5740/4/4237 5714/4/4212
f 5736/4/4233 5738/4/4235 5714/4/4212
f 5734/4/4231 5736/4/4233 5714/4/4212
f 5732/4/4229 5734/4/4231 5714/4/4212
f 5730/4/4227 5732/4/4229 5714/4/4212
f 5730/4/4227 5714/4/4212 5718/4/4215
f 5730/4/4227 5718/4/4215 5720/4/4217
f 5730/4/4227 5720/4/4217 5722/4/4219
f 5728/4/4225 5730/4/4227 5722/4/4219
f 5726/4/4223 5728/4/4225 5722/4/4219
f 5722/4/4219 5724/4/4221 5726/4/4223
f 6044/4/4598 6045/4/4599 6046/4/4600
f 6043/4/4597 6044/4/4598 6046/4/4600
f 6043/4/4597 6046/4/4600 6047/4/4601
f 6043/4/4597 6047/4/4601 6048/4/4602
f 6043/4/4597 6048/4/4602 6049/4/4603
f 6043/4/4597 6049/4/4603 6050/4/4604
f 6043/4/4597 6050/4/4604 6051/4/4605
f 6043/4/4597 6051/4/4605 6052/4/4606
f 6043/4/4597 6052/4/4606 6053/4/4607
f 6043/4/4597 6053/4/4607 6054/4/4608
f 6043/4/4597 6054/4/4608 6037/4/4592
f 6043/4/4597 6037/4/4592 6038/4/4591
f 6042/4/4596 6043/4/4597 6038/4/4591
f 6041/4/4595 6042/4/4596 6038/4/4591
f 6041/4/4595 6038/4/4591 6039/4/4593
f 6039/4/4593 6040/4/4594 6041/4/4595
f 6119/4/4602 6120/4/4660 6121/4/4661
f 6118/4/4662 6119/4/4602 6121/4/4661
f 6118/4/4662 6121/4/4661 6122/4/4663
f 6118/4/4662 6122/4/4663 6123/4/4664
f 6118/4/4662 6123/4/4664 6124/4/4665
f 6118/4/4662 6124/4/4665 6125/4/4666
f 6118/4/4662 6125/4/4666 6126/4/4592
f 6118/4/4662 6126/4/4592 6109/4/4667
f 6117/4/4668 6118/4/4662 6109/4/4667
f 6116/4/4669 6117/4/4668 6109/4/4667
f 6115/4/4598 6116/4/4669 6109/4/4667
f 6114/4/4670 6115/4/4598 6109/4/4667
f 6113/4/4671 6114/4/4670 6109/4/4667
f 6112/4/4672 6113/4/4671 6109/4/4667
f 6111/4/4673 6112/4/4672 6109/4/4667
f 6109/4/4667 6110/4/4674 6111/4/4673
f 6127/4/4675 6128/4/4676 6129/4/4677
f 6127/4/4675 6129/4/4677 6130/4/4678
f 6144/4/4679 6127/4/4675 6130/4/4678
f 6144/4/4679 6130/4/4678 6131/4/4680
f 6144/4/4679 6131/4/4680 6132/4/4681
f 6144/4/4679 6132/4/4681 6133/4/4682
f 6144/4/4679 6133/4/4682 6134/4/4683
f 6144/4/4679 6134/4/4683 6135/4/4684
f 6144/4/4679 6135/4/4684 6136/4/4685
f 6144/4/4679 6136/4/4685 6137/4/4686
f 6144/4/4679 6137/4/4686 6138/4/4687
f 6144/4/4679 6138/4/4687 6139/4/4688
f 6144/4/4679 6139/4/4688 6140/4/4689
f 6144/4/4679 6140/4/4689 6141/4/4690
f 6144/4/4679 6141/4/4690 6142/4/4691
f 6142/4/4691 6143/4/4692 6144/4/4679
f 6160/4/4693 6161/4/4694 6162/4/4695
f 6159/4/4696 6160/4/4693 6162/4/4695
f 6159/4/4696 6162/4/4695 6145/4/4697
f 6158/4/4698 6159/4/4696 6145/4/4697
f 6157/4/4699 6158/4/4698 6145/4/4697
f 6156/4/4687 6157/4/4699 6145/4/4697
f 6155/4/4686 6156/4/4687 6145/4/4697
f 6154/4/4685 6155/4/4686 6145/4/4697
f 6153/4/4700 6154/4/4685 6145/4/4697
f 6152/4/4683 6153/4/4700 6145/4/4697
f 6151/4/4701 6152/4/4683 6145/4/4697
f 6150/4/4702 6151/4/4701 6145/4/4697
f 6149/4/4703 6150/4/4702 6145/4/4697
f 6148/4/4704 6149/4/4703 6145/4/4697
f 6147/4/4705 6148/4/4704 6145/4/4697
f 6145/4/4697 6146/4/4676 6147/4/4705
f 6107/4/4245 6164/4/4706 6163/4/4210
f 6163/4/4210 6108/4/4213 6107/4/4245
f 6165/4/4707 6164/4/4706 6107/4/4245
f 6107/4/4245 6106/4/4647 6165/4/4707
f 6166/4/4708 6165/4/4707 6106/4/4647
f 6106/4/4647 6105/4/4650 6166/4/4708
f 6167/4/4709 6166/4/4708 6105/4/4650
f 6105/4/4650 6104/4/4652 6167/4/4709
f 6168/4/4710 6167/4/4709 6104/4/4652
f 6104/4/4652 6103/4/4653 6168/4/4710
f 6102/4/4655 6169/4/4711 6168/4/4710
f 6168/4/4710 6103/4/4653 6102/4/4655
f 6170/4/4712 6169/4/4711 6102/4/4655
f 6102/4/4655 6101/4/4656 6170/4/4712
f 6100/4/4657 6171/4/4713 6170/4/4712
f 6170/4/4712 6101/4/4656 6100/4/4657
f 6099/4/4659 6172/4/4714 6171/4/4713
f 6171/4/4713 6100/4/4657 6099/4/4659
f 6173/4/4715 6172/4/4714 6099/4/4659
f 6099/4/4659 6098/4/4658 6173/4/4715
f 6174/4/4716 6173/4/4715 6098/4/4658
f 6098/4/4658 6097/4/4654 6174/4/4716
f 6175/4/4222 6174/4/4716 6097/4/4654
f 6097/4/4654 6096/4/4651 6175/4/4222
f 6095/4/4649 6176/4/4717 6175/4/4222
f 6175/4/4222 6096/4/4651 6095/4/4649
f 6177/4/4718 6176/4/4717 6095/4/4649
f 6095/4/4649 6094/4/4648 6177/4/4718
f 6178/4/4719 6177/4/4718 6094/4/4648
f 6094/4/4648 6093/4/4646 6178/4/4719
f 6092/4/4645 6179/4/4720 6178/4/4719
f 6178/4/4719 6093/4/4646 6092/4/4645
f 6091/4/4644 6180/4/4721 6179/4/4720
f 6179/4/4720 6092/4/4645 6091/4/4644
f 6163/4/4210 6180/4/4721 6091/4/4644
f 6091/4/4644 6108/4/4213 6163/4/4210
f 6182/4/4722 6181/4/4263 6180/4/4721
f 6180/4/4721 6163/4/4210 6182/4/4722
f 6180/4/4721 6181/4/4263 6183/4/4262
f 6183/4/4262 6179/4/4720 6180/4/4721
f 6179/4/4720 6183/4/4262 6184/4/4723
f 6184/4/4723 6178/4/4719 6179/4/4720
f 6184/4/4723 6185/4/4724 6177/4/4718
f 6177/4/4718 6178/4/4719 6184/4/4723
f 6185/4/4724 6186/4/4725 6176/4/4717
f 6176/4/4717 6177/4/4718 6185/4/4724
f 6176/4/4717 6186/4/4725 6187/4/4258
f 6187/4/4258 6175/4/4222 6176/4/4717
f 6187/4/4258 6188/4/4726 6174/4/4716
f 6174/4/4716 6175/4/4222 6187/4/4258
f 6174/4/4716 6188/4/4726 6189/4/4727
f 6189/4/4727 6173/4/4715 6174/4/4716
f 6173/4/4715 6189/4/4727 6190/4/4728
f 6190/4/4728 6172/4/4714 6173/4/4715
f 6172/4/4714 6190/4/4728 6191/4/4729
f 6191/4/4729 6171/4/4713 6172/4/4714
f 6171/4/4713 6191/4/4729 6192/4/4253
f 6192/4/4253 6170/4/4712 6171/4/4713
f 6170/4/4712 6192/4/4253 6193/4/4730
f 6193/4/4730 6169/4/4711 6170/4/4712
f 6193/4/4730 6194/4/4731 6168/4/4710
f 6168/4/4710 6169/4/4711 6193/4/4730
f 6168/4/4710 6194/4/4731 6195/4/4732
f 6195/4/4732 6167/4/4709 6168/4/4710
f 6167/4/4709 6195/4/4732 6196/4/4733
f 6196/4/4733 6166/4/4708 6167/4/4709
f 6166/4/4708 6196/4/4733 6197/4/4734
f 6197/4/4734 6165/4/4707 6166/4/4708
f 6165/4/4707 6197/4/4734 6198/4/4735
f 6198/4/4735 6164/4/4706 6165/4/4707
f 6198/4/4735 6182/4/4722 6163/4/4210
f 6163/4/4210 6164/4/4706 6198/4/4735
f 6199/4/4736 6182/4/4722 6198/4/4735
f 6199/4/4736 6198/4/4735 6200/4/4281
f 6198/4/4735 6197/4/4734 6201/4/4737
f 6200/4/4281 6198/4/4735 6201/4/4737
f 6197/4/4734 6196/4/4733 6202/4/4738
f 6201/4/4737 6197/4/4734 6202/4/4738
f 6196/4/4733 6195/4/4732 6203/4/4739
f 6202/4/4738 6196/4/4733 6203/4/4739
f 6195/4/4732 6194/4/4731 6204/4/4740
f 6203/4/4739 6195/4/4732 6204/4/4740
f 6194/4/4731 6193/4/4730 6205/4/4276
f 6204/4/4740 6194/4/4731 6205/4/4276
f 6193/4/4730 6192/4/4253 6206/4/4275
f 6205/4/4276 6193/4/4730 6206/4/4275
f 6206/4/4275 6192/4/4253 6191/4/4729
f 6206/4/4275 6191/4/4729 6207/4/4741
f 6191/4/4729 6190/4/4728 6208/4/4742
f 6207/4/4741 6191/4/4729 6208/4/4742
f 6208/4/4742 6190/4/4728 6189/4/4727
f 6208/4/4742 6189/4/4727 6209/4/4743
f 6189/4/4727 6188/4/4726 6210/4/4744
f 6209/4/4743 6189/4/4727 6210/4/4744
f 6210/4/4744 6188/4/4726 6187/4/4258
f 6210/4/4744 6187/4/4258 6211/4/4270
f 6187/4/4258 6186/4/4725 6212/4/4745
f 6211/4/4270 6187/4/4258 6212/4/4745
f 6212/4/4745 6186/4/4725 6185/4/4724
f 6212/4/4745 6185/4/4724 6213/4/4746
f 6213/4/4746 6185/4/4724 6184/4/4723
f 6213/4/4746 6184/4/4723 6214/4/4747
f 6184/4/4723 6183/4/4262 6215/4/4266
f 6214/4/4747 6184/4/4723 6215/4/4266
f 6183/4/4262 6181/4/4263 6216/4/4265
f 6215/4/4266 6183/4/4262 6216/4/4265
f 6181/4/4263 6182/4/4722 6199/4/4736
f 6216/4/4265 6181/4/4263 6199/4/4736
f 6199/4/4748 6218/4/4284 6217/4/4317
f 6217/4/4317 6216/4/4316 6199/4/4748
f 6216/4/4316 6217/4/4317 6219/4/4749
f 6219/4/4749 6215/4/4750 6216/4/4316
f 6215/4/4750 6219/4/4749 6220/4/4751
f 6220/4/4751 6214/4/4752 6215/4/4750
f 6220/4/4751 6221/4/4753 6213/4/4754
f 6213/4/4754 6214/4/4752 6220/4/4751
f 6221/4/4753 6222/4/4755 6212/4/4756
f 6212/4/4756 6213/4/4754 6221/4/4753
f 6212/4/4756 6222/4/4755 6223/4/4757
f 6223/4/4757 6211/4/4307 6212/4/4756
f 6223/4/4757 6224/4/4758 6210/4/4759
f 6210/4/4759 6211/4/4307 6223/4/4757
f 6224/4/4758 6225/4/4760 6209/4/4761
f 6209/4/4761 6210/4/4759 6224/4/4758
f 6225/4/4760 6226/4/4300 6208/4/4301
f 6208/4/4301 6209/4/4761 6225/4/4760
f 6226/4/4300 6227/4/4762 6207/4/4763
f 6207/4/4763 6208/4/4301 6226/4/4300
f 6207/4/4763 6227/4/4762 6228/4/4764
f 6228/4/4764 6206/4/4765 6207/4/4763
f 6206/4/4765 6228/4/4764 6229/4/4766
f 6229/4/4766 6205/4/4767 6206/4/4765
f 6205/4/4767 6229/4/4766 6230/4/4768
f 6230/4/4768 6204/4/4769 6205/4/4767
f 6230/4/4768 6231/4/4291 6203/4/4290
f 6203/4/4290 6204/4/4769 6230/4/4768
f 6203/4/4290 6231/4/4291 6232/4/4289
f 6232/4/4289 6202/4/4288 6203/4/4290
f 6202/4/4288 6232/4/4289 6233/4/4287
f 6233/4/4287 6201/4/4286 6202/4/4288
f 6201/4/4286 6233/4/4287 6234/4/4283
f 6234/4/4283 6200/4/4282 6201/4/4286
f 6200/4/4282 6234/4/4283 6218/4/4284
f 6218/4/4284 6199/4/4748 6200/4/4282
f 6236/4/4335 6235/4/4318 6218/4/4284
f 6218/4/4284 6234/4/4283 6236/4/4335
f 6237/4/4334 6236/4/4335 6234/4/4283
f 6234/4/4283 6233/4/4287 6237/4/4334
f 6233/4/4287 6232/4/4289 6238/4/4333
f 6237/4/4334 6233/4/4287 6238/4/4333
f 6239/4/4332 6238/4/4333 6232/4/4289
f 6232/4/4289 6231/4/4291 6239/4/4332
f 6239/4/4332 6231/4/4291 6230/4/4768
f 6239/4/4332 6230/4/4768 6240/4/4770
f 6240/4/4770 6230/4/4768 6229/4/4766
f 6240/4/4770 6229/4/4766 6241/4/4771
f 6242/4/4329 6241/4/4771 6229/4/4766
f 6229/4/4766 6228/4/4764 6242/4/4329
f 6242/4/4329 6228/4/4764 6227/4/4762
f 6242/4/4329 6227/4/4762 6243/4/4772
f 6227/4/4762 6226/4/4300 6244/4/4773
f 6243/4/4772 6227/4/4762 6244/4/4773
f 6245/4/4774 6244/4/4773 6226/4/4300
f 6226/4/4300 6225/4/4760 6245/4/4774
f 6224/4/4758 6246/4/4775 6245/4/4774
f 6245/4/4774 6225/4/4760 6224/4/4758
f 6223/4/4757 6247/4/4776 6246/4/4775
f 6246/4/4775 6224/4/4758 6223/4/4757
f 6223/4/4757 6222/4/4755 6248/4/4777
f 6247/4/4776 6223/4/4757 6248/4/4777
f 6249/4/4778 6248/4/4777 6222/4/4755
f 6222/4/4755 6221/4/4753 6249/4/4778
f 6249/4/4778 6221/4/4753 6220/4/4751
f 6249/4/4778 6220/4/4751 6250/4/4779
f 6220/4/4751 6219/4/4749 6251/4/4320
f 6250/4/4779 6220/4/4751 6251/4/4320
f 6252/4/4319 6251/4/4320 6219/4/4749
f 6219/4/4749 6217/4/4317 6252/4/4319
f 6218/4/4284 6235/4/4318 6252/4/4319
f 6252/4/4319 6217/4/4317 6218/4/4284
f 6253/4/4353 6252/4/4319 6235/4/4318
f 6253/4/4353 6235/4/4318 6254/4/4337
f 6251/4/4320 6252/4/4319 6253/4/4353
f 6255/4/4352 6251/4/4320 6253/4/4353
f 6256/4/4780 6250/4/4779 6251/4/4320
f 6256/4/4780 6251/4/4320 6255/4/4352
f 6249/4/4778 6250/4/4779 6256/4/4780
f 6257/4/4781 6249/4/4778 6256/4/4780
f 6248/4/4777 6249/4/4778 6257/4/4781
f 6258/4/4349 6248/4/4777 6257/4/4781
f 6259/4/4348 6247/4/4776 6248/4/4777
f 6259/4/4348 6248/4/4777 6258/4/4349
f 6246/4/4775 6247/4/4776 6259/4/4348
f 6260/4/4782 6246/4/4775 6259/4/4348
f 6261/4/4346 6245/4/4774 6246/4/4775
f 6261/4/4346 6246/4/4775 6260/4/4782
f 6244/4/4773 6245/4/4774 6261/4/4346
f 6262/4/4783 6244/4/4773 6261/4/4346
f 6243/4/4772 6244/4/4773 6262/4/4783
f 6263/4/4784 6243/4/4772 6262/4/4783
f 6242/4/4329 6243/4/4772 6263/4/4784
f 6264/4/4343 6242/4/4329 6263/4/4784
f 6241/4/4771 6242/4/4329 6264/4/4343
f 6265/4/4785 6241/4/4771 6264/4/4343
f 6240/4/4770 6241/4/4771 6265/4/4785
f 6266/4/4786 6240/4/4770 6265/4/4785
f 6239/4/4332 6240/4/4770 6266/4/4786
f 6267/4/4340 6239/4/4332 6266/4/4786
f 6238/4/4333 6239/4/4332 6267/4/4340
f 6268/4/4339 6238/4/4333 6267/4/4340
f 6269/4/4338 6237/4/4334 6238/4/4333
f 6269/4/4338 6238/4/4333 6268/4/4339
f 6270/4/4336 6236/4/4335 6237/4/4334
f 6270/4/4336 6237/4/4334 6269/4/4338
f 6235/4/4318 6236/4/4335 6270/4/4336
f 6254/4/4337 6235/4/4318 6270/4/4336
f 6272/4/4787 6271/4/4354 6254/4/4357
f 6254/4/4357 6270/4/4426 6272/4/4787
f 6269/4/4788 6273/4/4789 6272/4/4787
f 6272/4/4787 6270/4/4426 6269/4/4788
f 6268/4/4385 6274/4/4384 6273/4/4789
f 6273/4/4789 6269/4/4788 6268/4/4385
f 6267/4/4383 6275/4/4790 6274/4/4384
f 6274/4/4384 6268/4/4385 6267/4/4383
f 6266/4/4381 6276/4/4791 6275/4/4790
f 6275/4/4790 6267/4/4383 6266/4/4381
f 6265/4/4379 6277/4/4792 6276/4/4791
f 6276/4/4791 6266/4/4381 6265/4/4379
f 6278/4/4376 6277/4/4792 6265/4/4379
f 6265/4/4379 6264/4/4377 6278/4/4376
f 6279/4/4374 6278/4/4376 6264/4/4377
f 6264/4/4377 6263/4/4375 6279/4/4374
f 6262/4/4793 6280/4/4372 6279/4/4374
f 6279/4/4374 6263/4/4375 6262/4/4793
f 6261/4/4371 6281/4/4370 6280/4/4372
f 6280/4/4372 6262/4/4793 6261/4/4371
f 6282/4/4794 6281/4/4370 6261/4/4371
f 6261/4/4371 6260/4/4795 6282/4/4794
f 6259/4/4796 6283/4/4797 6282/4/4794
f 6282/4/4794 6260/4/4795 6259/4/4796
f 6258/4/4365 6284/4/4798 6283/4/4797
f 6283/4/4797 6259/4/4796 6258/4/4365
f 6285/4/4362 6284/4/4798 6258/4/4365
f 6258/4/4365 6257/4/4363 6285/4/4362
f 6286/4/4360 6285/4/4362 6257/4/4363
f 6257/4/4363 6256/4/4454 6286/4/4360
f 6255/4/4799 6287/4/4800 6286/4/4360
f 6286/4/4360 6256/4/4454 6255/4/4799
f 6288/4/4801 6287/4/4800 6255/4/4799
f 6255/4/4799 6253/4/4802 6288/4/4801
f 6271/4/4354 6288/4/4801 6253/4/4802
f 6253/4/4802 6254/4/4357 6271/4/4354
f 6289/4/4407 6288/4/4801 6271/4/4354
f 6289/4/4407 6271/4/4354 6290/4/4391
f 6288/4/4801 6289/4/4407 6291/4/4803
f 6291/4/4803 6287/4/4800 6288/4/4801
f 6287/4/4800 6291/4/4803 6292/4/4804
f 6292/4/4804 6286/4/4360 6287/4/4800
f 6292/4/4804 6293/4/4805 6285/4/4362
f 6285/4/4362 6286/4/4360 6292/4/4804
f 6284/4/4798 6285/4/4362 6293/4/4805
f 6294/4/4806 6284/4/4798 6293/4/4805
f 6284/4/4798 6294/4/4806 6295/4/4807
f 6295/4/4807 6283/4/4797 6284/4/4798
f 6295/4/4807 6296/4/4808 6282/4/4794
f 6282/4/4794 6283/4/4797 6295/4/4807
f 6297/4/4400 6281/4/4370 6282/4/4794
f 6297/4/4400 6282/4/4794 6296/4/4808
f 6281/4/4370 6297/4/4400 6298/4/4399
f 6298/4/4399 6280/4/4372 6281/4/4370
f 6279/4/4374 6280/4/4372 6298/4/4399
f 6299/4/4398 6279/4/4374 6298/4/4399
f 6300/4/4397 6278/4/4376 6279/4/4374
f 6300/4/4397 6279/4/4374 6299/4/4398
f 6301/4/4809 6277/4/4792 6278/4/4376
f 6301/4/4809 6278/4/4376 6300/4/4397
f 6277/4/4792 6301/4/4809 6302/4/4810
f 6302/4/4810 6276/4/4791 6277/4/4792
f 6303/4/4811 6275/4/4790 6276/4/4791
f 6303/4/4811 6276/4/4791 6302/4/4810
f 6304/4/4812 6274/4/4384 6275/4/4790
f 6304/4/4812 6275/4/4790 6303/4/4811
f 6305/4/4813 6273/4/4789 6274/4/4384
f 6305/4/4813 6274/4/4384 6304/4/4812
f 6273/4/4789 6305/4/4813 6306/4/4814
f 6306/4/4814 6272/4/4787 6273/4/4789
f 6306/4/4814 6290/4/4391 6271/4/4354
f 6271/4/4354 6272/4/4787 6306/4/4814
f 6307/4/4409 6290/4/4391 6306/4/4814
f 6307/4/4409 6306/4/4814 6308/4/4815
f 6308/4/4815 6306/4/4814 6305/4/4813
f 6308/4/4815 6305/4/4813 6309/4/4816
f 6309/4/4816 6305/4/4813 6304/4/4812
f 6309/4/4816 6304/4/4812 6310/4/4817
f 6310/4/4817 6304/4/4812 6303/4/4811
f 6310/4/4817 6303/4/4811 6311/4/4818
f 6311/4/4818 6303/4/4811 6302/4/4810
f 6311/4/4818 6302/4/4810 6312/4/4819
f 6302/4/4810 6301/4/4809 6313/4/4420
f 6312/4/4819 6302/4/4810 6313/4/4420
f 6301/4/4809 6300/4/4397 6314/4/4419
f 6313/4/4420 6301/4/4809 6314/4/4419
f 6300/4/4397 6299/4/4398 6315/4/4820
f 6314/4/4419 6300/4/4397 6315/4/4820
f 6299/4/4398 6298/4/4399 6316/4/4417
f 6315/4/4820 6299/4/4398 6316/4/4417
f 6298/4/4399 6297/4/4400 6317/4/4821
f 6316/4/4417 6298/4/4399 6317/4/4821
f 6317/4/4821 6297/4/4400 6296/4/4808
f 6317/4/4821 6296/4/4808 6318/4/4822
f 6296/4/4808 6295/4/4807 6319/4/4823
f 6318/4/4822 6296/4/4808 6319/4/4823
f 6295/4/4807 6294/4/4806 6320/4/4824
f 6319/4/4823 6295/4/4807 6320/4/4824
f 6294/4/4806 6293/4/4805 6321/4/4825
f 6320/4/4824 6294/4/4806 6321/4/4825
f 6293/4/4805 6292/4/4804 6322/4/4826
f 6321/4/4825 6293/4/4805 6322/4/4826
f 6292/4/4804 6291/4/4803 6323/4/4827
f 6322/4/4826 6292/4/4804 6323/4/4827
f 6291/4/4803 6289/4/4407 6324/4/4408
f 6323/4/4827 6291/4/4803 6324/4/4408
f 6324/4/4408 6289/4/4407 6290/4/4391
f 6324/4/4408 6290/4/4391 6307/4/4409
f 6326/4/4428 6325/4/4828 6324/4/4356
f 6324/4/4356 6307/4/4429 6326/4/4428
f 6324/4/4356 6325/4/4828 6327/4/4358
f 6327/4/4358 6323/4/4569 6324/4/4356
f 6323/4/4569 6327/4/4358 6328/4/4829
f 6328/4/4829 6322/4/4454 6323/4/4569
f 6328/4/4829 6329/4/4830 6321/4/4363
f 6321/4/4363 6322/4/4454 6328/4/4829
f 6329/4/4830 6330/4/4831 6320/4/4365
f 6320/4/4365 6321/4/4363 6329/4/4830
f 6320/4/4365 6330/4/4831 6331/4/4832
f 6331/4/4832 6319/4/4833 6320/4/4365
f 6331/4/4832 6332/4/4834 6318/4/4369
f 6318/4/4369 6319/4/4833 6331/4/4832
f 6332/4/4834 6333/4/4445 6317/4/4371
f 6317/4/4371 6318/4/4369 6332/4/4834
f 6317/4/4371 6333/4/4445 6334/4/4443
f 6334/4/4443 6316/4/4444 6317/4/4371
f 6334/4/4443 6335/4/4442 6315/4/4375
f 6315/4/4375 6316/4/4444 6334/4/4443
f 6315/4/4375 6335/4/4442 6336/4/4441
f 6336/4/4441 6314/4/4440 6315/4/4375
f 6314/4/4440 6336/4/4441 6337/4/4439
f 6337/4/4439 6313/4/4438 6314/4/4440
f 6313/4/4438 6337/4/4439 6338/4/4835
f 6338/4/4835 6312/4/4437 6313/4/4438
f 6338/4/4835 6339/4/4836 6311/4/4552
f 6311/4/4552 6312/4/4437 6338/4/4835
f 6339/4/4836 6340/4/4837 6310/4/4550
f 6310/4/4550 6311/4/4552 6339/4/4836
f 6340/4/4837 6341/4/4838 6309/4/4431
f 6309/4/4431 6310/4/4550 6340/4/4837
f 6341/4/4838 6342/4/4839 6308/4/4426
f 6308/4/4426 6309/4/4431 6341/4/4838
f 6308/4/4426 6342/4/4839 6326/4/4428
f 6326/4/4428 6307/4/4429 6308/4/4426
f 6344/4/4840 6343/4/4456 6326/4/4428
f 6326/4/4428 6342/4/4839 6344/4/4840
f 6345/4/4841 6344/4/4840 6342/4/4839
f 6342/4/4839 6341/4/4838 6345/4/4841
f 6340/4/4837 6346/4/4842 6345/4/4841
f 6345/4/4841 6341/4/4838 6340/4/4837
f 6347/4/4843 6346/4/4842 6340/4/4837
f 6340/4/4837 6339/4/4836 6347/4/4843
f 6348/4/4844 6347/4/4843 6339/4/4836
f 6339/4/4836 6338/4/4835 6348/4/4844
f 6338/4/4835 6337/4/4439 6349/4/4468
f 6348/4/4844 6338/4/4835 6349/4/4468
f 6350/4/4845 6349/4/4468 6337/4/4439
f 6337/4/4439 6336/4/4441 6350/4/4845
f 6335/4/4442 6351/4/4846 6350/4/4845
f 6350/4/4845 6336/4/4441 6335/4/4442
f 6334/4/4443 6352/4/4847 6351/4/4846
f 6351/4/4846 6335/4/4442 6334/4/4443
f 6352/4/4847 6334/4/4443 6333/4/4445
f 6352/4/4847 6333/4/4445 6353/4/4848
f 6333/4/4445 6332/4/4834 6354/4/4849
f 6353/4/4848 6333/4/4445 6354/4/4849
f 6355/4/4850 6354/4/4849 6332/4/4834
f 6332/4/4834 6331/4/4832 6355/4/4850
f 6356/4/4851 6355/4/4850 6331/4/4832
f 6331/4/4832 6330/4/4831 6356/4/4851
f 6356/4/4851 6330/4/4831 6329/4/4830
f 6356/4/4851 6329/4/4830 6357/4/4852
f 6328/4/4829 6358/4/4853 6357/4/4852
f 6357/4/4852 6329/4/4830 6328/4/4829
f 6327/4/4358 6359/4/4854 6358/4/4853
f 6358/4/4853 6328/4/4829 6327/4/4358
f 6359/4/4854 6327/4/4358 6325/4/4828
f 6359/4/4854 6325/4/4828 6360/4/4457
f 6325/4/4828 6326/4/4428 6343/4/4456
f 6360/4/4457 6325/4/4828 6343/4/4456
f 6361/4/4855 6360/4/4457 6343/4/4456
f 6361/4/4855 6343/4/4456 6362/4/4856
f 6359/4/4854 6360/4/4457 6361/4/4855
f 6363/4/4857 6359/4/4854 6361/4/4855
f 6364/4/4858 6358/4/4853 6359/4/4854
f 6364/4/4858 6359/4/4854 6363/4/4857
f 6357/4/4852 6358/4/4853 6364/4/4858
f 6365/4/4859 6357/4/4852 6364/4/4858
f 6356/4/4851 6357/4/4852 6365/4/4859
f 6366/4/4487 6356/4/4851 6365/4/4859
f 6355/4/4850 6356/4/4851 6366/4/4487
f 6367/4/4860 6355/4/4850 6366/4/4487
f 6354/4/4849 6355/4/4850 6367/4/4860
f 6368/4/4861 6354/4/4849 6367/4/4860
f 6369/4/4862 6353/4/4848 6354/4/4849
f 6369/4/4862 6354/4/4849 6368/4/4861
f 6370/4/4863 6352/4/4847 6353/4/4848
f 6370/4/4863 6353/4/4848 6369/4/4862
f 6351/4/4846 6352/4/4847 6370/4/4863
f 6371/4/4864 6351/4/4846 6370/4/4863
f 6372/4/4865 6350/4/4845 6351/4/4846
f 6372/4/4865 6351/4/4846 6371/4/4864
f 6373/4/4480 6349/4/4468 6350/4/4845
f 6373/4/4480 6350/4/4845 6372/4/4865
f 6374/4/4866 6348/4/4844 6349/4/4468
f 6374/4/4866 6349/4/4468 6373/4/4480
f 6375/4/4867 6347/4/4843 6348/4/4844
f 6375/4/4867 6348/4/4844 6374/4/4866
f 6346/4/4842 6347/4/4843 6375/4/4867
f 6376/4/4868 6346/4/4842 6375/4/4867
f 6377/4/4869 6345/4/4841 6346/4/4842
f 6377/4/4869 6346/4/4842 6376/4/4868
f 6344/4/4840 6345/4/4841 6377/4/4869
f 6378/4/4870 6344/4/4840 6377/4/4869
f 6343/4/4456 6344/4/4840 6378/4/4870
f 6362/4/4856 6343/4/4456 6378/4/4870
f 6380/4/4871 6379/4/4872 6362/4/4856
f 6362/4/4856 6378/4/4870 6380/4/4871
f 6377/4/4869 6381/4/4507 6380/4/4871
f 6380/4/4871 6378/4/4870 6377/4/4869
f 6376/4/4868 6382/4/4873 6381/4/4507
f 6381/4/4507 6377/4/4869 6376/4/4868
f 6375/4/4867 6383/4/4874 6382/4/4873
f 6382/4/4873 6376/4/4868 6375/4/4867
f 6384/4/4875 6383/4/4874 6375/4/4867
f 6375/4/4867 6374/4/4866 6384/4/4875
f 6385/4/4503 6384/4/4875 6374/4/4866
f 6374/4/4866 6373/4/4480 6385/4/4503
f 6386/4/4876 6385/4/4503 6373/4/4480
f 6373/4/4480 6372/4/4865 6386/4/4876
f 6371/4/4864 6387/4/4877 6386/4/4876
f 6386/4/4876 6372/4/4865 6371/4/4864
f 6370/4/4863 6388/4/4500 6387/4/4877
f 6387/4/4877 6371/4/4864 6370/4/4863
f 6369/4/4862 6389/4/4226 6388/4/4500
f 6388/4/4500 6370/4/4863 6369/4/4862
f 6390/4/4878 6389/4/4226 6369/4/4862
f 6369/4/4862 6368/4/4861 6390/4/4878
f 6367/4/4860 6391/4/4879 6390/4/4878
f 6390/4/4878 6368/4/4861 6367/4/4860
f 6366/4/4487 6392/4/4497 6391/4/4879
f 6391/4/4879 6367/4/4860 6366/4/4487
f 6365/4/4859 6393/4/4496 6392/4/4497
f 6392/4/4497 6366/4/4487 6365/4/4859
f 6364/4/4858 6394/4/4880 6393/4/4496
f 6393/4/4496 6365/4/4859 6364/4/4858
f 6363/4/4857 6395/4/4881 6394/4/4880
f 6394/4/4880 6364/4/4858 6363/4/4857
f 6361/4/4855 6396/4/4721 6395/4/4881
f 6395/4/4881 6363/4/4857 6361/4/4855
f 6379/4/4872 6396/4/4721 6361/4/4855
f 6361/4/4855 6362/4/4856 6379/4/4872
f 6379/4/4872 6398/4/4882 6397/4/4883
f 6397/4/4883 6396/4/4721 6379/4/4872
f 6397/4/4883 6399/4/4884 6395/4/4881
f 6395/4/4881 6396/4/4721 6397/4/4883
f 6399/4/4884 6400/4/4885 6394/4/4880
f 6394/4/4880 6395/4/4881 6399/4/4884
f 6400/4/4885 6401/4/4886 6393/4/4496
f 6393/4/4496 6394/4/4880 6400/4/4885
f 6401/4/4886 6402/4/4887 6392/4/4497
f 6392/4/4497 6393/4/4496 6401/4/4886
f 6402/4/4887 6403/4/4888 6391/4/4879
f 6391/4/4879 6392/4/4497 6402/4/4887
f 6391/4/4879 6403/4/4888 6404/4/4520
f 6404/4/4520 6390/4/4878 6391/4/4879
f 6390/4/4878 6404/4/4520 6405/4/4889
f 6405/4/4889 6389/4/4226 6390/4/4878
f 6405/4/4889 6406/4/4890 6388/4/4500
f 6388/4/4500 6389/4/4226 6405/4/4889
f 6406/4/4890 6407/4/4891 6387/4/4877
f 6387/4/4877 6388/4/4500 6406/4/4890
f 6407/4/4891 6408/4/4892 6386/4/4876
f 6386/4/4876 6387/4/4877 6407/4/4891
f 6408/4/4892 6409/4/4893 6385/4/4503
f 6385/4/4503 6386/4/4876 6408/4/4892
f 6385/4/4503 6409/4/4893 6410/4/4894
f 6410/4/4894 6384/4/4875 6385/4/4503
f 6384/4/4875 6410/4/4894 6411/4/4895
f 6411/4/4895 6383/4/4874 6384/4/4875
f 6411/4/4895 6412/4/4896 6382/4/4873
f 6382/4/4873 6383/4/4874 6411/4/4895
f 6412/4/4896 6413/4/4897 6381/4/4507
f 6381/4/4507 6382/4/4873 6412/4/4896
f 6413/4/4897 6414/4/4898 6380/4/4871
f 6380/4/4871 6381/4/4507 6413/4/4897
f 6380/4/4871 6414/4/4898 6398/4/4882
f 6398/4/4882 6379/4/4872 6380/4/4871
f 6415/4/4899 6398/4/4882 6414/4/4898
f 6415/4/4899 6414/4/4898 6416/4/4544
f 6416/4/4544 6414/4/4898 6413/4/4897
f 6416/4/4544 6413/4/4897 6417/4/4900
f 6413/4/4897 6412/4/4896 6418/4/4901
f 6417/4/4900 6413/4/4897 6418/4/4901
f 6412/4/4896 6411/4/4895 6419/4/4902
f 6418/4/4901 6412/4/4896 6419/4/4902
f 6411/4/4895 6410/4/4894 6420/4/4903
f 6419/4/4902 6411/4/4895 6420/4/4903
f 6410/4/4894 6409/4/4893 6421/4/4904
f 6420/4/4903 6410/4/4894 6421/4/4904
f 6409/4/4893 6408/4/4892 6422/4/4538
f 6421/4/4904 6409/4/4893 6422/4/4538
f 6408/4/4892 6407/4/4891 6423/4/4537
f 6422/4/4538 6408/4/4892 6423/4/4537
f 6423/4/4537 6407/4/4891 6406/4/4890
f 6423/4/4537 6406/4/4890 6424/4/4905
f 6424/4/4905 6406/4/4890 6405/4/4889
f 6424/4/4905 6405/4/4889 6425/4/4906
f 6405/4/4889 6404/4/4520 6426/4/4534
f 6425/4/4906 6405/4/4889 6426/4/4534
f 6426/4/4534 6404/4/4520 6403/4/4888
f 6426/4/4534 6403/4/4888 6427/4/4907
f 6427/4/4907 6403/4/4888 6402/4/4887
f 6427/4/4907 6402/4/4887 6428/4/4908
f 6428/4/4908 6402/4/4887 6401/4/4886
f 6428/4/4908 6401/4/4886 6429/4/4909
f 6429/4/4909 6401/4/4886 6400/4/4885
f 6429/4/4909 6400/4/4885 6430/4/4910
f 6400/4/4885 6399/4/4884 6431/4/4529
f 6430/4/4910 6400/4/4885 6431/4/4529
f 6431/4/4529 6399/4/4884 6397/4/4883
f 6431/4/4529 6397/4/4883 6432/4/4911
f 6432/4/4911 6397/4/4883 6398/4/4882
f 6432/4/4911 6398/4/4882 6415/4/4899
f 6434/4/4912 6433/4/4913 6432/4/4356
f 6432/4/4356 6415/4/4429 6434/4/4912
f 6432/4/4356 6433/4/4913 6435/4/4914
f 6435/4/4914 6431/4/4799 6432/4/4356
f 6435/4/4914 6436/4/4915 6430/4/4916
f 6430/4/4916 6431/4/4799 6435/4/4914
f 6436/4/4915 6437/4/4917 6429/4/4918
f 6429/4/4918 6430/4/4916 6436/4/4915
f 6437/4/4917 6438/4/4919 6428/4/4920
f 6428/4/4920 6429/4/4918 6437/4/4917
f 6428/4/4920 6438/4/4919 6439/4/4563
f 6439/4/4563 6427/4/4449 6428/4/4920
f 6439/4/4563 6440/4/4562 6426/4/4447
f 6426/4/4447 6427/4/4449 6439/4/4563
f 6440/4/4562 6441/4/4921 6425/4/4922
f 6425/4/4922 6426/4/4447 6440/4/4562
f 6441/4/4921 6442/4/4923 6424/4/4444
f 6424/4/4444 6425/4/4922 6441/4/4921
f 6424/4/4444 6442/4/4923 6443/4/4924
f 6443/4/4924 6423/4/4925 6424/4/4444
f 6423/4/4925 6443/4/4924 6444/4/4557
f 6444/4/4557 6422/4/4556 6423/4/4925
f 6422/4/4556 6444/4/4557 6445/4/4555
f 6445/4/4555 6421/4/4554 6422/4/4556
f 6421/4/4554 6445/4/4555 6446/4/4926
f 6446/4/4926 6420/4/4437 6421/4/4554
f 6446/4/4926 6447/4/4927 6419/4/4434
f 6419/4/4434 6420/4/4437 6446/4/4926
f 6419/4/4434 6447/4/4927 6448/4/4928
f 6448/4/4928 6418/4/4385 6419/4/4434
f 6418/4/4385 6448/4/4928 6449/4/4929
f 6449/4/4929 6417/4/4387 6418/4/4385
f 6449/4/4929 6450/4/4930 6416/4/4426
f 6416/4/4426 6417/4/4387 6449/4/4929
f 6416/4/4426 6450/4/4930 6434/4/4912
f 6434/4/4912 6415/4/4429 6416/4/4426
f 6452/4/4931 6451/4/4573 6434/4/4912
f 6434/4/4912 6450/4/4930 6452/4/4931
f 6449/4/4929 6453/4/4932 6452/4/4931
f 6452/4/4931 6450/4/4930 6449/4/4929
f 6454/4/4933 6453/4/4932 6449/4/4929
f 6449/4/4929 6448/4/4928 6454/4/4933
f 6455/4/4934 6454/4/4933 6448/4/4928
f 6448/4/4928 6447/4/4927 6455/4/4934
f 6456/4/4935 6455/4/4934 6447/4/4927
f 6447/4/4927 6446/4/4926 6456/4/4935
f 6445/4/4555 6457/4/4936 6456/4/4935
f 6456/4/4935 6446/4/4926 6445/4/4555
f 6458/4/4584 6457/4/4936 6445/4/4555
f 6445/4/4555 6444/4/4557 6458/4/4584
f 6443/4/4924 6459/4/4583 6458/4/4584
f 6458/4/4584 6444/4/4557 6443/4/4924
f 6442/4/4923 6460/4/4937 6459/4/4583
f 6459/4/4583 6443/4/4924 6442/4/4923
f 6461/4/4938 6460/4/4937 6442/4/4923
f 6442/4/4923 6441/4/4921 6461/4/4938
f 6440/4/4562 6462/4/4580 6461/4/4938
f 6461/4/4938 6441/4/4921 6440/4/4562
f 6439/4/4563 6463/4/4939 6462/4/4580
f 6462/4/4580 6440/4/4562 6439/4/4563
f 6464/4/4940 6463/4/4939 6439/4/4563
f 6439/4/4563 6438/4/4919 6464/4/4940
f 6465/4/4941 6464/4/4940 6438/4/4919
f 6438/4/4919 6437/4/4917 6465/4/4941
f 6436/4/4915 6466/4/4942 6465/4/4941
f 6465/4/4941 6437/4/4917 6436/4/4915
f 6467/4/4943 6466/4/4942 6436/4/4915
f 6436/4/4915 6435/4/4914 6467/4/4943
f 6468/4/4944 6467/4/4943 6435/4/4914
f 6435/4/4914 6433/4/4913 6468/4/4944
f 6434/4/4912 6451/4/4573 6468/4/4944
f 6468/4/4944 6433/4/4913 6434/4/4912
f 6125/4/4666 6468/4/4944 6451/4/4573
f 6125/4/4666 6451/4/4573 6126/4/4592
f 6124/4/4665 6467/4/4943 6468/4/4944
f 6124/4/4665 6468/4/4944 6125/4/4666
f 6466/4/4942 6467/4/4943 6124/4/4665
f 6123/4/4664 6466/4/4942 6124/4/4665
f 6122/4/4663 6465/4/4941 6466/4/4942
f 6122/4/4663 6466/4/4942 6123/4/4664
f 6121/4/4661 6464/4/4940 6465/4/4941
f 6121/4/4661 6465/4/4941 6122/4/4663
f 6463/4/4939 6464/4/4940 6121/4/4661
f 6120/4/4660 6463/4/4939 6121/4/4661
f 6119/4/4602 6462/4/4580 6463/4/4939
f 6119/4/4602 6463/4/4939 6120/4/4660
f 6461/4/4938 6462/4/4580 6119/4/4602
f 6118/4/4662 6461/4/4938 6119/4/4602
f 6117/4/4668 6460/4/4937 6461/4/4938
f 6117/4/4668 6461/4/4938 6118/4/4662
f 6116/4/4669 6459/4/4583 6460/4/4937
f 6116/4/4669 6460/4/4937 6117/4/4668
f 6458/4/4584 6459/4/4583 6116/4/4669
f 6115/4/4598 6458/4/4584 6116/4/4669
f 6457/4/4936 6458/4/4584 6115/4/4598
f 6114/4/4670 6457/4/4936 6115/4/4598
f 6113/4/4671 6456/4/4935 6457/4/4936
f 6113/4/4671 6457/4/4936 6114/4/4670
f 6112/4/4672 6455/4/4934 6456/4/4935
f 6112/4/4672 6456/4/4935 6113/4/4671
f 6454/4/4933 6455/4/4934 6112/4/4672
f 6111/4/4673 6454/4/4933 6112/4/4672
f 6110/4/4674 6453/4/4932 6454/4/4933
f 6110/4/4674 6454/4/4933 6111/4/4673
f 6452/4/4931 6453/4/4932 6110/4/4674
f 6109/4/4667 6452/4/4931 6110/4/4674
f 6451/4/4573 6452/4/4931 6109/4/4667
f 6126/4/4592 6451/4/4573 6109/4/4667
f 6073/4/4631 6470/4/4945 6469/4/4946
f 6469/4/4946 6074/4/4632 6073/4/4631
f 6469/4/4946 6471/4/4947 6075/4/4633
f 6075/4/4633 6074/4/4632 6469/4/4946
f 6471/4/4947 6472/4/4948 6076/4/4638
f 6076/4/4638 6075/4/4633 6471/4/4947
f 6472/4/4948 6473/4/4949 6077/4/4639
f 6077/4/4639 6076/4/4638 6472/4/4948
f 6473/4/4949 6474/4/4950 6078/4/4642
f 6078/4/4642 6077/4/4639 6473/4/4949
f 6078/4/4642 6474/4/4950 6475/4/4951
f 6475/4/4951 6079/4/4643 6078/4/4642
f 6475/4/4951 6476/4/4952 6080/4/4620
f 6080/4/4620 6079/4/4643 6475/4/4951
f 6476/4/4952 6477/4/4953 6081/4/4641
f 6081/4/4641 6080/4/4620 6476/4/4952
f 6081/4/4641 6477/4/4953 6478/4/4954
f 6478/4/4954 6082/4/4640 6081/4/4641
f 6478/4/4954 6479/4/4955 6083/4/4637
f 6083/4/4637 6082/4/4640 6478/4/4954
f 6083/4/4637 6479/4/4955 6480/4/4956
f 6480/4/4956 6084/4/4636 6083/4/4637
f 6084/4/4636 6480/4/4956 6481/4/4957
f 6481/4/4957 6085/4/4635 6084/4/4636
f 6481/4/4957 6482/4/4958 6086/4/4634
f 6086/4/4634 6085/4/4635 6481/4/4957
f 6482/4/4958 6483/4/4959 6087/4/4630
f 6087/4/4630 6086/4/4634 6482/4/4958
f 6087/4/4630 6483/4/4959 6484/4/4960
f 6484/4/4960 6088/4/4627 6087/4/4630
f 6088/4/4627 6484/4/4960 6485/4/4961
f 6485/4/4961 6089/4/4628 6088/4/4627
f 6485/4/4961 6486/4/4962 6090/4/4629
f 6090/4/4629 6089/4/4628 6485/4/4961
f 6486/4/4962 6470/4/4945 6073/4/4631
f 6073/4/4631 6090/4/4629 6486/4/4962
f 6486/4/4962 6488/4/4963 6487/4/4964
f 6487/4/4964 6470/4/4945 6486/4/4962
f 6489/4/4965 6488/4/4963 6486/4/4962
f 6486/4/4962 6485/4/4961 6489/4/4965
f 6490/4/4966 6489/4/4965 6485/4/4961
f 6485/4/4961 6484/4/4960 6490/4/4966
f 6483/4/4959 6491/4/4967 6490/4/4966
f 6490/4/4966 6484/4/4960 6483/4/4959
f 6482/4/4958 6492/4/4968 6491/4/4967
f 6491/4/4967 6483/4/4959 6482/4/4958
f 6493/4/4969 6492/4/4968 6482/4/4958
f 6482/4/4958 6481/4/4957 6493/4/4969
f 6480/4/4956 6494/4/4970 6493/4/4969
f 6493/4/4969 6481/4/4957 6480/4/4956
f 6479/4/4955 6495/4/4971 6494/4/4970
f 6494/4/4970 6480/4/4956 6479/4/4955
f 6496/4/4972 6495/4/4971 6479/4/4955
f 6479/4/4955 6478/4/4954 6496/4/4972
f 6477/4/4953 6497/4/4973 6496/4/4972
f 6496/4/4972 6478/4/4954 6477/4/4953
f 6476/4/4952 6498/4/4974 6497/4/4973
f 6497/4/4973 6477/4/4953 6476/4/4952
f 6475/4/4951 6499/4/4975 6498/4/4974
f 6498/4/4974 6476/4/4952 6475/4/4951
f 6474/4/4950 6500/4/4976 6499/4/4975
f 6499/4/4975 6475/4/4951 6474/4/4950
f 6473/4/4949 6501/4/4977 6500/4/4976
f 6500/4/4976 6474/4/4950 6473/4/4949
f 6472/4/4948 6502/4/4978 6501/4/4977
f 6501/4/4977 6473/4/4949 6472/4/4948
f 6471/4/4947 6503/4/4979 6502/4/4978
f 6502/4/4978 6472/4/4948 6471/4/4947
f 6469/4/4946 6504/4/4980 6503/4/4979
f 6503/4/4979 6471/4/4947 6469/4/4946
f 6470/4/4945 6487/4/4964 6504/4/4980
f 6504/4/4980 6469/4/4946 6470/4/4945
f 6504/4/4980 6487/4/4964 6506/4/4981
f 6505/4/4982 6504/4/4980 6506/4/4981
f 6507/4/4983 6503/4/4979 6504/4/4980
f 6507/4/4983 6504/4/4980 6505/4/4982
f 6502/4/4978 6503/4/4979 6507/4/4983
f 6508/4/4984 6502/4/4978 6507/4/4983
f 6501/4/4977 6502/4/4978 6508/4/4984
f 6509/4/4985 6501/4/4977 6508/4/4984
f 6500/4/4976 6501/4/4977 6509/4/4985
f 6510/4/4986 6500/4/4976 6509/4/4985
f 6499/4/4975 6500/4/4976 6510/4/4986
f 6511/4/4987 6499/4/4975 6510/4/4986
f 6512/4/4988 6498/4/4974 6499/4/4975
f 6512/4/4988 6499/4/4975 6511/4/4987
f 6513/4/4989 6497/4/4973 6498/4/4974
f 6513/4/4989 6498/4/4974 6512/4/4988
f 6496/4/4972 6497/4/4973 6513/4/4989
f 6514/4/4990 6496/4/4972 6513/4/4989
f 6515/4/4991 6495/4/4971 6496/4/4972
f 6515/4/4991 6496/4/4972 6514/4/4990
f 6494/4/4970 6495/4/4971 6515/4/4991
f 6516/4/4992 6494/4/4970 6515/4/4991
f 6517/4/4993 6493/4/4969 6494/4/4970
f 6517/4/4993 6494/4/4970 6516/4/4992
f 6518/4/4994 6492/4/4968 6493/4/4969
f 6518/4/4994 6493/4/4969 6517/4/4993
f 6519/4/4995 6491/4/4967 6492/4/4968
f 6519/4/4995 6492/4/4968 6518/4/4994
f 6520/4/4996 6490/4/4966 6491/4/4967
f 6520/4/4996 6491/4/4967 6519/4/4995
f 6489/4/4965 6490/4/4966 6520/4/4996
f 6521/4/4997 6489/4/4965 6520/4/4996
f 6522/4/4998 6488/4/4963 6489/4/4965
f 6522/4/4998 6489/4/4965 6521/4/4997
f 6506/4/4981 6487/4/4964 6488/4/4963
f 6506/4/4981 6488/4/4963 6522/4/4998
f 6522/4/4999 6524/4/5000 6523/4/5001
f 6523/4/5001 6506/4/5002 6522/4/4999
f 6525/4/5003 6524/4/5000 6522/4/4999
f 6522/4/4999 6521/4/5004 6525/4/5003
f 6520/4/5005 6526/4/5006 6525/4/5003
f 6525/4/5003 6521/4/5004 6520/4/5005
f 6519/4/5007 6527/4/5008 6526/4/5006
f 6526/4/5006 6520/4/5005 6519/4/5007
f 6528/4/5009 6527/4/5008 6519/4/5007
f 6519/4/5007 6518/4/5010 6528/4/5009
f 6529/4/5011 6528/4/5009 6518/4/5010
f 6518/4/5010 6517/4/5012 6529/4/5011
f 6516/4/5013 6530/4/5014 6529/4/5011
f 6529/4/5011 6517/4/5012 6516/4/5013
f 6531/4/5015 6530/4/5014 6516/4/5013
f 6516/4/5013 6515/4/5016 6531/4/5015
f 6532/4/5017 6531/4/5015 6515/4/5016
f 6515/4/5016 6514/4/5018 6532/4/5017
f 6533/4/5019 6532/4/5017 6514/4/5018
f 6514/4/5018 6513/4/5020 6533/4/5019
f 6534/4/5021 6533/4/5019 6513/4/5020
f 6513/4/5020 6512/4/5022 6534/4/5021
f 6535/4/5023 6534/4/5021 6512/4/5022
f 6512/4/5022 6511/4/5024 6535/4/5023
f 6510/4/5025 6536/4/5026 6535/4/5023
f 6535/4/5023 6511/4/5024 6510/4/5025
f 6509/4/5027 6537/4/5028 6536/4/5026
f 6536/4/5026 6510/4/5025 6509/4/5027
f 6508/4/5029 6538/4/5030 6537/4/5028
f 6537/4/5028 6509/4/5027 6508/4/5029
f 6539/4/5031 6538/4/5030 6508/4/5029
f 6508/4/5029 6507/4/5032 6539/4/5031
f 6505/4/5033 6540/4/5034 6539/4/5031
f 6539/4/5031 6507/4/5032 6505/4/5033
f 6523/4/5001 6540/4/5034 6505/4/5033
f 6505/4/5033 6506/4/5002 6523/4/5001
f 6523/4/5001 6542/4/5035 6541/4/5036
f 6541/4/5036 6540/4/5034 6523/4/5001
f 6539/4/5031 6540/4/5034 6541/4/5036
f 6543/4/5037 6539/4/5031 6541/4/5036
f 6543/4/5037 6544/4/5038 6538/4/5030
f 6538/4/5030 6539/4/5031 6543/4/5037
f 6537/4/5028 6538/4/5030 6544/4/5038
f 6545/4/5039 6537/4/5028 6544/4/5038
f 6545/4/5039 6546/4/5040 6536/4/5026
f 6536/4/5026 6537/4/5028 6545/4/5039
f 6546/4/5040 6547/4/5041 6535/4/5023
f 6535/4/5023 6536/4/5026 6546/4/5040
f 6535/4/5023 6547/4/5041 6548/4/5042
f 6548/4/5042 6534/4/5021 6535/4/5023
f 6549/4/5043 6533/4/5019 6534/4/5021
f 6549/4/5043 6534/4/5021 6548/4/5042
f 6550/4/5044 6532/4/5017 6533/4/5019
f 6550/4/5044 6533/4/5019 6549/4/5043
f 6532/4/5017 6550/4/5044 6551/4/5045
f 6551/4/5045 6531/4/5015 6532/4/5017
f 6552/4/5046 6530/4/5014 6531/4/5015
f 6552/4/5046 6531/4/5015 6551/4/5045
f 6552/4/5046 6553/4/5047 6529/4/5011
f 6529/4/5011 6530/4/5014 6552/4/5046
f 6528/4/5009 6529/4/5011 6553/4/5047
f 6554/4/5048 6528/4/5009 6553/4/5047
f 6555/4/5049 6527/4/5008 6528/4/5009
f 6555/4/5049 6528/4/5009 6554/4/5048
f 6555/4/5049 6556/4/5050 6526/4/5006
f 6526/4/5006 6527/4/5008 6555/4/5049
f 6556/4/5050 6557/4/5051 6525/4/5003
f 6525/4/5003 6526/4/5006 6556/4/5050
f 6524/4/5000 6525/4/5003 6557/4/5051
f 6558/4/5052 6524/4/5000 6557/4/5051
f 6558/4/5052 6542/4/5035 6523/4/5001
f 6523/4/5001 6524/4/5000 6558/4/5052
f 6559/4/5053 6542/4/5035 6558/4/5052
f 6559/4/5053 6558/4/5052 6560/4/5054
f 6560/4/5054 6558/4/5052 6557/4/5051
f 6560/4/5054 6557/4/5051 6561/4/5055
f 6557/4/5051 6556/4/5050 6562/4/5056
f 6561/4/5055 6557/4/5051 6562/4/5056
f 6556/4/5050 6555/4/5049 6563/4/5057
f 6562/4/5056 6556/4/5050 6563/4/5057
f 6555/4/5049 6554/4/5048 6564/4/5058
f 6563/4/5057 6555/4/5049 6564/4/5058
f 6554/4/5048 6553/4/5047 6565/4/5059
f 6564/4/5058 6554/4/5048 6565/4/5059
f 6565/4/5059 6553/4/5047 6552/4/5046
f 6565/4/5059 6552/4/5046 6566/4/5060
f 6552/4/5046 6551/4/5045 6567/4/5061
f 6566/4/5060 6552/4/5046 6567/4/5061
f 6567/4/5061 6551/4/5045 6550/4/5044
f 6567/4/5061 6550/4/5044 6568/4/5062
f 6550/4/5044 6549/4/5043 6569/4/5063
f 6568/4/5062 6550/4/5044 6569/4/5063
f 6569/4/5063 6549/4/5043 6548/4/5042
f 6569/4/5063 6548/4/5042 6570/4/5064
f 6570/4/5064 6548/4/5042 6547/4/5041
f 6570/4/5064 6547/4/5041 6571/4/5065
f 6571/4/5065 6547/4/5041 6546/4/5040
f 6571/4/5065 6546/4/5040 6572/4/5066
f 6572/4/5066 6546/4/5040 6545/4/5039
f 6572/4/5066 6545/4/5039 6573/4/5067
f 6573/4/5067 6545/4/5039 6544/4/5038
f 6573/4/5067 6544/4/5038 6574/4/5068
f 6574/4/5068 6544/4/5038 6543/4/5037
f 6574/4/5068 6543/4/5037 6575/4/5069
f 6543/4/5037 6541/4/5036 6576/4/5070
f 6575/4/5069 6543/4/5037 6576/4/5070
f 6576/4/5070 6541/4/5036 6542/4/5035
f 6576/4/5070 6542/4/5035 6559/4/5053
f 6578/4/5071 6577/4/5072 6576/4/5073
f 6576/4/5073 6559/4/5074 6578/4/5071
f 6576/4/5073 6577/4/5072 6579/4/5075
f 6579/4/5075 6575/4/5076 6576/4/5073
f 6579/4/5075 6580/4/5077 6574/4/5078
f 6574/4/5078 6575/4/5076 6579/4/5075
f 6580/4/5077 6581/4/5079 6573/4/5080
f 6573/4/5080 6574/4/5078 6580/4/5077
f 6581/4/5079 6582/4/5081 6572/4/5082
f 6572/4/5082 6573/4/5080 6581/4/5079
f 6572/4/5082 6582/4/5081 6583/4/5083
f 6583/4/5083 6571/4/5084 6572/4/5082
f 6583/4/5083 6584/4/5085 6570/4/5086
f 6570/4/5086 6571/4/5084 6583/4/5083
f 6570/4/5086 6584/4/5085 6585/4/5087
f 6585/4/5087 6569/4/5088 6570/4/5086
f 6585/4/5087 6586/4/5089 6568/4/5090
f 6568/4/5090 6569/4/5088 6585/4/5087
f 6586/4/5089 6587/4/5091 6567/4/5092
f 6567/4/5092 6568/4/5090 6586/4/5089
f 6567/4/5092 6587/4/5091 6588/4/5093
f 6588/4/5093 6566/4/5094 6567/4/5092
f 6566/4/5094 6588/4/5093 6589/4/5095
f 6589/4/5095 6565/4/5096 6566/4/5094
f 6565/4/5096 6589/4/5095 6590/4/5097
f 6590/4/5097 6564/4/5098 6565/4/5096
f 6564/4/5098 6590/4/5097 6591/4/5099
f 6591/4/5099 6563/4/5100 6564/4/5098
f 6563/4/5100 6591/4/5099 6592/4/5101
f 6592/4/5101 6562/4/5102 6563/4/5100
f 6562/4/5102 6592/4/5101 6593/4/5103
f 6593/4/5103 6561/4/5104 6562/4/5102
f 6593/4/5103 6594/4/5105 6560/4/5106
f 6560/4/5106 6561/4/5104 6593/4/5103
f 6594/4/5105 6578/4/5071 6559/4/5074
f 6559/4/5074 6560/4/5106 6594/4/5105
f 6594/4/5105 6596/4/5107 6595/4/5108
f 6595/4/5108 6578/4/5071 6594/4/5105
f 6596/4/5107 6594/4/5105 6593/4/5103
f 6596/4/5107 6593/4/5103 6597/4/5109
f 6593/4/5103 6592/4/5101 6598/4/5110
f 6597/4/5109 6593/4/5103 6598/4/5110
f 6591/4/5099 6599/4/5111 6598/4/5110
f 6598/4/5110 6592/4/5101 6591/4/5099
f 6591/4/5099 6590/4/5097 6600/4/5112
f 6599/4/5111 6591/4/5099 6600/4/5112
f 6601/4/5113 6600/4/5112 6590/4/5097
f 6590/4/5097 6589/4/5095 6601/4/5113
f 6589/4/5095 6588/4/5093 6602/4/5114
f 6601/4/5113 6589/4/5095 6602/4/5114
f 6587/4/5091 6603/4/5115 6602/4/5114
f 6602/4/5114 6588/4/5093 6587/4/5091
f 6587/4/5091 6586/4/5089 6604/4/5116
f 6603/4/5115 6587/4/5091 6604/4/5116
f 6586/4/5089 6585/4/5087 6605/4/5117
f 6604/4/5116 6586/4/5089 6605/4/5117
f 6585/4/5087 6584/4/5085 6606/4/5118
f 6605/4/5117 6585/4/5087 6606/4/5118
f 6584/4/5085 6583/4/5083 6607/4/5119
f 6606/4/5118 6584/4/5085 6607/4/5119
f 6582/4/5081 6608/4/5120 6607/4/5119
f 6607/4/5119 6583/4/5083 6582/4/5081
f 6608/4/5120 6582/4/5081 6581/4/5079
f 6608/4/5120 6581/4/5079 6609/4/5121
f 6581/4/5079 6580/4/5077 6610/4/5122
f 6609/4/5121 6581/4/5079 6610/4/5122
f 6611/4/5123 6610/4/5122 6580/4/5077
f 6580/4/5077 6579/4/5075 6611/4/5123
f 6612/4/5124 6611/4/5123 6579/4/5075
f 6579/4/5075 6577/4/5072 6612/4/5124
f 6612/4/5124 6577/4/5072 6578/4/5071
f 6612/4/5124 6578/4/5071 6595/4/5108
f 6613/4/5125 6612/4/5124 6595/4/5108
f 6613/4/5125 6595/4/5108 6614/4/5126
f 6611/4/5123 6612/4/5124 6613/4/5125
f 6615/4/5127 6611/4/5123 6613/4/5125
f 6616/4/5128 6610/4/5122 6611/4/5123
f 6616/4/5128 6611/4/5123 6615/4/5127
f 6617/4/5129 6609/4/5121 6610/4/5122
f 6617/4/5129 6610/4/5122 6616/4/5128
f 6618/4/5130 6608/4/5120 6609/4/5121
f 6618/4/5130 6609/4/5121 6617/4/5129
f 6607/4/5119 6608/4/5120 6618/4/5130
f 6619/4/5131 6607/4/5119 6618/4/5130
f 6620/4/5132 6606/4/5118 6607/4/5119
f 6620/4/5132 6607/4/5119 6619/4/5131
f 6621/4/5133 6605/4/5117 6606/4/5118
f 6621/4/5133 6606/4/5118 6620/4/5132
f 6604/4/5116 6605/4/5117 6621/4/5133
f 6622/4/5134 6604/4/5116 6621/4/5133
f 6623/4/5135 6603/4/5115 6604/4/5116
f 6623/4/5135 6604/4/5116 6622/4/5134
f 6602/4/5114 6603/4/5115 6623/4/5135
f 6624/4/5136 6602/4/5114 6623/4/5135
f 6601/4/5113 6602/4/5114 6624/4/5136
f 6625/4/5137 6601/4/5113 6624/4/5136
f 6600/4/5112 6601/4/5113 6625/4/5137
f 6626/4/5138 6600/4/5112 6625/4/5137
f 6599/4/5111 6600/4/5112 6626/4/5138
f 6627/4/5139 6599/4/5111 6626/4/5138
f 6598/4/5110 6599/4/5111 6627/4/5139
f 6628/4/5140 6598/4/5110 6627/4/5139
f 6597/4/5109 6598/4/5110 6628/4/5140
f 6629/4/5141 6597/4/5109 6628/4/5140
f 6596/4/5107 6597/4/5109 6629/4/5141
f 6630/4/5142 6596/4/5107 6629/4/5141
f 6614/4/5126 6595/4/5108 6596/4/5107
f 6614/4/5126 6596/4/5107 6630/4/5142
f 6630/4/5143 6632/4/5144 6631/4/5145
f 6631/4/5145 6614/4/5146 6630/4/5143
f 6633/4/5147 6632/4/5144 6630/4/5143
f 6630/4/5143 6629/4/5104 6633/4/5147
f 6628/4/5102 6634/4/5101 6633/4/5147
f 6633/4/5147 6629/4/5104 6628/4/5102
f 6627/4/5148 6635/4/5099 6634/4/5101
f 6634/4/5101 6628/4/5102 6627/4/5148
f 6626/4/5098 6636/4/5097 6635/4/5099
f 6635/4/5099 6627/4/5148 6626/4/5098
f 6625/4/5149 6637/4/5150 6636/4/5097
f 6636/4/5097 6626/4/5098 6625/4/5149
f 6638/4/5151 6637/4/5150 6625/4/5149
f 6625/4/5149 6624/4/5152 6638/4/5151
f 6623/4/5092 6639/4/5153 6638/4/5151
f 6638/4/5151 6624/4/5152 6623/4/5092
f 6640/4/5154 6639/4/5153 6623/4/5092
f 6623/4/5092 6622/4/5155 6640/4/5154
f 6621/4/5088 6641/4/5156 6640/4/5154
f 6640/4/5154 6622/4/5155 6621/4/5088
f 6642/4/5157 6641/4/5156 6621/4/5088
f 6621/4/5088 6620/4/5158 6642/4/5157
f 6643/4/5159 6642/4/5157 6620/4/5158
f 6620/4/5158 6619/4/5084 6643/4/5159
f 6618/4/5160 6644/4/5161 6643/4/5159
f 6643/4/5159 6619/4/5084 6618/4/5160
f 6617/4/5162 6645/4/5163 6644/4/5161
f 6644/4/5161 6618/4/5160 6617/4/5162
f 6646/4/5164 6645/4/5163 6617/4/5162
f 6617/4/5162 6616/4/5165 6646/4/5164
f 6615/4/5166 6647/4/5167 6646/4/5164
f 6646/4/5164 6616/4/5165 6615/4/5166
f 6613/4/5168 6648/4/5169 6647/4/5167
f 6647/4/5167 6615/4/5166 6613/4/5168
f 6631/4/5145 6648/4/5169 6613/4/5168
f 6613/4/5168 6614/4/5146 6631/4/5145
f 6631/4/5145 6650/4/5170 6649/4/5171
f 6649/4/5171 6648/4/5169 6631/4/5145
f 6651/4/5172 6647/4/5167 6648/4/5169
f 6651/4/5172 6648/4/5169 6649/4/5171
f 6651/4/5172 6652/4/5173 6646/4/5164
f 6646/4/5164 6647/4/5167 6651/4/5172
f 6645/4/5163 6646/4/5164 6652/4/5173
f 6653/4/5174 6645/4/5163 6652/4/5173
f 6653/4/5174 6654/4/5175 6644/4/5161
f 6644/4/5161 6645/4/5163 6653/4/5174
f 6655/4/5176 6643/4/5159 6644/4/5161
f 6655/4/5176 6644/4/5161 6654/4/5175
f 6643/4/5159 6655/4/5176 6656/4/5177
f 6656/4/5177 6642/4/5157 6643/4/5159
f 6657/4/5178 6641/4/5156 6642/4/5157
f 6657/4/5178 6642/4/5157 6656/4/5177
f 6657/4/5178 6658/4/5179 6640/4/5154
f 6640/4/5154 6641/4/5156 6657/4/5178
f 6639/4/5153 6640/4/5154 6658/4/5179
f 6659/4/5180 6639/4/5153 6658/4/5179
f 6660/4/5181 6638/4/5151 6639/4/5153
f 6660/4/5181 6639/4/5153 6659/4/5180
f 6638/4/5151 6660/4/5181 6661/4/5182
f 6661/4/5182 6637/4/5150 6638/4/5151
f 6636/4/5097 6637/4/5150 6661/4/5182
f 6662/4/5183 6636/4/5097 6661/4/5182
f 6662/4/5183 6663/4/5184 6635/4/5099
f 6635/4/5099 6636/4/5097 6662/4/5183
f 6664/4/5185 6634/4/5101 6635/4/5099
f 6664/4/5185 6635/4/5099 6663/4/5184
f 6664/4/5185 6665/4/5186 6633/4/5147
f 6633/4/5147 6634/4/5101 6664/4/5185
f 6632/4/5144 6633/4/5147 6665/4/5186
f 6666/4/5187 6632/4/5144 6665/4/5186
f 6650/4/5170 6631/4/5145 6632/4/5144
f 6650/4/5170 6632/4/5144 6666/4/5187
f 6650/4/5170 6666/4/5187 6668/4/5188
f 6667/4/5189 6650/4/5170 6668/4/5188
f 6668/4/5188 6666/4/5187 6665/4/5186
f 6668/4/5188 6665/4/5186 6669/4/5190
f 6669/4/5190 6665/4/5186 6664/4/5185
f 6669/4/5190 6664/4/5185 6670/4/5191
f 6670/4/5191 6664/4/5185 6663/4/5184
f 6670/4/5191 6663/4/5184 6671/4/5192
f 6671/4/5192 6663/4/5184 6662/4/5183
f 6671/4/5192 6662/4/5183 6672/4/5193
f 6672/4/5193 6662/4/5183 6661/4/5182
f 6672/4/5193 6661/4/5182 6673/4/5194
f 6673/4/5194 6661/4/5182 6660/4/5181
f 6673/4/5194 6660/4/5181 6674/4/5195
f 6660/4/5181 6659/4/5180 6675/4/5196
f 6674/4/5195 6660/4/5181 6675/4/5196
f 6675/4/5196 6659/4/5180 6658/4/5179
f 6675/4/5196 6658/4/5179 6676/4/5197
f 6658/4/5179 6657/4/5178 6677/4/5198
f 6676/4/5197 6658/4/5179 6677/4/5198
f 6677/4/5198 6657/4/5178 6656/4/5177
f 6677/4/5198 6656/4/5177 6678/4/5199
f 6678/4/5199 6656/4/5177 6655/4/5176
f 6678/4/5199 6655/4/5176 6679/4/5200
f 6655/4/5176 6654/4/5175 6680/4/5201
f 6679/4/5200 6655/4/5176 6680/4/5201
f 6654/4/5175 6653/4/5174 6681/4/5202
f 6680/4/5201 6654/4/5175 6681/4/5202
f 6653/4/5174 6652/4/5173 6682/4/5203
f 6681/4/5202 6653/4/5174 6682/4/5203
f 6652/4/5173 6651/4/5172 6683/4/5204
f 6682/4/5203 6652/4/5173 6683/4/5204
f 6683/4/5204 6651/4/5172 6649/4/5171
f 6683/4/5204 6649/4/5171 6684/4/5205
f 6684/4/5205 6649/4/5171 6650/4/5170
f 6684/4/5205 6650/4/5170 6667/4/5189
f 6686/4/5206 6685/4/5207 6684/4/5205
f 6684/4/5205 6667/4/5189 6686/4/5206
f 6685/4/5207 6687/4/5208 6683/4/5204
f 6683/4/5204 6684/4/5205 6685/4/5207
f 6687/4/5208 6688/4/5209 6682/4/5203
f 6682/4/5203 6683/4/5204 6687/4/5208
f 6688/4/5209 6689/4/5210 6681/4/5202
f 6681/4/5202 6682/4/5203 6688/4/5209
f 6689/4/5210 6690/4/5211 6680/4/5201
f 6680/4/5201 6681/4/5202 6689/4/5210
f 6680/4/5201 6690/4/5211 6691/4/5212
f 6691/4/5212 6679/4/5200 6680/4/5201
f 6691/4/5212 6692/4/5213 6678/4/5199
f 6678/4/5199 6679/4/5200 6691/4/5212
f 6678/4/5199 6692/4/5213 6693/4/5214
f 6693/4/5214 6677/4/5198 6678/4/5199
f 6693/4/5214 6694/4/5215 6676/4/5197
f 6676/4/5197 6677/4/5198 6693/4/5214
f 6694/4/5215 6695/4/5216 6675/4/5196
f 6675/4/5196 6676/4/5197 6694/4/5215
f 6675/4/5196 6695/4/5216 6696/4/5217
f 6696/4/5217 6674/4/5195 6675/4/5196
f 6674/4/5195 6696/4/5217 6697/4/5218
f 6697/4/5218 6673/4/5194 6674/4/5195
f 6697/4/5218 6698/4/5219 6672/4/5193
f 6672/4/5193 6673/4/5194 6697/4/5218
f 6698/4/5219 6699/4/5220 6671/4/5192
f 6671/4/5192 6672/4/5193 6698/4/5219
f 6699/4/5220 6700/4/5221 6670/4/5191
f 6670/4/5191 6671/4/5192 6699/4/5220
f 6670/4/5191 6700/4/5221 6701/4/5222
f 6701/4/5222 6669/4/5190 6670/4/5191
f 6669/4/5190 6701/4/5222 6702/4/5223
f 6702/4/5223 6668/4/5188 6669/4/5190
f 6668/4/5188 6702/4/5223 6686/4/5206
f 6686/4/5206 6667/4/5189 6668/4/5188
f 6702/4/5223 6704/4/5224 6703/4/5225
f 6703/4/5225 6686/4/5206 6702/4/5223
f 6705/4/5226 6704/4/5224 6702/4/5223
f 6702/4/5223 6701/4/5222 6705/4/5226
f 6706/4/5227 6705/4/5226 6701/4/5222
f 6701/4/5222 6700/4/5221 6706/4/5227
f 6699/4/5220 6707/4/5228 6706/4/5227
f 6706/4/5227 6700/4/5221 6699/4/5220
f 6708/4/5229 6707/4/5228 6699/4/5220
f 6699/4/5220 6698/4/5219 6708/4/5229
f 6697/4/5218 6709/4/5230 6708/4/5229
f 6708/4/5229 6698/4/5219 6697/4/5218
f 6710/4/5231 6709/4/5230 6697/4/5218
f 6697/4/5218 6696/4/5217 6710/4/5231
f 6711/4/5232 6710/4/5231 6696/4/5217
f 6696/4/5217 6695/4/5216 6711/4/5232
f 6712/4/5233 6711/4/5232 6695/4/5216
f 6695/4/5216 6694/4/5215 6712/4/5233
f 6713/4/5234 6712/4/5233 6694/4/5215
f 6694/4/5215 6693/4/5214 6713/4/5234
f 6692/4/5213 6714/4/5235 6713/4/5234
f 6713/4/5234 6693/4/5214 6692/4/5213
f 6715/4/5236 6714/4/5235 6692/4/5213
f 6692/4/5213 6691/4/5212 6715/4/5236
f 6716/4/5237 6715/4/5236 6691/4/5212
f 6691/4/5212 6690/4/5211 6716/4/5237
f 6689/4/5210 6717/4/5238 6716/4/5237
f 6716/4/5237 6690/4/5211 6689/4/5210
f 6688/4/5209 6718/4/5239 6717/4/5238
f 6717/4/5238 6689/4/5210 6688/4/5209
f 6687/4/5208 6719/4/5240 6718/4/5239
f 6718/4/5239 6688/4/5209 6687/4/5208
f 6685/4/5207 6720/4/5241 6719/4/5240
f 6719/4/5240 6687/4/5208 6685/4/5207
f 6686/4/5206 6703/4/5225 6720/4/5241
f 6720/4/5241 6685/4/5207 6686/4/5206
f 6720/4/5241 6703/4/5225 6722/4/5242
f 6721/4/5243 6720/4/5241 6722/4/5242
f 6719/4/5240 6720/4/5241 6721/4/5243
f 6723/4/5244 6719/4/5240 6721/4/5243
f 6718/4/5239 6719/4/5240 6723/4/5244
f 6724/4/5245 6718/4/5239 6723/4/5244
f 6717/4/5238 6718/4/5239 6724/4/5245
f 6725/4/5246 6717/4/5238 6724/4/5245
f 6716/4/5237 6717/4/5238 6725/4/5246
f 6726/4/5247 6716/4/5237 6725/4/5246
f 6715/4/5236 6716/4/5237 6726/4/5247
f 6727/4/5248 6715/4/5236 6726/4/5247
f 6728/4/5249 6714/4/5235 6715/4/5236
f 6728/4/5249 6715/4/5236 6727/4/5248
f 6729/4/5250 6713/4/5234 6714/4/5235
f 6729/4/5250 6714/4/5235 6728/4/5249
f 6712/4/5233 6713/4/5234 6729/4/5250
f 6730/4/5251 6712/4/5233 6729/4/5250
f 6731/4/5252 6711/4/5232 6712/4/5233
f 6731/4/5252 6712/4/5233 6730/4/5251
f 6732/4/5253 6710/4/5231 6711/4/5232
f 6732/4/5253 6711/4/5232 6731/4/5252
f 6709/4/5230 6710/4/5231 6732/4/5253
f 6733/4/5254 6709/4/5230 6732/4/5253
f 6734/4/5255 6708/4/5229 6709/4/5230
f 6734/4/5255 6709/4/5230 6733/4/5254
f 6735/4/5256 6707/4/5228 6708/4/5229
f 6735/4/5256 6708/4/5229 6734/4/5255
f 6706/4/5227 6707/4/5228 6735/4/5256
f 6736/4/5257 6706/4/5227 6735/4/5256
f 6737/4/5258 6705/4/5226 6706/4/5227
f 6737/4/5258 6706/4/5227 6736/4/5257
f 6738/4/5259 6704/4/5224 6705/4/5226
f 6738/4/5259 6705/4/5226 6737/4/5258
f 6703/4/5225 6704/4/5224 6738/4/5259
f 6722/4/5242 6703/4/5225 6738/4/5259
f 6740/4/5260 6739/4/5261 6722/4/5262
f 6722/4/5262 6738/4/5106 6740/4/5260
f 6741/4/5263 6740/4/5260 6738/4/5106
f 6738/4/5106 6737/4/5264 6741/4/5263
f 6742/4/5265 6741/4/5263 6737/4/5264
f 6737/4/5264 6736/4/5266 6742/4/5265
f 6735/4/5267 6743/4/5268 6742/4/5265
f 6742/4/5265 6736/4/5266 6735/4/5267
f 6744/4/5269 6743/4/5268 6735/4/5267
f 6735/4/5267 6734/4/5270 6744/4/5269
f 6745/4/5271 6744/4/5269 6734/4/5270
f 6734/4/5270 6733/4/5272 6745/4/5271
f 6746/4/5273 6745/4/5271 6733/4/5272
f 6733/4/5272 6732/4/5152 6746/4/5273
f 6731/4/5092 6747/4/5274 6746/4/5273
f 6746/4/5273 6732/4/5152 6731/4/5092
f 6748/4/5275 6747/4/5274 6731/4/5092
f 6731/4/5092 6730/4/5155 6748/4/5275
f 6729/4/5088 6749/4/5276 6748/4/5275
f 6748/4/5275 6730/4/5155 6729/4/5088
f 6750/4/5277 6749/4/5276 6729/4/5088
f 6729/4/5088 6728/4/5158 6750/4/5277
f 6751/4/5278 6750/4/5277 6728/4/5158
f 6728/4/5158 6727/4/5084 6751/4/5278
f 6726/4/5082 6752/4/5279 6751/4/5278
f 6751/4/5278 6727/4/5084 6726/4/5082
f 6753/4/5280 6752/4/5279 6726/4/5082
f 6726/4/5082 6725/4/5281 6753/4/5280
f 6754/4/5282 6753/4/5280 6725/4/5281
f 6725/4/5281 6724/4/5165 6754/4/5282
f 6723/4/5283 6755/4/5284 6754/4/5282
f 6754/4/5282 6724/4/5165 6723/4/5283
f 6721/4/5073 6756/4/5285 6755/4/5284
f 6755/4/5284 6723/4/5283 6721/4/5073
f 6739/4/5261 6756/4/5285 6721/4/5073
f 6721/4/5073 6722/4/5262 6739/4/5261
f 6739/4/5261 6758/4/5286 6757/4/5287
f 6757/4/5287 6756/4/5285 6739/4/5261
f 6756/4/5285 6757/4/5287 6759/4/5288
f 6759/4/5288 6755/4/5284 6756/4/5285
f 6755/4/5284 6759/4/5288 6760/4/5289
f 6760/4/5289 6754/4/5282 6755/4/5284
f 6754/4/5282 6760/4/5289 6761/4/5290
f 6761/4/5290 6753/4/5280 6754/4/5282
f 6761/4/5290 6762/4/5291 6752/4/5279
f 6752/4/5279 6753/4/5280 6761/4/5290
f 6762/4/5291 6763/4/5292 6751/4/5278
f 6751/4/5278 6752/4/5279 6762/4/5291
f 6763/4/5292 6764/4/5293 6750/4/5277
f 6750/4/5277 6751/4/5278 6763/4/5292
f 6750/4/5277 6764/4/5293 6765/4/5294
f 6765/4/5294 6749/4/5276 6750/4/5277
f 6765/4/5294 6766/4/5295 6748/4/5275
f 6748/4/5275 6749/4/5276 6765/4/5294
f 6748/4/5275 6766/4/5295 6767/4/5296
f 6767/4/5296 6747/4/5274 6748/4/5275
f 6767/4/5296 6768/4/5297 6746/4/5273
f 6746/4/5273 6747/4/5274 6767/4/5296
f 6746/4/5273 6768/4/5297 6769/4/5298
f 6769/4/5298 6745/4/5271 6746/4/5273
f 6745/4/5271 6769/4/5298 6770/4/5299
f 6770/4/5299 6744/4/5269 6745/4/5271
f 6770/4/5299 6771/4/5300 6743/4/5268
f 6743/4/5268 6744/4/5269 6770/4/5299
f 6771/4/5300 6772/4/5301 6742/4/5265
f 6742/4/5265 6743/4/5268 6771/4/5300
f 6742/4/5265 6772/4/5301 6773/4/5302
f 6773/4/5302 6741/4/5263 6742/4/5265
f 6741/4/5263 6773/4/5302 6774/4/5303
f 6774/4/5303 6740/4/5260 6741/4/5263
f 6774/4/5303 6758/4/5286 6739/4/5261
f 6739/4/5261 6740/4/5260 6774/4/5303
f 6758/4/5286 6774/4/5303 6128/4/4676
f 6127/4/4675 6758/4/5286 6128/4/4676
f 6128/4/4676 6774/4/5303 6773/4/5302
f 6128/4/4676 6773/4/5302 6129/4/4677
f 6129/4/4677 6773/4/5302 6772/4/5301
f 6129/4/4677 6772/4/5301 6130/4/4678
f 6130/4/4678 6772/4/5301 6771/4/5300
f 6130/4/4678 6771/4/5300 6131/4/4680
f 6131/4/4680 6771/4/5300 6770/4/5299
f 6131/4/4680 6770/4/5299 6132/4/4681
f 6770/4/5299 6769/4/5298 6133/4/4682
f 6132/4/4681 6770/4/5299 6133/4/4682
f 6769/4/5298 6768/4/5297 6134/4/4683
f 6133/4/4682 6769/4/5298 6134/4/4683
f 6768/4/5297 6767/4/5296 6135/4/4684
f 6134/4/4683 6768/4/5297 6135/4/4684
f 6135/4/4684 6767/4/5296 6766/4/5295
f 6135/4/4684 6766/4/5295 6136/4/4685
f 6136/4/4685 6766/4/5295 6765/4/5294
f 6136/4/4685 6765/4/5294 6137/4/4686
f 6765/4/5294 6764/4/5293 6138/4/4687
f 6137/4/4686 6765/4/5294 6138/4/4687
f 6138/4/4687 6764/4/5293 6763/4/5292
f 6138/4/4687 6763/4/5292 6139/4/4688
f 6139/4/4688 6763/4/5292 6762/4/5291
f 6139/4/4688 6762/4/5291 6140/4/4689
f 6140/4/4689 6762/4/5291 6761/4/5290
f 6140/4/4689 6761/4/5290 6141/4/4690
f 6761/4/5290 6760/4/5289 6142/4/4691
f 6141/4/4690 6761/4/5290 6142/4/4691
f 6760/4/5289 6759/4/5288 6143/4/4692
f 6142/4/4691 6760/4/5289 6143/4/4692
f 6759/4/5288 6757/4/5287 6144/4/4679
f 6143/4/4692 6759/4/5288 6144/4/4679
f 6144/4/4679 6757/4/5287 6758/4/5286
f 6144/4/4679 6758/4/5286 6127/4/4675
f 6055/4/4618 6776/4/5304 6775/4/5305
f 6775/4/5305 6056/4/4623 6055/4/4618
f 6056/4/4623 6775/4/5305 6777/4/5306
f 6777/4/5306 6057/4/4624 6056/4/4623
f 6057/4/4624 6777/4/5306 6778/4/5307
f 6778/4/5307 6058/4/4625 6057/4/4624
f 6778/4/5307 6779/4/5308 6059/4/4626
f 6059/4/4626 6058/4/4625 6778/4/5307
f 6779/4/5308 6780/4/5309 6060/4/4622
f 6060/4/4622 6059/4/4626 6779/4/5308
f 6060/4/4622 6780/4/5309 6781/4/5310
f 6781/4/5310 6061/4/4621 6060/4/4622
f 6781/4/5310 6782/4/5311 6062/4/4620
f 6062/4/4620 6061/4/4621 6781/4/5310
f 6782/4/5311 6783/4/5312 6063/4/4619
f 6063/4/4619 6062/4/4620 6782/4/5311
f 6063/4/4619 6783/4/5312 6784/4/5313
f 6784/4/5313 6064/4/4612 6063/4/4619
f 6784/4/5313 6785/4/5314 6065/4/4609
f 6065/4/4609 6064/4/4612 6784/4/5313
f 6065/4/4609 6785/4/5314 6786/4/4956
f 6786/4/4956 6066/4/4610 6065/4/4609
f 6066/4/4610 6786/4/4956 6787/4/5315
f 6787/4/5315 6067/4/4611 6066/4/4610
f 6067/4/4611 6787/4/5315 6788/4/5316
f 6788/4/5316 6068/4/4613 6067/4/4611
f 6788/4/5316 6789/4/5317 6069/4/4614
f 6069/4/4614 6068/4/4613 6788/4/5316
f 6069/4/4614 6789/4/5317 6790/4/5318
f 6790/4/5318 6070/4/4615 6069/4/4614
f 6790/4/5318 6791/4/5319 6071/4/4616
f 6071/4/4616 6070/4/4615 6790/4/5318
f 6791/4/5319 6792/4/5320 6072/4/4617
f 6072/4/4617 6071/4/4616 6791/4/5319
f 6792/4/5320 6776/4/5304 6055/4/4618
f 6055/4/4618 6072/4/4617 6792/4/5320
f 6792/4/5320 6794/4/5321 6793/4/5322
f 6793/4/5322 6776/4/5304 6792/4/5320
f 6791/4/5319 6795/4/5323 6794/4/5321
f 6794/4/5321 6792/4/5320 6791/4/5319
f 6796/4/5324 6795/4/5323 6791/4/5319
f 6791/4/5319 6790/4/5318 6796/4/5324
f 6789/4/5317 6797/4/5325 6796/4/5324
f 6796/4/5324 6790/4/5318 6789/4/5317
f 6788/4/5316 6798/4/5326 6797/4/5325
f 6797/4/5325 6789/4/5317 6788/4/5316
f 6799/4/4969 6798/4/5326 6788/4/5316
f 6788/4/5316 6787/4/5315 6799/4/4969
f 6786/4/4956 6800/4/4970 6799/4/4969
f 6799/4/4969 6787/4/5315 6786/4/4956
f 6785/4/5314 6801/4/5327 6800/4/4970
f 6800/4/4970 6786/4/4956 6785/4/5314
f 6802/4/5328 6801/4/5327 6785/4/5314
f 6785/4/5314 6784/4/5313 6802/4/5328
f 6803/4/5329 6802/4/5328 6784/4/5313
f 6784/4/5313 6783/4/5312 6803/4/5329
f 6782/4/5311 6804/4/5330 6803/4/5329
f 6803/4/5329 6783/4/5312 6782/4/5311
f 6805/4/5331 6804/4/5330 6782/4/5311
f 6782/4/5311 6781/4/5310 6805/4/5331
f 6780/4/5309 6806/4/5332 6805/4/5331
f 6805/4/5331 6781/4/5310 6780/4/5309
f 6807/4/5333 6806/4/5332 6780/4/5309
f 6780/4/5309 6779/4/5308 6807/4/5333
f 6778/4/5307 6808/4/4978 6807/4/5333
f 6807/4/5333 6779/4/5308 6778/4/5307
f 6777/4/5306 6809/4/4979 6808/4/4978
f 6808/4/4978 6778/4/5307 6777/4/5306
f 6775/4/5305 6810/4/5334 6809/4/4979
f 6809/4/4979 6777/4/5306 6775/4/5305
f 6793/4/5322 6810/4/5334 6775/4/5305
f 6775/4/5305 6776/4/5304 6793/4/5322
f 6811/4/5335 6810/4/5334 6793/4/5322
f 6811/4/5335 6793/4/5322 6812/4/5336
f 6813/4/4983 6809/4/4979 6810/4/5334
f 6813/4/4983 6810/4/5334 6811/4/5335
f 6808/4/4978 6809/4/4979 6813/4/4983
f 6814/4/4984 6808/4/4978 6813/4/4983
f 6807/4/5333 6808/4/4978 6814/4/4984
f 6815/4/5337 6807/4/5333 6814/4/4984
f 6816/4/5338 6806/4/5332 6807/4/5333
f 6816/4/5338 6807/4/5333 6815/4/5337
f 6817/4/5339 6805/4/5331 6806/4/5332
f 6817/4/5339 6806/4/5332 6816/4/5338
f 6818/4/4988 6804/4/5330 6805/4/5331
f 6818/4/4988 6805/4/5331 6817/4/5339
f 6819/4/5340 6803/4/5329 6804/4/5330
f 6819/4/5340 6804/4/5330 6818/4/4988
f 6820/4/4990 6802/4/5328 6803/4/5329
f 6820/4/4990 6803/4/5329 6819/4/5340
f 6801/4/5327 6802/4/5328 6820/4/4990
f 6821/4/5341 6801/4/5327 6820/4/4990
f 6800/4/4970 6801/4/5327 6821/4/5341
f 6822/4/4992 6800/4/4970 6821/4/5341
f 6823/4/4993 6799/4/4969 6800/4/4970
f 6823/4/4993 6800/4/4970 6822/4/4992
f 6824/4/5342 6798/4/5326 6799/4/4969
f 6824/4/5342 6799/4/4969 6823/4/4993
f 6797/4/5325 6798/4/5326 6824/4/5342
f 6825/4/5343 6797/4/5325 6824/4/5342
f 6796/4/5324 6797/4/5325 6825/4/5343
f 6826/4/5344 6796/4/5324 6825/4/5343
f 6795/4/5323 6796/4/5324 6826/4/5344
f 6827/4/5345 6795/4/5323 6826/4/5344
f 6794/4/5321 6795/4/5323 6827/4/5345
f 6828/4/5346 6794/4/5321 6827/4/5345
f 6812/4/5336 6793/4/5322 6794/4/5321
f 6812/4/5336 6794/4/5321 6828/4/5346
f 6828/4/4999 6830/4/5000 6829/4/5347
f 6829/4/5347 6812/4/5348 6828/4/4999
f 6831/4/5003 6830/4/5000 6828/4/4999
f 6828/4/4999 6827/4/5004 6831/4/5003
f 6826/4/5005 6832/4/5349 6831/4/5003
f 6831/4/5003 6827/4/5004 6826/4/5005
f 6825/4/5007 6833/4/5350 6832/4/5349
f 6832/4/5349 6826/4/5005 6825/4/5007
f 6834/4/5351 6833/4/5350 6825/4/5007
f 6825/4/5007 6824/4/5010 6834/4/5351
f 6835/4/5352 6834/4/5351 6824/4/5010
f 6824/4/5010 6823/4/5012 6835/4/5352
f 6822/4/5353 6836/4/5354 6835/4/5352
f 6835/4/5352 6823/4/5012 6822/4/5353
f 6821/4/5355 6837/4/5356 6836/4/5354
f 6836/4/5354 6822/4/5353 6821/4/5355
f 6838/4/5017 6837/4/5356 6821/4/5355
f 6821/4/5355 6820/4/5018 6838/4/5017
f 6839/4/5019 6838/4/5017 6820/4/5018
f 6820/4/5018 6819/4/5020 6839/4/5019
f 6840/4/5021 6839/4/5019 6819/4/5020
f 6819/4/5020 6818/4/5022 6840/4/5021
f 6841/4/5357 6840/4/5021 6818/4/5022
f 6818/4/5022 6817/4/5358 6841/4/5357
f 6842/4/5359 6841/4/5357 6817/4/5358
f 6817/4/5358 6816/4/5360 6842/4/5359
f 6843/4/5361 6842/4/5359 6816/4/5360
f 6816/4/5360 6815/4/5362 6843/4/5361
f 6844/4/5363 6843/4/5361 6815/4/5362
f 6815/4/5362 6814/4/5029 6844/4/5363
f 6813/4/5032 6845/4/5364 6844/4/5363
f 6844/4/5363 6814/4/5029 6813/4/5032
f 6846/4/5365 6845/4/5364 6813/4/5032
f 6813/4/5032 6811/4/5366 6846/4/5365
f 6829/4/5347 6846/4/5365 6811/4/5366
f 6811/4/5366 6812/4/5348 6829/4/5347
f 6846/4/5365 6829/4/5347 6848/4/5367
f 6847/4/5368 6846/4/5365 6848/4/5367
f 6849/4/5369 6845/4/5364 6846/4/5365
f 6849/4/5369 6846/4/5365 6847/4/5368
f 6849/4/5369 6850/4/5370 6844/4/5363
f 6844/4/5363 6845/4/5364 6849/4/5369
f 6843/4/5361 6844/4/5363 6850/4/5370
f 6851/4/5039 6843/4/5361 6850/4/5370
f 6851/4/5039 6852/4/5371 6842/4/5359
f 6842/4/5359 6843/4/5361 6851/4/5039
f 6853/4/5372 6841/4/5357 6842/4/5359
f 6853/4/5372 6842/4/5359 6852/4/5371
f 6841/4/5357 6853/4/5372 6854/4/5373
f 6854/4/5373 6840/4/5021 6841/4/5357
f 6855/4/5374 6839/4/5019 6840/4/5021
f 6855/4/5374 6840/4/5021 6854/4/5373
f 6856/4/5044 6838/4/5017 6839/4/5019
f 6856/4/5044 6839/4/5019 6855/4/5374
f 6838/4/5017 6856/4/5044 6857/4/5045
f 6857/4/5045 6837/4/5356 6838/4/5017
f 6858/4/5375 6836/4/5354 6837/4/5356
f 6858/4/5375 6837/4/5356 6857/4/5045
f 6836/4/5354 6858/4/5375 6859/4/5376
f 6859/4/5376 6835/4/5352 6836/4/5354
f 6860/4/5377 6834/4/5351 6835/4/5352
f 6860/4/5377 6835/4/5352 6859/4/5376
f 6861/4/5378 6833/4/5350 6834/4/5351
f 6861/4/5378 6834/4/5351 6860/4/5377
f 6862/4/5379 6832/4/5349 6833/4/5350
f 6862/4/5379 6833/4/5350 6861/4/5378
f 6862/4/5379 6863/4/5051 6831/4/5003
f 6831/4/5003 6832/4/5349 6862/4/5379
f 6830/4/5000 6831/4/5003 6863/4/5051
f 6864/4/5052 6830/4/5000 6863/4/5051
f 6864/4/5052 6848/4/5367 6829/4/5347
f 6829/4/5347 6830/4/5000 6864/4/5052
f 6865/4/5380 6848/4/5367 6864/4/5052
f 6865/4/5380 6864/4/5052 6866/4/5054
f 6866/4/5054 6864/4/5052 6863/4/5051
f 6866/4/5054 6863/4/5051 6867/4/5055
f 6863/4/5051 6862/4/5379 6868/4/5056
f 6867/4/5055 6863/4/5051 6868/4/5056
f 6862/4/5379 6861/4/5378 6869/4/5057
f 6868/4/5056 6862/4/5379 6869/4/5057
f 6861/4/5378 6860/4/5377 6870/4/5058
f 6869/4/5057 6861/4/5378 6870/4/5058
f 6860/4/5377 6859/4/5376 6871/4/5381
f 6870/4/5058 6860/4/5377 6871/4/5381
f 6859/4/5376 6858/4/5375 6872/4/5382
f 6871/4/5381 6859/4/5376 6872/4/5382
f 6858/4/5375 6857/4/5045 6873/4/5061
f 6872/4/5382 6858/4/5375 6873/4/5061
f 6873/4/5061 6857/4/5045 6856/4/5044
f 6873/4/5061 6856/4/5044 6874/4/5062
f 6856/4/5044 6855/4/5374 6875/4/5383
f 6874/4/5062 6856/4/5044 6875/4/5383
f 6855/4/5374 6854/4/5373 6876/4/5384
f 6875/4/5383 6855/4/5374 6876/4/5384
f 6854/4/5373 6853/4/5372 6877/4/5385
f 6876/4/5384 6854/4/5373 6877/4/5385
f 6877/4/5385 6853/4/5372 6852/4/5371
f 6877/4/5385 6852/4/5371 6878/4/5066
f 6878/4/5066 6852/4/5371 6851/4/5039
f 6878/4/5066 6851/4/5039 6879/4/5067
f 6879/4/5067 6851/4/5039 6850/4/5370
f 6879/4/5067 6850/4/5370 6880/4/5386
f 6850/4/5370 6849/4/5369 6881/4/5387
f 6880/4/5386 6850/4/5370 6881/4/5387
f 6849/4/5369 6847/4/5368 6882/4/5070
f 6881/4/5387 6849/4/5369 6882/4/5070
f 6882/4/5070 6847/4/5368 6848/4/5367
f 6882/4/5070 6848/4/5367 6865/4/5380
f 6884/4/5071 6883/4/5072 6882/4/5168
f 6882/4/5168 6865/4/5074 6884/4/5071
f 6882/4/5168 6883/4/5072 6885/4/5388
f 6885/4/5388 6881/4/5166 6882/4/5168
f 6881/4/5166 6885/4/5388 6886/4/5389
f 6886/4/5389 6880/4/5165 6881/4/5166
f 6886/4/5389 6887/4/5079 6879/4/5080
f 6879/4/5080 6880/4/5165 6886/4/5389
f 6887/4/5079 6888/4/5081 6878/4/5082
f 6878/4/5082 6879/4/5080 6887/4/5079
f 6878/4/5082 6888/4/5081 6889/4/5159
f 6889/4/5159 6877/4/5084 6878/4/5082
f 6889/4/5159 6890/4/5390 6876/4/5158
f 6876/4/5158 6877/4/5084 6889/4/5159
f 6890/4/5390 6891/4/5391 6875/4/5392
f 6875/4/5392 6876/4/5158 6890/4/5390
f 6891/4/5391 6892/4/5393 6874/4/5090
f 6874/4/5090 6875/4/5392 6891/4/5391
f 6892/4/5393 6893/4/5394 6873/4/5092
f 6873/4/5092 6874/4/5090 6892/4/5393
f 6873/4/5092 6893/4/5394 6894/4/5395
f 6894/4/5395 6872/4/5152 6873/4/5092
f 6894/4/5395 6895/4/5396 6871/4/5397
f 6871/4/5397 6872/4/5152 6894/4/5395
f 6871/4/5397 6895/4/5396 6896/4/5398
f 6896/4/5398 6870/4/5098 6871/4/5397
f 6870/4/5098 6896/4/5398 6897/4/5399
f 6897/4/5399 6869/4/5148 6870/4/5098
f 6869/4/5148 6897/4/5399 6898/4/5400
f 6898/4/5400 6868/4/5401 6869/4/5148
f 6898/4/5400 6899/4/5402 6867/4/5403
f 6867/4/5403 6868/4/5401 6898/4/5400
f 6899/4/5402 6900/4/5404 6866/4/5106
f 6866/4/5106 6867/4/5403 6899/4/5402
f 6900/4/5404 6884/4/5071 6865/4/5074
f 6865/4/5074 6866/4/5106 6900/4/5404
f 6900/4/5404 6902/4/5405 6901/4/5406
f 6901/4/5406 6884/4/5071 6900/4/5404
f 6900/4/5404 6899/4/5402 6903/4/5407
f 6902/4/5405 6900/4/5404 6903/4/5407
f 6904/4/5408 6903/4/5407 6899/4/5402
f 6899/4/5402 6898/4/5400 6904/4/5408
f 6897/4/5399 6905/4/5409 6904/4/5408
f 6904/4/5408 6898/4/5400 6897/4/5399
f 6905/4/5409 6897/4/5399 6896/4/5398
f 6905/4/5409 6896/4/5398 6906/4/5410
f 6907/4/5411 6906/4/5410 6896/4/5398
f 6896/4/5398 6895/4/5396 6907/4/5411
f 6895/4/5396 6894/4/5395 6908/4/5412
f 6907/4/5411 6895/4/5396 6908/4/5412
f 6909/4/5413 6908/4/5412 6894/4/5395
f 6894/4/5395 6893/4/5394 6909/4/5413
f 6909/4/5413 6893/4/5394 6892/4/5393
f 6909/4/5413 6892/4/5393 6910/4/5414
f 6892/4/5393 6891/4/5391 6911/4/5415
f 6910/4/5414 6892/4/5393 6911/4/5415
f 6891/4/5391 6890/4/5390 6912/4/5416
f 6911/4/5415 6891/4/5391 6912/4/5416
f 6889/4/5159 6913/4/5417 6912/4/5416
f 6912/4/5416 6890/4/5390 6889/4/5159
f 6888/4/5081 6914/4/5418 6913/4/5417
f 6913/4/5417 6889/4/5159 6888/4/5081
f 6887/4/5079 6915/4/5419 6914/4/5418
f 6914/4/5418 6888/4/5081 6887/4/5079
f 6887/4/5079 6886/4/5389 6916/4/5420
f 6915/4/5419 6887/4/5079 6916/4/5420
f 6917/4/5421 6916/4/5420 6886/4/5389
f 6886/4/5389 6885/4/5388 6917/4/5421
f 6918/4/5124 6917/4/5421 6885/4/5388
f 6885/4/5388 6883/4/5072 6918/4/5124
f 6918/4/5124 6883/4/5072 6884/4/5071
f 6918/4/5124 6884/4/5071 6901/4/5406
f 6919/4/5125 6918/4/5124 6901/4/5406
f 6919/4/5125 6901/4/5406 6920/4/5422
f 6917/4/5421 6918/4/5124 6919/4/5125
f 6921/4/5423 6917/4/5421 6919/4/5125
f 6916/4/5420 6917/4/5421 6921/4/5423
f 6922/4/5424 6916/4/5420 6921/4/5423
f 6923/4/5425 6915/4/5419 6916/4/5420
f 6923/4/5425 6916/4/5420 6922/4/5424
f 6914/4/5418 6915/4/5419 6923/4/5425
f 6924/4/5426 6914/4/5418 6923/4/5425
f 6913/4/5417 6914/4/5418 6924/4/5426
f 6925/4/5427 6913/4/5417 6924/4/5426
f 6912/4/5416 6913/4/5417 6925/4/5427
f 6926/4/5428 6912/4/5416 6925/4/5427
f 6911/4/5415 6912/4/5416 6926/4/5428
f 6927/4/5429 6911/4/5415 6926/4/5428
f 6928/4/5430 6910/4/5414 6911/4/5415
f 6928/4/5430 6911/4/5415 6927/4/5429
f 6929/4/5135 6909/4/5413 6910/4/5414
f 6929/4/5135 6910/4/5414 6928/4/5430
f 6908/4/5412 6909/4/5413 6929/4/5135
f 6930/4/5431 6908/4/5412 6929/4/5135
f 6931/4/5432 6907/4/5411 6908/4/5412
f 6931/4/5432 6908/4/5412 6930/4/5431
f 6932/4/5433 6906/4/5410 6907/4/5411
f 6932/4/5433 6907/4/5411 6931/4/5432
f 6933/4/5434 6905/4/5409 6906/4/5410
f 6933/4/5434 6906/4/5410 6932/4/5433
f 6934/4/5435 6904/4/5408 6905/4/5409
f 6934/4/5435 6905/4/5409 6933/4/5434
f 6903/4/5407 6904/4/5408 6934/4/5435
f 6935/4/5141 6903/4/5407 6934/4/5435
f 6902/4/5405 6903/4/5407 6935/4/5141
f 6936/4/5436 6902/4/5405 6935/4/5141
f 6901/4/5406 6902/4/5405 6936/4/5436
f 6920/4/5422 6901/4/5406 6936/4/5436
f 6936/4/5143 6938/4/5144 6937/4/5437
f 6937/4/5437 6920/4/5146 6936/4/5143
f 6939/4/5438 6938/4/5144 6936/4/5143
f 6936/4/5143 6935/4/5104 6939/4/5438
f 6934/4/5266 6940/4/5439 6939/4/5438
f 6939/4/5438 6935/4/5104 6934/4/5266
f 6941/4/5440 6940/4/5439 6934/4/5266
f 6934/4/5266 6933/4/5441 6941/4/5440
f 6942/4/5442 6941/4/5440 6933/4/5441
f 6933/4/5441 6932/4/5443 6942/4/5442
f 6943/4/5444 6942/4/5442 6932/4/5443
f 6932/4/5443 6931/4/5272 6943/4/5444
f 6944/4/5445 6943/4/5444 6931/4/5272
f 6931/4/5272 6930/4/5446 6944/4/5445
f 6945/4/5447 6944/4/5445 6930/4/5446
f 6930/4/5446 6929/4/5448 6945/4/5447
f 6946/4/5154 6945/4/5447 6929/4/5448
f 6929/4/5448 6928/4/5155 6946/4/5154
f 6927/4/5449 6947/4/5450 6946/4/5154
f 6946/4/5154 6928/4/5155 6927/4/5449
f 6926/4/5086 6948/4/5451 6947/4/5450
f 6947/4/5450 6927/4/5449 6926/4/5086
f 6949/4/5159 6948/4/5451 6926/4/5086
f 6926/4/5086 6925/4/5084 6949/4/5159
f 6924/4/5082 6950/4/5452 6949/4/5159
f 6949/4/5159 6925/4/5084 6924/4/5082
f 6951/4/5453 6950/4/5452 6924/4/5082
f 6924/4/5082 6923/4/5281 6951/4/5453
f 6952/4/5164 6951/4/5453 6923/4/5281
f 6923/4/5281 6922/4/5165 6952/4/5164
f 6921/4/5166 6953/4/5167 6952/4/5164
f 6952/4/5164 6922/4/5165 6921/4/5166
f 6919/4/5168 6954/4/5454 6953/4/5167
f 6953/4/5167 6921/4/5166 6919/4/5168
f 6937/4/5437 6954/4/5454 6919/4/5168
f 6919/4/5168 6920/4/5146 6937/4/5437
f 6937/4/5437 6956/4/5170 6955/4/5455
f 6955/4/5455 6954/4/5454 6937/4/5437
f 6957/4/5456 6953/4/5167 6954/4/5454
f 6957/4/5456 6954/4/5454 6955/4/5455
f 6957/4/5456 6958/4/5457 6952/4/5164
f 6952/4/5164 6953/4/5167 6957/4/5456
f 6951/4/5453 6952/4/5164 6958/4/5457
f 6959/4/5458 6951/4/5453 6958/4/5457
f 6959/4/5458 6960/4/5459 6950/4/5452
f 6950/4/5452 6951/4/5453 6959/4/5458
f 6961/4/5460 6949/4/5159 6950/4/5452
f 6961/4/5460 6950/4/5452 6960/4/5459
f 6949/4/5159 6961/4/5460 6962/4/5461
f 6962/4/5461 6948/4/5451 6949/4/5159
f 6963/4/5462 6947/4/5450 6948/4/5451
f 6963/4/5462 6948/4/5451 6962/4/5461
f 6963/4/5462 6964/4/5179 6946/4/5154
f 6946/4/5154 6947/4/5450 6963/4/5462
f 6945/4/5447 6946/4/5154 6964/4/5179
f 6965/4/5463 6945/4/5447 6964/4/5179
f 6966/4/5464 6944/4/5445 6945/4/5447
f 6966/4/5464 6945/4/5447 6965/4/5463
f 6967/4/5465 6943/4/5444 6944/4/5445
f 6967/4/5465 6944/4/5445 6966/4/5464
f 6943/4/5444 6967/4/5465 6968/4/5466
f 6968/4/5466 6942/4/5442 6943/4/5444
f 6969/4/5467 6941/4/5440 6942/4/5442
f 6969/4/5467 6942/4/5442 6968/4/5466
f 6970/4/5468 6940/4/5439 6941/4/5440
f 6970/4/5468 6941/4/5440 6969/4/5467
f 6940/4/5439 6970/4/5468 6971/4/5469
f 6971/4/5469 6939/4/5438 6940/4/5439
f 6938/4/5144 6939/4/5438 6971/4/5469
f 6972/4/5470 6938/4/5144 6971/4/5469
f 6956/4/5170 6937/4/5437 6938/4/5144
f 6956/4/5170 6938/4/5144 6972/4/5470
f 6956/4/5170 6972/4/5470 6974/4/5471
f 6973/4/5189 6956/4/5170 6974/4/5471
f 6972/4/5470 6971/4/5469 6975/4/5472
f 6974/4/5471 6972/4/5470 6975/4/5472
f 6971/4/5469 6970/4/5468 6976/4/5473
f 6975/4/5472 6971/4/5469 6976/4/5473
f 6970/4/5468 6969/4/5467 6977/4/5474
f 6976/4/5473 6970/4/5468 6977/4/5474
f 6977/4/5474 6969/4/5467 6968/4/5466
f 6977/4/5474 6968/4/5466 6978/4/5193
f 6978/4/5193 6968/4/5466 6967/4/5465
f 6978/4/5193 6967/4/5465 6979/4/5475
f 6979/4/5475 6967/4/5465 6966/4/5464
f 6979/4/5475 6966/4/5464 6980/4/5476
f 6980/4/5476 6966/4/5464 6965/4/5463
f 6980/4/5476 6965/4/5463 6981/4/5477
f 6981/4/5477 6965/4/5463 6964/4/5179
f 6981/4/5477 6964/4/5179 6982/4/5197
f 6964/4/5179 6963/4/5462 6983/4/5478
f 6982/4/5197 6964/4/5179 6983/4/5478
f 6963/4/5462 6962/4/5461 6984/4/5479
f 6983/4/5478 6963/4/5462 6984/4/5479
f 6962/4/5461 6961/4/5460 6985/4/5480
f 6984/4/5479 6962/4/5461 6985/4/5480
f 6961/4/5460 6960/4/5459 6986/4/5481
f 6985/4/5480 6961/4/5460 6986/4/5481
f 6986/4/5481 6960/4/5459 6959/4/5458
f 6986/4/5481 6959/4/5458 6987/4/5482
f 6987/4/5482 6959/4/5458 6958/4/5457
f 6987/4/5482 6958/4/5457 6988/4/5483
f 6988/4/5483 6958/4/5457 6957/4/5456
f 6988/4/5483 6957/4/5456 6989/4/5484
f 6957/4/5456 6955/4/5455 6990/4/5485
f 6989/4/5484 6957/4/5456 6990/4/5485
f 6990/4/5485 6955/4/5455 6956/4/5170
f 6990/4/5485 6956/4/5170 6973/4/5189
f 6992/4/5486 6991/4/5207 6990/4/5485
f 6990/4/5485 6973/4/5189 6992/4/5486
f 6991/4/5207 6993/4/5208 6989/4/5484
f 6989/4/5484 6990/4/5485 6991/4/5207
f 6993/4/5208 6994/4/5487 6988/4/5483
f 6988/4/5483 6989/4/5484 6993/4/5208
f 6994/4/5487 6995/4/5210 6987/4/5482
f 6987/4/5482 6988/4/5483 6994/4/5487
f 6995/4/5210 6996/4/5211 6986/4/5481
f 6986/4/5481 6987/4/5482 6995/4/5210
f 6986/4/5481 6996/4/5211 6997/4/5488
f 6997/4/5488 6985/4/5480 6986/4/5481
f 6985/4/5480 6997/4/5488 6998/4/5489
f 6998/4/5489 6984/4/5479 6985/4/5480
f 6998/4/5489 6999/4/5490 6983/4/5478
f 6983/4/5478 6984/4/5479 6998/4/5489
f 6999/4/5490 7000/4/5491 6982/4/5197
f 6982/4/5197 6983/4/5478 6999/4/5490
f 7000/4/5491 7001/4/5492 6981/4/5477
f 6981/4/5477 6982/4/5197 7000/4/5491
f 6981/4/5477 7001/4/5492 7002/4/5493
f 7002/4/5493 6980/4/5476 6981/4/5477
f 7002/4/5493 7003/4/5494 6979/4/5475
f 6979/4/5475 6980/4/5476 7002/4/5493
f 7003/4/5494 7004/4/5495 6978/4/5193
f 6978/4/5193 6979/4/5475 7003/4/5494
f 7004/4/5495 7005/4/5496 6977/4/5474
f 6977/4/5474 6978/4/5193 7004/4/5495
f 7005/4/5496 7006/4/5221 6976/4/5473
f 6976/4/5473 6977/4/5474 7005/4/5496
f 6976/4/5473 7006/4/5221 7007/4/5222
f 7007/4/5222 6975/4/5472 6976/4/5473
f 6975/4/5472 7007/4/5222 7008/4/5497
f 7008/4/5497 6974/4/5471 6975/4/5472
f 6974/4/5471 7008/4/5497 6992/4/5486
f 6992/4/5486 6973/4/5189 6974/4/5471
f 7010/4/5498 7009/4/5499 6992/4/5486
f 6992/4/5486 7008/4/5497 7010/4/5498
f 7011/4/5226 7010/4/5498 7008/4/5497
f 7008/4/5497 7007/4/5222 7011/4/5226
f 7012/4/5500 7011/4/5226 7007/4/5222
f 7007/4/5222 7006/4/5221 7012/4/5500
f 7005/4/5496 7013/4/5501 7012/4/5500
f 7012/4/5500 7006/4/5221 7005/4/5496
f 7004/4/5495 7014/4/5502 7013/4/5501
f 7013/4/5501 7005/4/5496 7004/4/5495
f 7003/4/5494 7015/4/5503 7014/4/5502
f 7014/4/5502 7004/4/5495 7003/4/5494
f 7002/4/5493 7016/4/5504 7015/4/5503
f 7015/4/5503 7003/4/5494 7002/4/5493
f 7017/4/5505 7016/4/5504 7002/4/5493
f 7002/4/5493 7001/4/5492 7017/4/5505
f 7018/4/5506 7017/4/5505 7001/4/5492
f 7001/4/5492 7000/4/5491 7018/4/5506
f 6999/4/5490 7019/4/5507 7018/4/5506
f 7018/4/5506 7000/4/5491 6999/4/5490
f 6998/4/5489 7020/4/5235 7019/4/5507
f 7019/4/5507 6999/4/5490 6998/4/5489
f 7021/4/5236 7020/4/5235 6998/4/5489
f 6998/4/5489 6997/4/5488 7021/4/5236
f 7022/4/5237 7021/4/5236 6997/4/5488
f 6997/4/5488 6996/4/5211 7022/4/5237
f 6995/4/5210 7023/4/5508 7022/4/5237
f 7022/4/5237 6996/4/5211 6995/4/5210
f 6994/4/5487 7024/4/5509 7023/4/5508
f 7023/4/5508 6995/4/5210 6994/4/5487
f 6993/4/5208 7025/4/5240 7024/4/5509
f 7024/4/5509 6994/4/5487 6993/4/5208
f 6991/4/5207 7026/4/5241 7025/4/5240
f 7025/4/5240 6993/4/5208 6991/4/5207
f 6992/4/5486 7009/4/5499 7026/4/5241
f 7026/4/5241 6991/4/5207 6992/4/5486
f 7026/4/5241 7009/4/5499 7028/4/5510
f 7027/4/5243 7026/4/5241 7028/4/5510
f 7025/4/5240 7026/4/5241 7027/4/5243
f 7029/4/5511 7025/4/5240 7027/4/5243
f 7024/4/5509 7025/4/5240 7029/4/5511
f 7030/4/5512 7024/4/5509 7029/4/5511
f 7031/4/5513 7023/4/5508 7024/4/5509
f 7031/4/5513 7024/4/5509 7030/4/5512
f 7022/4/5237 7023/4/5508 7031/4/5513
f 7032/4/5247 7022/4/5237 7031/4/5513
f 7021/4/5236 7022/4/5237 7032/4/5247
f 7033/4/5248 7021/4/5236 7032/4/5247
f 7034/4/5249 7020/4/5235 7021/4/5236
f 7034/4/5249 7021/4/5236 7033/4/5248
f 7035/4/5514 7019/4/5507 7020/4/5235
f 7035/4/5514 7020/4/5235 7034/4/5249
f 7036/4/5251 7018/4/5506 7019/4/5507
f 7036/4/5251 7019/4/5507 7035/4/5514
f 7017/4/5505 7018/4/5506 7036/4/5251
f 7037/4/5515 7017/4/5505 7036/4/5251
f 7038/4/5253 7016/4/5504 7017/4/5505
f 7038/4/5253 7017/4/5505 7037/4/5515
f 7015/4/5503 7016/4/5504 7038/4/5253
f 7039/4/5516 7015/4/5503 7038/4/5253
f 7014/4/5502 7015/4/5503 7039/4/5516
f 7040/4/5517 7014/4/5502 7039/4/5516
f 7041/4/5518 7013/4/5501 7014/4/5502
f 7041/4/5518 7014/4/5502 7040/4/5517
f 7042/4/5519 7012/4/5500 7013/4/5501
f 7042/4/5519 7013/4/5501 7041/4/5518
f 7043/4/5258 7011/4/5226 7012/4/5500
f 7043/4/5258 7012/4/5500 7042/4/5519
f 7044/4/5520 7010/4/5498 7011/4/5226
f 7044/4/5520 7011/4/5226 7043/4/5258
f 7028/4/5510 7009/4/5499 7010/4/5498
f 7028/4/5510 7010/4/5498 7044/4/5520
f 7046/4/5260 7045/4/5261 7028/4/5262
f 7028/4/5262 7044/4/5106 7046/4/5260
f 7047/4/5263 7046/4/5260 7044/4/5106
f 7044/4/5106 7043/4/5264 7047/4/5263
f 7048/4/5265 7047/4/5263 7043/4/5264
f 7043/4/5264 7042/4/5266 7048/4/5265
f 7041/4/5148 7049/4/5521 7048/4/5265
f 7048/4/5265 7042/4/5266 7041/4/5148
f 7040/4/5522 7050/4/5523 7049/4/5521
f 7049/4/5521 7041/4/5148 7040/4/5522
f 7039/4/5096 7051/4/5524 7050/4/5523
f 7050/4/5523 7040/4/5522 7039/4/5096
f 7038/4/5525 7052/4/5526 7051/4/5524
f 7051/4/5524 7039/4/5096 7038/4/5525
f 7037/4/5527 7053/4/5528 7052/4/5526
f 7052/4/5526 7038/4/5525 7037/4/5527
f 7036/4/5529 7054/4/5530 7053/4/5528
f 7053/4/5528 7037/4/5527 7036/4/5529
f 7035/4/5088 7055/4/5276 7054/4/5530
f 7054/4/5530 7036/4/5529 7035/4/5088
f 7056/4/5277 7055/4/5276 7035/4/5088
f 7035/4/5088 7034/4/5158 7056/4/5277
f 7057/4/5531 7056/4/5277 7034/4/5158
f 7034/4/5158 7033/4/5084 7057/4/5531
f 7032/4/5082 7058/4/5279 7057/4/5531
f 7057/4/5531 7033/4/5084 7032/4/5082
f 7059/4/5280 7058/4/5279 7032/4/5082
f 7032/4/5082 7031/4/5281 7059/4/5280
f 7060/4/5532 7059/4/5280 7031/4/5281
f 7031/4/5281 7030/4/5533 7060/4/5532
f 7061/4/5534 7060/4/5532 7030/4/5533
f 7030/4/5533 7029/4/5076 7061/4/5534
f 7027/4/5073 7062/4/5285 7061/4/5534
f 7061/4/5534 7029/4/5076 7027/4/5073
f 7045/4/5261 7062/4/5285 7027/4/5073
f 7027/4/5073 7028/4/5262 7045/4/5261
f 7045/4/5261 7064/4/5286 7063/4/5535
f 7063/4/5535 7062/4/5285 7045/4/5261
f 7062/4/5285 7063/4/5535 7065/4/5536
f 7065/4/5536 7061/4/5534 7062/4/5285
f 7065/4/5536 7066/4/5537 7060/4/5532
f 7060/4/5532 7061/4/5534 7065/4/5536
f 7060/4/5532 7066/4/5537 7067/4/5538
f 7067/4/5538 7059/4/5280 7060/4/5532
f 7067/4/5538 7068/4/5539 7058/4/5279
f 7058/4/5279 7059/4/5280 7067/4/5538
f 7068/4/5539 7069/4/5540 7057/4/5531
f 7057/4/5531 7058/4/5279 7068/4/5539
f 7069/4/5540 7070/4/5293 7056/4/5277
f 7056/4/5277 7057/4/5531 7069/4/5540
f 7056/4/5277 7070/4/5293 7071/4/5541
f 7071/4/5541 7055/4/5276 7056/4/5277
f 7071/4/5541 7072/4/5295 7054/4/5530
f 7054/4/5530 7055/4/5276 7071/4/5541
f 7054/4/5530 7072/4/5295 7073/4/5296
f 7073/4/5296 7053/4/5528 7054/4/5530
f 7073/4/5296 7074/4/5542 7052/4/5526
f 7052/4/5526 7053/4/5528 7073/4/5296
f 7074/4/5542 7075/4/5543 7051/4/5524
f 7051/4/5524 7052/4/5526 7074/4/5542
f 7075/4/5543 7076/4/5544 7050/4/5523
f 7050/4/5523 7051/4/5524 7075/4/5543
f 7076/4/5544 7077/4/5545 7049/4/5521
f 7049/4/5521 7050/4/5523 7076/4/5544
f 7077/4/5545 7078/4/5546 7048/4/5265
f 7048/4/5265 7049/4/5521 7077/4/5545
f 7048/4/5265 7078/4/5546 7079/4/5302
f 7079/4/5302 7047/4/5263 7048/4/5265
f 7047/4/5263 7079/4/5302 7080/4/5303
f 7080/4/5303 7046/4/5260 7047/4/5263
f 7080/4/5303 7064/4/5286 7045/4/5261
f 7045/4/5261 7046/4/5260 7080/4/5303
f 7064/4/5286 7080/4/5303 6146/4/4676
f 6145/4/4697 7064/4/5286 6146/4/4676
f 6146/4/4676 7080/4/5303 7079/4/5302
f 6146/4/4676 7079/4/5302 6147/4/4705
f 6147/4/4705 7079/4/5302 7078/4/5546
f 6147/4/4705 7078/4/5546 6148/4/4704
f 7078/4/5546 7077/4/5545 6149/4/4703
f 6148/4/4704 7078/4/5546 6149/4/4703
f 6149/4/4703 7077/4/5545 7076/4/5544
f 6149/4/4703 7076/4/5544 6150/4/4702
f 6150/4/4702 7076/4/5544 7075/4/5543
f 6150/4/4702 7075/4/5543 6151/4/4701
f 7075/4/5543 7074/4/5542 6152/4/4683
f 6151/4/4701 7075/4/5543 6152/4/4683
f 7074/4/5542 7073/4/5296 6153/4/4700
f 6152/4/4683 7074/4/5542 6153/4/4700
f 6153/4/4700 7073/4/5296 7072/4/5295
f 6153/4/4700 7072/4/5295 6154/4/4685
f 6154/4/4685 7072/4/5295 7071/4/5541
f 6154/4/4685 7071/4/5541 6155/4/4686
f 7071/4/5541 7070/4/5293 6156/4/4687
f 6155/4/4686 7071/4/5541 6156/4/4687
f 6156/4/4687 7070/4/5293 7069/4/5540
f 6156/4/4687 7069/4/5540 6157/4/4699
f 7069/4/5540 7068/4/5539 6158/4/4698
f 6157/4/4699 7069/4/5540 6158/4/4698
f 6158/4/4698 7068/4/5539 7067/4/5538
f 6158/4/4698 7067/4/5538 6159/4/4696
f 6159/4/4696 7067/4/5538 7066/4/5537
f 6159/4/4696 7066/4/5537 6160/4/4693
f 7066/4/5537 7065/4/5536 6161/4/4694
f 6160/4/4693 7066/4/5537 6161/4/4694
f 6161/4/4694 7065/4/5536 7063/4/5535
f 6161/4/4694 7063/4/5535 6162/4/4695
f 6162/4/4695 7063/4/5535 7064/4/5286
f 6162/4/4695 7064/4/5286 6145/4/4697
g glass_1_tan
usemtl tan
f 1644/4/1670 1645/4/1671 1642/4/1672
f 1642/4/1672 1643/4/1670 1644/4/1670
f 1647/4/1673 1648/4/1674 1649/4/1675
f 1646/4/1673 1647/4/1673 1649/4/1675
f 1652/4/26 1643/4/26 1642/4/26
f 1652/4/26 1642/4/26 1653/4/26
f 1652/4/26 1653/4/26 1654/4/26
f 1652/4/26 1654/4/26 1650/4/26
f 1650/4/26 1651/4/26 1652/4/26
f 1657/4/1670 1658/4/1676 1655/4/1676
f 1655/4/1676 1656/4/1670 1657/4/1670
f 1662/4/1677 1659/4/1678 1660/4/1679
f 1660/4/1679 1661/4/1677 1662/4/1677
f 1658/4/1 1657/4/1 1665/4/1
f 1664/4/1 1658/4/1 1665/4/1
f 1664/4/1 1665/4/1 1666/4/1
f 1664/4/1 1666/4/1 1667/4/1
f 1663/4/1 1664/4/1 1667/4/1
f 1671/4/1680 1668/4/20 1669/4/20
f 1669/4/20 1670/4/1681 1671/4/1680
f 1672/4/5 1659/4/5 1662/4/5
f 1672/4/5 1662/4/5 1673/4/5
f 1661/4/1682 1660/4/1683 1674/4/1684
f 1674/4/1684 1675/4/1685 1661/4/1682
f 1657/4/1686 1656/4/1686 1676/4/1686
f 1676/4/1686 1665/4/1686 1657/4/1686
f 1678/4/1687 1679/4/20 1680/4/20
f 1677/4/1688 1678/4/1687 1680/4/20
f 1646/4/5 1649/4/5 1682/4/5
f 1681/4/5 1646/4/5 1682/4/5
f 1684/4/1684 1648/4/1689 1647/4/1690
f 1647/4/1690 1683/4/1691 1684/4/1684
f 1644/4/1686 1643/4/1686 1652/4/1686
f 1652/4/1686 1685/4/1686 1644/4/1686
f 1687/4/1692 1688/4/1693 1689/4/1694
f 1686/4/1692 1687/4/1692 1689/4/1694
f 1690/4/5 1691/4/5 1692/4/1695
f 1690/4/5 1692/4/1695 1693/4/1696
f 1694/4/6 1695/4/6 1687/4/1692
f 1687/4/1692 1686/4/1692 1694/4/6
f 1691/4/5 1690/4/5 1669/4/5
f 1691/4/5 1669/4/5 1668/4/5
f 1688/4/1693 1696/4/1697 1697/4/1697
f 1697/4/1697 1689/4/1694 1688/4/1693
f 1693/4/1696 1692/4/1695 1697/4/1697
f 1693/4/1696 1697/4/1697 1696/4/1697
f 1694/4/16 1698/4/1698 1699/4/1699
f 1699/4/1699 1695/4/16 1694/4/16
f 1670/4/1681 1699/4/1699 1698/4/1698
f 1698/4/1698 1671/4/1680 1670/4/1681
f 1697/4/26 1692/4/26 1700/4/26
f 1697/4/26 1700/4/26 1701/4/26
f 1701/4/26 1689/4/26 1697/4/26
f 1702/4/26 1691/4/26 1703/4/26
f 1698/4/26 1704/4/26 1705/4/26
f 1706/4/26 1707/4/26 1705/4/26
f 1686/4/26 1689/4/26 1701/4/26
f 1708/4/26 1686/4/26 1701/4/26
f 1710/4/26 1674/4/26 1672/4/26
f 1672/4/26 1709/4/26 1710/4/26
f 1691/4/26 1668/4/26 1659/4/1678
f 1691/4/26 1659/4/1678 1672/4/26
f 1660/4/1679 1671/4/26 1698/4/26
f 1698/4/26 1674/4/26 1660/4/1679
f 1715/4/26 1711/4/26 1712/4/26
f 1715/4/26 1712/4/26 1713/4/26
f 1713/4/26 1714/4/26 1715/4/26
f 1716/4/26 1717/4/26 1718/4/26
f 1719/4/26 1716/4/26 1718/4/26
f 1718/4/26 1714/4/26 1719/4/26
f 1704/4/26 1698/4/26 1720/4/26
f 1713/4/26 1721/4/26 1722/4/26
f 1713/4/26 1722/4/26 1719/4/26
f 1719/4/26 1714/4/26 1713/4/26
f 1698/4/26 1691/4/26 1672/4/26
f 1698/4/26 1672/4/26 1674/4/26
f 1659/4/1678 1668/4/26 1671/4/26
f 1671/4/26 1660/4/1679 1659/4/1678
f 1723/4/26 1686/4/26 1708/4/26
f 1721/4/26 1723/4/26 1708/4/26
f 1708/4/26 1722/4/26 1721/4/26
f 1698/4/26 1724/4/26 1720/4/26
f 1707/4/26 1706/4/26 1715/4/26
f 1718/4/26 1707/4/26 1715/4/26
f 1715/4/26 1714/4/26 1718/4/26
f 1691/4/26 1698/4/26 1705/4/26
f 1705/4/26 1703/4/26 1691/4/26
f 1705/4/26 1704/4/26 1706/4/26
f 1692/4/26 1691/4/26 1702/4/26
f 1692/4/26 1702/4/26 1717/4/26
f 1692/4/26 1717/4/26 1716/4/26
f 1716/4/26 1700/4/26 1692/4/26
f 1725/4/1700 1726/4/1701 1710/4/1702
f 1709/4/1703 1725/4/1700 1710/4/1702
f 1656/4/1 1727/4/1 1728/4/1704
f 1656/4/1 1728/4/1704 1726/4/1701
f 1730/4/1 1729/4/1 1676/4/1
f 1676/4/1 1725/4/1700 1730/4/1
f 1696/4/1 1688/4/1 1731/4/1
f 1696/4/1 1731/4/1 1732/4/1
f 1690/4/1 1693/4/1 1733/4/1
f 1690/4/1 1733/4/1 1676/4/1
f 1727/4/1 1670/4/1 1669/4/1
f 1669/4/1 1729/4/1 1727/4/1
f 1695/4/1 1699/4/1 1656/4/1
f 1695/4/1 1656/4/1 1655/4/1
f 1687/4/1 1695/4/1 1655/4/1
f 1687/4/1 1655/4/1 1734/4/1
f 1699/4/1 1670/4/1 1727/4/1
f 1699/4/1 1727/4/1 1656/4/1
f 1729/4/1 1669/4/1 1690/4/1
f 1690/4/1 1676/4/1 1729/4/1
f 1693/4/1 1696/4/1 1732/4/1
f 1693/4/1 1732/4/1 1733/4/1
f 1731/4/1 1688/4/1 1687/4/1
f 1687/4/1 1734/4/1 1731/4/1
f 1725/4/1700 1676/4/1 1656/4/1
f 1656/4/1 1726/4/1701 1725/4/1700
f 1727/4/1 1729/4/1 1730/4/1
f 1727/4/1 1730/4/1 1728/4/1704
f 1737/4/26 1738/4/26 1735/4/26
f 1735/4/26 1736/4/26 1737/4/26
f 1738/4/26 1739/4/26 1735/4/26
f 1736/4/26 1740/4/26 1737/4/26
f 1741/4/26 1742/4/26 1743/4/26
f 1744/4/26 1745/4/26 1746/4/26
f 1743/4/26 1744/4/26 1746/4/26
f 1746/4/26 1741/4/26 1743/4/26
f 1750/4/26 1747/4/26 1748/4/26
f 1748/4/26 1749/4/26 1750/4/26
f 1750/4/26 1751/4/26 1747/4/26
f 1748/4/26 1752/4/26 1749/4/26
f 1753/4/26 1754/4/26 1755/4/26
f 1756/4/26 1757/4/26 1758/4/26
f 1758/4/26 1753/4/26 1755/4/26
f 1758/4/26 1755/4/26 1756/4/26
f 1741/4/1705 1746/4/1706 1717/4/1707
f 1717/4/1707 1702/4/1708 1741/4/1705
f 1718/4/1709 1717/4/1707 1746/4/1706
f 1718/4/1709 1746/4/1706 1745/4/1709
f 1702/4/1708 1703/4/1710 1742/4/1710
f 1702/4/1708 1742/4/1710 1741/4/1705
f 1743/4/1711 1705/4/1712 1707/4/1713
f 1707/4/1713 1744/4/1714 1743/4/1711
f 1742/4/1715 1703/4/1715 1705/4/1712
f 1705/4/1712 1743/4/1711 1742/4/1715
f 1744/4/1714 1707/4/1713 1718/4/1716
f 1718/4/1716 1745/4/1716 1744/4/1714
f 1747/4/1717 1700/4/1718 1716/4/1719
f 1716/4/1719 1748/4/1720 1747/4/1717
f 1700/4/1718 1747/4/1717 1751/4/1721
f 1701/4/1721 1700/4/1718 1751/4/1721
f 1748/4/1720 1716/4/1719 1719/4/1722
f 1719/4/1722 1752/4/1722 1748/4/1720
f 1722/4/1723 1708/4/1724 1750/4/1725
f 1722/4/1723 1750/4/1725 1749/4/1726
f 1719/4/1727 1722/4/1723 1749/4/1726
f 1719/4/1727 1749/4/1726 1752/4/1727
f 1751/4/1728 1750/4/1725 1708/4/1724
f 1708/4/1724 1701/4/1728 1751/4/1728
f 1753/4/1729 1758/4/1730 1723/4/1730
f 1723/4/1730 1721/4/1731 1753/4/1729
f 1757/4/1732 1759/4/1732 1723/4/1730
f 1723/4/1730 1758/4/1730 1757/4/1732
f 1721/4/1731 1713/4/1733 1754/4/1733
f 1721/4/1731 1754/4/1733 1753/4/1729
f 1755/4/1734 1712/4/1735 1760/4/1736
f 1760/4/1736 1756/4/1736 1755/4/1734
f 1754/4/1737 1713/4/1737 1712/4/1735
f 1712/4/1735 1755/4/1734 1754/4/1737
f 1757/4/1738 1756/4/1736 1760/4/1736
f 1760/4/1736 1759/4/1738 1757/4/1738
f 1735/4/1739 1706/4/1740 1704/4/1741
f 1704/4/1741 1736/4/1741 1735/4/1739
f 1739/4/1742 1715/4/1742 1706/4/1740
f 1706/4/1740 1735/4/1739 1739/4/1742
f 1704/4/1741 1720/4/1743 1740/4/1743
f 1704/4/1741 1740/4/1743 1736/4/1741
f 1738/4/1744 1737/4/1745 1724/4/1745
f 1724/4/1745 1711/4/1746 1738/4/1744
f 1724/4/1745 1737/4/1745 1740/4/1747
f 1720/4/1747 1724/4/1745 1740/4/1747
f 1711/4/1746 1715/4/1748 1739/4/1748
f 1711/4/1746 1739/4/1748 1738/4/1744
f 1762/4/1749 1661/4/1682 1675/4/1685
f 1675/4/1685 1761/4/1750 1762/4/1749
f 1673/4/1751 1662/4/1752 1763/4/1753
f 1673/4/1751 1763/4/1753 1764/4/1754
f 1763/4/1753 1662/4/1752 1661/4/1682
f 1661/4/1682 1762/4/1749 1763/4/1753
f 1709/4/1755 1672/4/1756 1673/4/1751
f 1709/4/1755 1673/4/1751 1764/4/1754
f 1763/4/1753 1765/4/1757 1709/4/1755
f 1709/4/1755 1764/4/1754 1763/4/1753
f 1730/4/1758 1725/4/1758 1709/4/1755
f 1765/4/1757 1730/4/1758 1709/4/1755
f 1710/4/1702 1766/4/1759 1762/4/1749
f 1710/4/1702 1762/4/1749 1761/4/1750
f 1710/4/1702 1761/4/1750 1675/4/1685
f 1674/4/1760 1710/4/1702 1675/4/1685
f 1710/4/1702 1726/4/1701 1728/4/1704
f 1710/4/1702 1728/4/1704 1766/4/1759
f 1766/4/1761 1728/4/1762 1730/4/1762
f 1766/4/1761 1730/4/1762 1765/4/1763
f 1763/4/1753 1762/4/1749 1766/4/1761
f 1766/4/1761 1765/4/1763 1763/4/1753
f 1664/4/1692 1663/4/1764 1731/4/1764
f 1731/4/1764 1734/4/1692 1664/4/1692
f 1733/4/1765 1732/4/1697 1667/4/1697
f 1733/4/1765 1667/4/1697 1666/4/1765
f 1665/4/5 1676/4/5 1733/4/1765
f 1733/4/1765 1666/4/1765 1665/4/5
f 1731/4/1764 1663/4/1764 1667/4/1697
f 1732/4/1697 1731/4/1764 1667/4/1697
f 1664/4/1692 1734/4/1692 1655/4/1676
f 1655/4/1676 1658/4/1676 1664/4/1692
f 1724/4/26 1698/4/26 1694/4/26
f 1724/4/26 1694/4/26 1760/4/26
f 1711/4/26 1724/4/26 1760/4/26
f 1760/4/26 1712/4/26 1711/4/26
f 1760/4/26 1694/4/26 1759/4/26
f 1694/4/26 1686/4/26 1723/4/26
f 1723/4/26 1759/4/26 1694/4/26
f 1767/4/1694 1768/4/1693 1769/4/1766
f 1767/4/1694 1769/4/1766 1770/4/1767
f 1772/4/1765 1773/4/5 1774/4/5
f 1771/4/1765 1772/4/1765 1774/4/5
f 1775/4/6 1776/4/6 1770/4/1767
f 1775/4/6 1770/4/1767 1769/4/1766
f 1679/4/5 1774/4/5 1773/4/5
f 1680/4/5 1679/4/5 1773/4/5
f 1777/4/1768 1778/4/1769 1768/4/1693
f 1768/4/1693 1767/4/1694 1777/4/1768
f 1772/4/1765 1771/4/1765 1778/4/1769
f 1778/4/1769 1777/4/1768 1772/4/1765
f 1779/4/1770 1780/4/1771 1776/4/16
f 1776/4/16 1775/4/16 1779/4/1770
f 1780/4/1771 1779/4/1770 1678/4/1687
f 1678/4/1687 1677/4/1688 1780/4/1771
f 1782/4/1 1772/4/1 1777/4/1
f 1781/4/1 1782/4/1 1777/4/1
f 1777/4/1 1767/4/1 1781/4/1
f 1783/4/1 1773/4/1 1784/4/1
f 1785/4/1 1786/4/1 1780/4/1
f 1785/4/1 1787/4/1 1788/4/1
f 1781/4/1 1767/4/1 1770/4/1
f 1781/4/1 1770/4/1 1789/4/1
f 1682/4/1 1684/4/1 1790/4/1
f 1790/4/1 1791/4/1 1682/4/1
f 1649/4/1675 1680/4/1 1773/4/1
f 1682/4/1 1649/4/1675 1773/4/1
f 1780/4/1 1677/4/1 1648/4/1674
f 1648/4/1674 1684/4/1 1780/4/1
f 1795/4/1 1796/4/1 1792/4/1
f 1794/4/1 1795/4/1 1792/4/1
f 1792/4/1 1793/4/1 1794/4/1
f 1798/4/1 1799/4/1 1800/4/1
f 1798/4/1 1800/4/1 1797/4/1
f 1797/4/1 1793/4/1 1798/4/1
f 1801/4/1 1780/4/1 1786/4/1
f 1802/4/1 1803/4/1 1794/4/1
f 1797/4/1 1802/4/1 1794/4/1
f 1794/4/1 1793/4/1 1797/4/1
f 1682/4/1 1773/4/1 1780/4/1
f 1684/4/1 1682/4/1 1780/4/1
f 1677/4/1 1680/4/1 1649/4/1675
f 1649/4/1675 1648/4/1674 1677/4/1
f 1789/4/1 1770/4/1 1804/4/1
f 1789/4/1 1804/4/1 1803/4/1
f 1803/4/1 1802/4/1 1789/4/1
f 1801/4/1 1805/4/1 1780/4/1
f 1792/4/1 1788/4/1 1787/4/1
f 1792/4/1 1787/4/1 1798/4/1
f 1798/4/1 1793/4/1 1792/4/1
f 1785/4/1 1780/4/1 1773/4/1
f 1773/4/1 1783/4/1 1785/4/1
f 1788/4/1 1786/4/1 1785/4/1
f 1784/4/1 1773/4/1 1772/4/1
f 1799/4/1 1784/4/1 1772/4/1
f 1799/4/1 1772/4/1 1782/4/1
f 1782/4/1 1800/4/1 1799/4/1
f 1790/4/1772 1806/4/1773 1807/4/1774
f 1790/4/1772 1807/4/1774 1791/4/1775
f 1808/4/1776 1809/4/26 1644/4/26
f 1806/4/1773 1808/4/1776 1644/4/26
f 1685/4/26 1811/4/26 1810/4/26
f 1810/4/26 1807/4/1774 1685/4/26
f 1813/4/26 1768/4/26 1778/4/26
f 1812/4/26 1813/4/26 1778/4/26
f 1814/4/26 1771/4/26 1774/4/26
f 1685/4/26 1814/4/26 1774/4/26
f 1679/4/26 1678/4/26 1809/4/26
f 1809/4/26 1811/4/26 1679/4/26
f 1644/4/26 1779/4/26 1775/4/26
f 1645/4/26 1644/4/26 1775/4/26
f 1645/4/26 1775/4/26 1769/4/26
f 1815/4/26 1645/4/26 1769/4/26
f 1809/4/26 1678/4/26 1779/4/26
f 1644/4/26 1809/4/26 1779/4/26
f 1774/4/26 1679/4/26 1811/4/26
f 1811/4/26 1685/4/26 1774/4/26
f 1812/4/26 1778/4/26 1771/4/26
f 1814/4/26 1812/4/26 1771/4/26
f 1769/4/26 1768/4/26 1813/4/26
f 1813/4/26 1815/4/26 1769/4/26
f 1644/4/26 1685/4/26 1807/4/1774
f 1807/4/1774 1806/4/1773 1644/4/26
f 1810/4/26 1811/4/26 1809/4/26
f 1808/4/1776 1810/4/26 1809/4/26
f 1819/4/1 1816/4/1 1817/4/1
f 1817/4/1 1818/4/1 1819/4/1
f 1819/4/1 1820/4/1 1816/4/1
f 1817/4/1 1821/4/1 1818/4/1
f 1822/4/1 1823/4/1 1824/4/1
f 1825/4/1 1826/4/1 1827/4/1
f 1825/4/1 1827/4/1 1822/4/1
f 1822/4/1 1824/4/1 1825/4/1
f 1830/4/1 1831/4/1 1828/4/1
f 1828/4/1 1829/4/1 1830/4/1
f 1831/4/1 1832/4/1 1828/4/1
f 1829/4/1 1833/4/1 1830/4/1
f 1834/4/1 1835/4/1 1836/4/1
f 1837/4/1 1838/4/1 1839/4/1
f 1834/4/1 1836/4/1 1837/4/1
f 1839/4/1 1834/4/1 1837/4/1
f 1784/4/1705 1799/4/1706 1825/4/1707
f 1825/4/1707 1824/4/1708 1784/4/1705
f 1826/4/1709 1825/4/1707 1799/4/1706
f 1826/4/1709 1799/4/1706 1798/4/1709
f 1824/4/1708 1823/4/1710 1783/4/1710
f 1824/4/1708 1783/4/1710 1784/4/1705
f 1827/4/1713 1787/4/1714 1785/4/1777
f 1822/4/1778 1827/4/1713 1785/4/1777
f 1783/4/1715 1823/4/1715 1822/4/1778
f 1822/4/1778 1785/4/1777 1783/4/1715
f 1787/4/1714 1827/4/1713 1826/4/1716
f 1826/4/1716 1798/4/1716 1787/4/1714
f 1830/4/1779 1800/4/1720 1782/4/1780
f 1831/4/1718 1830/4/1779 1782/4/1780
f 1781/4/1721 1832/4/1721 1831/4/1718
f 1831/4/1718 1782/4/1780 1781/4/1721
f 1800/4/1720 1830/4/1779 1833/4/1722
f 1833/4/1722 1797/4/1722 1800/4/1720
f 1829/4/1723 1828/4/1724 1789/4/1725
f 1829/4/1723 1789/4/1725 1802/4/1726
f 1802/4/1726 1797/4/1727 1833/4/1727
f 1833/4/1727 1829/4/1723 1802/4/1726
f 1828/4/1724 1832/4/1728 1781/4/1728
f 1828/4/1724 1781/4/1728 1789/4/1725
f 1837/4/1730 1836/4/1731 1803/4/1729
f 1837/4/1730 1803/4/1729 1804/4/1730
f 1837/4/1730 1804/4/1730 1840/4/1732
f 1838/4/1732 1837/4/1730 1840/4/1732
f 1794/4/1781 1803/4/1729 1836/4/1731
f 1836/4/1731 1835/4/1781 1794/4/1781
f 1795/4/1782 1834/4/1735 1839/4/1736
f 1839/4/1736 1841/4/1736 1795/4/1782
f 1794/4/1737 1835/4/1737 1834/4/1735
f 1834/4/1735 1795/4/1782 1794/4/1737
f 1839/4/1736 1838/4/1738 1840/4/1738
f 1839/4/1736 1840/4/1738 1841/4/1736
f 1788/4/1739 1819/4/1783 1818/4/1741
f 1818/4/1741 1786/4/1741 1788/4/1739
f 1792/4/1742 1820/4/1742 1819/4/1783
f 1819/4/1783 1788/4/1739 1792/4/1742
f 1801/4/1743 1786/4/1741 1818/4/1741
f 1818/4/1741 1821/4/1743 1801/4/1743
f 1817/4/1745 1816/4/1746 1796/4/1744
f 1817/4/1745 1796/4/1744 1805/4/1745
f 1801/4/1747 1821/4/1747 1817/4/1745
f 1817/4/1745 1805/4/1745 1801/4/1747
f 1816/4/1746 1820/4/1748 1792/4/1748
f 1816/4/1746 1792/4/1748 1796/4/1744
f 1683/4/1691 1647/4/1690 1842/4/1784
f 1842/4/1784 1843/4/1785 1683/4/1691
f 1845/4/1786 1646/4/1787 1681/4/1788
f 1844/4/1789 1845/4/1786 1681/4/1788
f 1647/4/1690 1646/4/1787 1845/4/1786
f 1845/4/1786 1842/4/1784 1647/4/1690
f 1844/4/1789 1681/4/1788 1682/4/1790
f 1844/4/1789 1682/4/1790 1791/4/1791
f 1791/4/1791 1846/4/1792 1845/4/1786
f 1845/4/1786 1844/4/1789 1791/4/1791
f 1791/4/1791 1807/4/1793 1810/4/1793
f 1791/4/1791 1810/4/1793 1846/4/1792
f 1842/4/1784 1847/4/1794 1790/4/1772
f 1843/4/1785 1842/4/1784 1790/4/1772
f 1843/4/1785 1790/4/1772 1684/4/1760
f 1683/4/1691 1843/4/1785 1684/4/1760
f 1808/4/1776 1806/4/1773 1790/4/1772
f 1847/4/1794 1808/4/1776 1790/4/1772
f 1810/4/1795 1808/4/1795 1847/4/1796
f 1846/4/1797 1810/4/1795 1847/4/1796
f 1842/4/1784 1845/4/1786 1846/4/1797
f 1842/4/1784 1846/4/1797 1847/4/1796
f 1815/4/1798 1813/4/1693 1654/4/1799
f 1654/4/1799 1653/4/1767 1815/4/1798
f 1650/4/1697 1812/4/1697 1814/4/1696
f 1651/4/1695 1650/4/1697 1814/4/1696
f 1685/4/5 1652/4/5 1651/4/1695
f 1651/4/1695 1814/4/1696 1685/4/5
f 1650/4/1697 1654/4/1799 1813/4/1693
f 1650/4/1697 1813/4/1693 1812/4/1697
f 1653/4/1767 1642/4/1672 1645/4/1671
f 1653/4/1767 1645/4/1671 1815/4/1798
f 1776/4/1 1780/4/1 1805/4/1
f 1841/4/1 1776/4/1 1805/4/1
f 1841/4/1 1805/4/1 1796/4/1
f 1796/4/1 1795/4/1 1841/4/1
f 1840/4/1 1776/4/1 1841/4/1
f 1804/4/1 1770/4/1 1776/4/1
f 1776/4/1 1840/4/1 1804/4/1
f 1850/4/16 1849/4/16 1848/4/16
f 1851/4/16 1850/4/16 1848/4/16
f 1853/4/1800 1852/4/1801 1855/4/1802
f 1855/4/1802 1854/4/1803 1853/4/1800
f 1859/4/1804 1858/4/1805 1857/4/1805
f 1859/4/1804 1857/4/1805 1856/4/1804
f 1861/4/16 1848/4/16 1849/4/16
f 1861/4/16 1849/4/16 1860/4/16
f 1863/4/26 1862/4/26 1865/4/1806
f 1865/4/1806 1864/4/1807 1863/4/26
f 1869/4/1808 1866/4/1808 1867/4/1808
f 1867/4/1808 1868/4/1808 1869/4/1808
f 1871/4/1673 1872/4/1809 1873/4/1810
f 1870/4/1673 1871/4/1673 1873/4/1810
f 1876/4/1811 1877/4/1812 1874/4/1813
f 1874/4/1813 1875/4/1814 1876/4/1811
f 1874/4/1813 1878/4/20 1879/4/20
f 1879/4/20 1875/4/1814 1874/4/1813
f 1883/4/1815 1882/4/1816 1881/4/1816
f 1883/4/1815 1881/4/1816 1880/4/1815
f 1886/4/1817 1885/4/1818 1884/4/1819
f 1887/4/1820 1886/4/1817 1884/4/1819
f 1889/4/5 1888/4/5 1891/4/5
f 1891/4/5 1890/4/5 1889/4/5
f 1893/4/1821 1892/4/1822 1861/4/6
f 1861/4/6 1860/4/6 1893/4/1821
f 1852/4/1801 1853/4/1800 1892/4/1822
f 1892/4/1822 1893/4/1821 1852/4/1801
f 1886/4/1823 1891/4/1823 1888/4/1824
f 1886/4/1823 1888/4/1824 1885/4/1825
f 1857/4/1826 1858/4/1826 1883/4/1826
f 1883/4/1826 1880/4/1826 1857/4/1826
f 1895/4/16 1872/4/16 1871/4/16
f 1871/4/16 1894/4/16 1895/4/16
f 1870/4/1827 1873/4/1828 1897/4/1829
f 1896/4/1830 1870/4/1827 1897/4/1829
f 1898/4/1831 1899/4/1831 1868/4/1832
f 1867/4/1832 1898/4/1831 1868/4/1832
f 1901/4/1833 1900/4/1833 1903/4/1834
f 1903/4/1834 1902/4/1834 1901/4/1833
f 1901/4/1833 1850/4/20 1851/4/20
f 1851/4/20 1900/4/1833 1901/4/1833
f 1903/4/1834 1905/4/1835 1904/4/1836
f 1902/4/1834 1903/4/1834 1904/4/1836
f 1855/4/1802 1904/4/1836 1905/4/1835
f 1905/4/1835 1854/4/1803 1855/4/1802
f 1907/4/1 1906/4/1 1910/4/1
f 1908/4/1 1907/4/1 1910/4/1
f 1910/4/1 1909/4/1 1908/4/1
f 1912/4/1 1911/4/1 1849/4/1
f 1852/4/1801 1849/4/1 1913/4/1
f 1914/4/1 1852/4/1801 1913/4/1
f 1918/4/1 1909/4/1 1917/4/1
f 1917/4/1 1916/4/1 1915/4/1
f 1918/4/1 1917/4/1 1915/4/1
f 1919/4/1 1901/4/1 1902/4/1
f 1902/4/1 1920/4/1 1919/4/1
f 1888/4/1824 1893/4/1 1860/4/1
f 1885/4/1825 1888/4/1824 1860/4/1
f 1849/4/1 1852/4/1801 1889/4/1
f 1889/4/1 1884/4/1 1849/4/1
f 1850/4/1 1901/4/1 1921/4/1
f 1922/4/1 1850/4/1 1921/4/1
f 1924/4/1 1923/4/1 1917/4/1
f 1910/4/1 1924/4/1 1917/4/1
f 1917/4/1 1909/4/1 1910/4/1
f 1855/4/1802 1852/4/1801 1926/4/1
f 1855/4/1802 1926/4/1 1906/4/1
f 1925/4/1 1855/4/1802 1906/4/1
f 1906/4/1 1907/4/1 1925/4/1
f 1912/4/1 1849/4/1 1850/4/1
f 1927/4/1 1912/4/1 1850/4/1
f 1928/4/1 1927/4/1 1850/4/1
f 1850/4/1 1922/4/1 1928/4/1
f 1885/4/1825 1860/4/1 1849/4/1
f 1884/4/1 1885/4/1825 1849/4/1
f 1889/4/1 1852/4/1801 1893/4/1
f 1888/4/1824 1889/4/1 1893/4/1
f 1929/4/1 1884/4/1 1889/4/1
f 1930/4/1 1929/4/1 1889/4/1
f 1918/4/1 1932/4/1 1931/4/1
f 1918/4/1 1931/4/1 1908/4/1
f 1908/4/1 1909/4/1 1918/4/1
f 1932/4/1 1921/4/1 1901/4/1
f 1931/4/1 1932/4/1 1901/4/1
f 1919/4/1 1931/4/1 1901/4/1
f 1916/4/1 1927/4/1 1928/4/1
f 1915/4/1 1916/4/1 1928/4/1
f 1913/4/1 1911/4/1 1923/4/1
f 1923/4/1 1924/4/1 1913/4/1
f 1849/4/1 1911/4/1 1913/4/1
f 1904/4/1 1855/4/1802 1925/4/1
f 1904/4/1 1925/4/1 1920/4/1
f 1920/4/1 1902/4/1 1904/4/1
f 1914/4/1 1926/4/1 1852/4/1801
f 1930/4/1837 1933/4/1838 1934/4/1839
f 1934/4/1839 1929/4/1840 1930/4/1837
f 1933/4/1838 1857/4/26 1880/4/26
f 1934/4/1839 1933/4/1838 1880/4/26
f 1905/4/26 1903/4/26 1936/4/26
f 1936/4/26 1935/4/26 1905/4/26
f 1857/4/26 1853/4/1800 1854/4/26
f 1856/4/26 1857/4/26 1854/4/26
f 1863/4/26 1861/4/26 1892/4/1822
f 1862/4/26 1863/4/26 1892/4/1822
f 1881/4/26 1851/4/26 1848/4/26
f 1880/4/26 1881/4/26 1848/4/26
f 1900/4/26 1851/4/26 1881/4/26
f 1881/4/26 1937/4/26 1900/4/26
f 1848/4/26 1861/4/26 1863/4/26
f 1863/4/26 1880/4/26 1848/4/26
f 1862/4/26 1892/4/1822 1853/4/1800
f 1857/4/26 1862/4/26 1853/4/1800
f 1854/4/26 1905/4/26 1935/4/26
f 1935/4/26 1856/4/26 1854/4/26
f 1936/4/26 1903/4/26 1900/4/26
f 1937/4/26 1936/4/26 1900/4/26
f 1880/4/26 1863/4/26 1864/4/1807
f 1864/4/1807 1934/4/1839 1880/4/26
f 1862/4/26 1857/4/26 1933/4/1838
f 1933/4/1838 1865/4/1806 1862/4/26
f 1858/4/26 1859/4/26 1883/4/26
f 1882/4/26 1883/4/26 1859/4/26
f 1940/4/26 1882/4/26 1859/4/26
f 1938/4/26 1940/4/26 1859/4/26
f 1859/4/26 1939/4/26 1938/4/26
f 1943/4/1 1942/4/1 1941/4/1
f 1946/4/1 1945/4/1 1944/4/1
f 1945/4/1 1946/4/1 1942/4/1
f 1943/4/1 1945/4/1 1942/4/1
f 1950/4/1 1949/4/1 1948/4/1
f 1950/4/1 1948/4/1 1947/4/1
f 1948/4/1 1949/4/1 1951/4/1
f 1950/4/1 1947/4/1 1952/4/1
f 1955/4/1 1954/4/1 1953/4/1
f 1958/4/1 1957/4/1 1956/4/1
f 1957/4/1 1958/4/1 1954/4/1
f 1955/4/1 1957/4/1 1954/4/1
f 1962/4/1 1961/4/1 1960/4/1
f 1962/4/1 1960/4/1 1959/4/1
f 1960/4/1 1961/4/1 1963/4/1
f 1962/4/1 1959/4/1 1964/4/1
f 1914/4/1841 1952/4/1841 1947/4/1842
f 1947/4/1842 1926/4/1843 1914/4/1841
f 1906/4/1844 1948/4/1845 1951/4/1846
f 1951/4/1846 1910/4/1846 1906/4/1844
f 1948/4/1845 1906/4/1844 1926/4/1843
f 1947/4/1842 1948/4/1845 1926/4/1843
f 1951/4/1847 1949/4/1848 1924/4/1849
f 1951/4/1847 1924/4/1849 1910/4/1847
f 1950/4/1850 1952/4/1851 1914/4/1851
f 1950/4/1850 1914/4/1851 1913/4/1852
f 1913/4/1852 1924/4/1849 1949/4/1848
f 1949/4/1848 1950/4/1850 1913/4/1852
f 1907/4/1853 1908/4/1854 1953/4/1854
f 1953/4/1854 1954/4/1855 1907/4/1853
f 1920/4/1856 1925/4/1857 1958/4/1858
f 1958/4/1858 1956/4/1856 1920/4/1856
f 1954/4/1855 1958/4/1858 1925/4/1857
f 1954/4/1855 1925/4/1857 1907/4/1853
f 1920/4/1859 1956/4/1859 1957/4/1860
f 1957/4/1860 1919/4/1861 1920/4/1859
f 1908/4/1862 1931/4/1863 1955/4/1863
f 1955/4/1863 1953/4/1862 1908/4/1862
f 1955/4/1863 1931/4/1863 1919/4/1861
f 1957/4/1860 1955/4/1863 1919/4/1861
f 1918/4/1864 1964/4/1864 1959/4/1865
f 1959/4/1865 1932/4/1866 1918/4/1864
f 1963/4/1867 1922/4/1867 1921/4/1868
f 1960/4/1869 1963/4/1867 1921/4/1868
f 1960/4/1869 1921/4/1868 1932/4/1866
f 1959/4/1865 1960/4/1869 1932/4/1866
f 1928/4/1870 1922/4/1871 1963/4/1871
f 1963/4/1871 1961/4/1872 1928/4/1870
f 1918/4/1873 1915/4/1874 1962/4/1875
f 1962/4/1875 1964/4/1873 1918/4/1873
f 1961/4/1872 1962/4/1875 1915/4/1874
f 1961/4/1872 1915/4/1874 1928/4/1870
f 1911/4/1876 1912/4/1877 1941/4/1877
f 1941/4/1877 1942/4/1878 1911/4/1876
f 1946/4/1879 1944/4/1880 1917/4/1880
f 1946/4/1879 1917/4/1880 1923/4/1881
f 1923/4/1881 1911/4/1876 1942/4/1878
f 1942/4/1878 1946/4/1879 1923/4/1881
f 1917/4/1882 1944/4/1882 1945/4/1883
f 1945/4/1883 1916/4/1884 1917/4/1882
f 1941/4/1885 1912/4/1885 1927/4/1886
f 1943/4/1887 1941/4/1885 1927/4/1886
f 1943/4/1887 1927/4/1886 1916/4/1884
f 1945/4/1883 1943/4/1887 1916/4/1884
f 1965/4/1888 1891/4/1889 1886/4/1817
f 1966/4/1890 1965/4/1888 1886/4/1817
f 1890/4/1891 1891/4/1889 1965/4/1888
f 1965/4/1888 1967/4/1892 1890/4/1891
f 1966/4/1890 1886/4/1817 1887/4/1820
f 1968/4/1893 1966/4/1890 1887/4/1820
f 1965/4/1888 1969/4/1894 1930/4/1837
f 1967/4/1892 1965/4/1888 1930/4/1837
f 1967/4/1892 1930/4/1837 1889/4/1895
f 1890/4/1891 1967/4/1892 1889/4/1895
f 1865/4/1806 1933/4/1838 1930/4/1837
f 1930/4/1837 1969/4/1894 1865/4/1806
f 1884/4/1896 1929/4/1840 1968/4/1893
f 1968/4/1893 1887/4/1820 1884/4/1896
f 1929/4/1840 1970/4/1897 1966/4/1890
f 1966/4/1890 1968/4/1893 1929/4/1840
f 1929/4/1840 1934/4/1839 1864/4/1807
f 1864/4/1807 1970/4/1897 1929/4/1840
f 1864/4/1898 1865/4/1898 1969/4/1899
f 1969/4/1899 1970/4/1900 1864/4/1898
f 1969/4/1899 1965/4/1888 1966/4/1890
f 1966/4/1890 1970/4/1900 1969/4/1899
f 1859/4/1804 1856/4/1804 1935/4/1901
f 1939/4/1901 1859/4/1804 1935/4/1901
f 1940/4/1833 1938/4/1902 1936/4/1903
f 1940/4/1833 1936/4/1903 1937/4/1833
f 1940/4/1833 1937/4/1833 1881/4/1816
f 1882/4/1816 1940/4/1833 1881/4/1816
f 1935/4/1901 1936/4/1903 1938/4/1902
f 1938/4/1902 1939/4/1901 1935/4/1901
f 1973/4/1904 1974/4/1905 1971/4/1906
f 1971/4/1906 1972/4/1907 1973/4/1904
f 1975/4/1908 1976/4/1909 1972/4/1907
f 1975/4/1908 1972/4/1907 1971/4/1906
f 1977/4/6 1978/4/6 1979/4/1910
f 1977/4/6 1979/4/1910 1980/4/1911
f 1877/4/1812 1876/4/1811 1974/4/1905
f 1974/4/1905 1973/4/1904 1877/4/1812
f 1976/4/1909 1975/4/1908 1980/4/1911
f 1976/4/1909 1980/4/1911 1979/4/1910
f 1878/4/5 1981/4/5 1982/4/5
f 1878/4/5 1982/4/5 1879/4/5
f 1977/4/5 1982/4/5 1981/4/5
f 1978/4/5 1977/4/5 1981/4/5
f 1983/4/1 1984/4/1 1876/4/1811
f 1971/4/1 1974/4/1905 1986/4/1
f 1971/4/1 1986/4/1 1985/4/1
f 1985/4/1 1975/4/1 1971/4/1
f 1982/4/1 1987/4/1 1988/4/1
f 1988/4/1 1987/4/1 1989/4/1
f 1989/4/1 1990/4/1 1988/4/1
f 1992/4/1 1993/4/1 1994/4/1
f 1991/4/1 1992/4/1 1994/4/1
f 1997/4/1 1998/4/1 1980/4/1
f 1996/4/1 1997/4/1 1980/4/1
f 1995/4/1 1996/4/1 1980/4/1
f 2001/4/1 1997/4/1 1996/4/1
f 2001/4/1 1996/4/1 1999/4/1
f 1999/4/1 2000/4/1 2001/4/1
f 2003/4/1 1897/4/1 1895/4/1
f 2002/4/1 2003/4/1 1895/4/1
f 1895/4/1 1876/4/1811 1875/4/1
f 1872/4/1809 1895/4/1 1875/4/1
f 1873/4/1810 1879/4/1 1982/4/1
f 1897/4/1 1873/4/1810 1982/4/1
f 2004/4/1 1982/4/1 1977/4/1
f 1993/4/1 2004/4/1 1977/4/1
f 1993/4/1 1977/4/1 2005/4/1
f 2005/4/1 1994/4/1 1993/4/1
f 1974/4/1905 1876/4/1811 1984/4/1
f 1974/4/1905 1984/4/1 2006/4/1
f 1986/4/1 1974/4/1905 2006/4/1
f 2006/4/1 2007/4/1 1986/4/1
f 1990/4/1 1989/4/1 2008/4/1
f 2009/4/1 1990/4/1 2008/4/1
f 2008/4/1 2000/4/1 2009/4/1
f 1977/4/1 1980/4/1 1998/4/1
f 2005/4/1 1977/4/1 1998/4/1
f 1982/4/1 1876/4/1811 1895/4/1
f 1895/4/1 1897/4/1 1982/4/1
f 1872/4/1809 1875/4/1 1879/4/1
f 1873/4/1810 1872/4/1809 1879/4/1
f 1995/4/1 1980/4/1 1975/4/1
f 1975/4/1 1985/4/1 1995/4/1
f 2001/4/1 2000/4/1 2008/4/1
f 2008/4/1 1992/4/1 1991/4/1
f 2001/4/1 2008/4/1 1991/4/1
f 1876/4/1811 1982/4/1 1988/4/1
f 1983/4/1 1876/4/1811 1988/4/1
f 2004/4/1 1987/4/1 1982/4/1
f 2007/4/1 2006/4/1 2009/4/1
f 1999/4/1 2007/4/1 2009/4/1
f 2009/4/1 2000/4/1 1999/4/1
f 2012/4/26 1869/4/26 2010/4/1912
f 2010/4/1912 2011/4/1913 2012/4/26
f 1868/4/26 2015/4/26 2013/4/1914
f 2013/4/1914 2014/4/1915 1868/4/26
f 2017/4/26 1976/4/26 1979/4/26
f 2016/4/26 2017/4/26 1979/4/26
f 1973/4/26 1972/4/26 2018/4/26
f 2018/4/26 2019/4/26 1973/4/26
f 2012/4/26 1874/4/1813 1877/4/1812
f 1869/4/26 2012/4/26 1877/4/1812
f 1981/4/26 1878/4/26 2015/4/26
f 2015/4/26 1868/4/26 1981/4/26
f 1979/4/26 1978/4/26 1899/4/26
f 1899/4/26 2016/4/26 1979/4/26
f 1899/4/26 1978/4/26 1981/4/26
f 1868/4/26 1899/4/26 1981/4/26
f 2015/4/26 1878/4/26 1874/4/1813
f 2012/4/26 2015/4/26 1874/4/1813
f 1869/4/26 1877/4/1812 1973/4/26
f 2019/4/26 1869/4/26 1973/4/26
f 1972/4/26 1976/4/26 2017/4/26
f 2017/4/26 2018/4/26 1972/4/26
f 2010/4/1912 1869/4/26 1868/4/26
f 2014/4/1915 2010/4/1912 1868/4/26
f 2015/4/26 2012/4/26 2011/4/1913
f 2011/4/1913 2013/4/1914 2015/4/26
f 2002/4/1916 2010/4/1912 2014/4/1915
f 2014/4/1915 2003/4/1917 2002/4/1916
f 1898/4/26 1867/4/26 2021/4/26
f 2020/4/26 1898/4/26 2021/4/26
f 2020/4/26 2021/4/26 2022/4/26
f 2020/4/26 2022/4/26 2023/4/26
f 1866/4/26 2021/4/26 1867/4/26
f 2025/4/1 2026/4/1 2027/4/1
f 2024/4/1 2025/4/1 2027/4/1
f 2026/4/1 2025/4/1 2028/4/1
f 2024/4/1 2027/4/1 2029/4/1
f 2030/4/1 2031/4/1 2032/4/1
f 2033/4/1 2034/4/1 2035/4/1
f 2030/4/1 2034/4/1 2033/4/1
f 2030/4/1 2033/4/1 2031/4/1
f 2037/4/1 2038/4/1 2039/4/1
f 2036/4/1 2037/4/1 2039/4/1
f 2038/4/1 2037/4/1 2040/4/1
f 2036/4/1 2039/4/1 2041/4/1
f 2042/4/1 2043/4/1 2044/4/1
f 2045/4/1 2046/4/1 2047/4/1
f 2042/4/1 2046/4/1 2045/4/1
f 2042/4/1 2045/4/1 2043/4/1
f 2006/4/1918 1984/4/1919 2031/4/1920
f 2031/4/1920 2033/4/1921 2006/4/1918
f 2033/4/1921 2035/4/1873 2009/4/1873
f 2033/4/1921 2009/4/1873 2006/4/1918
f 2032/4/1871 2031/4/1920 1984/4/1919
f 2032/4/1871 1984/4/1919 1983/4/1871
f 2030/4/1922 1988/4/1923 1990/4/1924
f 2034/4/1925 2030/4/1922 1990/4/1924
f 1988/4/1923 2030/4/1922 2032/4/1926
f 2032/4/1926 1983/4/1926 1988/4/1923
f 2009/4/1864 2035/4/1864 2034/4/1925
f 2034/4/1925 1990/4/1924 2009/4/1864
f 2007/4/1927 2039/4/1928 2038/4/1929
f 2038/4/1929 1986/4/1930 2007/4/1927
f 1986/4/1930 2038/4/1929 2040/4/1931
f 2040/4/1931 1985/4/1931 1986/4/1930
f 1999/4/1932 2041/4/1932 2039/4/1928
f 2039/4/1928 2007/4/1927 1999/4/1932
f 2037/4/1933 2036/4/1934 1996/4/1935
f 2037/4/1933 1996/4/1935 1995/4/1936
f 2036/4/1934 2041/4/1937 1999/4/1937
f 2036/4/1934 1999/4/1937 1996/4/1935
f 2040/4/1938 2037/4/1933 1995/4/1936
f 2040/4/1938 1995/4/1936 1985/4/1938
f 1998/4/1939 1997/4/1940 2043/4/1941
f 2043/4/1941 2045/4/1942 1998/4/1939
f 2045/4/1942 2047/4/1943 2005/4/1943
f 2045/4/1942 2005/4/1943 1998/4/1939
f 2044/4/1847 2043/4/1941 1997/4/1940
f 2044/4/1847 1997/4/1940 2001/4/1847
f 1994/4/1944 2046/4/1945 2042/4/1946
f 2042/4/1946 1991/4/1947 1994/4/1944
f 1991/4/1947 2042/4/1946 2044/4/1846
f 2044/4/1846 2001/4/1846 1991/4/1947
f 2046/4/1945 1994/4/1944 2005/4/1841
f 2047/4/1841 2046/4/1945 2005/4/1841
f 2026/4/1948 1989/4/1949 1987/4/1950
f 2027/4/1951 2026/4/1948 1987/4/1950
f 1989/4/1949 2026/4/1948 2028/4/1952
f 2028/4/1952 2008/4/1952 1989/4/1949
f 2004/4/1953 2029/4/1953 2027/4/1951
f 2027/4/1951 1987/4/1950 2004/4/1953
f 2025/4/1954 2024/4/1955 1993/4/1956
f 2025/4/1954 1993/4/1956 1992/4/1957
f 2024/4/1955 2029/4/1958 2004/4/1958
f 2024/4/1955 2004/4/1958 1993/4/1956
f 2028/4/1959 2025/4/1954 1992/4/1957
f 2028/4/1959 1992/4/1957 2008/4/1959
f 2049/4/1960 1870/4/1827 1896/4/1830
f 2048/4/1961 2049/4/1960 1896/4/1830
f 1894/4/1962 1871/4/1963 2050/4/1964
f 2050/4/1964 2051/4/1965 1894/4/1962
f 2050/4/1964 1871/4/1963 1870/4/1827
f 2049/4/1960 2050/4/1964 1870/4/1827
f 2011/4/1913 2010/4/1912 2002/4/1916
f 2002/4/1916 2052/4/1966 2011/4/1913
f 1894/4/1962 2051/4/1965 2002/4/1916
f 1894/4/1962 2002/4/1916 1895/4/1967
f 2050/4/1964 2052/4/1966 2002/4/1916
f 2051/4/1965 2050/4/1964 2002/4/1916
f 2003/4/1917 2014/4/1915 2013/4/1914
f 2013/4/1914 2053/4/1968 2003/4/1917
f 2003/4/1917 2053/4/1968 2049/4/1960
f 2049/4/1960 2048/4/1961 2003/4/1917
f 2003/4/1917 2048/4/1961 1896/4/1830
f 1896/4/1830 1897/4/1969 2003/4/1917
f 2053/4/1970 2052/4/1796 2050/4/1964
f 2050/4/1964 2049/4/1960 2053/4/1970
f 2013/4/1795 2011/4/1795 2052/4/1796
f 2052/4/1796 2053/4/1970 2013/4/1795
f 2017/4/1971 2023/4/1972 2022/4/1973
f 2022/4/1973 2018/4/1973 2017/4/1971
f 1898/4/1831 2020/4/1974 2016/4/1974
f 1898/4/1831 2016/4/1974 1899/4/1831
f 1866/4/1975 1869/4/1975 2019/4/1976
f 2021/4/1976 1866/4/1975 2019/4/1976
f 2016/4/1974 2020/4/1974 2023/4/1972
f 2023/4/1972 2017/4/1971 2016/4/1974
f 2022/4/1973 2021/4/1976 2019/4/1976
f 2022/4/1973 2019/4/1976 2018/4/1973
f 2386/4/1977 2387/4/1978 2367/4/1979
f 2367/4/1979 2366/4/1980 2386/4/1977
f 2378/4/1981 2379/4/1982 2388/4/1983
f 2378/4/1981 2388/4/1983 2389/4/1984
f 2390/4/1985 2391/4/1986 2375/4/1987
f 2375/4/1987 2374/4/1988 2390/4/1985
f 2393/4/1989 2381/4/1990 2380/4/1991
f 2380/4/1991 2392/4/1992 2393/4/1989
f 2394/4/1993 2395/4/1994 2389/4/1984
f 2389/4/1984 2388/4/1983 2394/4/1993
f 2392/4/1992 2396/4/1995 2397/4/1996
f 2393/4/1989 2392/4/1992 2397/4/1996
f 2393/4/1989 2386/4/1977 2366/4/1980
f 2366/4/1980 2381/4/1990 2393/4/1989
f 2375/4/1987 2391/4/1986 2392/4/1992
f 2380/4/1991 2375/4/1987 2392/4/1992
f 2389/4/1984 2390/4/1985 2374/4/1988
f 2374/4/1988 2378/4/1981 2389/4/1984
f 2367/4/1979 2387/4/1978 2388/4/1983
f 2379/4/1982 2367/4/1979 2388/4/1983
f 2399/4/1997 2400/4/1998 2401/4/1999
f 2398/4/2000 2399/4/1997 2401/4/1999
f 2404/4/2001 2399/4/1997 2402/4/2002
f 2402/4/2002 2403/4/2003 2404/4/2001
f 2406/4/2004 2407/4/2005 2408/4/2006
f 2405/4/2007 2406/4/2004 2408/4/2006
f 2409/4/2008 2410/4/2009 2411/4/2010
f 2409/4/2008 2411/4/2010 2412/4/2011
f 2414/4/2012 2415/4/2013 2407/4/2005
f 2407/4/2005 2413/4/2014 2414/4/2012
f 2418/4/2015 2419/4/2016 2416/4/2017
f 2416/4/2017 2417/4/2018 2418/4/2015
f 2420/4/2019 2416/4/2017 2388/4/2020
f 2387/4/2021 2420/4/2019 2388/4/2020
f 2393/4/2022 2422/4/2023 2421/4/2024
f 2421/4/2024 2386/4/2025 2393/4/2022
f 2420/4/2019 2387/4/2021 2386/4/2025
f 2421/4/2024 2420/4/2019 2386/4/2025
f 2423/4/2026 2422/4/2023 2393/4/2027
f 2393/4/2027 2397/4/2028 2423/4/2026
f 2392/4/1992 2424/4/2029 2425/4/2030
f 2392/4/1992 2425/4/2030 2396/4/1995
f 2422/4/2023 2423/4/2026 2425/4/2031
f 2424/4/2032 2422/4/2023 2425/4/2031
f 2427/4/2033 2391/4/2034 2390/4/2035
f 2390/4/2035 2426/4/2036 2427/4/2033
f 2427/4/2033 2424/4/2032 2392/4/2037
f 2391/4/2034 2427/4/2033 2392/4/2037
f 2389/4/2038 2417/4/2018 2426/4/2036
f 2426/4/2036 2390/4/2035 2389/4/2038
f 2388/4/2039 2416/4/2017 2419/4/2016
f 2388/4/2039 2419/4/2016 2394/4/2040
f 2418/4/2041 2417/4/2042 2389/4/1984
f 2389/4/1984 2395/4/1994 2418/4/2041
f 2414/4/2043 2413/4/2044 2428/4/2045
f 2428/4/2045 2429/4/2046 2414/4/2043
f 2408/4/2047 2407/4/2005 2415/4/2013
f 2408/4/2047 2415/4/2013 2430/4/2048
f 2405/4/2007 2403/4/2003 2402/4/2002
f 2402/4/2002 2406/4/2004 2405/4/2007
f 2428/4/2049 2413/4/2014 2411/4/2010
f 2411/4/2010 2410/4/2009 2428/4/2049
f 2412/4/2011 2398/4/2000 2431/4/2050
f 2409/4/2008 2412/4/2011 2431/4/2050
f 2400/4/1998 2399/4/1997 2404/4/2051
f 2404/4/2051 2432/4/2052 2400/4/1998
f 2431/4/2053 2398/4/2054 2401/4/2055
f 2431/4/2053 2401/4/2055 2433/4/2056
f 2417/4/2018 2424/4/2032 2427/4/2033
f 2427/4/2033 2426/4/2036 2417/4/2018
f 2417/4/2018 2416/4/2017 2422/4/2023
f 2417/4/2018 2422/4/2023 2424/4/2032
f 2421/4/2024 2422/4/2023 2416/4/2017
f 2420/4/2019 2421/4/2024 2416/4/2017
f 2404/4/2057 2403/4/2058 2376/4/2059
f 2376/4/2059 2382/4/2060 2404/4/2057
f 2357/4/2061 2409/4/2062 2431/4/2053
f 2383/4/2063 2357/4/2061 2431/4/2053
f 2428/4/2045 2410/4/2064 2356/4/2065
f 2356/4/2065 2385/4/2066 2428/4/2045
f 2377/4/2067 2405/4/2068 2408/4/2069
f 2384/4/2070 2377/4/2067 2408/4/2069
f 2431/4/2053 2433/4/2056 2432/4/2071
f 2404/4/2057 2431/4/2053 2432/4/2071
f 2385/4/2066 2384/4/2070 2408/4/2069
f 2385/4/2066 2408/4/2069 2428/4/2045
f 2356/4/2065 2410/4/2064 2409/4/2062
f 2357/4/2061 2356/4/2065 2409/4/2062
f 2404/4/2057 2382/4/2060 2383/4/2063
f 2383/4/2063 2431/4/2053 2404/4/2057
f 2376/4/2059 2403/4/2058 2405/4/2068
f 2377/4/2067 2376/4/2059 2405/4/2068
f 2411/4/2010 2413/4/2014 2398/4/2000
f 2412/4/2011 2411/4/2010 2398/4/2000
f 2407/4/2005 2399/4/1997 2398/4/2000
f 2398/4/2000 2413/4/2014 2407/4/2005
f 2399/4/1997 2407/4/2005 2406/4/2004
f 2406/4/2004 2402/4/2002 2399/4/1997
f 2430/4/2072 2429/4/2046 2428/4/2045
f 2428/4/2045 2408/4/2069 2430/4/2072
f 2437/4/2073 2434/4/2074 2435/4/2075
f 2435/4/2075 2436/4/2076 2437/4/2073
f 2441/4/2077 2438/4/2078 2439/4/2079
f 2439/4/2079 2440/4/2080 2441/4/2077
f 2438/4/2078 2442/4/2081 2443/4/2082
f 2443/4/2082 2439/4/2079 2438/4/2078
f 2445/4/2083 2446/4/2084 2447/4/2085
f 2444/4/2086 2445/4/2083 2447/4/2085
f 2447/4/2085 2446/4/2084 2448/4/2087
f 2447/4/2085 2448/4/2087 2449/4/2088
f 2449/4/2088 2448/4/2087 2450/4/2089
f 2449/4/2088 2450/4/2089 2451/4/2090
f 2453/4/2091 2445/4/2083 2444/4/2086
f 2452/4/2092 2453/4/2091 2444/4/2086
f 2435/4/2075 2453/4/2091 2452/4/2092
f 2436/4/2076 2435/4/2075 2452/4/2092
f 2451/4/2090 2450/4/2089 2454/4/2093
f 2454/4/2093 2455/4/2094 2451/4/2090
f 2456/4/2095 2457/4/2096 2455/4/2094
f 2456/4/2095 2455/4/2094 2454/4/2093
f 2461/4/2097 2458/4/2098 2459/4/2099
f 2459/4/2099 2460/4/2100 2461/4/2097
f 2460/4/2100 2441/4/2077 2440/4/2080
f 2461/4/2097 2460/4/2100 2440/4/2080
f 2462/4/2101 2463/4/2102 2434/4/2074
f 2434/4/2074 2437/4/2073 2462/4/2101
f 2464/4/2103 2465/4/2104 2463/4/2102
f 2463/4/2102 2462/4/2101 2464/4/2103
f 2443/4/2082 2442/4/2081 2465/4/2104
f 2465/4/2104 2464/4/2103 2443/4/2082
f 2466/4/2105 2397/4/2106 2455/4/2094
f 2457/4/2096 2466/4/2105 2455/4/2094
f 2396/4/2107 2451/4/2090 2455/4/2094
f 2455/4/2094 2397/4/2106 2396/4/2107
f 2451/4/2090 2396/4/2107 2467/4/2108
f 2467/4/2108 2449/4/2088 2451/4/2090
f 2468/4/2109 2447/4/2085 2449/4/2088
f 2468/4/2109 2449/4/2088 2467/4/2108
f 2470/4/2110 2469/4/2111 2468/4/2109
f 2468/4/2109 2467/4/2108 2470/4/2110
f 2425/4/2112 2470/4/2110 2467/4/2108
f 2467/4/2108 2396/4/2107 2425/4/2112
f 2471/4/2113 2472/4/2114 2473/4/2115
f 2471/4/2113 2473/4/2115 2474/4/2116
f 2476/4/2117 2472/4/2114 2471/4/2113
f 2475/4/2118 2476/4/2117 2471/4/2113
f 2478/4/2119 2476/4/2117 2475/4/2118
f 2477/4/2120 2478/4/2119 2475/4/2118
f 2480/4/2121 2478/4/2119 2477/4/2120
f 2479/4/2122 2480/4/2121 2477/4/2120
f 2482/4/2123 2419/4/2124 2483/4/2125
f 2481/4/2126 2482/4/2123 2483/4/2125
f 2486/4/2127 2423/4/2128 2484/4/2129
f 2484/4/2129 2485/4/2130 2486/4/2127
f 2489/4/2131 2490/4/2132 2487/4/2133
f 2487/4/2133 2488/4/2134 2489/4/2131
f 2491/4/2135 2492/4/2136 2490/4/2132
f 2490/4/2132 2489/4/2131 2491/4/2135
f 2469/4/2111 2493/4/2137 2492/4/2136
f 2492/4/2136 2491/4/2135 2469/4/2111
f 2470/4/2110 2425/4/2112 2495/4/2138
f 2494/4/2139 2470/4/2110 2495/4/2138
f 2494/4/2139 2493/4/2137 2469/4/2111
f 2469/4/2111 2470/4/2110 2494/4/2139
f 2486/4/2127 2495/4/2138 2425/4/2112
f 2423/4/2128 2486/4/2127 2425/4/2112
f 2418/4/2140 2496/4/2141 2483/4/2125
f 2483/4/2125 2419/4/2124 2418/4/2140
f 2496/4/2141 2418/4/2140 2474/4/2116
f 2474/4/2116 2473/4/2115 2496/4/2141
f 2480/4/2121 2479/4/2122 2488/4/2134
f 2488/4/2134 2487/4/2133 2480/4/2121
f 2497/4/2142 2498/4/2143 2495/4/2138
f 2486/4/2127 2497/4/2142 2495/4/2138
f 2500/4/2144 2499/4/2145 2493/4/2137
f 2493/4/2137 2494/4/2139 2500/4/2144
f 2498/4/2143 2500/4/2144 2494/4/2139
f 2494/4/2139 2495/4/2138 2498/4/2143
f 2486/4/2127 2485/4/2130 2501/4/2146
f 2501/4/2146 2497/4/2142 2486/4/2127
f 2501/4/2146 2456/4/2095 2454/4/2093
f 2501/4/2146 2454/4/2093 2497/4/2142
f 2450/4/2089 2498/4/2143 2497/4/2142
f 2497/4/2142 2454/4/2093 2450/4/2089
f 2448/4/2087 2500/4/2144 2498/4/2143
f 2448/4/2087 2498/4/2143 2450/4/2089
f 2446/4/2084 2499/4/2145 2500/4/2144
f 2446/4/2084 2500/4/2144 2448/4/2087
f 2504/4/2147 2505/4/2148 2502/4/2149
f 2502/4/2149 2503/4/2150 2504/4/2147
f 2508/4/2151 2509/4/2152 2506/4/2153
f 2506/4/2153 2507/4/2154 2508/4/2151
f 2513/4/2155 2514/4/1 2515/4/1
f 2513/4/2155 2515/4/1 2510/4/1
f 2512/4/2156 2513/4/2155 2510/4/1
f 2510/4/1 2511/4/1 2512/4/2156
f 2432/4/2157 2513/4/2155 2512/4/2156
f 2512/4/2156 2400/4/2158 2432/4/2157
f 2518/4/2159 2519/4/2160 2516/4/2161
f 2516/4/2161 2517/4/2162 2518/4/2159
f 2522/4/2163 2523/4/2164 2520/4/2165
f 2520/4/2165 2521/4/2166 2522/4/2163
f 2525/4/2167 2443/4/2082 2464/4/2103
f 2464/4/2103 2524/4/2168 2525/4/2167
f 2442/4/2081 2527/4/2169 2526/4/2170
f 2526/4/2170 2465/4/2104 2442/4/2081
f 2528/4/2171 2499/4/2145 2446/4/2084
f 2445/4/2083 2528/4/2171 2446/4/2084
f 2444/4/2086 2447/4/2085 2468/4/2109
f 2529/4/2172 2444/4/2086 2468/4/2109
f 2468/4/2109 2469/4/2111 2491/4/2135
f 2491/4/2135 2529/4/2172 2468/4/2109
f 2493/4/2137 2499/4/2145 2528/4/2171
f 2528/4/2171 2492/4/2136 2493/4/2137
f 2466/4/2105 2457/4/26 2456/4/26
f 2466/4/2105 2456/4/26 2501/4/26
f 2484/4/2129 2466/4/2105 2501/4/26
f 2501/4/26 2485/4/64 2484/4/2129
f 2397/4/2106 2466/4/2105 2484/4/2129
f 2484/4/2129 2423/4/2128 2397/4/2106
f 2482/4/2123 2530/4/2173 2394/4/2174
f 2482/4/2123 2394/4/2174 2419/4/2124
f 2459/4/26 2458/4/26 2530/4/2173
f 2531/4/26 2459/4/26 2530/4/2173
f 2531/4/26 2530/4/2173 2482/4/2123
f 2482/4/2123 2481/4/64 2531/4/26
f 2526/4/2170 2527/4/2169 2472/4/2114
f 2476/4/2117 2526/4/2170 2472/4/2114
f 2475/4/2118 2471/4/2113 2525/4/2167
f 2524/4/2168 2475/4/2118 2525/4/2167
f 2532/4/2175 2533/4/2176 2522/4/2163
f 2521/4/2166 2532/4/2175 2522/4/2163
f 2516/4/2161 2519/4/2160 2535/4/2177
f 2534/4/2178 2516/4/2161 2535/4/2177
f 2540/4/1 2541/4/1 2536/4/2179
f 2539/4/1 2540/4/1 2536/4/2179
f 2539/4/1 2536/4/2179 2537/4/2180
f 2537/4/2180 2538/4/1 2539/4/1
f 2537/4/2180 2536/4/2179 2430/4/2181
f 2537/4/2180 2430/4/2181 2415/4/2182
f 2506/4/2153 2509/4/2152 2543/4/2183
f 2542/4/2184 2506/4/2153 2543/4/2183
f 2544/4/2185 2545/4/2186 2504/4/2147
f 2503/4/2150 2544/4/2185 2504/4/2147
f 2524/4/2168 2464/4/2103 2462/4/2101
f 2462/4/2101 2546/4/2187 2524/4/2168
f 2546/4/2187 2462/4/2101 2437/4/2073
f 2437/4/2073 2547/4/2188 2546/4/2187
f 2436/4/2076 2452/4/2092 2549/4/2189
f 2548/4/2190 2436/4/2076 2549/4/2189
f 2452/4/2092 2444/4/2086 2529/4/2172
f 2549/4/2189 2452/4/2092 2529/4/2172
f 2547/4/2188 2437/4/2073 2436/4/2076
f 2436/4/2076 2548/4/2190 2547/4/2188
f 2479/4/2122 2547/4/2188 2548/4/2190
f 2548/4/2190 2488/4/2134 2479/4/2122
f 2529/4/2172 2491/4/2135 2489/4/2131
f 2489/4/2131 2549/4/2189 2529/4/2172
f 2549/4/2189 2489/4/2131 2488/4/2134
f 2488/4/2134 2548/4/2190 2549/4/2189
f 2479/4/2122 2477/4/2120 2546/4/2187
f 2547/4/2188 2479/4/2122 2546/4/2187
f 2477/4/2120 2475/4/2118 2524/4/2168
f 2546/4/2187 2477/4/2120 2524/4/2168
f 2550/4/2191 2551/4/2192 2480/4/2121
f 2480/4/2121 2487/4/2133 2550/4/2191
f 2492/4/2136 2528/4/2171 2552/4/2193
f 2552/4/2193 2490/4/2132 2492/4/2136
f 2490/4/2132 2552/4/2193 2550/4/2191
f 2550/4/2191 2487/4/2133 2490/4/2132
f 2551/4/2192 2553/4/2194 2478/4/2119
f 2480/4/2121 2551/4/2192 2478/4/2119
f 2553/4/2194 2526/4/2170 2476/4/2117
f 2478/4/2119 2553/4/2194 2476/4/2117
f 2465/4/2104 2526/4/2170 2553/4/2194
f 2553/4/2194 2463/4/2102 2465/4/2104
f 2463/4/2102 2553/4/2194 2551/4/2192
f 2551/4/2192 2434/4/2074 2463/4/2102
f 2550/4/2191 2552/4/2193 2453/4/2091
f 2435/4/2075 2550/4/2191 2453/4/2091
f 2552/4/2193 2528/4/2171 2445/4/2083
f 2453/4/2091 2552/4/2193 2445/4/2083
f 2434/4/2074 2551/4/2192 2550/4/2191
f 2550/4/2191 2435/4/2075 2434/4/2074
f 2461/4/2097 2440/4/2080 2395/4/2195
f 2394/4/2174 2461/4/2097 2395/4/2195
f 2461/4/2097 2394/4/2174 2530/4/2173
f 2530/4/2173 2458/4/2098 2461/4/2097
f 2439/4/2079 2443/4/2082 2525/4/2167
f 2525/4/2167 2554/4/2196 2439/4/2079
f 2554/4/2196 2395/4/2195 2440/4/2080
f 2439/4/2079 2554/4/2196 2440/4/2080
f 2555/4/2197 2527/4/2169 2442/4/2081
f 2442/4/2081 2438/4/2078 2555/4/2197
f 2556/4/2198 2557/4/2199 2441/4/2077
f 2460/4/2100 2556/4/2198 2441/4/2077
f 2460/4/2100 2459/4/2099 2531/4/2200
f 2531/4/2200 2556/4/2198 2460/4/2100
f 2557/4/2199 2555/4/2197 2438/4/2078
f 2438/4/2078 2441/4/2077 2557/4/2199
f 2473/4/2115 2555/4/2197 2557/4/2199
f 2473/4/2115 2557/4/2199 2496/4/2141
f 2496/4/2141 2557/4/2199 2556/4/2198
f 2556/4/2198 2483/4/2125 2496/4/2141
f 2531/4/2200 2481/4/2126 2483/4/2125
f 2531/4/2200 2483/4/2125 2556/4/2198
f 2472/4/2114 2527/4/2169 2555/4/2197
f 2472/4/2114 2555/4/2197 2473/4/2115
f 2554/4/2196 2474/4/2116 2418/4/2140
f 2554/4/2196 2418/4/2140 2395/4/2195
f 2525/4/2167 2471/4/2113 2474/4/2116
f 2525/4/2167 2474/4/2116 2554/4/2196
f 2542/4/2184 2543/4/2183 2545/4/2186
f 2544/4/2185 2542/4/2184 2545/4/2186
f 2559/4/2201 2542/4/2184 2544/4/2185
f 2558/4/2202 2559/4/2201 2544/4/2185
f 2561/4/2203 2559/4/2201 2558/4/2202
f 2560/4/2204 2561/4/2203 2558/4/2202
f 2564/4/2205 2565/4/2206 2562/4/2207
f 2562/4/2207 2563/4/2208 2564/4/2205
f 2562/4/2207 2515/4/2209 2514/4/2210
f 2514/4/2210 2563/4/2208 2562/4/2207
f 2569/4/2211 2566/4/2212 2567/4/2213
f 2567/4/2213 2568/4/2214 2569/4/2211
f 2566/4/2212 2518/4/2159 2523/4/2164
f 2523/4/2164 2567/4/2213 2566/4/2212
f 2523/4/2164 2518/4/2159 2517/4/2162
f 2517/4/2162 2520/4/2165 2523/4/2164
f 2520/4/2165 2517/4/2162 2570/4/2215
f 2570/4/2215 2571/4/2216 2520/4/2165
f 2571/4/2216 2570/4/2215 2572/4/2217
f 2572/4/2217 2573/4/2218 2571/4/2216
f 2575/4/2219 2569/4/2211 2568/4/2214
f 2574/4/2220 2575/4/2219 2568/4/2214
f 2541/4/2221 2540/4/2222 2575/4/2219
f 2541/4/2221 2575/4/2219 2574/4/2220
f 2545/4/2186 2543/4/2183 2576/4/2223
f 2545/4/2186 2576/4/2223 2577/4/2224
f 2577/4/2224 2576/4/2223 2565/4/2206
f 2577/4/2224 2565/4/2206 2564/4/2205
f 2572/4/2217 2561/4/2203 2560/4/2204
f 2572/4/2217 2560/4/2204 2573/4/2218
f 2574/4/2220 2430/4/2181 2536/4/2179
f 2536/4/2179 2541/4/2221 2574/4/2220
f 2574/4/2220 2568/4/2214 2429/4/2225
f 2430/4/2181 2574/4/2220 2429/4/2225
f 2567/4/2213 2523/4/2164 2522/4/2163
f 2522/4/2163 2578/4/2226 2567/4/2213
f 2578/4/2226 2429/4/2225 2568/4/2214
f 2567/4/2213 2578/4/2226 2568/4/2214
f 2578/4/2226 2579/4/2227 2414/4/2228
f 2578/4/2226 2414/4/2228 2429/4/2225
f 2522/4/2163 2533/4/2176 2579/4/2227
f 2522/4/2163 2579/4/2227 2578/4/2226
f 2583/4/2229 2580/4/2230 2581/4/2231
f 2581/4/2231 2582/4/2232 2583/4/2229
f 2585/4/2233 2401/4/2234 2586/4/2235
f 2584/4/2236 2585/4/2233 2586/4/2235
f 2587/4/2237 2586/4/2235 2401/4/2234
f 2400/4/2158 2587/4/2237 2401/4/2234
f 2537/4/2180 2415/4/2182 2588/4/2238
f 2538/4/2239 2537/4/2180 2588/4/2238
f 2583/4/2229 2589/4/2240 2590/4/2241
f 2580/4/2230 2583/4/2229 2590/4/2241
f 2589/4/2240 2534/4/2178 2532/4/2175
f 2590/4/2241 2589/4/2240 2532/4/2175
f 2534/4/2178 2535/4/2177 2533/4/2176
f 2532/4/2175 2534/4/2178 2533/4/2176
f 2533/4/2176 2535/4/2177 2591/4/2242
f 2533/4/2176 2591/4/2242 2579/4/2227
f 2592/4/2243 2414/4/2228 2579/4/2227
f 2579/4/2227 2591/4/2242 2592/4/2243
f 2414/4/2228 2592/4/2243 2588/4/2238
f 2588/4/2238 2415/4/2182 2414/4/2228
f 2587/4/2237 2400/4/2158 2512/4/2156
f 2512/4/2156 2511/4/2244 2587/4/2237
f 2593/4/2245 2594/4/2246 2582/4/2232
f 2582/4/2232 2581/4/2231 2593/4/2245
f 2502/4/2149 2507/4/2154 2594/4/2246
f 2594/4/2246 2593/4/2245 2502/4/2149
f 2505/4/2148 2508/4/2151 2507/4/2154
f 2507/4/2154 2502/4/2149 2505/4/2148
f 2584/4/2236 2508/4/2151 2505/4/2148
f 2505/4/2148 2585/4/2233 2584/4/2236
f 2592/4/2243 2596/4/2247 2595/4/2248
f 2595/4/2248 2588/4/2238 2592/4/2243
f 2591/4/2242 2597/4/2249 2596/4/2247
f 2591/4/2242 2596/4/2247 2592/4/2243
f 2535/4/2177 2519/4/2160 2597/4/2249
f 2535/4/2177 2597/4/2249 2591/4/2242
f 2595/4/2248 2539/4/2250 2538/4/2239
f 2538/4/2239 2588/4/2238 2595/4/2248
f 2540/4/2222 2539/4/2250 2595/4/2248
f 2540/4/2222 2595/4/2248 2575/4/2219
f 2595/4/2248 2596/4/2247 2569/4/2211
f 2575/4/2219 2595/4/2248 2569/4/2211
f 2597/4/2249 2519/4/2160 2518/4/2159
f 2518/4/2159 2566/4/2212 2597/4/2249
f 2596/4/2247 2597/4/2249 2566/4/2212
f 2566/4/2212 2569/4/2211 2596/4/2247
f 2599/4/2251 2573/4/2218 2560/4/2204
f 2560/4/2204 2598/4/2252 2599/4/2251
f 2600/4/2253 2571/4/2216 2573/4/2218
f 2573/4/2218 2599/4/2251 2600/4/2253
f 2521/4/2166 2520/4/2165 2571/4/2216
f 2571/4/2216 2600/4/2253 2521/4/2166
f 2560/4/2204 2558/4/2202 2601/4/2254
f 2598/4/2252 2560/4/2204 2601/4/2254
f 2558/4/2202 2544/4/2185 2503/4/2150
f 2601/4/2254 2558/4/2202 2503/4/2150
f 2503/4/2150 2502/4/2149 2593/4/2245
f 2593/4/2245 2601/4/2254 2503/4/2150
f 2601/4/2254 2593/4/2245 2581/4/2231
f 2581/4/2231 2598/4/2252 2601/4/2254
f 2590/4/2241 2532/4/2175 2521/4/2166
f 2600/4/2253 2590/4/2241 2521/4/2166
f 2580/4/2230 2590/4/2241 2600/4/2253
f 2599/4/2251 2580/4/2230 2600/4/2253
f 2580/4/2230 2599/4/2251 2598/4/2252
f 2598/4/2252 2581/4/2231 2580/4/2230
f 2507/4/2154 2506/4/2153 2602/4/2255
f 2602/4/2255 2594/4/2246 2507/4/2154
f 2594/4/2246 2602/4/2255 2603/4/2256
f 2603/4/2256 2582/4/2232 2594/4/2246
f 2604/4/2257 2516/4/2161 2534/4/2178
f 2589/4/2240 2604/4/2257 2534/4/2178
f 2605/4/2258 2604/4/2257 2589/4/2240
f 2583/4/2229 2605/4/2258 2589/4/2240
f 2582/4/2232 2603/4/2256 2605/4/2258
f 2583/4/2229 2582/4/2232 2605/4/2258
f 2572/4/2217 2605/4/2258 2603/4/2256
f 2603/4/2256 2561/4/2203 2572/4/2217
f 2570/4/2215 2604/4/2257 2605/4/2258
f 2605/4/2258 2572/4/2217 2570/4/2215
f 2517/4/2162 2516/4/2161 2604/4/2257
f 2604/4/2257 2570/4/2215 2517/4/2162
f 2603/4/2256 2602/4/2255 2559/4/2201
f 2561/4/2203 2603/4/2256 2559/4/2201
f 2602/4/2255 2506/4/2153 2542/4/2184
f 2559/4/2201 2602/4/2255 2542/4/2184
f 2564/4/2205 2433/4/2259 2606/4/2260
f 2606/4/2260 2577/4/2224 2564/4/2205
f 2504/4/2147 2545/4/2186 2577/4/2224
f 2504/4/2147 2577/4/2224 2606/4/2260
f 2513/4/2155 2432/4/2157 2563/4/2208
f 2514/4/2210 2513/4/2155 2563/4/2208
f 2433/4/2259 2564/4/2205 2563/4/2208
f 2563/4/2208 2432/4/2157 2433/4/2259
f 2576/4/2223 2607/4/2261 2608/4/2262
f 2576/4/2223 2608/4/2262 2565/4/2206
f 2609/4/2263 2510/4/2264 2515/4/2209
f 2515/4/2209 2562/4/2207 2609/4/2263
f 2565/4/2206 2608/4/2262 2609/4/2263
f 2609/4/2263 2562/4/2207 2565/4/2206
f 2543/4/2183 2509/4/2152 2607/4/2261
f 2543/4/2183 2607/4/2261 2576/4/2223
f 2607/4/2261 2509/4/2152 2508/4/2151
f 2508/4/2151 2584/4/2236 2607/4/2261
f 2511/4/2244 2510/4/2264 2609/4/2263
f 2511/4/2244 2609/4/2263 2587/4/2237
f 2609/4/2263 2608/4/2262 2586/4/2235
f 2587/4/2237 2609/4/2263 2586/4/2235
f 2608/4/2262 2607/4/2261 2584/4/2236
f 2584/4/2236 2586/4/2235 2608/4/2262
f 2585/4/2233 2505/4/2148 2504/4/2147
f 2504/4/2147 2606/4/2260 2585/4/2233
f 2401/4/2234 2585/4/2233 2606/4/2260
f 2606/4/2260 2433/4/2259 2401/4/2234
f 2613/4/2265 2610/4/2266 2611/4/2267
f 2611/4/2267 2612/4/2267 2613/4/2265
f 2614/4/2268 2615/4/2269 2616/4/2270
f 2614/4/2268 2616/4/2270 2617/4/2271
f 2620/4/2272 2621/4/2273 2618/4/2274
f 2618/4/2274 2619/4/2275 2620/4/2272
f 2622/4/2276 2623/4/2277 2624/4/2278
f 2622/4/2276 2624/4/2278 2625/4/2276
f 2626/4/2279 2627/4/2279 2624/4/2278
f 2623/4/2277 2626/4/2279 2624/4/2278
f 2629/4/2280 2628/4/2281 2618/4/2274
f 2618/4/2274 2621/4/2273 2629/4/2280
f 2631/4/2282 2630/4/2283 2614/4/2268
f 2614/4/2268 2617/4/2271 2631/4/2282
f 2613/4/2265 2633/4/2284 2632/4/2284
f 2632/4/2284 2610/4/2266 2613/4/2265
f 2636/4/2285 2637/4/2286 2634/4/2287
f 2634/4/2287 2635/4/2288 2636/4/2285
f 2638/4/2289 2639/4/2290 2636/4/2285
f 2635/4/2288 2638/4/2289 2636/4/2285
f 2636/4/2285 2639/4/2290 2640/4/2291
f 2640/4/2291 2641/4/2292 2636/4/2285
f 2642/4/2293 2637/4/2286 2636/4/2285
f 2641/4/2292 2642/4/2293 2636/4/2285
f 2645/4/2294 2646/4/2295 2643/4/2296
f 2643/4/2296 2644/4/2297 2645/4/2294
f 2647/4/2298 2648/4/2299 2649/4/2300
f 2646/4/2295 2647/4/2298 2649/4/2300
f 2652/4/2301 2653/4/2302 2650/4/2303
f 2650/4/2303 2651/4/2304 2652/4/2301
f 2654/4/2305 2651/4/2304 2645/4/2294
f 2644/4/2297 2654/4/2305 2645/4/2294
f 2645/4/2294 2651/4/2304 2650/4/2303
f 2650/4/2303 2655/4/2306 2645/4/2294
f 2654/4/2305 2656/4/2307 2652/4/2301
f 2652/4/2301 2651/4/2304 2654/4/2305
f 2649/4/2300 2657/4/2308 2643/4/2296
f 2649/4/2300 2643/4/2296 2646/4/2295
f 2647/4/2298 2646/4/2295 2645/4/2294
f 2655/4/2306 2647/4/2298 2645/4/2294
f 2659/4/2309 2660/4/2310 2661/4/2311
f 2658/4/2312 2659/4/2309 2661/4/2311
f 2660/4/2310 2662/4/2313 2653/4/2302
f 2653/4/2302 2652/4/2301 2660/4/2310
f 2656/4/2307 2661/4/2311 2660/4/2310
f 2656/4/2307 2660/4/2310 2652/4/2301
f 2662/4/2313 2660/4/2310 2659/4/2309
f 2662/4/2313 2659/4/2309 2663/4/2314
f 2665/4/2315 2666/4/2316 2667/4/2317
f 2664/4/2318 2665/4/2315 2667/4/2317
f 2668/4/2319 2665/4/2315 2639/4/2320
f 2638/4/2321 2668/4/2319 2639/4/2320
f 2666/4/2316 2659/4/2309 2658/4/2312
f 2658/4/2312 2667/4/2317 2666/4/2316
f 2639/4/2320 2665/4/2315 2664/4/2318
f 2664/4/2318 2640/4/2322 2639/4/2320
f 2663/4/2314 2659/4/2309 2666/4/2316
f 2669/4/2323 2663/4/2314 2666/4/2316
f 2669/4/2323 2666/4/2316 2665/4/2315
f 2669/4/2323 2665/4/2315 2668/4/2319
f 2657/4/2308 2672/4/2324 2670/4/2325
f 2670/4/2325 2671/4/2326 2657/4/2308
f 2674/4/2327 2642/4/2328 2612/4/2329
f 2612/4/2329 2673/4/2330 2674/4/2327
f 2613/4/2331 2641/4/2332 2644/4/2297
f 2633/4/2333 2613/4/2331 2644/4/2297
f 2643/4/2296 2657/4/2308 2671/4/2326
f 2671/4/2326 2675/4/2334 2643/4/2296
f 2676/4/2335 2677/4/2336 2674/4/2327
f 2674/4/2327 2673/4/2330 2676/4/2335
f 2678/4/2337 2656/4/2307 2654/4/2305
f 2678/4/2337 2654/4/2305 2679/4/2338
f 2654/4/2305 2644/4/2297 2627/4/2339
f 2627/4/2339 2679/4/2338 2654/4/2305
f 2624/4/2340 2641/4/2332 2640/4/2322
f 2625/4/2341 2624/4/2340 2640/4/2322
f 2667/4/2317 2658/4/2312 2680/4/2342
f 2680/4/2342 2681/4/2343 2667/4/2317
f 2682/4/2344 2661/4/2311 2656/4/2307
f 2678/4/2337 2682/4/2344 2656/4/2307
f 2625/4/2341 2640/4/2322 2664/4/2318
f 2683/4/2345 2625/4/2341 2664/4/2318
f 2644/4/2297 2641/4/2332 2624/4/2340
f 2624/4/2340 2627/4/2339 2644/4/2297
f 2680/4/2342 2658/4/2312 2661/4/2311
f 2680/4/2342 2661/4/2311 2682/4/2344
f 2664/4/2318 2667/4/2317 2681/4/2343
f 2683/4/2345 2664/4/2318 2681/4/2343
f 2672/4/2324 2684/4/2346 2685/4/2347
f 2685/4/2347 2670/4/2325 2672/4/2324
f 2633/4/2333 2644/4/2297 2643/4/2296
f 2675/4/2334 2633/4/2333 2643/4/2296
f 2642/4/2328 2641/4/2332 2613/4/2331
f 2613/4/2331 2612/4/2329 2642/4/2328
f 2685/4/2347 2684/4/2346 2677/4/2336
f 2676/4/2335 2685/4/2347 2677/4/2336
f 2687/4/2348 2686/4/2349 2678/4/2337
f 2678/4/2337 2679/4/2338 2687/4/2348
f 2687/4/2348 2679/4/2338 2627/4/2339
f 2626/4/2350 2687/4/2348 2627/4/2339
f 2682/4/2344 2678/4/2337 2686/4/2349
f 2686/4/2349 2688/4/2351 2682/4/2344
f 2688/4/2351 2689/4/2352 2680/4/2342
f 2680/4/2342 2682/4/2344 2688/4/2351
f 2690/4/2353 2622/4/2354 2625/4/2341
f 2690/4/2353 2625/4/2341 2683/4/2345
f 2681/4/2343 2680/4/2342 2689/4/2352
f 2689/4/2352 2691/4/2355 2681/4/2343
f 2691/4/2355 2690/4/2353 2683/4/2345
f 2683/4/2345 2681/4/2343 2691/4/2355
f 2690/4/2353 2691/4/2355 2693/4/2356
f 2692/4/2357 2690/4/2353 2693/4/2356
f 2694/4/2358 2689/4/2352 2688/4/2351
f 2694/4/2358 2688/4/2351 2695/4/2359
f 2697/4/2360 2626/4/2350 2623/4/2361
f 2696/4/2362 2697/4/2360 2623/4/2361
f 2698/4/2363 2622/4/2354 2690/4/2353
f 2692/4/2357 2698/4/2363 2690/4/2353
f 2688/4/2351 2686/4/2349 2699/4/2364
f 2699/4/2364 2695/4/2359 2688/4/2351
f 2691/4/2355 2689/4/2352 2694/4/2358
f 2694/4/2358 2693/4/2356 2691/4/2355
f 2623/4/2361 2622/4/2354 2698/4/2363
f 2698/4/2363 2696/4/2362 2623/4/2361
f 2687/4/2348 2626/4/2350 2697/4/2360
f 2697/4/2360 2700/4/2365 2687/4/2348
f 2699/4/2364 2686/4/2349 2687/4/2348
f 2699/4/2364 2687/4/2348 2700/4/2365
f 2702/4/2366 2703/4/2366 2704/4/2367
f 2701/4/2368 2702/4/2366 2704/4/2367
f 2698/4/2363 2705/4/2369 2706/4/2370
f 2706/4/2370 2696/4/2362 2698/4/2363
f 2705/4/2369 2702/4/2366 2701/4/2368
f 2705/4/2369 2701/4/2368 2706/4/2370
f 2708/4/2371 2706/4/2370 2701/4/2368
f 2701/4/2368 2707/4/2371 2708/4/2371
f 2706/4/2370 2708/4/2371 2697/4/2360
f 2706/4/2370 2697/4/2360 2696/4/2362
f 2707/4/2371 2701/4/2368 2704/4/2367
f 2707/4/2371 2704/4/2367 2709/4/2371
f 2710/4/2372 2699/4/2373 2700/4/2374
f 2710/4/2372 2700/4/2374 2711/4/2375
f 2715/4/2376 2712/4/2377 2713/4/2378
f 2713/4/2378 2714/4/2379 2715/4/2376
f 2712/4/2377 2707/4/2380 2709/4/2381
f 2712/4/2377 2709/4/2381 2713/4/2378
f 2708/4/2380 2711/4/2375 2700/4/2374
f 2708/4/2380 2700/4/2374 2697/4/2382
f 2707/4/2380 2712/4/2377 2711/4/2375
f 2708/4/2380 2707/4/2380 2711/4/2375
f 2715/4/2376 2710/4/2372 2711/4/2375
f 2715/4/2376 2711/4/2375 2712/4/2377
f 2718/4/2383 2719/4/2384 2716/4/2385
f 2716/4/2385 2717/4/2386 2718/4/2383
f 2719/4/2384 2718/4/2383 2710/4/2372
f 2710/4/2372 2715/4/2376 2719/4/2384
f 2699/4/2373 2710/4/2372 2718/4/2383
f 2718/4/2383 2695/4/2387 2699/4/2373
f 2715/4/2376 2714/4/2379 2720/4/2388
f 2719/4/2384 2715/4/2376 2720/4/2388
f 2721/4/2389 2716/4/2385 2719/4/2384
f 2719/4/2384 2720/4/2388 2721/4/2389
f 2717/4/2386 2694/4/2390 2695/4/2387
f 2717/4/2386 2695/4/2387 2718/4/2383
f 2724/4/2391 2725/4/2391 2722/4/2392
f 2722/4/2392 2723/4/2392 2724/4/2391
f 2702/4/2393 2705/4/2393 2723/4/2392
f 2723/4/2392 2722/4/2392 2702/4/2393
f 2726/4/2394 2725/4/2391 2716/4/2385
f 2716/4/2385 2721/4/2389 2726/4/2394
f 2692/4/2395 2723/4/2392 2705/4/2393
f 2705/4/2393 2698/4/2393 2692/4/2395
f 2724/4/2391 2693/4/2396 2694/4/2390
f 2717/4/2386 2724/4/2391 2694/4/2390
f 2703/4/2397 2702/4/2393 2722/4/2392
f 2722/4/2392 2727/4/2398 2703/4/2397
f 2717/4/2386 2716/4/2385 2725/4/2391
f 2717/4/2386 2725/4/2391 2724/4/2391
f 2725/4/2391 2726/4/2394 2727/4/2398
f 2725/4/2391 2727/4/2398 2722/4/2392
f 2723/4/2392 2692/4/2395 2693/4/2396
f 2723/4/2392 2693/4/2396 2724/4/2391
f 2726/4/2394 2728/4/2399 2729/4/2400
f 2726/4/2394 2729/4/2400 2727/4/2398
f 2730/4/2401 2731/4/2402 2721/4/2389
f 2720/4/2388 2730/4/2401 2721/4/2389
f 2721/4/2389 2731/4/2402 2728/4/2399
f 2726/4/2394 2721/4/2389 2728/4/2399
f 2703/4/2397 2619/4/2275 2618/4/2274
f 2704/4/2403 2703/4/2397 2618/4/2274
f 2709/4/2381 2628/4/2281 2732/4/2404
f 2713/4/2378 2709/4/2381 2732/4/2404
f 2618/4/2274 2628/4/2281 2709/4/2381
f 2709/4/2381 2704/4/2403 2618/4/2274
f 2729/4/2400 2619/4/2275 2703/4/2397
f 2703/4/2397 2727/4/2398 2729/4/2400
f 2714/4/2379 2733/4/2405 2730/4/2401
f 2720/4/2388 2714/4/2379 2730/4/2401
f 2732/4/2404 2733/4/2405 2714/4/2379
f 2713/4/2378 2732/4/2404 2714/4/2379
f 2734/4/2406 2735/4/2407 2728/4/2408
f 2728/4/2408 2731/4/2409 2734/4/2406
f 2619/4/2410 2729/4/2411 2736/4/2412
f 2619/4/2410 2736/4/2412 2620/4/2410
f 2735/4/2407 2736/4/2412 2729/4/2411
f 2728/4/2408 2735/4/2407 2729/4/2411
f 2730/4/2413 2733/4/2414 2737/4/2415
f 2730/4/2413 2737/4/2415 2738/4/2416
f 2738/4/2416 2734/4/2406 2731/4/2409
f 2730/4/2413 2738/4/2416 2731/4/2409
f 2737/4/2415 2733/4/2414 2732/4/2417
f 2732/4/2417 2739/4/2418 2737/4/2415
f 2628/4/2419 2629/4/2419 2739/4/2418
f 2732/4/2417 2628/4/2419 2739/4/2418
f 2647/4/2298 2655/4/2306 2616/4/2270
f 2616/4/2270 2740/4/2420 2647/4/2298
f 2617/4/2271 2635/4/2421 2634/4/2422
f 2631/4/2282 2617/4/2271 2634/4/2422
f 2743/4/2423 2744/4/2424 2741/4/2425
f 2741/4/2425 2742/4/2426 2743/4/2423
f 2746/4/2427 2743/4/2423 2742/4/2426
f 2742/4/2426 2745/4/2428 2746/4/2427
f 2735/4/2429 2669/4/2323 2668/4/2319
f 2735/4/2429 2668/4/2319 2736/4/2430
f 2662/4/2313 2663/4/2314 2734/4/2431
f 2738/4/2432 2662/4/2313 2734/4/2431
f 2734/4/2431 2663/4/2314 2669/4/2323
f 2735/4/2429 2734/4/2431 2669/4/2323
f 2638/4/2321 2635/4/2421 2621/4/2273
f 2621/4/2273 2620/4/2272 2638/4/2321
f 2629/4/2280 2655/4/2306 2650/4/2303
f 2739/4/2433 2629/4/2280 2650/4/2303
f 2621/4/2273 2635/4/2421 2655/4/2306
f 2629/4/2280 2621/4/2273 2655/4/2306
f 2668/4/2319 2638/4/2321 2620/4/2272
f 2620/4/2272 2736/4/2430 2668/4/2319
f 2653/4/2302 2662/4/2313 2738/4/2432
f 2738/4/2432 2737/4/2434 2653/4/2302
f 2650/4/2303 2653/4/2302 2737/4/2434
f 2739/4/2433 2650/4/2303 2737/4/2434
f 2747/4/2435 2648/4/2299 2647/4/2298
f 2647/4/2298 2740/4/2420 2747/4/2435
f 2741/4/2425 2744/4/2424 2748/4/2436
f 2748/4/2436 2749/4/2437 2741/4/2425
f 2749/4/2437 2748/4/2436 2648/4/2299
f 2747/4/2435 2749/4/2437 2648/4/2299
f 2631/4/2282 2634/4/2422 2746/4/2427
f 2745/4/2428 2631/4/2282 2746/4/2427
f 2655/4/2306 2635/4/2421 2617/4/2271
f 2617/4/2271 2616/4/2270 2655/4/2306
f 2751/4/2438 2685/4/2347 2676/4/2335
f 2750/4/2439 2751/4/2438 2676/4/2335
f 2673/4/2330 2752/4/2440 2750/4/2439
f 2673/4/2330 2750/4/2439 2676/4/2335
f 2612/4/2329 2611/4/2441 2752/4/2440
f 2752/4/2440 2673/4/2330 2612/4/2329
f 2754/4/2442 2755/4/2443 2756/4/2444
f 2753/4/2445 2754/4/2442 2756/4/2444
f 2752/4/2440 2611/4/2441 2757/4/2446
f 2757/4/2446 2758/4/2447 2752/4/2440
f 2610/4/2448 2632/4/2449 2759/4/2450
f 2759/4/2450 2760/4/2451 2610/4/2448
f 2761/4/2452 2750/4/2439 2752/4/2440
f 2752/4/2440 2758/4/2447 2761/4/2452
f 2763/4/2453 2755/4/2443 2754/4/2442
f 2754/4/2442 2762/4/2454 2763/4/2453
f 2756/4/2444 2751/4/2438 2764/4/2455
f 2764/4/2455 2753/4/2445 2756/4/2444
f 2759/4/2450 2632/4/2449 2763/4/2453
f 2762/4/2454 2759/4/2450 2763/4/2453
f 2757/4/2446 2611/4/2441 2610/4/2448
f 2760/4/2451 2757/4/2446 2610/4/2448
f 2764/4/2455 2751/4/2438 2750/4/2439
f 2761/4/2452 2764/4/2455 2750/4/2439
f 2765/4/2456 2766/4/2457 2764/4/2458
f 2765/4/2456 2764/4/2458 2761/4/2459
f 2767/4/2460 2768/4/2461 2769/4/2462
f 2767/4/2460 2769/4/2462 2770/4/2463
f 2771/4/2460 2772/4/2464 2768/4/2461
f 2767/4/2460 2771/4/2460 2768/4/2461
f 2767/4/2460 2773/4/2465 2765/4/2456
f 2771/4/2460 2767/4/2460 2765/4/2456
f 2761/4/2459 2758/4/2466 2771/4/2460
f 2771/4/2460 2765/4/2456 2761/4/2459
f 2770/4/2463 2774/4/2467 2773/4/2465
f 2773/4/2465 2767/4/2460 2770/4/2463
f 2773/4/2465 2775/4/2468 2766/4/2457
f 2766/4/2457 2765/4/2456 2773/4/2465
f 2775/4/2468 2773/4/2465 2774/4/2467
f 2775/4/2468 2774/4/2467 2776/4/2469
f 2772/4/2464 2771/4/2460 2758/4/2466
f 2772/4/2464 2758/4/2466 2757/4/2464
f 2779/4/2470 2615/4/2269 2777/4/2471
f 2777/4/2471 2778/4/2472 2779/4/2470
f 2614/4/2268 2630/4/2283 2769/4/2462
f 2769/4/2462 2780/4/2473 2614/4/2268
f 2781/4/2474 2782/4/2475 2776/4/2469
f 2776/4/2469 2774/4/2467 2781/4/2474
f 2776/4/2469 2782/4/2475 2783/4/2476
f 2783/4/2476 2784/4/2477 2776/4/2469
f 2785/4/2478 2786/4/2479 2779/4/2470
f 2779/4/2470 2778/4/2472 2785/4/2478
f 2787/4/2480 2781/4/2474 2774/4/2467
f 2774/4/2467 2770/4/2463 2787/4/2480
f 2783/4/2476 2786/4/2479 2785/4/2478
f 2785/4/2478 2784/4/2477 2783/4/2476
f 2769/4/2462 2630/4/2283 2787/4/2480
f 2770/4/2463 2769/4/2462 2787/4/2480
f 2777/4/2471 2615/4/2269 2614/4/2268
f 2780/4/2473 2777/4/2471 2614/4/2268
f 2745/4/2481 2787/4/2482 2630/4/2483
f 2630/4/2483 2631/4/2483 2745/4/2481
f 2787/4/2482 2745/4/2481 2742/4/2484
f 2742/4/2484 2781/4/2485 2787/4/2482
f 2741/4/2486 2782/4/2487 2781/4/2485
f 2781/4/2485 2742/4/2484 2741/4/2486
f 2684/4/2346 2788/4/2488 2789/4/2489
f 2677/4/2336 2684/4/2346 2789/4/2489
f 2637/4/2490 2790/4/2491 2746/4/2427
f 2746/4/2427 2634/4/2422 2637/4/2490
f 2790/4/2491 2789/4/2489 2743/4/2423
f 2743/4/2423 2746/4/2427 2790/4/2491
f 2677/4/2336 2789/4/2489 2790/4/2491
f 2790/4/2491 2674/4/2327 2677/4/2336
f 2789/4/2489 2788/4/2488 2744/4/2424
f 2744/4/2424 2743/4/2423 2789/4/2489
f 2674/4/2327 2790/4/2491 2637/4/2490
f 2642/4/2328 2674/4/2327 2637/4/2490
f 2763/4/2453 2632/4/2449 2633/4/2333
f 2763/4/2453 2633/4/2333 2675/4/2334
f 2763/4/2453 2675/4/2334 2671/4/2326
f 2671/4/2326 2755/4/2443 2763/4/2453
f 2762/4/2492 2791/4/2493 2792/4/2494
f 2792/4/2494 2759/4/2494 2762/4/2492
f 2791/4/2493 2793/4/2495 2794/4/2496
f 2794/4/2496 2795/4/2497 2791/4/2493
f 2762/4/2492 2754/4/2498 2793/4/2495
f 2793/4/2495 2791/4/2493 2762/4/2492
f 2794/4/2496 2785/4/2478 2778/4/2472
f 2778/4/2472 2795/4/2497 2794/4/2496
f 2791/4/2493 2795/4/2497 2796/4/2499
f 2796/4/2499 2792/4/2494 2791/4/2493
f 2777/4/2471 2796/4/2499 2795/4/2497
f 2795/4/2497 2778/4/2472 2777/4/2471
f 2779/4/2500 2786/4/2501 2747/4/2502
f 2740/4/2503 2779/4/2500 2747/4/2502
f 2740/4/2503 2616/4/2504 2615/4/2504
f 2615/4/2504 2779/4/2500 2740/4/2503
f 2685/4/2347 2751/4/2438 2756/4/2444
f 2685/4/2347 2756/4/2444 2670/4/2325
f 2755/4/2443 2671/4/2326 2670/4/2325
f 2756/4/2444 2755/4/2443 2670/4/2325
f 2784/4/2477 2785/4/2478 2794/4/2496
f 2794/4/2496 2797/4/2505 2784/4/2477
f 2793/4/2495 2798/4/2506 2797/4/2505
f 2794/4/2496 2793/4/2495 2797/4/2505
f 2775/4/2468 2797/4/2505 2798/4/2506
f 2766/4/2457 2775/4/2468 2798/4/2506
f 2753/4/2507 2764/4/2458 2766/4/2457
f 2766/4/2457 2798/4/2506 2753/4/2507
f 2776/4/2469 2784/4/2477 2797/4/2505
f 2797/4/2505 2775/4/2468 2776/4/2469
f 2798/4/2506 2793/4/2495 2754/4/2498
f 2798/4/2506 2754/4/2498 2753/4/2507
f 2747/4/2502 2786/4/2501 2783/4/2508
f 2783/4/2508 2749/4/2509 2747/4/2502
f 2782/4/2487 2741/4/2486 2749/4/2509
f 2749/4/2509 2783/4/2508 2782/4/2487
f 2648/4/2299 2748/4/2436 2799/4/2510
f 2648/4/2299 2799/4/2510 2649/4/2300
f 2672/4/2324 2799/4/2510 2788/4/2488
f 2788/4/2488 2684/4/2346 2672/4/2324
f 2788/4/2488 2799/4/2510 2748/4/2436
f 2748/4/2436 2744/4/2424 2788/4/2488
f 2799/4/2510 2672/4/2324 2657/4/2308
f 2657/4/2308 2649/4/2300 2799/4/2510
f 2800/4/2511 2772/4/2512 2757/4/2446
f 2800/4/2511 2757/4/2446 2760/4/2451
f 2801/4/2513 2768/4/2514 2772/4/2512
f 2772/4/2512 2800/4/2511 2801/4/2513
f 2768/4/2514 2801/4/2513 2780/4/2515
f 2768/4/2514 2780/4/2515 2769/4/2514
f 2780/4/2515 2801/4/2513 2796/4/2516
f 2796/4/2516 2777/4/2516 2780/4/2515
f 2801/4/2513 2800/4/2511 2792/4/2517
f 2801/4/2513 2792/4/2517 2796/4/2516
f 2759/4/2450 2792/4/2517 2800/4/2511
f 2800/4/2511 2760/4/2451 2759/4/2450
f 3474/4/2518 3475/4/2519 3476/4/2520
f 3473/4/2521 3474/4/2518 3476/4/2520
f 3482/4/2522 3476/4/2520 3475/4/2519
f 3482/4/2522 3475/4/2519 3477/4/2523
f 3482/4/2522 3477/4/2523 3478/4/2524
f 3482/4/2522 3478/4/2524 3479/4/2525
f 3482/4/2522 3479/4/2525 3480/4/2526
f 3480/4/2526 3481/4/2527 3482/4/2522
f 3473/4/2521 3483/4/2528 3484/4/2529
f 3474/4/2518 3473/4/2521 3484/4/2529
f 3485/4/2530 3486/4/2531 3477/4/2523
f 3477/4/2523 3475/4/2519 3485/4/2530
f 3488/4/2532 3479/4/2525 3478/4/2524
f 3478/4/2524 3487/4/2533 3488/4/2532
f 3489/4/2534 3490/4/2535 3481/4/2527
f 3481/4/2527 3480/4/2526 3489/4/2534
f 3479/4/2525 3488/4/2532 3489/4/2534
f 3480/4/2526 3479/4/2525 3489/4/2534
f 3487/4/2533 3478/4/2524 3477/4/2523
f 3477/4/2523 3486/4/2531 3487/4/2533
f 3475/4/2519 3474/4/2518 3484/4/2529
f 3475/4/2519 3484/4/2529 3485/4/2530
f 3491/4/2536 3492/4/2537 3493/4/2538
f 3493/4/2538 3494/4/2539 3491/4/2536
f 3495/4/2540 3491/4/2536 3494/4/2539
f 3494/4/2539 3482/4/2522 3495/4/2540
f 3495/4/2540 3496/4/2541 3497/4/2542
f 3495/4/2540 3482/4/2522 3496/4/2541
f 3482/4/2522 3494/4/2539 3498/4/2543
f 3498/4/2543 3476/4/2520 3482/4/2522
f 3496/4/2541 3482/4/2522 3481/4/2527
f 3481/4/2527 3490/4/2535 3496/4/2541
f 3499/4/2544 3500/4/2545 3501/4/2546
f 3499/4/2544 3501/4/2546 3502/4/2534
f 3503/4/2547 3504/4/2548 3505/4/2549
f 3503/4/2547 3505/4/2549 3506/4/2533
f 3507/4/2550 3508/4/2551 3509/4/2552
f 3507/4/2550 3509/4/2552 3510/4/2553
f 3513/4/2554 3514/4/2528 3511/4/2555
f 3511/4/2555 3512/4/2556 3513/4/2554
f 3510/4/2553 3513/4/2554 3512/4/2556
f 3512/4/2556 3507/4/2550 3510/4/2553
f 3506/4/2533 3509/4/2552 3508/4/2551
f 3508/4/2551 3503/4/2547 3506/4/2533
f 3505/4/2549 3504/4/2548 3499/4/2544
f 3499/4/2544 3502/4/2534 3505/4/2549
f 3500/4/2545 3494/4/2539 3493/4/2538
f 3500/4/2545 3493/4/2538 3501/4/2546
f 3498/4/2543 3507/4/2550 3512/4/2556
f 3512/4/2556 3511/4/2555 3498/4/2543
f 3507/4/2550 3498/4/2543 3494/4/2539
f 3508/4/2551 3507/4/2550 3494/4/2539
f 3503/4/2547 3508/4/2551 3494/4/2539
f 3504/4/2548 3503/4/2547 3494/4/2539
f 3499/4/2544 3504/4/2548 3494/4/2539
f 3494/4/2539 3500/4/2545 3499/4/2544
f 3517/4/26 3516/4/26 3515/4/26
f 3520/4/26 3519/4/26 3518/4/26
f 3516/4/26 3517/4/26 3520/4/26
f 3520/4/26 3518/4/26 3516/4/26
f 3523/4/2557 3522/4/26 3521/4/26
f 3526/4/2558 3525/4/2559 3524/4/2560
f 3527/4/2561 3526/4/2558 3524/4/2560
f 3524/4/2560 3525/4/2559 3529/4/2562
f 3524/4/2560 3529/4/2562 3528/4/2563
f 3530/4/2564 3532/4/26 3531/4/26
f 3531/4/26 3523/4/2557 3530/4/2564
f 3522/4/26 3523/4/2557 3531/4/26
f 3531/4/26 3533/4/26 3522/4/26
f 3534/4/2565 3538/4/2566 3537/4/26
f 3534/4/2565 3537/4/26 3536/4/26
f 3536/4/26 3535/4/2567 3534/4/2565
f 3535/4/2567 3536/4/26 3539/4/2568
f 3527/4/2561 3535/4/2567 3539/4/2568
f 3539/4/2568 3526/4/2558 3527/4/2561
f 3519/4/26 3533/4/26 3531/4/26
f 3538/4/2566 3523/4/2557 3521/4/26
f 3521/4/26 3537/4/26 3538/4/2566
f 3542/4/2569 3541/4/2570 3540/4/2571
f 3545/4/2572 3544/4/1 3543/4/2573
f 3546/4/2574 3545/4/2572 3543/4/2573
f 3548/4/2575 3547/4/2576 3550/4/1
f 3550/4/1 3549/4/2577 3548/4/2575
f 3552/4/2578 3551/4/2579 3547/4/2576
f 3552/4/2578 3547/4/2576 3548/4/2575
f 3552/4/2578 3548/4/2575 3554/4/2580
f 3554/4/2580 3553/4/2581 3552/4/2578
f 3556/4/2582 3555/4/2583 3557/4/2584
f 3557/4/2584 3549/4/2585 3556/4/2582
f 3559/4/20 3558/4/20 3561/4/20
f 3561/4/20 3560/4/20 3559/4/20
f 3564/4/2586 3563/4/2587 3562/4/2588
f 3565/4/2589 3564/4/2586 3562/4/2588
f 3566/4/2590 3569/4/2591 3568/4/2592
f 3568/4/2592 3567/4/2592 3566/4/2590
f 3570/4/2593 3564/4/2593 3565/4/2594
f 3565/4/2594 3571/4/2595 3570/4/2593
f 3575/4/2596 3574/4/2597 3573/4/2598
f 3575/4/2596 3573/4/2598 3572/4/2596
f 3577/4/2599 3576/4/2600 3579/4/2600
f 3579/4/2600 3578/4/2599 3577/4/2599
f 3581/4/2601 3580/4/2602 3583/4/2603
f 3583/4/2603 3582/4/2604 3581/4/2601
f 3132/4/2605 3129/4/2606 3584/4/2607
f 3585/4/2608 3132/4/2605 3584/4/2607
f 3131/4/26 3119/4/26 3115/4/2609
f 3130/4/2610 3131/4/26 3115/4/2611
f 3588/4/2612 3587/4/2613 3586/4/2614
f 3592/4/2615 3591/4/2616 3590/4/2617
f 3592/4/2615 3590/4/2617 3589/4/2618
f 3593/4/2619 3594/4/2620 3586/4/2614
f 3586/4/2614 3587/4/2613 3593/4/2619
f 3597/4/2621 3596/4/2622 3595/4/2623
f 3598/4/2624 3597/4/2621 3595/4/2623
f 3599/4/2625 3601/4/2626 3585/4/2608
f 3585/4/2608 3600/4/2627 3599/4/2625
f 3605/4/2628 3604/4/2629 3603/4/2630
f 3605/4/2628 3603/4/2630 3602/4/2631
f 3586/4/2614 3606/4/2632 3116/4/2633
f 3116/4/2633 3588/4/2612 3586/4/2614
f 3129/4/2606 3607/4/2634 3605/4/2628
f 3584/4/2607 3129/4/2606 3605/4/2628
f 3609/4/2635 3608/4/2636 3542/4/2569
f 3610/4/2637 3609/4/2635 3542/4/2569
f 3610/4/2637 3542/4/2569 3540/4/2571
f 3613/4/2638 3612/4/2639 3611/4/2640
f 3614/4/2641 3613/4/2638 3611/4/2640
f 3615/4/2642 3612/4/2639 3613/4/2638
f 3611/4/5 3616/4/5 3614/4/5
f 3619/4/2643 3618/4/2644 3617/4/2645
f 3618/4/2644 3622/4/2646 3621/4/2647
f 3618/4/2644 3621/4/2647 3620/4/2648
f 3618/4/2644 3620/4/2648 3617/4/2645
f 3622/4/2646 3618/4/2644 3611/4/2640
f 3623/4/2649 3622/4/2646 3611/4/2640
f 3623/4/2649 3611/4/2640 3625/4/2650
f 3625/4/2651 3624/4/2651 3623/4/2651
f 3611/4/2640 3626/4/2652 3625/4/2650
f 3611/4/2640 3612/4/2639 3626/4/2652
f 3627/4/2653 3110/4/16 3113/4/16
f 3113/4/16 3628/4/2654 3627/4/2655
f 3630/4/2656 3633/4/2657 3632/4/2658
f 3632/4/2658 3631/4/2656 3630/4/2656
f 3636/4/2659 3635/4/2660 3634/4/2661
f 3634/4/2661 3635/4/2660 3522/4/2662
f 3522/4/2662 3533/4/2663 3634/4/2661
f 3520/4/2664 3637/4/2665 3636/4/2659
f 3519/4/2666 3520/4/2664 3636/4/2659
f 3636/4/2659 3634/4/2661 3519/4/2666
f 3639/4/2667 3638/4/2668 3126/4/2669
f 3126/4/2669 3640/4/2670 3639/4/2667
f 3121/4/2671 3642/4/2672 3641/4/2673
f 3643/4/2674 3121/4/2671 3641/4/2673
f 3646/4/2675 3645/4/2676 3644/4/2677
f 3640/4/2670 3646/4/2675 3644/4/2677
f 3649/4/2678 3648/4/2679 3647/4/2680
f 3650/4/2681 3649/4/2678 3647/4/2680
f 3652/4/2682 3651/4/2683 3653/4/2684
f 3653/4/2684 3643/4/2674 3652/4/2682
f 3657/4/2685 3656/4/2686 3655/4/2687
f 3657/4/2685 3655/4/2687 3654/4/2688
f 3644/4/2677 3639/4/2667 3640/4/2670
f 3650/4/2681 3646/4/2675 3127/4/2689
f 3650/4/2681 3127/4/2689 3128/4/2690
f 3123/4/2691 3650/4/2681 3128/4/2692
f 3653/4/2684 3649/4/2678 3124/4/6
f 3124/4/6 3120/4/6 3653/4/2684
f 3640/4/2670 3126/4/2669 3127/4/2693
f 3127/4/2694 3646/4/2675 3640/4/2670
f 3659/4/2695 3658/4/2696 3534/4/2565
f 3535/4/2567 3659/4/2695 3534/4/2565
f 3660/4/26 3658/4/2696 3659/4/2695
f 3663/4/2697 3662/4/2698 3661/4/2699
f 3664/4/2700 3663/4/2697 3661/4/2699
f 3668/4/2701 3667/4/2701 3666/4/2701
f 3668/4/2701 3666/4/2701 3665/4/2701
f 3669/4/2702 3672/4/2703 3671/4/2599
f 3671/4/2599 3670/4/2704 3669/4/2702
f 3674/4/2705 3673/4/2706 3676/4/2707
f 3676/4/2707 3675/4/2708 3674/4/2705
f 3519/4/2709 3531/4/2710 3678/4/2711
f 3519/4/2709 3678/4/2711 3677/4/2712
f 3679/4/2713 3515/4/2714 3516/4/2715
f 3516/4/2715 3680/4/2716 3679/4/2713
f 3682/4/2717 3681/4/2718 3684/4/2719
f 3684/4/2719 3683/4/2717 3682/4/2717
f 3687/4/2720 3686/4/2721 3685/4/2722
f 3688/4/2723 3687/4/2720 3685/4/2722
f 3692/4/2724 3691/4/2725 3690/4/2726
f 3692/4/2724 3690/4/2726 3689/4/2727
f 3684/4/26 3687/4/2720 3688/4/2723
f 3683/4/2728 3684/4/26 3688/4/2723
f 3533/4/2663 3519/4/2666 3634/4/2661
f 3679/4/2713 3682/4/2729 3683/4/16
f 3683/4/16 3515/4/2714 3679/4/2713
f 3532/4/20 3693/4/20 3678/4/20
f 3531/4/20 3532/4/20 3678/4/20
f 3695/4/2730 3694/4/2731 3697/4/2732
f 3697/4/2732 3696/4/2733 3695/4/2730
f 3699/4/2734 3698/4/2735 3701/4/2735
f 3701/4/2735 3700/4/2734 3699/4/2734
f 3705/4/2736 3704/4/2737 3703/4/2737
f 3705/4/2736 3703/4/2737 3702/4/2736
f 3707/4/2590 3706/4/2591 3666/4/2592
f 3667/4/2592 3707/4/2590 3666/4/2592
f 3696/4/2593 3697/4/2738 3675/4/2739
f 3675/4/2739 3676/4/2593 3696/4/2593
f 3709/4/2740 3672/4/2741 3669/4/2596
f 3709/4/2740 3669/4/2596 3708/4/2740
f 3665/4/2600 3670/4/2704 3671/4/2599
f 3671/4/2599 3668/4/2600 3665/4/2600
f 3120/4/2742 3121/4/2671 3643/4/2674
f 3120/4/2742 3643/4/2674 3653/4/2684
f 3649/4/2678 3650/4/2681 3123/4/2691
f 3123/4/2691 3124/4/2743 3649/4/2678
f 3122/4/2744 3123/4/1 3128/4/1
f 3128/4/1 3125/4/2745 3122/4/2744
f 3652/4/2682 3643/4/2674 3641/4/2673
f 3655/4/2687 3656/4/2686 3711/4/2746
f 3711/4/2746 3710/4/2747 3655/4/2687
f 3641/4/2673 3657/4/2685 3654/4/2688
f 3641/4/2673 3654/4/2688 3652/4/2682
f 3651/4/2683 3648/4/2679 3649/4/2678
f 3649/4/2678 3653/4/2684 3651/4/2683
f 3646/4/2675 3650/4/2681 3647/4/2680
f 3646/4/2675 3647/4/2680 3645/4/2676
f 3712/4/2748 3713/4/2749 3639/4/2667
f 3639/4/2667 3644/4/2677 3712/4/2748
f 3528/4/2563 3529/4/2562 3715/4/2750
f 3528/4/2563 3715/4/2750 3714/4/2751
f 3716/4/2752 3642/4/2672 3121/4/2671
f 3121/4/2671 3122/4/2744 3716/4/2752
f 3716/4/2752 3122/4/2744 3125/4/2745
f 3125/4/2745 3717/4/2753 3716/4/2752
f 3719/4/2754 3718/4/2755 3618/4/2644
f 3719/4/2754 3618/4/2644 3619/4/2643
f 3718/4/939 3720/4/939 3618/4/939
f 3721/4/2756 3719/4/2754 3619/4/2643
f 3722/4/2757 3628/4/2757 3113/4/2757
f 3630/4/2656 3631/4/2656 3724/4/2758
f 3630/4/2656 3724/4/2758 3723/4/2759
f 3627/4/2655 3727/4/2760 3726/4/2761
f 3726/4/2761 3725/4/2762 3627/4/2655
f 3627/4/2655 3628/4/2654 3729/4/2763
f 3727/4/2760 3627/4/2655 3729/4/2763
f 3628/4/2654 3730/4/2764 3729/4/2763
f 3628/4/2654 3731/4/2764 3730/4/2764
f 3628/4/2654 3722/4/2765 3731/4/2764
f 3627/4/2766 3725/4/2766 3110/4/2766
f 3733/4/2767 3732/4/2768 3723/4/2759
f 3733/4/2767 3723/4/2759 3724/4/2758
f 3734/4/2769 3610/4/2637 3540/4/2571
f 3735/4/2770 3734/4/2769 3540/4/2571
f 3541/4/2570 3735/4/2770 3540/4/2571
f 3130/4/2610 3115/4/2611 3737/4/2771
f 3130/4/2610 3737/4/2771 3736/4/2772
f 3116/4/2633 3606/4/2632 3737/4/2771
f 3115/4/2611 3116/4/2633 3737/4/2771
f 3738/4/2773 3741/4/2774 3740/4/2775
f 3740/4/2775 3739/4/2776 3738/4/2773
f 3602/4/2631 3600/4/2627 3585/4/2608
f 3585/4/2608 3584/4/2607 3602/4/2631
f 3599/4/2625 3596/4/2622 3597/4/2621
f 3597/4/2621 3601/4/2626 3599/4/2625
f 3598/4/2624 3595/4/2623 3587/4/2613
f 3588/4/2612 3598/4/2624 3587/4/2613
f 3590/4/2617 3591/4/2616 3594/4/2620
f 3594/4/2620 3593/4/2619 3590/4/2617
f 3605/4/2628 3602/4/2631 3584/4/2607
f 3132/4/2777 3585/4/2608 3601/4/2626
f 3601/4/2626 3131/4/2778 3132/4/2777
f 3119/4/2779 3131/4/2778 3601/4/2626
f 3118/4/6 3597/4/2621 3598/4/2624
f 3118/4/6 3598/4/2780 3117/4/6
f 3119/4/2779 3601/4/2626 3597/4/2621
f 3119/4/2781 3597/4/2782 3118/4/2783
f 3588/4/2612 3116/4/2633 3117/4/2784
f 3117/4/2785 3598/4/2624 3588/4/2612
f 3743/4/2786 3742/4/2787 3745/4/2788
f 3745/4/2788 3744/4/2789 3743/4/2786
f 3746/4/1 3745/4/2788 3742/4/2787
f 3568/4/2701 3579/4/2701 3576/4/2701
f 3568/4/2701 3576/4/2701 3567/4/2790
f 3575/4/2702 3572/4/2702 3577/4/2599
f 3578/4/2599 3575/4/2702 3577/4/2599
f 3750/4/2737 3749/4/2736 3748/4/2736
f 3750/4/2737 3748/4/2736 3747/4/2737
f 3752/4/2735 3751/4/2734 3754/4/2734
f 3754/4/2734 3753/4/2791 3752/4/2735
f 3571/4/2792 3756/4/2793 3755/4/2794
f 3570/4/2795 3571/4/2792 3755/4/2794
f 3757/4/2796 3559/4/2797 3560/4/2798
f 3560/4/2798 3542/4/2799 3757/4/2796
f 3555/4/2583 3758/4/2800 3759/4/2801
f 3759/4/2801 3557/4/2584 3555/4/2583
f 3550/4/2802 3760/4/2803 3556/4/2717
f 3549/4/2717 3550/4/2802 3556/4/2717
f 3761/4/2804 3764/4/2805 3763/4/2806
f 3763/4/2806 3762/4/2807 3761/4/2804
f 3765/4/2808 3545/4/2572 3546/4/2574
f 3766/4/2809 3765/4/2808 3546/4/2574
f 3768/4/2810 3767/4/2811 3546/4/2574
f 3546/4/2574 3543/4/2573 3768/4/2810
f 3681/4/2812 3709/4/26 3769/4/2813
f 3680/4/2716 3772/4/2814 3771/4/2815
f 3680/4/2716 3771/4/2815 3770/4/2816
f 3770/4/2816 3681/4/2812 3680/4/2716
f 3771/4/2815 3667/4/26 3773/4/26
f 3771/4/2815 3773/4/26 3700/4/27
f 3672/4/26 3770/4/2816 3701/4/26
f 3672/4/26 3701/4/26 3774/4/26
f 3705/4/26 3668/4/26 3671/4/26
f 3671/4/26 3704/4/2817 3705/4/26
f 3707/4/26 3693/4/2818 3776/4/2819
f 3707/4/26 3776/4/2819 3775/4/2820
f 3777/4/2821 3692/4/2724 3689/4/2727
f 3777/4/2821 3689/4/2727 3769/4/2813
f 3771/4/2815 3772/4/2814 3693/4/2818
f 3681/4/2812 3682/4/2729 3679/4/2713
f 3681/4/2812 3679/4/2713 3680/4/2716
f 3672/4/26 3709/4/26 3681/4/2812
f 3681/4/2812 3770/4/2816 3672/4/26
f 3677/4/2712 3678/4/2711 3693/4/2818
f 3693/4/2818 3772/4/2814 3677/4/2712
f 3776/4/2819 3674/4/2705 3675/4/2708
f 3675/4/2708 3775/4/2820 3776/4/2819
f 3667/4/26 3668/4/26 3705/4/26
f 3667/4/26 3705/4/26 3773/4/26
f 3671/4/26 3672/4/26 3774/4/26
f 3671/4/26 3774/4/26 3704/4/2817
f 3701/4/26 3770/4/2816 3771/4/2815
f 3771/4/2815 3700/4/27 3701/4/26
f 3693/4/2818 3707/4/26 3667/4/26
f 3693/4/2818 3667/4/26 3771/4/2815
f 3769/4/2813 3709/4/26 3777/4/2821
f 3778/4/2822 3779/4/2823 3691/4/2725
f 3778/4/2822 3691/4/2725 3676/4/2707
f 3676/4/2707 3673/4/2706 3778/4/2822
f 3782/4/2824 3781/4/2825 3664/4/2700
f 3782/4/2824 3664/4/2700 3780/4/2826
f 3779/4/2823 3782/4/2824 3784/4/2827
f 3784/4/2827 3783/4/2828 3779/4/2823
f 3676/4/2707 3691/4/2725 3695/4/2730
f 3676/4/2707 3695/4/2730 3696/4/2733
f 3781/4/2825 3778/4/2822 3673/4/2706
f 3781/4/2825 3673/4/2706 3663/4/2697
f 3663/4/2697 3664/4/2700 3781/4/2825
f 3690/4/2726 3779/4/2823 3783/4/2828
f 3783/4/2828 3785/4/2829 3690/4/2726
f 3686/4/2721 3690/4/2726 3785/4/2829
f 3685/4/2722 3686/4/2721 3785/4/2829
f 3691/4/2725 3779/4/2823 3690/4/2726
f 3661/4/2699 3780/4/2826 3664/4/2700
f 3781/4/2825 3782/4/2824 3778/4/2822
f 3782/4/2824 3779/4/2823 3778/4/2822
f 3657/4/2685 3787/4/2830 3786/4/2831
f 3786/4/2831 3656/4/2686 3657/4/2685
f 3658/4/2696 3786/4/2831 3787/4/2830
f 3658/4/2696 3787/4/2830 3789/4/2832
f 3789/4/2832 3788/4/2833 3658/4/2696
f 3673/4/2706 3792/4/2834 3791/4/2835
f 3791/4/2835 3790/4/2836 3673/4/2706
f 3791/4/2835 3788/4/2833 3789/4/2832
f 3789/4/2832 3790/4/2836 3791/4/2835
f 3658/4/2696 3788/4/2833 3538/4/2566
f 3658/4/2696 3538/4/2566 3534/4/2565
f 3792/4/2834 3530/4/2564 3523/4/2557
f 3523/4/2557 3791/4/2835 3792/4/2834
f 3523/4/2557 3538/4/2566 3788/4/2833
f 3523/4/2557 3788/4/2833 3791/4/2835
f 3549/4/2577 3557/4/5 3793/4/2837
f 3544/4/2838 3795/4/2839 3794/4/2840
f 3544/4/2838 3794/4/2840 3768/4/2841
f 3768/4/2841 3543/4/2841 3544/4/2838
f 3796/4/2842 3111/4/2843 3794/4/2840
f 3794/4/2840 3795/4/2839 3796/4/2842
f 3796/4/2842 3724/4/5 3631/4/5
f 3631/4/5 3797/4/2842 3796/4/2842
f 3784/4/2844 3799/4/2842 3798/4/2845
f 3783/4/2846 3784/4/2844 3798/4/2845
f 3785/4/2829 3783/4/2846 3798/4/2845
f 3685/4/2722 3785/4/2829 3798/4/2845
f 3685/4/2722 3798/4/2845 3683/4/2728
f 3683/4/2728 3688/4/2723 3685/4/2722
f 3515/4/5 3683/4/2728 3798/4/2845
f 3515/4/5 3798/4/2845 3800/4/5
f 3800/4/5 3517/4/5 3515/4/5
f 3800/4/5 3798/4/2845 3799/4/2842
f 3632/4/5 3800/4/5 3799/4/2842
f 3631/4/5 3632/4/5 3799/4/2842
f 3799/4/2842 3797/4/2842 3631/4/5
f 3112/4/2847 3797/4/2842 3799/4/2842
f 3112/4/2847 3799/4/2842 3784/4/2844
f 3111/4/2843 3796/4/2842 3797/4/2842
f 3797/4/2842 3112/4/2847 3111/4/2843
f 3795/4/2839 3793/4/2837 3801/4/5
f 3795/4/2839 3801/4/5 3733/4/5
f 3796/4/2842 3795/4/2839 3733/4/5
f 3796/4/2842 3733/4/5 3724/4/5
f 3801/4/5 3793/4/2837 3557/4/5
f 3557/4/5 3802/4/5 3801/4/5
f 3793/4/2837 3795/4/2839 3544/4/2838
f 3793/4/2837 3544/4/2838 3803/4/2848
f 3549/4/2577 3793/4/2837 3803/4/2848
f 3548/4/2575 3549/4/2577 3803/4/2848
f 3803/4/2848 3554/4/2580 3548/4/2575
f 3686/4/2849 3687/4/2850 3769/4/2851
f 3686/4/2849 3769/4/2851 3689/4/2852
f 3769/4/2851 3687/4/2850 3684/4/2719
f 3684/4/2719 3681/4/2718 3769/4/2851
f 3689/4/2852 3690/4/2853 3686/4/2849
f 3772/4/2814 3680/4/2716 3516/4/2715
f 3516/4/2715 3518/4/2854 3772/4/2814
f 3677/4/2712 3772/4/2814 3518/4/2854
f 3518/4/2854 3519/4/2709 3677/4/2712
f 3776/4/2819 3530/4/2564 3792/4/2834
f 3792/4/2834 3674/4/2705 3776/4/2819
f 3776/4/2819 3693/4/2855 3532/4/2855
f 3532/4/2855 3530/4/2564 3776/4/2819
f 3673/4/2706 3674/4/2705 3792/4/2834
f 3706/4/26 3804/4/2856 3665/4/26
f 3665/4/26 3666/4/26 3706/4/26
f 3670/4/26 3805/4/2857 3708/4/26
f 3670/4/26 3708/4/26 3669/4/26
f 3804/4/2856 3697/4/2732 3694/4/2731
f 3804/4/2856 3694/4/2731 3805/4/2857
f 3665/4/26 3804/4/2856 3805/4/2857
f 3805/4/2857 3670/4/26 3665/4/26
f 3699/4/26 3807/4/26 3806/4/26
f 3698/4/26 3699/4/26 3806/4/26
f 3703/4/26 3806/4/26 3807/4/26
f 3807/4/26 3702/4/26 3703/4/26
f 3774/4/2858 3806/4/2858 3703/4/2737
f 3704/4/2737 3774/4/2858 3703/4/2737
f 3698/4/2859 3806/4/2858 3774/4/2858
f 3774/4/2858 3701/4/2859 3698/4/2859
f 3807/4/2860 3773/4/2861 3705/4/2862
f 3705/4/2862 3702/4/2862 3807/4/2860
f 3773/4/2861 3807/4/2860 3699/4/2734
f 3700/4/2734 3773/4/2861 3699/4/2734
f 3697/4/2738 3804/4/2863 3775/4/2864
f 3775/4/2864 3675/4/2739 3697/4/2738
f 3775/4/2864 3804/4/2863 3706/4/2591
f 3707/4/2590 3775/4/2864 3706/4/2591
f 3709/4/2740 3708/4/2740 3805/4/2857
f 3777/4/2821 3709/4/2740 3805/4/2857
f 3695/4/2730 3691/4/2725 3692/4/2724
f 3692/4/2724 3694/4/2731 3695/4/2730
f 3777/4/2821 3805/4/2857 3694/4/2731
f 3692/4/2724 3777/4/2821 3694/4/2731
f 3717/4/2753 3787/4/2830 3642/4/2672
f 3642/4/2672 3716/4/2752 3717/4/2753
f 3662/4/2698 3787/4/2830 3717/4/2753
f 3717/4/2753 3638/4/2668 3662/4/2698
f 3663/4/2697 3673/4/2706 3790/4/2836
f 3663/4/2697 3790/4/2836 3789/4/2832
f 3787/4/2830 3662/4/2698 3663/4/2697
f 3663/4/2697 3789/4/2832 3787/4/2830
f 3642/4/2672 3787/4/2830 3657/4/2685
f 3642/4/2672 3657/4/2685 3641/4/2673
f 3713/4/2749 3662/4/2698 3638/4/2668
f 3638/4/2668 3639/4/2667 3713/4/2749
f 3809/4/2865 3808/4/2866 3536/4/2867
f 3809/4/2865 3536/4/2867 3537/4/2868
f 3526/4/2558 3539/4/2568 3811/4/2869
f 3811/4/2869 3810/4/2870 3526/4/2558
f 3812/4/2871 3525/4/2559 3526/4/2558
f 3810/4/2870 3812/4/2871 3526/4/2558
f 3808/4/2866 3811/4/2869 3539/4/2568
f 3808/4/2866 3539/4/2568 3536/4/2867
f 3521/4/2872 3813/4/2873 3809/4/2865
f 3809/4/2865 3537/4/2868 3521/4/2872
f 3522/4/2662 3635/4/2660 3813/4/2873
f 3813/4/2873 3521/4/2872 3522/4/2662
f 3814/4/2874 3483/4/2875 3484/4/2876
f 3815/4/2877 3814/4/2874 3484/4/2876
f 3484/4/2876 3485/4/2878 3815/4/2877
f 3816/4/2879 3486/4/2880 3487/4/2881
f 3487/4/2881 3817/4/2882 3816/4/2879
f 3818/4/2883 3488/4/2884 3489/4/2885
f 3489/4/2885 3819/4/2886 3818/4/2883
f 3490/4/2887 3820/4/2888 3819/4/2886
f 3489/4/2885 3490/4/2887 3819/4/2886
f 3817/4/2882 3487/4/2881 3488/4/2884
f 3488/4/2884 3818/4/2883 3817/4/2882
f 3485/4/2878 3486/4/2880 3816/4/2879
f 3485/4/2878 3816/4/2879 3815/4/2877
f 3520/4/2664 3517/4/20 3821/4/20
f 3821/4/20 3637/4/2665 3520/4/2664
f 3633/4/2657 3821/4/20 3800/4/20
f 3632/4/2658 3633/4/2657 3800/4/20
f 3821/4/20 3517/4/20 3800/4/20
f 3723/4/16 3732/4/16 3514/4/2889
f 3498/4/16 3723/4/16 3514/4/2889
f 3514/4/2889 3511/4/16 3498/4/16
f 3723/4/16 3498/4/16 3476/4/16
f 3476/4/16 3630/4/16 3723/4/16
f 3483/4/2875 3814/4/2874 3821/4/16
f 3633/4/16 3483/4/2875 3821/4/16
f 3483/4/2875 3633/4/16 3630/4/16
f 3483/4/2875 3630/4/16 3476/4/16
f 3483/4/2875 3476/4/16 3473/4/16
f 3823/4/16 3822/4/2890 3514/4/2889
f 3514/4/2889 3732/4/16 3823/4/16
f 3714/4/2891 3710/4/2747 3711/4/2892
f 3711/4/2892 3528/4/2893 3714/4/2891
f 3710/4/2747 3714/4/2891 3718/4/2755
f 3710/4/2747 3718/4/2755 3719/4/2754
f 3524/4/2894 3528/4/2893 3711/4/2892
f 3824/4/2895 3524/4/2894 3711/4/2892
f 3524/4/2894 3824/4/2895 3825/4/2896
f 3825/4/2896 3527/4/2561 3524/4/2894
f 3659/4/2695 3535/4/2567 3527/4/2561
f 3527/4/2561 3825/4/2896 3659/4/2695
f 3656/4/2686 3786/4/2831 3180/4/2897
f 3180/4/2897 3181/4/2898 3656/4/2686
f 3786/4/2831 3318/4/2899 3180/4/2897
f 3246/4/2900 3824/4/2901 3314/4/2902
f 3314/4/2902 3315/4/2903 3246/4/2900
f 3305/4/2904 3656/4/2686 3304/4/2905
f 3318/4/2899 3786/4/2831 3317/4/2906
f 3825/4/26 3228/4/26 3229/4/26
f 3204/4/26 3658/4/2696 3660/4/26
f 3246/4/2900 3825/4/26 3824/4/2901
f 3228/4/26 3825/4/26 3246/4/2900
f 3786/4/2831 3205/4/26 3245/4/2907
f 3229/4/26 3204/4/26 3660/4/26
f 3229/4/26 3660/4/26 3659/4/2695
f 3786/4/2831 3658/4/2696 3204/4/26
f 3204/4/26 3205/4/26 3786/4/2831
f 3825/4/26 3229/4/26 3659/4/2695
f 3786/4/2831 3245/4/2907 3317/4/2906
f 3656/4/2686 3305/4/2904 3306/4/2908
f 3317/4/2906 3245/4/2907 3246/4/2900
f 3656/4/2686 3303/4/2909 3304/4/2905
f 3656/4/2686 3181/4/2898 3303/4/2909
f 3826/4/2910 3493/4/2911 3828/4/2912
f 3738/4/2773 3826/4/2910 3828/4/2912
f 3741/4/2774 3738/4/2773 3828/4/2912
f 3828/4/2912 3827/4/2913 3741/4/2774
f 3812/4/2871 3496/4/2914 3829/4/2915
f 3812/4/2871 3829/4/2915 3715/4/2750
f 3525/4/2559 3812/4/2871 3715/4/2750
f 3525/4/2559 3715/4/2750 3529/4/2562
f 3493/4/2911 3826/4/2910 3492/4/2916
f 3496/4/2914 3497/4/2917 3829/4/2915
f 3497/4/2917 3495/4/16 3618/4/16
f 3720/4/16 3497/4/2917 3618/4/16
f 3497/4/2917 3720/4/16 3718/4/16
f 3718/4/16 3829/4/2915 3497/4/2917
f 3715/4/2750 3829/4/2915 3718/4/16
f 3718/4/16 3714/4/2751 3715/4/2750
f 3491/4/16 3611/4/16 3618/4/16
f 3618/4/16 3495/4/16 3491/4/16
f 3611/4/16 3491/4/16 3492/4/2916
f 3492/4/2916 3616/4/16 3611/4/16
f 3826/4/2910 3738/4/2773 3739/4/2776
f 3739/4/2776 3614/4/16 3826/4/2910
f 3826/4/2910 3614/4/16 3616/4/16
f 3616/4/16 3492/4/2916 3826/4/2910
f 3712/4/2748 3018/4/2918 3019/4/2919
f 3722/4/2765 3019/4/2919 3022/4/2920
f 3065/4/2921 3712/4/2748 3719/4/2754
f 3719/4/2754 3064/4/2922 3065/4/2921
f 3721/4/2756 3619/4/2643 3014/4/2923
f 3015/4/2924 3721/4/2756 3014/4/2923
f 3619/4/2643 3029/4/2925 3014/4/2923
f 3059/4/2926 3617/4/2645 3722/4/2765
f 3722/4/2765 3058/4/2927 3059/4/2926
f 3617/4/2645 3059/4/2926 3061/4/2928
f 3027/4/2929 3617/4/2645 3026/4/2930
f 3064/4/2922 3719/4/2754 3015/4/2924
f 3655/4/2687 3710/4/2747 3651/4/2683
f 3655/4/2687 3651/4/2683 3652/4/2682
f 3652/4/2682 3654/4/2688 3655/4/2687
f 3645/4/2676 3719/4/2754 3712/4/2748
f 3645/4/2676 3712/4/2748 3644/4/2677
f 3648/4/2679 3719/4/2754 3645/4/2676
f 3645/4/2676 3647/4/2680 3648/4/2679
f 3710/4/2747 3719/4/2754 3648/4/2679
f 3648/4/2679 3651/4/2683 3710/4/2747
f 3018/4/2918 3712/4/2748 3031/4/2931
f 3719/4/2754 3721/4/2756 3015/4/2924
f 3058/4/2927 3722/4/2765 3023/4/2932
f 3617/4/2645 3061/4/2928 3026/4/2930
f 3617/4/2645 3027/4/2929 3029/4/2925
f 3617/4/2645 3029/4/2925 3619/4/2643
f 3712/4/2748 3065/4/2921 3031/4/2931
f 3712/4/2748 3019/4/2919 3722/4/2765
f 3722/4/2765 3022/4/2920 3023/4/2932
f 3126/4/2669 3638/4/2668 3717/4/2753
f 3125/4/2745 3126/4/2669 3717/4/2753
f 3824/4/2901 3313/4/2933 3314/4/2902
f 3313/4/2933 3824/4/2901 3312/4/2934
f 3824/4/2901 3711/4/2746 3232/4/2935
f 3232/4/2935 3233/4/2936 3824/4/2901
f 3711/4/2746 3310/4/2937 3232/4/2935
f 3711/4/2746 3307/4/2938 3308/4/2939
f 3711/4/2746 3308/4/2939 3309/4/2940
f 3310/4/2937 3711/4/2746 3309/4/2940
f 3307/4/2938 3711/4/2746 3656/4/2686
f 3656/4/2686 3306/4/2908 3307/4/2938
f 3824/4/2901 3311/4/2941 3312/4/2934
f 3824/4/2901 3233/4/2936 3311/4/2941
f 3246/4/2900 3316/4/2942 3317/4/2906
f 3246/4/2900 3315/4/2903 3316/4/2942
f 3820/4/2888 3490/4/2887 3496/4/2914
f 3812/4/2871 3820/4/2888 3496/4/2914
f 3636/4/1 3814/4/2874 3815/4/2877
f 3815/4/2877 3635/4/1 3636/4/1
f 3813/4/1 3816/4/2879 3817/4/2882
f 3817/4/2882 3809/4/1 3813/4/1
f 3808/4/1 3818/4/2883 3819/4/2886
f 3819/4/2886 3811/4/1 3808/4/1
f 3820/4/2888 3812/4/1 3810/4/1
f 3820/4/2888 3810/4/1 3811/4/1
f 3819/4/2886 3820/4/2888 3811/4/1
f 3818/4/2883 3808/4/1 3809/4/1
f 3817/4/2882 3818/4/2883 3809/4/1
f 3635/4/1 3815/4/2877 3816/4/2879
f 3816/4/2879 3813/4/1 3635/4/1
f 3821/4/1 3814/4/2874 3636/4/1
f 3821/4/1 3636/4/1 3637/4/1
f 3713/4/2749 3712/4/26 3629/4/26
f 3713/4/2749 3629/4/26 3114/4/26
f 3713/4/2749 3661/4/2699 3662/4/2698
f 3661/4/2699 3713/4/2749 3114/4/26
f 3801/4/20 3802/4/20 3823/4/20
f 3801/4/20 3823/4/20 3732/4/2768
f 3732/4/2768 3733/4/2767 3801/4/20
f 3823/4/20 3802/4/20 3608/4/2636
f 3823/4/20 3608/4/2636 3609/4/2635
f 3603/4/2630 3006/4/2943 3007/4/2944
f 3725/4/2762 3037/4/2945 3002/4/2946
f 3067/4/2947 3603/4/2630 3035/4/2948
f 3003/4/2949 3725/4/2762 3002/4/2946
f 3603/4/2630 3007/4/2944 3035/4/2948
f 3725/4/2762 3003/4/2949 3006/4/2950
f 3581/4/2601 3604/4/2629 3580/4/2602
f 3493/4/2911 3501/4/2951 3832/4/2952
f 3832/4/2952 3828/4/2912 3493/4/2911
f 3502/4/2953 3505/4/2954 3834/4/2955
f 3502/4/2953 3834/4/2955 3833/4/2956
f 3506/4/2957 3509/4/2958 3836/4/2959
f 3506/4/2957 3836/4/2959 3835/4/2960
f 3513/4/2961 3822/4/2890 3837/4/2962
f 3510/4/2963 3513/4/2961 3837/4/2962
f 3514/4/2889 3822/4/2890 3513/4/2961
f 3836/4/2959 3509/4/2958 3510/4/2963
f 3510/4/2963 3837/4/2962 3836/4/2959
f 3505/4/2954 3506/4/2957 3835/4/2960
f 3505/4/2954 3835/4/2960 3834/4/2955
f 3833/4/2956 3832/4/2952 3501/4/2951
f 3501/4/2951 3502/4/2953 3833/4/2956
f 3828/4/26 3832/4/2952 3838/4/26
f 3833/4/2956 3834/4/2955 3840/4/26
f 3833/4/2956 3840/4/26 3839/4/26
f 3835/4/2960 3836/4/2959 3842/4/26
f 3835/4/2960 3842/4/26 3841/4/26
f 3837/4/2962 3822/4/2890 3610/4/26
f 3837/4/2962 3610/4/26 3734/4/26
f 3610/4/26 3822/4/2890 3823/4/26
f 3823/4/26 3609/4/26 3610/4/26
f 3836/4/2959 3837/4/2962 3734/4/26
f 3836/4/2959 3734/4/26 3842/4/26
f 3841/4/26 3840/4/26 3834/4/2955
f 3834/4/2955 3835/4/2960 3841/4/26
f 3839/4/26 3838/4/26 3832/4/2952
f 3832/4/2952 3833/4/2956 3839/4/26
f 3843/4/2964 3827/4/2913 3828/4/2912
f 3828/4/2912 3838/4/2870 3843/4/2964
f 3839/4/2965 3844/4/2966 3843/4/2964
f 3838/4/2870 3839/4/2965 3843/4/2964
f 3845/4/2967 3840/4/2968 3841/4/2969
f 3841/4/2969 3846/4/2868 3845/4/2967
f 3842/4/2970 3734/4/2769 3735/4/2770
f 3842/4/2970 3735/4/2770 3847/4/2971
f 3841/4/2969 3842/4/2970 3847/4/2971
f 3841/4/2969 3847/4/2971 3846/4/2868
f 3844/4/2966 3839/4/2965 3840/4/2968
f 3840/4/2968 3845/4/2967 3844/4/2966
f 3591/4/2616 3592/4/2615 3443/4/2972
f 3443/4/2972 3444/4/2973 3591/4/2616
f 3592/4/2615 3440/4/2974 3443/4/2972
f 3592/4/2615 3237/4/2975 3436/4/2976
f 3592/4/2615 3436/4/2976 3439/4/2977
f 3429/4/2978 3848/4/2979 3471/4/2980
f 3471/4/2980 3426/4/2981 3429/4/2978
f 3471/4/2980 3425/4/2982 3426/4/2981
f 3422/4/2983 3471/4/2980 3472/4/2984
f 3849/4/2985 3177/4/2986 3421/4/2987
f 3849/4/2985 3421/4/2987 3422/4/2983
f 3850/4/1 3244/4/1 3471/4/2980
f 3746/4/1 3156/4/1 3243/4/1
f 3243/4/1 3745/4/2788 3746/4/1
f 3742/4/2787 3156/4/1 3746/4/1
f 3244/4/1 3850/4/1 3243/4/1
f 3450/4/2988 3591/4/2616 3448/4/2989
f 3434/4/2990 3848/4/2979 3433/4/2991
f 3440/4/2974 3592/4/2615 3439/4/2977
f 3471/4/2980 3422/4/2983 3425/4/2982
f 3243/4/1 3850/4/1 3745/4/2788
f 3156/4/1 3742/4/2787 3849/4/2985
f 3156/4/1 3849/4/2985 3155/4/1
f 3850/4/1 3471/4/2980 3848/4/2979
f 3155/4/1 3849/4/2985 3472/4/2984
f 3591/4/2616 3450/4/2988 3176/4/2992
f 3177/4/2986 3849/4/2985 3591/4/2616
f 3591/4/2616 3176/4/2992 3177/4/2986
f 3422/4/2983 3472/4/2984 3849/4/2985
f 3848/4/2979 3430/4/2993 3433/4/2991
f 3848/4/2979 3429/4/2978 3430/4/2993
f 3848/4/2979 3434/4/2990 3236/4/2994
f 3237/4/2975 3592/4/2615 3848/4/2979
f 3848/4/2979 3236/4/2994 3237/4/2975
f 3591/4/2616 3447/4/2995 3448/4/2989
f 3591/4/2616 3444/4/2973 3447/4/2995
f 3560/4/1 3851/4/2996 3735/4/1
f 3735/4/1 3541/4/1 3560/4/1
f 3741/4/2774 3827/4/2913 3852/4/2997
f 3852/4/2997 3740/4/2775 3741/4/2774
f 3852/4/2997 3827/4/2913 3843/4/2964
f 3843/4/2964 3853/4/2998 3852/4/2997
f 3844/4/2966 3744/4/2789 3853/4/2998
f 3844/4/2966 3853/4/2998 3843/4/2964
f 3845/4/1 3744/4/2789 3844/4/2966
f 3846/4/1 3854/4/2999 3743/4/2786
f 3845/4/1 3846/4/1 3743/4/2786
f 3743/4/2786 3744/4/2789 3845/4/1
f 3542/4/1 3560/4/1 3541/4/1
f 3847/4/1 3851/4/2996 3854/4/2999
f 3847/4/1 3854/4/2999 3846/4/1
f 3560/4/1 3561/4/1 3855/4/3000
f 3560/4/1 3855/4/3000 3851/4/2996
f 3851/4/2996 3847/4/1 3735/4/1
f 3626/4/2652 3033/4/3001 2998/4/3002
f 3626/4/2652 2998/4/3002 2999/4/3003
f 3613/4/2638 3069/4/3004 3010/4/3005
f 3033/4/3001 3612/4/2639 3011/4/3006
f 3603/4/2630 3613/4/2638 3600/4/2627
f 3600/4/2627 3602/4/2631 3603/4/2630
f 3600/4/2627 3613/4/2638 3596/4/2622
f 3600/4/2627 3596/4/2622 3599/4/2625
f 3596/4/2622 3613/4/2638 3589/4/2618
f 3596/4/2622 3589/4/2618 3595/4/2623
f 3595/4/2623 3589/4/2618 3590/4/2617
f 3587/4/2613 3595/4/2623 3590/4/2617
f 3590/4/2617 3593/4/2619 3587/4/2613
f 3072/4/3007 3626/4/2652 2999/4/3003
f 3011/4/3006 3612/4/2639 3615/4/2642
f 3615/4/2642 3010/4/3005 3011/4/3006
f 3613/4/2638 3603/4/2630 3067/4/2947
f 3067/4/2947 3069/4/3004 3613/4/2638
f 3010/4/3005 3615/4/2642 3613/4/2638
f 3612/4/2639 3033/4/3001 3626/4/2652
f 3626/4/2652 3072/4/3007 3073/4/3008
f 3736/4/2772 3856/4/3009 3580/4/2602
f 3736/4/2772 3580/4/2602 3607/4/2634
f 3606/4/2632 3856/4/3009 3736/4/2772
f 3606/4/2632 3736/4/2772 3737/4/2771
f 3607/4/2634 3580/4/2602 3604/4/2629
f 3607/4/2634 3604/4/2629 3605/4/2628
f 3594/4/2620 3856/4/3009 3606/4/2632
f 3606/4/2632 3586/4/2614 3594/4/2620
f 3583/4/2603 3580/4/2602 3856/4/3009
f 3857/4/3010 3583/4/2603 3856/4/3009
f 3563/4/2587 3583/4/2603 3858/4/3011
f 3583/4/2603 3857/4/3010 3858/4/3011
f 3736/4/2772 3607/4/2634 3129/4/2606
f 3129/4/2606 3130/4/2610 3736/4/2772
f 3614/4/2641 3739/4/3012 3589/4/2618
f 3589/4/2618 3613/4/2638 3614/4/2641
f 3592/4/3013 3589/4/2618 3739/4/3012
f 3740/4/3014 3592/4/3013 3739/4/3012
f 3592/4/3013 3740/4/3014 3852/4/3015
f 3852/4/3015 3848/4/3016 3592/4/3013
f 3860/4/3017 3859/4/3018 3563/4/2587
f 3860/4/3017 3563/4/2587 3858/4/3011
f 3856/4/3009 3849/4/2985 3861/4/3019
f 3861/4/3019 3857/4/3010 3856/4/3009
f 3742/4/2787 3861/4/3019 3849/4/2985
f 3849/4/2985 3856/4/3009 3594/4/2620
f 3849/4/2985 3594/4/2620 3591/4/2616
f 3857/4/3010 3861/4/3019 3860/4/3017
f 3858/4/3011 3857/4/3010 3860/4/3017
f 3861/4/3019 3854/4/2999 3851/4/2996
f 3851/4/2996 3860/4/3017 3861/4/3019
f 3854/4/2999 3861/4/3019 3742/4/2787
f 3742/4/2787 3743/4/2786 3854/4/2999
f 3851/4/2996 3855/4/3000 3859/4/3018
f 3851/4/2996 3859/4/3018 3860/4/3017
f 3850/4/3020 3848/4/3016 3852/4/3015
f 3853/4/2998 3850/4/3020 3852/4/3015
f 3853/4/2998 3744/4/2789 3745/4/2788
f 3850/4/3020 3853/4/2998 3745/4/2788
f 3830/4/3021 3863/4/3022 3862/4/3023
f 3794/4/3024 3830/4/3021 3767/4/2811
f 3767/4/2811 3768/4/2810 3794/4/3024
f 3866/4/3025 3865/4/3026 3864/4/3027
f 3546/4/2574 3767/4/2811 3866/4/3025
f 3766/4/2809 3546/4/2574 3866/4/3025
f 3864/4/3027 3867/4/3028 3869/4/3029
f 3869/4/3029 3868/4/3030 3864/4/3027
f 3867/4/3028 3761/4/2804 3551/4/2579
f 3552/4/2578 3867/4/3028 3551/4/2579
f 3867/4/3028 3864/4/3027 3865/4/3026
f 3867/4/3028 3865/4/3026 3761/4/2804
f 3764/4/2805 3865/4/3026 3862/4/3023
f 3564/4/2586 3764/4/2805 3862/4/3023
f 3862/4/3023 3563/4/2587 3564/4/2586
f 3582/4/2604 3863/4/3022 3830/4/3021
f 3830/4/3021 3831/4/3031 3582/4/2604
f 3831/4/3031 3581/4/2601 3582/4/2604
f 3564/4/2586 3570/4/2795 3755/4/2794
f 3764/4/2805 3564/4/2586 3755/4/2794
f 3863/4/3022 3582/4/2604 3583/4/2603
f 3863/4/3022 3583/4/2603 3563/4/2587
f 3563/4/2587 3862/4/3023 3863/4/3022
f 3866/4/3025 3830/4/3021 3862/4/3023
f 3865/4/3026 3866/4/3025 3862/4/3023
f 3867/4/3028 3552/4/2578 3870/4/3032
f 3870/4/3032 3869/4/3029 3867/4/3028
f 3766/4/2809 3866/4/3025 3864/4/3027
f 3868/4/3030 3766/4/2809 3864/4/3027
f 3830/4/3021 3866/4/3025 3767/4/2811
f 3865/4/3026 3764/4/2805 3761/4/2804
f 3870/4/3032 3552/4/2578 3553/4/2581
f 3871/4/3033 3803/4/3034 3544/4/6
f 3871/4/3033 3544/4/6 3545/4/2572
f 3765/4/2808 3871/4/3033 3545/4/2572
f 3554/4/2580 3803/4/3034 3871/4/3033
f 3553/4/2581 3554/4/2580 3871/4/3033
f 3871/4/3033 3870/4/3032 3553/4/2581
f 3873/4/1 3872/4/1 3751/4/1
f 3751/4/1 3752/4/1 3873/4/1
f 3872/4/1 3873/4/1 3747/4/1
f 3872/4/1 3747/4/1 3748/4/1
f 3756/4/2793 3571/4/2792 3875/4/3035
f 3875/4/3035 3874/4/3036 3756/4/2793
f 3874/4/3036 3875/4/3035 3576/4/1
f 3577/4/1 3874/4/3036 3576/4/1
f 3576/4/1 3875/4/3035 3566/4/1
f 3576/4/1 3566/4/1 3567/4/1
f 3573/4/1 3874/4/3036 3577/4/1
f 3577/4/1 3572/4/1 3573/4/1
f 3763/4/2806 3764/4/2805 3755/4/2794
f 3763/4/2806 3755/4/2794 3756/4/2793
f 3874/4/3036 3573/4/2598 3574/4/2597
f 3574/4/2597 3876/4/3037 3874/4/3036
f 3756/4/2793 3874/4/3036 3876/4/3037
f 3876/4/3037 3763/4/2806 3756/4/2793
f 3877/4/3038 3875/4/3039 3571/4/2595
f 3565/4/2594 3877/4/3038 3571/4/2595
f 3569/4/2591 3566/4/2590 3875/4/3039
f 3877/4/3038 3569/4/2591 3875/4/3039
f 3873/4/2858 3752/4/2859 3753/4/2859
f 3753/4/2859 3878/4/2858 3873/4/2858
f 3750/4/2737 3747/4/2737 3873/4/2858
f 3878/4/2858 3750/4/2737 3873/4/2858
f 3754/4/2734 3751/4/2734 3872/4/3040
f 3879/4/3040 3754/4/2734 3872/4/3040
f 3872/4/3040 3748/4/2862 3749/4/2862
f 3749/4/2862 3879/4/3040 3872/4/3040
f 3880/4/3041 3558/4/3042 3569/4/1
f 3569/4/1 3877/4/3043 3880/4/3041
f 3760/4/3044 3574/4/1 3575/4/1
f 3760/4/3044 3575/4/1 3881/4/3045
f 3574/4/1 3882/4/3046 3876/4/3037
f 3555/4/2583 3556/4/2582 3760/4/3044
f 3760/4/3044 3758/4/2800 3555/4/2583
f 3884/4/3047 3883/4/3048 3758/4/2800
f 3881/4/3045 3884/4/3047 3758/4/2800
f 3881/4/3045 3758/4/2800 3760/4/3044
f 3568/4/1 3569/4/1 3558/4/3042
f 3884/4/3047 3568/4/1 3558/4/3042
f 3578/4/1 3579/4/1 3749/4/3049
f 3578/4/1 3749/4/3049 3750/4/1
f 3753/4/1 3881/4/3045 3575/4/1
f 3575/4/1 3878/4/1 3753/4/1
f 3879/4/1 3568/4/1 3884/4/3047
f 3884/4/3047 3754/4/1 3879/4/1
f 3884/4/3047 3881/4/3045 3753/4/1
f 3884/4/3047 3753/4/1 3754/4/1
f 3878/4/1 3575/4/1 3578/4/1
f 3578/4/1 3750/4/1 3878/4/1
f 3749/4/3049 3579/4/1 3568/4/1
f 3568/4/1 3879/4/1 3749/4/3049
f 3565/4/2589 3562/4/2588 3880/4/3041
f 3877/4/3043 3565/4/2589 3880/4/3041
f 3762/4/2807 3763/4/2806 3876/4/3037
f 3876/4/3037 3882/4/3046 3762/4/2807
f 3558/4/3042 3559/4/2797 3757/4/2796
f 3558/4/3042 3757/4/2796 3883/4/3048
f 3882/4/3046 3574/4/1 3760/4/3044
f 3883/4/3048 3884/4/3047 3558/4/3042
f 3859/4/3018 3855/4/3000 3880/4/3041
f 3859/4/3018 3880/4/3041 3562/4/2588
f 3562/4/2588 3563/4/2587 3859/4/3018
f 3558/4/2855 3880/4/3041 3855/4/3000
f 3855/4/3000 3561/4/2855 3558/4/2855
f 3547/4/3050 3882/4/3051 3760/4/2803
f 3550/4/2802 3547/4/3050 3760/4/2803
f 3761/4/2853 3762/4/3052 3551/4/3053
f 3882/4/3051 3547/4/3050 3551/4/3053
f 3551/4/3053 3762/4/3052 3882/4/3051
f 3885/4/3054 3759/4/2801 3758/4/2800
f 3885/4/3054 3758/4/2800 3883/4/3048
f 3883/4/3048 3757/4/2796 3542/4/2799
f 3542/4/2799 3885/4/3054 3883/4/3048
f 3608/4/1 3802/4/1 3759/4/1
f 3759/4/1 3885/4/1 3608/4/1
f 3759/4/1 3802/4/1 3557/4/1
f 3608/4/1 3885/4/1 3542/4/1
f 3617/4/2645 3620/4/2648 2920/4/3055
f 2920/4/3055 2921/4/3055 3617/4/2645
f 3731/4/2764 3722/4/2765 2928/4/3055
f 2928/4/3055 2929/4/3055 3731/4/2764
f 3620/4/2648 3621/4/2647 2904/4/3055
f 2904/4/3055 2905/4/3055 3620/4/2648
f 3730/4/2764 3731/4/2764 2912/4/3055
f 2912/4/3055 2913/4/3055 3730/4/2764
f 3729/4/2763 3730/4/2764 2888/4/3055
f 2888/4/3055 2889/4/3055 3729/4/2763
f 3621/4/2647 3622/4/2646 2896/4/3055
f 2896/4/3055 2897/4/3055 3621/4/2647
f 3622/4/2646 3623/4/2649 2872/4/3055
f 2872/4/3055 2873/4/3055 3622/4/2646
f 3728/4/3055 3729/4/2763 2880/4/3055
f 2880/4/3055 2881/4/3055 3728/4/3055
f 3727/4/2760 2857/4/3055 2860/4/3055
f 3623/4/2649 2865/4/3055 2852/4/3055
f 3624/4/3055 2841/4/3055 2844/4/3055
f 3726/4/2761 2849/4/3055 2836/4/3055
f 3725/4/2762 2825/4/3055 2828/4/3055
f 3625/4/2650 2833/4/3055 2820/4/3056
f 3626/4/2652 3725/4/2762 2828/4/3055
f 3626/4/2652 2828/4/3055 2829/4/3055
f 3726/4/2761 3625/4/2650 2820/4/3056
f 3726/4/2761 2820/4/3056 2821/4/3055
f 3727/4/2760 3624/4/3055 2844/4/3055
f 3727/4/2760 2844/4/3055 2845/4/3055
f 3625/4/2650 3726/4/2761 2836/4/3055
f 3625/4/2650 2836/4/3055 2837/4/3055
f 3624/4/3055 3727/4/2760 2860/4/3055
f 3624/4/3055 2860/4/3055 2861/4/3055
f 3728/4/3055 3623/4/2649 2852/4/3055
f 3728/4/3055 2852/4/3055 2853/4/3055
f 2877/4/3055 3729/4/2763 3622/4/2646
f 3622/4/2646 2876/4/3056 2877/4/3055
f 3623/4/2649 3728/4/3055 2868/4/3055
f 3623/4/2649 2868/4/3055 2869/4/3055
f 2893/4/3055 3622/4/2646 3729/4/2763
f 3729/4/2763 2892/4/3056 2893/4/3055
f 2885/4/3055 3730/4/2764 3621/4/2647
f 3621/4/2647 2884/4/3056 2885/4/3055
f 2909/4/3055 3731/4/2764 3620/4/2648
f 3620/4/2648 2908/4/3056 2909/4/3055
f 2901/4/3055 3621/4/2647 3730/4/2764
f 3730/4/2764 2900/4/3056 2901/4/3055
f 2925/4/3055 3722/4/2765 3617/4/2645
f 3617/4/2645 2924/4/3055 2925/4/3055
f 2917/4/3055 3620/4/2648 3731/4/2764
f 3731/4/2764 2916/4/3056 2917/4/3055
f 2920/4/3055 3620/4/2648 2917/4/3055
f 2928/4/3055 3722/4/2765 2925/4/3055
f 2904/4/3055 3621/4/2647 2901/4/3055
f 2912/4/3055 3731/4/2764 2909/4/3055
f 2888/4/3055 3730/4/2764 2885/4/3055
f 2896/4/3055 3622/4/2646 2893/4/3055
f 2872/4/3055 3623/4/2649 2869/4/3055
f 2880/4/3055 3729/4/2763 2877/4/3055
f 2856/4/3055 3728/4/3055 2853/4/3055
f 2864/4/3055 3624/4/3055 2861/4/3055
f 2840/4/3055 3625/4/2650 2837/4/3055
f 2848/4/3055 3727/4/2760 2845/4/3055
f 2824/4/3055 3726/4/2761 2821/4/3055
f 2832/4/3055 3626/4/2652 2829/4/3055
f 2833/4/3055 3625/4/2650 3626/4/2652
f 3626/4/2652 2832/4/3055 2833/4/3055
f 2825/4/3055 3725/4/2762 3726/4/2761
f 3726/4/2761 2824/4/3055 2825/4/3055
f 2849/4/3055 3726/4/2761 3727/4/2760
f 3727/4/2760 2848/4/3055 2849/4/3055
f 2841/4/3055 3624/4/3055 3625/4/2650
f 3625/4/2650 2840/4/3055 2841/4/3055
f 2865/4/3055 3623/4/2649 3624/4/3055
f 3624/4/3055 2864/4/3055 2865/4/3055
f 2857/4/3055 3727/4/2760 3728/4/3055
f 3728/4/3055 2856/4/3055 2857/4/3055
f 3728/4/3055 2881/4/3055 2868/4/3055
f 3622/4/2646 2873/4/3055 2876/4/3056
f 3621/4/2647 2897/4/3055 2884/4/3056
f 3729/4/2763 2889/4/3055 2892/4/3056
f 3730/4/2764 2913/4/3055 2900/4/3056
f 3620/4/2648 2905/4/3055 2908/4/3056
f 3731/4/2764 2929/4/3055 2916/4/3056
f 3617/4/2645 2921/4/3055 2924/4/3055
f 3725/4/2762 3626/4/2652 3073/4/3008
f 3073/4/3008 3037/4/2945 3725/4/2762
f 3868/4/3030 3871/4/3033 3765/4/2808
f 3765/4/2808 3766/4/2809 3868/4/3030
f 3869/4/3029 3871/4/3033 3868/4/3030
f 3870/4/3032 3871/4/3033 3869/4/3029
f 3888/4/26 3887/4/26 3886/4/26
f 3886/4/26 3887/4/26 3889/4/26
f 3892/4/26 3891/4/26 3890/4/26
f 3894/4/26 3888/4/26 3886/4/26
f 3894/4/26 3886/4/26 3893/4/26
f 3895/4/26 3891/4/26 3892/4/26
f 3887/4/26 3888/4/26 3891/4/26
f 3891/4/26 3895/4/26 3887/4/26
f 3896/4/1 3899/4/1 3898/4/1
f 3898/4/1 3897/4/1 3896/4/1
f 3899/4/1 3900/4/1 3898/4/1
f 3903/4/3057 3902/4/1 3901/4/1
f 3904/4/1 3903/4/3057 3901/4/1
f 3901/4/1 3905/4/1 3904/4/1
f 3899/4/1 3907/4/1 3906/4/1
f 3910/4/1 3909/4/1 3908/4/1
f 3903/4/3057 3896/4/1 3913/4/1
f 3903/4/3057 3913/4/1 3912/4/1
f 3912/4/1 3911/4/1 3903/4/3057
f 3903/4/3057 3911/4/1 3914/4/1
f 3903/4/3057 3914/4/1 3902/4/1
f 3896/4/1 3897/4/1 3913/4/1
f 3899/4/1 3906/4/1 3900/4/1
f 3910/4/1 3912/4/1 3913/4/1
f 3913/4/1 3909/4/1 3910/4/1
f 3917/4/26 3916/4/26 3915/4/26
f 3918/4/3058 3921/4/3059 3920/4/26
f 3920/4/26 3919/4/26 3918/4/3058
f 3923/4/26 3921/4/3059 3922/4/26
f 3926/4/26 3925/4/26 3924/4/26
f 3930/4/26 3929/4/26 3928/4/26
f 3931/4/26 3930/4/26 3928/4/26
f 3932/4/26 3931/4/26 3928/4/26
f 3933/4/26 3932/4/26 3928/4/26
f 3934/4/26 3933/4/26 3928/4/26
f 3934/4/26 3928/4/26 3927/4/26
f 3935/4/26 3937/4/26 3932/4/26
f 3932/4/26 3936/4/26 3935/4/26
f 3940/4/26 3939/4/26 3938/4/26
f 3941/4/26 3944/4/26 3943/4/26
f 3943/4/26 3942/4/26 3941/4/26
f 3947/4/3060 3946/4/3061 3945/4/3062
f 3950/4/26 3944/4/26 3949/4/26
f 3950/4/26 3949/4/26 3948/4/26
f 3944/4/26 3951/4/26 3943/4/26
f 3944/4/26 3950/4/26 3953/4/26
f 3951/4/26 3944/4/26 3953/4/26
f 3951/4/26 3953/4/26 3952/4/26
f 3954/4/26 3957/4/26 3956/4/26
f 3956/4/26 3955/4/26 3954/4/26
f 3956/4/26 3959/4/26 3958/4/26
f 3956/4/26 3958/4/26 3955/4/26
f 3963/4/26 3962/4/26 3961/4/26
f 3963/4/26 3961/4/26 3960/4/26
f 3967/4/26 3966/4/26 3965/4/26
f 3967/4/26 3965/4/26 3964/4/26
f 3969/4/26 3968/4/26 3971/4/26
f 3971/4/26 3970/4/26 3969/4/26
f 3973/4/26 3972/4/26 3975/4/26
f 3975/4/26 3974/4/26 3973/4/26
f 3979/4/26 3978/4/26 3977/4/26
f 3979/4/26 3977/4/26 3976/4/26
f 3976/4/26 3977/4/26 3981/4/26
f 3981/4/26 3980/4/26 3976/4/26
f 3982/4/3063 3918/4/3058 3919/4/26
f 3982/4/3063 3919/4/26 3985/4/26
f 3983/4/26 3982/4/3063 3985/4/26
f 3985/4/26 3984/4/26 3983/4/26
f 3986/4/26 3935/4/26 3936/4/26
f 3987/4/26 3986/4/26 3936/4/26
f 3987/4/26 3936/4/26 3964/4/26
f 3964/4/26 3965/4/26 3987/4/26
f 3989/4/26 3988/4/3064 3981/4/26
f 3989/4/26 3981/4/26 3977/4/26
f 3977/4/26 3990/4/26 3989/4/26
f 3925/4/26 3926/4/26 3981/4/26
f 3991/4/26 3925/4/26 3981/4/26
f 3981/4/26 3988/4/3064 3991/4/26
f 3961/4/26 3959/4/26 3960/4/26
f 3922/4/26 3921/4/3059 3993/4/26
f 3922/4/26 3993/4/26 3992/4/26
f 3924/4/26 3986/4/26 3987/4/26
f 3926/4/26 3924/4/26 3987/4/26
f 3994/4/26 3926/4/26 3987/4/26
f 3994/4/26 3987/4/26 3968/4/26
f 3968/4/26 3969/4/26 3994/4/26
f 3981/4/26 3926/4/26 3994/4/26
f 3981/4/26 3994/4/26 3972/4/26
f 3980/4/26 3981/4/26 3972/4/26
f 3972/4/26 3973/4/26 3980/4/26
f 3946/4/3061 3940/4/26 3929/4/26
f 3929/4/26 3930/4/26 3946/4/3061
f 3995/4/26 3989/4/26 3990/4/26
f 3996/4/26 3995/4/26 3990/4/26
f 3996/4/26 3990/4/26 3998/4/26
f 3998/4/26 3997/4/26 3996/4/26
f 3984/4/26 3985/4/26 3997/4/26
f 3984/4/26 3997/4/26 3998/4/26
f 3999/4/26 3982/4/3063 3983/4/26
f 3999/4/26 3983/4/26 3978/4/26
f 4000/4/26 3999/4/26 3978/4/26
f 3978/4/26 3979/4/26 4000/4/26
f 4001/4/26 3999/4/26 4000/4/26
f 4001/4/26 4000/4/26 3974/4/26
f 4002/4/26 4001/4/26 3974/4/26
f 3974/4/26 3975/4/26 4002/4/26
f 4003/4/26 4001/4/26 4002/4/26
f 4003/4/26 4002/4/26 3970/4/26
f 4004/4/26 4003/4/26 3970/4/26
f 3970/4/26 3971/4/26 4004/4/26
f 4005/4/26 4003/4/26 4004/4/26
f 4005/4/26 4004/4/26 3966/4/26
f 4006/4/26 4005/4/26 3966/4/26
f 3966/4/26 3967/4/26 4006/4/26
f 3940/4/26 3946/4/3061 3947/4/3060
f 3940/4/26 3947/4/3060 4007/4/26
f 4007/4/26 3939/4/26 3940/4/26
f 3953/4/26 3950/4/26 4008/4/26
f 3957/4/26 3953/4/26 4008/4/26
f 3953/4/26 3957/4/26 3954/4/26
f 3953/4/26 3954/4/26 3952/4/26
f 3947/4/3060 3941/4/26 4009/4/26
f 4009/4/26 4007/4/26 3947/4/3060
f 3942/4/26 3943/4/26 3958/4/26
f 3942/4/26 3958/4/26 3959/4/26
f 3942/4/26 3959/4/26 3961/4/26
f 3947/4/3060 3945/4/3062 3941/4/26
f 3917/4/1 3991/4/1 3916/4/1
f 3917/4/26 3925/4/26 3991/4/26
f 3941/4/26 3942/4/26 4009/4/26
f 3938/4/26 3939/4/26 4010/4/26
f 4010/4/26 3962/4/26 3963/4/26
f 3963/4/26 3938/4/26 4010/4/26
f 3933/4/26 3934/4/26 4005/4/26
f 3933/4/26 4005/4/26 4006/4/26
f 3932/4/26 3937/4/26 3931/4/26
f 4012/4/26 4011/4/26 3995/4/26
f 4012/4/26 3995/4/26 3996/4/26
f 3921/4/3059 3923/4/26 4011/4/26
f 3920/4/26 3921/4/3059 4011/4/26
f 4011/4/26 4012/4/26 3920/4/26
f 3945/4/3065 3946/4/3066 4014/4/3067
f 4014/4/3067 4013/4/3068 3945/4/3065
f 3907/4/3069 4015/4/3070 4014/4/3067
f 4014/4/3067 4015/4/3070 4016/4/3071
f 4016/4/3071 4013/4/3068 4014/4/3067
f 3906/4/3072 3907/4/3069 3946/4/3066
f 3906/4/3072 3946/4/3066 3930/4/3072
f 3907/4/3069 4014/4/3067 3946/4/3066
f 4018/4/3073 4017/4/3074 4016/4/3071
f 4016/4/3071 4015/4/3070 4018/4/3073
f 4021/4/3075 4020/4/3076 4019/4/3077
f 4022/4/3078 4021/4/3075 4019/4/3077
f 4025/4/3079 4024/4/3080 4023/4/3081
f 3945/4/3082 4025/4/3079 4023/4/3081
f 4029/4/3083 4028/4/3084 4027/4/3085
f 4029/4/3083 4027/4/3085 4026/4/3085
f 4031/4/3086 4030/4/3087 4020/4/3076
f 4021/4/3075 4031/4/3086 4020/4/3076
f 4016/4/3071 4017/4/3074 4032/4/3088
f 4033/4/3088 4016/4/3071 4032/4/3088
f 4034/4/3089 4033/4/3088 4028/4/3084
f 4029/4/3083 4034/4/3089 4028/4/3084
f 4033/4/3088 4035/4/3090 4028/4/3084
f 4033/4/3088 4036/4/3088 4035/4/3090
f 4021/4/3075 4029/4/3083 4031/4/3086
f 4013/4/3068 4016/4/3071 4033/4/3088
f 4034/4/3089 4013/4/3068 4033/4/3088
f 4036/4/3088 4033/4/3088 4032/4/3088
f 4036/4/3088 4032/4/3088 4037/4/3088
f 4026/4/3085 4030/4/3087 4031/4/3086
f 4031/4/3086 4029/4/3083 4026/4/3085
f 4038/4/3085 4027/4/3085 4028/4/3084
f 4028/4/3084 4035/4/3090 4038/4/3085
f 4022/4/3078 4019/4/3077 4024/4/3080
f 4025/4/3079 4022/4/3078 4024/4/3080
f 4029/4/3083 4021/4/3075 4034/4/3089
f 4025/4/3091 3945/4/3092 4022/4/1
f 4022/4/1 3945/4/3092 4021/4/1
f 4034/4/3089 4021/4/3075 3945/4/3065
f 4013/4/3068 4034/4/3089 3945/4/3065
f 4039/4/3093 4043/4/3094 4042/4/3095
f 4040/4/3096 4039/4/3093 4042/4/3095
f 4042/4/3095 4041/4/3097 4040/4/3096
f 4046/4/3098 4045/4/3098 4044/4/3098
f 4049/4/3098 4048/4/3098 4047/4/3098
f 4052/4/3099 4051/4/3100 4050/4/3101
f 4052/4/3099 4055/4/3102 4054/4/3103
f 4052/4/3099 4054/4/3103 4053/4/3104
f 4057/4/3098 4056/4/3105 4059/4/3106
f 4059/4/3106 4058/4/3107 4057/4/3098
f 4049/4/3098 4062/4/3098 4061/4/3098
f 4061/4/3098 4060/4/3098 4049/4/3098
f 4062/4/3098 4063/4/3098 4061/4/3098
f 4041/4/3097 4063/4/3098 4062/4/3098
f 4040/4/3096 4041/4/3097 4062/4/3098
f 3948/4/3108 3949/4/3109 4043/4/3094
f 4043/4/3094 4039/4/3093 3948/4/3108
f 4042/4/3095 4043/4/3094 4064/4/3101
f 4049/4/3098 4060/4/3098 4048/4/3098
f 4056/4/3105 4057/4/3098 4065/4/3098
f 4065/4/3098 4057/4/3098 4046/4/3098
f 4046/4/3098 4066/4/3098 4065/4/3098
f 4051/4/3100 4052/4/3099 4053/4/3104
f 4051/4/3100 4053/4/3104 4058/4/3107
f 4058/4/3107 4059/4/3106 4051/4/3100
f 4046/4/3098 4044/4/3098 4066/4/3098
f 4046/4/3098 4049/4/3098 4047/4/3098
f 4047/4/3098 4045/4/3098 4046/4/3098
f 4067/4/3110 4070/4/3110 4069/4/20
f 4069/4/20 4068/4/20 4067/4/3110
f 4046/4/3111 4057/4/3111 4070/4/3110
f 4070/4/3110 4067/4/3110 4046/4/3111
f 4058/4/3111 4053/4/3111 4072/4/3112
f 4072/4/3112 4071/4/3110 4058/4/3111
f 3950/4/3113 3948/4/3111 4039/4/3111
f 4073/4/3110 3950/4/3113 4039/4/3111
f 4040/4/3111 4062/4/3111 4075/4/3112
f 4075/4/3112 4074/4/3110 4040/4/3111
f 4049/4/3111 4046/4/3111 4067/4/3110
f 4067/4/3110 4076/4/3110 4049/4/3111
f 4077/4/20 4076/4/3110 4067/4/3110
f 4077/4/20 4067/4/3110 4068/4/20
f 3950/4/3113 4073/4/3110 4078/4/3114
f 4078/4/3114 4008/4/3114 3950/4/3113
f 4073/4/3115 4079/4/3115 4078/4/3115
f 4074/4/3110 4080/4/20 4079/4/20
f 4079/4/20 4073/4/3110 4074/4/3110
f 4074/4/3110 4075/4/3112 4081/4/20
f 4080/4/20 4074/4/3110 4081/4/20
f 4076/4/3110 4077/4/20 4081/4/20
f 4081/4/20 4075/4/3112 4076/4/3110
f 4062/4/3111 4049/4/3111 4076/4/3110
f 4076/4/3110 4075/4/3112 4062/4/3111
f 4073/4/3110 4039/4/3111 4040/4/3111
f 4074/4/3110 4073/4/3110 4040/4/3111
f 4053/4/3111 4054/4/3111 4082/4/3116
f 4082/4/3116 4072/4/3112 4053/4/3111
f 4070/4/3110 4057/4/3111 4058/4/3111
f 4071/4/3110 4070/4/3110 4058/4/3111
f 4069/4/20 4070/4/3110 4071/4/3110
f 4071/4/3110 4083/4/20 4069/4/20
f 4084/4/3117 4083/4/20 4071/4/3110
f 4072/4/3112 4084/4/3117 4071/4/3110
f 4082/4/3116 4086/4/3118 4085/4/3119
f 4082/4/3116 4085/4/3119 4084/4/3117
f 4084/4/3117 4072/4/3112 4082/4/3116
f 3960/4/3120 3959/4/3121 4088/4/3122
f 4088/4/3122 4087/4/3123 3960/4/3120
f 3956/4/3124 3957/4/3125 4090/4/3126
f 4090/4/3126 4089/4/3127 3956/4/3124
f 4078/4/3114 4090/4/3126 3957/4/3125
f 4078/4/3114 3957/4/3125 4008/4/3114
f 4089/4/3127 4088/4/3122 3959/4/3121
f 4089/4/3127 3959/4/3121 3956/4/3124
f 3963/4/3128 3960/4/3120 4087/4/3123
f 4087/4/3123 4091/4/3128 3963/4/3128
f 3963/4/3128 4091/4/3128 4092/4/3129
f 4092/4/3129 3938/4/3130 3963/4/3128
f 4093/4/3131 3927/4/3131 3928/4/3132
f 4094/4/3133 4093/4/3131 3928/4/3132
f 3929/4/3134 3940/4/3135 4096/4/3136
f 4096/4/3136 4095/4/3134 3929/4/3134
f 3940/4/3135 3938/4/3130 4092/4/3129
f 4092/4/3129 4096/4/3136 3940/4/3135
f 4094/4/3133 3928/4/3132 3929/4/3134
f 4095/4/3134 4094/4/3133 3929/4/3134
f 4097/4/3137 4098/4/20 3999/4/3138
f 4097/4/3137 3999/4/3138 4001/4/3138
f 4001/4/3138 4003/4/20 4097/4/3137
f 4098/4/20 3982/4/3063 3999/4/3138
f 4097/4/3137 4099/4/3139 3890/4/20
f 4098/4/20 4097/4/3137 3890/4/20
f 4099/4/3139 4100/4/20 3890/4/20
f 3982/4/3063 4098/4/20 3921/4/3059
f 3918/4/3058 3982/4/3063 3921/4/3059
f 3934/4/3140 3927/4/3131 4093/4/3131
f 4093/4/3131 4101/4/3141 3934/4/3140
f 4101/4/3141 4097/4/3137 4005/4/3142
f 4101/4/3141 4005/4/3142 3934/4/3140
f 4102/4/3143 4099/4/3139 4097/4/3137
f 4097/4/3137 4093/4/3143 4102/4/3143
f 4097/4/3137 4003/4/20 4005/4/3142
f 3903/4/16 4098/4/16 3890/4/16
f 3890/4/16 3891/4/16 3903/4/16
f 3993/4/16 3921/4/16 4098/4/16
f 4098/4/16 3904/4/16 3993/4/16
f 3903/4/3057 3904/4/1 4098/4/3144
f 4105/4/3145 4104/4/3146 4103/4/3147
f 4106/4/1 4103/4/3147 4104/4/3146
f 4107/4/3148 4105/4/3145 4103/4/3147
f 4109/4/3103 4108/4/3103 4111/4/3103
f 4111/4/3103 4110/4/3103 4109/4/3103
f 4113/4/3149 4112/4/3149 4114/4/3149
f 4114/4/3149 4105/4/3149 4113/4/3149
f 4116/4/3103 4115/4/3103 4118/4/3103
f 4118/4/3103 4117/4/3103 4116/4/3103
f 4120/4/3149 4119/4/3149 4122/4/3149
f 4122/4/3149 4121/4/3149 4120/4/3149
f 4123/4/5 4126/4/5 4125/4/5
f 4125/4/5 4124/4/5 4123/4/5
f 4128/4/3149 4127/4/3149 4130/4/3149
f 4130/4/3149 4129/4/3149 4128/4/3149
f 4132/4/3103 4131/4/3103 4134/4/3103
f 4134/4/3103 4133/4/3103 4132/4/3103
f 4136/4/3103 4135/4/3103 4138/4/3103
f 4138/4/3103 4137/4/3103 4136/4/3103
f 4140/4/3150 4139/4/3150 4142/4/3150
f 4142/4/3150 4141/4/3151 4140/4/3150
f 4144/4/3152 4143/4/3152 4146/4/3152
f 4146/4/3152 4145/4/3152 4144/4/3152
f 4148/4/3150 4147/4/3150 4150/4/3150
f 4150/4/3150 4149/4/3150 4148/4/3150
f 4152/4/3152 4151/4/3152 4154/4/3152
f 4154/4/3152 4153/4/3152 4152/4/3152
f 4158/4/3153 4157/4/3153 4156/4/3153
f 4158/4/3153 4156/4/3153 4155/4/3153
f 4156/4/3154 4159/4/3154 4160/4/3154
f 4160/4/3154 4155/4/3154 4156/4/3154
f 4116/4/3155 4112/4/3155 4113/4/3155
f 4116/4/3155 4113/4/3155 4115/4/3155
f 4127/4/3155 4128/4/3155 4131/4/3155
f 4132/4/3155 4127/4/3155 4131/4/3155
f 4162/4/5 4161/4/5 4164/4/5
f 4164/4/5 4163/4/5 4162/4/5
f 3917/4/5 3909/4/5 3913/4/5
f 3913/4/5 3925/4/5 3917/4/5
f 4167/4/26 4166/4/26 4165/4/26
f 4167/4/26 4165/4/26 4170/4/26
f 4168/4/26 4167/4/26 4170/4/26
f 4170/4/26 4169/4/26 4168/4/26
f 4171/4/3049 4174/4/1 4173/4/3156
f 4173/4/3156 4172/4/3157 4171/4/3049
f 4175/4/3158 4174/4/3159 4171/4/3160
f 4176/4/3161 4175/4/3158 4171/4/3160
f 4165/4/3162 4178/4/3163 4177/4/3143
f 4177/4/3143 4170/4/3143 4165/4/3162
f 4180/4/3164 4179/4/3165 4182/4/3165
f 4182/4/3165 4181/4/3166 4180/4/3164
f 4185/4/3167 4184/4/3167 4183/4/3168
f 4186/4/3168 4185/4/3167 4183/4/3168
f 4188/4/3169 4187/4/3170 4190/4/3170
f 4190/4/3170 4189/4/3171 4188/4/3169
f 4192/4/3172 4191/4/3173 4194/4/3174
f 4194/4/3174 4193/4/3175 4192/4/3172
f 4198/4/3176 4197/4/3177 4196/4/3177
f 4198/4/3176 4196/4/3177 4195/4/3178
f 4199/4/3179 4202/4/3179 4201/4/3180
f 4201/4/3180 4200/4/3180 4199/4/3179
f 4204/4/3181 4203/4/3182 4206/4/3182
f 4206/4/3182 4205/4/3183 4204/4/3181
f 4208/4/3184 4207/4/3185 4210/4/3186
f 4210/4/3186 4209/4/3184 4208/4/3184
f 4211/4/3187 4214/4/3187 4213/4/3188
f 4213/4/3188 4212/4/3188 4211/4/3187
f 4216/4/3189 4215/4/3190 4218/4/3191
f 4218/4/3191 4217/4/3189 4216/4/3189
f 4220/4/3192 4219/4/3193 4222/4/3194
f 4222/4/3194 4221/4/3192 4220/4/3192
f 4225/4/3182 4224/4/3182 4223/4/3195
f 4226/4/3195 4225/4/3182 4223/4/3195
f 4229/4/1937 4228/4/1937 4227/4/3196
f 4230/4/3197 4229/4/1937 4227/4/3196
f 4233/4/3198 4232/4/3198 4231/4/3189
f 4234/4/3189 4233/4/3198 4231/4/3189
f 4238/4/3170 4237/4/3199 4236/4/3190
f 4238/4/3170 4236/4/3190 4235/4/3200
f 4241/4/1937 4240/4/1937 4239/4/3201
f 4242/4/3202 4241/4/1937 4239/4/3201
f 4245/4/3203 4244/4/3203 4243/4/3204
f 4246/4/3204 4245/4/3203 4243/4/3204
f 4248/4/3205 4247/4/3206 4250/4/3206
f 4250/4/3206 4249/4/3207 4248/4/3205
f 4253/4/3208 4252/4/3208 4251/4/3209
f 4254/4/3210 4253/4/3208 4251/4/3209
f 4257/4/3211 4256/4/3212 4255/4/3213
f 4258/4/3213 4257/4/3211 4255/4/3213
f 4260/4/3214 4259/4/3215 4262/4/3215
f 4262/4/3215 4261/4/3216 4260/4/3214
f 4264/4/3217 4263/4/3217 4266/4/3217
f 4266/4/3217 4265/4/3217 4264/4/3217
f 4265/4/20 4268/4/3218 4267/4/3218
f 4265/4/20 4267/4/3218 4264/4/20
f 4269/4/3219 4272/4/3219 4271/4/3220
f 4271/4/3220 4270/4/3221 4269/4/3219
f 4275/4/16 4274/4/2585 4273/4/16
f 4276/4/16 4275/4/16 4273/4/16
f 4051/4/3222 4059/4/3223 4277/4/3224
f 4277/4/3224 4272/4/3225 4051/4/3222
f 4064/4/1 4279/4/1 4278/4/3226
f 4278/4/3226 4042/4/3227 4064/4/1
f 4278/4/26 4279/4/26 4281/4/26
f 4278/4/26 4281/4/26 4280/4/26
f 4038/4/1 4035/4/1 4283/4/3228
f 4283/4/3228 4282/4/3229 4038/4/1
f 3943/4/3218 4285/4/3218 4284/4/3230
f 3958/4/3231 3943/4/3218 4284/4/3230
f 3954/4/3232 4287/4/3232 4286/4/3233
f 3952/4/3233 3954/4/3232 4286/4/3233
f 4289/4/3234 4288/4/3234 3942/4/3234
f 3942/4/3234 3961/4/3234 4289/4/3234
f 4007/4/3235 4009/4/3214 4291/4/3216
f 4007/4/3235 4291/4/3216 4290/4/3235
f 4293/4/6 4292/4/6 4296/4/6
f 4294/4/6 4293/4/6 4296/4/6
f 4296/4/6 4295/4/6 4294/4/6
f 4298/4/3236 4297/4/3237 3965/4/3238
f 3965/4/3238 3966/4/3236 4298/4/3236
f 3987/4/3239 4300/4/3239 4299/4/3240
f 3968/4/3240 3987/4/3239 4299/4/3240
f 4302/4/3241 4301/4/3242 4004/4/3242
f 4004/4/3242 3971/4/3193 4302/4/3241
f 4304/4/3243 4303/4/3244 3973/4/3245
f 3973/4/3245 3974/4/3243 4304/4/3243
f 3980/4/3246 4306/4/3246 4305/4/3197
f 3976/4/3247 3980/4/3246 4305/4/3197
f 4308/4/1937 4307/4/3248 4000/4/3248
f 4000/4/3248 3979/4/1937 4308/4/1937
f 4310/4/3182 4309/4/3194 3975/4/3193
f 3975/4/3193 3972/4/3182 4310/4/3182
f 4312/4/3170 4311/4/3191 3970/4/3190
f 3970/4/3190 4002/4/3170 4312/4/3170
f 3969/4/3189 4314/4/3189 4313/4/3249
f 3994/4/3249 3969/4/3189 4313/4/3249
f 4316/4/3250 4315/4/3251 3977/4/3251
f 3977/4/3251 3978/4/3252 4316/4/3250
f 3990/4/3253 4318/4/3253 4317/4/3182
f 3998/4/3182 3990/4/3253 4317/4/3182
f 4320/4/3183 4319/4/3192 3983/4/3192
f 3983/4/3192 3984/4/3181 4320/4/3183
f 4322/4/3254 4321/4/3255 3997/4/3255
f 3997/4/3255 3985/4/3256 4322/4/3254
f 3996/4/3253 4324/4/3253 4323/4/3257
f 4012/4/3257 3996/4/3253 4323/4/3257
f 4326/4/3258 4325/4/3259 3919/4/3259
f 3919/4/3259 3920/4/3260 4326/4/3258
f 4328/4/3261 4327/4/3262 3932/4/3245
f 3932/4/3245 3933/4/3261 4328/4/3261
f 3964/4/3263 3936/4/3264 4330/4/3264
f 3964/4/3263 4330/4/3264 4329/4/3265
f 4331/4/3266 4006/4/3266 3967/4/3267
f 3967/4/3267 4332/4/3267 4331/4/3266
f 4333/4/3268 4166/4/3268 4167/4/3268
f 4334/4/3268 4333/4/3268 4167/4/3268
f 4338/4/3269 4337/4/3270 4336/4/3271
f 4338/4/3269 4336/4/3271 4335/4/3272
f 4093/4/1 4097/4/1 4101/4/1
f 3909/4/6 3917/4/6 3915/4/6
f 3909/4/6 3915/4/6 3908/4/6
f 4011/4/3273 3923/4/3274 3902/4/3275
f 3902/4/3275 3914/4/3273 4011/4/3273
f 3905/4/6 3992/4/6 3993/4/6
f 3904/4/6 3905/4/6 3993/4/6
f 4339/4/1 4333/4/1 4334/4/1
f 4102/4/1 4339/4/1 4334/4/1
f 4099/4/1 4102/4/1 4334/4/1
f 4099/4/1 4334/4/1 4100/4/1
f 4341/4/3276 4340/4/64 4335/4/3277
f 4341/4/3276 4335/4/3277 4336/4/3278
f 4335/4/3272 4340/4/3279 4342/4/3158
f 4342/4/3158 4338/4/3269 4335/4/3272
f 4102/4/3143 4093/4/3143 4343/4/3280
f 4343/4/3280 4339/4/3281 4102/4/3143
f 4329/4/3265 4332/4/3267 3967/4/3267
f 3967/4/3267 3964/4/3263 4329/4/3265
f 4327/4/3262 4330/4/3167 3936/4/3167
f 3936/4/3167 3932/4/3245 4327/4/3262
f 4006/4/3170 4331/4/3170 4328/4/3261
f 3933/4/3261 4006/4/3170 4328/4/3261
f 4323/4/3257 4326/4/3258 3920/4/3260
f 3920/4/3260 4012/4/3257 4323/4/3257
f 4324/4/3177 3996/4/3177 3997/4/3255
f 3997/4/3255 4321/4/3255 4324/4/3177
f 3985/4/3256 3919/4/3179 4325/4/3179
f 3985/4/3256 4325/4/3179 4322/4/3254
f 4317/4/3182 4320/4/3183 3984/4/3181
f 3984/4/3181 3998/4/3182 4317/4/3182
f 4318/4/3184 3990/4/3184 3977/4/3251
f 3977/4/3251 4315/4/3251 4318/4/3184
f 3978/4/3252 3983/4/3187 4319/4/3187
f 3978/4/3252 4319/4/3187 4316/4/3250
f 4311/4/3191 4314/4/3189 3969/4/3189
f 3969/4/3189 3970/4/3190 4311/4/3191
f 4309/4/3194 4312/4/3192 4002/4/3192
f 4002/4/3192 3975/4/3193 4309/4/3194
f 3994/4/3195 4313/4/3195 4310/4/3182
f 3972/4/3182 3994/4/3195 4310/4/3182
f 3976/4/3247 4305/4/3197 4308/4/1937
f 3979/4/1937 3976/4/3247 4308/4/1937
f 4303/4/3244 4306/4/3198 3980/4/3198
f 3980/4/3198 3973/4/3245 4303/4/3244
f 4000/4/3170 4307/4/3170 4304/4/3243
f 3974/4/3243 4000/4/3170 4304/4/3243
f 4299/4/3240 4302/4/3241 3971/4/3193
f 3971/4/3193 3968/4/3240 4299/4/3240
f 3987/4/3203 3965/4/3238 4297/4/3237
f 3987/4/3203 4297/4/3237 4300/4/3203
f 4004/4/3206 4301/4/3206 4298/4/3236
f 3966/4/3236 4004/4/3206 4298/4/3236
f 4158/4/3282 4346/4/3282 4345/4/3282
f 4158/4/3282 4345/4/3282 4344/4/3282
f 4157/4/3282 4158/4/3282 4344/4/3282
f 4154/4/3282 4157/4/3282 4344/4/3282
f 4153/4/3283 4154/4/3282 4344/4/3282
f 4347/4/3284 4153/4/3283 4344/4/3282
f 4348/4/3283 4347/4/3284 4344/4/3282
f 4348/4/3283 4344/4/3282 4351/4/3282
f 4348/4/3285 4351/4/3286 4350/4/3286
f 4146/4/3287 4348/4/3288 4350/4/26
f 4146/4/3287 4350/4/26 4349/4/3289
f 4349/4/3290 4145/4/3290 4146/4/3290
f 3962/4/3209 4352/4/3210 4289/4/3208
f 3961/4/3208 3962/4/3209 4289/4/3208
f 4007/4/3213 4290/4/3213 4353/4/3211
f 3939/4/3212 4007/4/3213 4353/4/3211
f 4288/4/3215 4291/4/3216 4009/4/3214
f 4009/4/3214 3942/4/3215 4288/4/3215
f 4286/4/3291 4354/4/3217 3951/4/3217
f 3951/4/3217 3952/4/3291 4286/4/3291
f 4354/4/20 4285/4/3218 3943/4/3218
f 3943/4/3218 3951/4/20 4354/4/20
f 4283/4/3228 4278/4/3292 4280/4/3292
f 4283/4/3228 4280/4/3292 4282/4/3229
f 4023/4/16 4355/4/16 3941/4/16
f 3941/4/16 3945/4/16 4023/4/16
f 4356/4/3293 4041/4/3294 4042/4/3227
f 4278/4/3226 4356/4/3293 4042/4/3227
f 4272/4/3225 4357/4/26 4050/4/26
f 4272/4/3225 4050/4/26 4051/4/3222
f 4358/4/1 4357/4/1 4272/4/1
f 4272/4/1 4269/4/1 4358/4/1
f 4271/4/3220 4360/4/26 4359/4/26
f 4271/4/3220 4359/4/26 4270/4/3221
f 4362/4/3295 4361/4/3296 4267/4/3218
f 4268/4/3218 4362/4/3295 4267/4/3218
f 4266/4/3233 4263/4/3233 4363/4/3297
f 4364/4/3298 4266/4/3233 4363/4/3297
f 4259/4/3234 4252/4/3234 4253/4/3234
f 4253/4/3234 4262/4/3234 4259/4/3234
f 4261/4/3216 4258/4/3235 4255/4/3235
f 4261/4/3216 4255/4/3235 4260/4/3214
f 4243/4/3204 4248/4/3205 4249/4/3207
f 4249/4/3207 4246/4/3204 4243/4/3204
f 4242/4/3202 4239/4/3201 4244/4/3239
f 4245/4/3239 4242/4/3202 4244/4/3239
f 4247/4/3242 4240/4/1937 4241/4/1937
f 4241/4/1937 4250/4/3242 4247/4/3242
f 4231/4/3189 4236/4/3190 4237/4/3199
f 4237/4/3199 4234/4/3189 4231/4/3189
f 4232/4/3246 4233/4/3246 4230/4/3197
f 4230/4/3197 4227/4/3196 4232/4/3246
f 4235/4/3248 4228/4/1937 4229/4/1937
f 4229/4/1937 4238/4/3248 4235/4/3248
f 4219/4/3193 4224/4/3182 4225/4/3182
f 4225/4/3182 4222/4/3194 4219/4/3193
f 4215/4/3190 4220/4/3170 4221/4/3170
f 4221/4/3170 4218/4/3191 4215/4/3190
f 4226/4/3249 4223/4/3249 4216/4/3189
f 4217/4/3189 4226/4/3249 4216/4/3189
f 4207/4/3185 4212/4/3188 4213/4/3188
f 4213/4/3188 4210/4/3186 4207/4/3185
f 4206/4/3182 4203/4/3182 4208/4/3253
f 4209/4/3253 4206/4/3182 4208/4/3253
f 4211/4/3192 4204/4/3181 4205/4/3183
f 4205/4/3183 4214/4/3192 4211/4/3192
f 4195/4/3178 4200/4/3180 4201/4/3180
f 4201/4/3180 4198/4/3176 4195/4/3178
f 4191/4/3173 4196/4/3253 4197/4/3253
f 4197/4/3253 4194/4/3174 4191/4/3173
f 4202/4/3259 4199/4/3259 4192/4/3172
f 4193/4/3175 4202/4/3259 4192/4/3172
f 4183/4/3168 4188/4/3169 4189/4/3171
f 4189/4/3171 4186/4/3168 4183/4/3168
f 4184/4/3264 4185/4/3264 4182/4/3165
f 4182/4/3165 4179/4/3165 4184/4/3264
f 4187/4/3299 4180/4/3164 4181/4/3166
f 4181/4/3166 4190/4/3299 4187/4/3299
f 4365/4/3300 4176/4/3161 4171/4/3160
f 4365/4/3300 4171/4/3160 4172/4/3301
f 4367/4/26 4177/4/26 4366/4/26
f 4161/4/6 4162/4/6 4369/4/6
f 4369/4/6 4368/4/6 4161/4/6
f 4371/4/3275 4370/4/3273 4373/4/3273
f 4373/4/3273 4372/4/3274 4371/4/3275
f 4376/4/6 4375/4/6 4374/4/6
f 4377/4/6 4376/4/6 4374/4/6
f 4379/4/3302 4130/4/3303 4378/4/3304
f 4380/4/3305 4378/4/3304 4130/4/3303
f 4381/4/26 4379/4/3302 4378/4/3304
f 4135/4/3155 4136/4/3155 4383/4/3155
f 4383/4/3155 4382/4/3155 4135/4/3155
f 4123/4/3155 4124/4/3155 4119/4/3155
f 4119/4/3155 4120/4/3155 4123/4/3155
f 4109/4/3155 4385/4/3155 4384/4/3155
f 4109/4/3155 4384/4/3155 4108/4/3155
f 4156/4/1 4157/4/1 4121/4/1
f 4121/4/1 4159/4/1 4156/4/1
f 4387/4/3150 4386/4/3150 4389/4/3150
f 4389/4/3150 4388/4/3150 4387/4/3150
f 4391/4/3152 4390/4/3152 4347/4/3152
f 4347/4/3152 4348/4/3152 4391/4/3152
f 4394/4/3150 4393/4/3150 4392/4/3150
f 4395/4/3150 4394/4/3150 4392/4/3150
f 4397/4/3152 4396/4/3152 4349/4/3152
f 4349/4/3152 4350/4/3152 4397/4/3152
f 4137/4/64 4398/4/64 4383/4/64
f 4137/4/64 4383/4/64 4136/4/64
f 4382/4/46 4399/4/46 4138/4/46
f 4138/4/46 4135/4/46 4382/4/46
f 4133/4/64 4130/4/64 4127/4/64
f 4133/4/64 4127/4/64 4132/4/64
f 4128/4/46 4129/4/46 4134/4/46
f 4134/4/46 4131/4/46 4128/4/46
f 4124/4/64 4125/4/64 4122/4/64
f 4122/4/64 4119/4/64 4124/4/64
f 4121/4/46 4126/4/46 4123/4/46
f 4121/4/46 4123/4/46 4120/4/46
f 4117/4/26 4114/4/26 4112/4/26
f 4117/4/26 4112/4/26 4116/4/26
f 4113/4/1 4105/4/1 4118/4/1
f 4118/4/1 4115/4/1 4113/4/1
f 4110/4/26 4400/4/26 4385/4/26
f 4110/4/26 4385/4/26 4109/4/26
f 4384/4/1 4401/4/1 4111/4/1
f 4111/4/1 4108/4/1 4384/4/1
f 3901/4/2847 3922/4/2847 3992/4/3306
f 3905/4/3306 3901/4/2847 3992/4/3306
f 3923/4/3274 3922/4/2847 3901/4/2847
f 3901/4/2847 3902/4/3275 3923/4/3274
f 3911/4/3307 3989/4/3308 3995/4/3307
f 3911/4/3307 3995/4/3307 4011/4/3273
f 3914/4/3273 3911/4/3307 4011/4/3273
f 3989/4/3308 3911/4/3307 3912/4/3309
f 3912/4/3309 3991/4/3309 3989/4/3308
f 3988/4/3064 3989/4/26 3991/4/26
f 3925/4/6 3913/4/6 3897/4/3310
f 3897/4/3310 3935/4/3311 3925/4/6
f 3924/4/3312 3925/4/5 3986/4/3313
f 3925/4/5 3935/4/3314 3986/4/3313
f 3898/4/3315 3937/4/3315 3935/4/3311
f 3897/4/3310 3898/4/3315 3935/4/3311
f 3906/4/3072 3930/4/3072 3931/4/3316
f 3900/4/3316 3906/4/3072 3931/4/3316
f 3931/4/3316 3937/4/3315 3898/4/3315
f 3898/4/3315 3900/4/3316 3931/4/3316
f 4088/4/1 4337/4/1 4338/4/1
f 4338/4/1 4087/4/1 4088/4/1
f 4337/4/1 4088/4/1 4089/4/1
f 4338/4/1 4091/4/1 4087/4/1
f 4093/4/46 4094/4/1 4343/4/46
f 4092/4/1 4338/4/1 4342/4/1
f 4092/4/1 4342/4/1 4096/4/1
f 4095/4/1 4342/4/1 4343/4/46
f 4095/4/1 4343/4/46 4094/4/1
f 4079/4/1 4337/4/1 4090/4/1
f 4090/4/1 4078/4/1 4079/4/1
f 4337/4/1 4089/4/1 4090/4/1
f 4338/4/1 4092/4/1 4091/4/1
f 4342/4/1 4095/4/1 4096/4/1
f 4026/4/3317 4403/4/3318 4402/4/3319
f 4402/4/3319 4030/4/3320 4026/4/3317
f 4281/4/3321 4038/4/3322 4282/4/3323
f 4282/4/3323 4280/4/3324 4281/4/3321
f 4027/4/3101 4281/4/3321 4403/4/3318
f 4027/4/3101 4403/4/3318 4026/4/3317
f 4038/4/3322 4281/4/3321 4027/4/3101
f 3894/4/3325 3899/4/3326 3896/4/3327
f 3896/4/3327 3888/4/3327 3894/4/3325
f 3896/4/3327 3903/4/3155 3891/4/3155
f 3896/4/3327 3891/4/3155 3888/4/3327
f 4340/4/3279 4339/4/3281 4343/4/3280
f 4343/4/3280 4342/4/3158 4340/4/3279
f 4404/4/3328 4166/4/3329 4333/4/3330
f 4333/4/3330 4405/4/3328 4404/4/3328
f 4174/4/3159 4165/4/3162 4166/4/3329
f 4166/4/3329 4406/4/3328 4174/4/3159
f 4166/4/3329 4404/4/3328 4406/4/3328
f 4178/4/3163 4165/4/3162 4174/4/3159
f 4174/4/3159 4175/4/3158 4178/4/3163
f 4339/4/3281 4340/4/3279 4333/4/3330
f 4333/4/3330 4340/4/3279 4407/4/3328
f 4407/4/3328 4405/4/3328 4333/4/3330
f 4337/4/3270 4079/4/3331 4341/4/3332
f 4341/4/3332 4336/4/3271 4337/4/3270
f 4084/4/3333 4173/4/3334 4083/4/3335
f 4173/4/3334 4084/4/3333 4365/4/3300
f 4365/4/3300 4172/4/3301 4173/4/3334
f 4408/4/3336 4069/4/3336 4083/4/3335
f 4083/4/3335 4173/4/3334 4408/4/3336
f 4077/4/3336 4409/4/3336 4410/4/3336
f 4410/4/3336 4081/4/3336 4077/4/3336
f 4081/4/3336 4410/4/3336 4341/4/3332
f 4341/4/3332 4080/4/3337 4081/4/3336
f 4341/4/3332 4079/4/3331 4080/4/3337
f 4068/4/3336 4411/4/3336 4409/4/3336
f 4409/4/3336 4077/4/3336 4068/4/3336
f 4411/4/3336 4068/4/3336 4069/4/3336
f 4069/4/3336 4408/4/3336 4411/4/3336
f 4032/4/46 4018/4/46 4412/4/3338
f 4412/4/3338 4037/4/3339 4032/4/46
f 4413/4/3340 4037/4/3339 4412/4/3338
f 4018/4/46 4032/4/46 4017/4/1
f 4382/4/3149 4383/4/3149 4398/4/3341
f 4398/4/3341 4399/4/3341 4382/4/3149
f 4380/4/3305 3893/4/3342 4414/4/3343
f 4380/4/3305 4414/4/3343 4378/4/3304
f 3893/4/3342 4018/4/3073 4015/4/3070
f 3893/4/3342 4398/4/3341 4018/4/3073
f 3893/4/3342 4399/4/3341 4398/4/3341
f 4399/4/3341 3893/4/3342 4380/4/3305
f 4380/4/3305 4130/4/3303 4399/4/3341
f 4015/4/3070 3907/4/3069 3899/4/3326
f 4015/4/3070 3899/4/3326 3894/4/3325
f 3893/4/3342 4015/4/3070 3894/4/3325
f 4406/4/3344 4404/4/3344 4411/4/3344
f 4408/4/3344 4406/4/3344 4411/4/3344
f 4409/4/3344 4411/4/3344 4404/4/3344
f 4405/4/3344 4409/4/3344 4404/4/3344
f 4410/4/3344 4407/4/3344 4340/4/3344
f 4340/4/3344 4341/4/3344 4410/4/3344
f 4407/4/3344 4410/4/3344 4409/4/3344
f 4407/4/3344 4409/4/3344 4405/4/3344
f 4174/4/3344 4406/4/3344 4408/4/3344
f 4173/4/3344 4174/4/3344 4408/4/3344
f 3887/4/3345 3895/4/3346 4416/4/6
f 4416/4/6 4415/4/3345 3887/4/3345
f 3895/4/3346 4417/4/3347 4416/4/6
f 3892/4/3348 4418/4/3348 4417/4/3347
f 4417/4/3347 3895/4/3346 3892/4/3348
f 4419/4/3349 3886/4/3350 3889/4/3351
f 3889/4/3351 4420/4/3352 4419/4/3349
f 3886/4/3350 4419/4/3349 4414/4/3343
f 3893/4/3342 3886/4/3350 4414/4/3343
f 3887/4/3345 4415/4/3345 4420/4/3352
f 3887/4/3345 4420/4/3352 3889/4/3351
f 3892/4/16 4334/4/16 4418/4/3353
f 4421/4/16 4422/4/16 4167/4/16
f 4167/4/16 4168/4/16 4421/4/16
f 4426/4/3354 4425/4/3355 4424/4/3356
f 4426/4/3354 4424/4/3356 4423/4/3356 4830/4/3357
f 4425/4/3355 4426/4/3354 4418/4/3353
f 4418/4/3353 4427/4/3358 4425/4/3355
f 4334/4/16 3892/4/16 3890/4/16
f 3890/4/16 4100/4/16 4334/4/16
f 4418/4/3353 4334/4/16 4167/4/16
f 4418/4/3353 4167/4/16 4427/4/3358
f 4423/4/3356 4424/4/3356 4429/4/3359
f 4423/4/3356 4429/4/3359 4428/4/3359
f 4296/4/16 4292/4/16 4428/4/3359
f 4428/4/3359 4429/4/3359 4296/4/16
f 4167/4/16 4422/4/16 4427/4/3358
f 4110/4/3360 4111/4/3360 4430/4/3361
f 4105/4/3154 4114/4/3362 4104/4/3154
f 4141/4/3360 4142/4/3360 4431/4/3363
f 4125/4/3360 4126/4/3364 4432/4/3361
f 4133/4/3360 4134/4/3364 4433/4/3361
f 4137/4/3360 4138/4/3360 4434/4/3361
f 4436/4/3288 4435/4/3288 4348/4/3288
f 4146/4/3287 4436/4/3288 4348/4/3288
f 4154/4/3154 4437/4/3288 4121/4/3288
f 4154/4/3154 4121/4/3288 4157/4/3154
f 4436/4/3288 4141/4/3360 4389/4/3365
f 4389/4/3365 4435/4/3288 4436/4/3288
f 4439/4/3155 4438/4/3366 4111/4/3360
f 4439/4/3155 4111/4/3360 4401/4/3155
f 4441/4/3288 4394/4/3360 4142/4/3360
f 4441/4/3288 4142/4/3360 4440/4/3288
f 4438/4/3366 4056/4/3367 4065/4/3361
f 4111/4/3360 4438/4/3366 4065/4/3361
f 4111/4/3360 4065/4/3361 4430/4/3361
f 4443/4/3361 4066/4/3361 4044/4/3363
f 4117/4/3360 4443/4/3361 4044/4/3363
f 4395/4/3360 4117/4/3360 4044/4/3363
f 4395/4/3360 4044/4/3363 4442/4/3361
f 4444/4/3363 4047/4/3363 4048/4/3363
f 4149/4/3360 4444/4/3363 4048/4/3363
f 4126/4/3364 4149/4/3360 4048/4/3363
f 4126/4/3364 4048/4/3363 4432/4/3361
f 4433/4/3361 4060/4/3361 4061/4/3361
f 4133/4/3360 4433/4/3361 4061/4/3361
f 4138/4/3360 4133/4/3360 4061/4/3361
f 4138/4/3360 4061/4/3361 4434/4/3361
f 4063/4/3368 4041/4/3294 4356/4/3293
f 4356/4/3293 4412/4/3369 4063/4/3368
f 4399/4/3155 4130/4/3155 4133/4/3360
f 4138/4/3360 4399/4/3155 4133/4/3360
f 4125/4/3360 4134/4/3364 4129/4/3362
f 4122/4/3362 4125/4/3360 4129/4/3362
f 4388/4/3360 4150/4/3360 4446/4/3288
f 4446/4/3288 4445/4/3288 4388/4/3360
f 4018/4/3155 4398/4/3155 4137/4/3360
f 4412/4/3369 4018/4/3155 4137/4/3360
f 4158/4/3154 4447/4/3154 4346/4/3154
f 4149/4/3360 4126/4/3364 4121/4/3288
f 4121/4/3288 4437/4/3288 4149/4/3360
f 4434/4/3361 4061/4/3361 4063/4/3368
f 4137/4/3360 4434/4/3361 4063/4/3368
f 4412/4/3369 4137/4/3360 4063/4/3368
f 4432/4/3361 4048/4/3363 4060/4/3361
f 4125/4/3360 4432/4/3361 4060/4/3361
f 4134/4/3364 4125/4/3360 4060/4/3361
f 4134/4/3364 4060/4/3361 4433/4/3361
f 4045/4/3363 4047/4/3363 4388/4/3360
f 4045/4/3363 4388/4/3360 4389/4/3365
f 4431/4/3363 4045/4/3363 4389/4/3365
f 4389/4/3365 4141/4/3360 4431/4/3363
f 4150/4/3360 4388/4/3360 4047/4/3363
f 4047/4/3363 4444/4/3363 4150/4/3360
f 4442/4/3361 4044/4/3363 4045/4/3363
f 4394/4/3360 4442/4/3361 4045/4/3363
f 4142/4/3360 4394/4/3360 4045/4/3363
f 4142/4/3360 4045/4/3363 4431/4/3363
f 4430/4/3361 4065/4/3361 4066/4/3361
f 4110/4/3360 4430/4/3361 4066/4/3361
f 4118/4/3360 4110/4/3360 4066/4/3361
f 4118/4/3360 4066/4/3361 4443/4/3361
f 4277/4/3224 4059/4/3223 4056/4/3367
f 4438/4/3366 4277/4/3224 4056/4/3367
f 4400/4/3155 4110/4/3360 4118/4/3360
f 4400/4/3155 4118/4/3360 4105/4/3155
f 4114/4/3362 4117/4/3360 4395/4/3360
f 4395/4/3360 4448/4/3288 4114/4/3362
f 4379/4/3154 4346/4/3154 4447/4/3154
f 4379/4/3154 4447/4/3154 4122/4/3362
f 4122/4/3362 4129/4/3362 4379/4/3154
f 4153/4/3154 4347/4/3154 4445/4/3288
f 4446/4/3288 4153/4/3154 4445/4/3288
f 4441/4/3288 4440/4/3288 4145/4/3154
f 4145/4/3154 4349/4/3154 4441/4/3288
f 4114/4/3362 4448/4/3288 4350/4/3154
f 4104/4/3154 4114/4/3362 4350/4/3154
f 4350/4/3154 4351/4/3154 4104/4/3154
f 4121/4/3154 4122/4/3362 4447/4/3154
f 4149/4/3360 4150/4/3360 4444/4/3363
f 4394/4/3360 4395/4/3360 4442/4/3361
f 4117/4/3360 4118/4/3360 4443/4/3361
f 4130/4/3154 4379/4/3154 4129/4/3362
f 4419/4/26 4420/4/26 4381/4/26
f 4414/4/26 4419/4/26 4381/4/26
f 4381/4/26 4378/4/3304 4414/4/26
f 4292/4/26 4293/4/26 4449/4/3370
f 4449/4/3370 4428/4/27 4292/4/26
f 4450/4/3371 4423/4/3276 4428/4/27
f 4450/4/3371 4428/4/27 4449/4/3370
f 4345/4/3372 4346/4/3373 4451/4/3374
f 4451/4/3374 4450/4/3371 4345/4/3372
f 4452/4/3375 4345/4/3376 4450/4/3377
f 4451/4/3374 4417/4/3378 4418/4/26
f 4451/4/3374 4418/4/26 4426/4/27
f 4420/4/26 4346/4/3373 4379/4/3302
f 4420/4/26 4379/4/3302 4381/4/26
f 4416/4/3379 4417/4/3378 4451/4/3374
f 4346/4/3373 4416/4/3379 4451/4/3374
f 4423/4/3276 4450/4/3371 4451/4/3374
f 4451/4/3374 4426/4/27 4830/4/3278 4423/4/3276
f 4453/4/3380 4450/4/3371 4449/4/3370
f 4346/4/3373 4420/4/26 4415/4/26
f 4346/4/3373 4415/4/26 4416/4/3379
f 4329/4/26 4327/4/26 4328/4/26
f 4332/4/26 4329/4/26 4328/4/26
f 4328/4/26 4331/4/26 4332/4/26
f 4329/4/26 4330/4/26 4327/4/26
f 4299/4/26 4300/4/26 4297/4/26
f 4298/4/26 4301/4/26 4302/4/26
f 4299/4/26 4297/4/26 4298/4/26
f 4302/4/26 4299/4/26 4298/4/26
f 4310/4/26 4314/4/26 4311/4/26
f 4311/4/26 4309/4/26 4310/4/26
f 4310/4/26 4313/4/26 4314/4/26
f 4311/4/26 4312/4/26 4309/4/26
f 4316/4/26 4319/4/26 4320/4/26
f 4317/4/26 4318/4/26 4315/4/26
f 4317/4/26 4315/4/26 4316/4/26
f 4316/4/26 4320/4/26 4317/4/26
f 4322/4/26 4326/4/26 4323/4/26
f 4323/4/26 4321/4/26 4322/4/26
f 4322/4/26 4325/4/26 4326/4/26
f 4323/4/26 4324/4/26 4321/4/26
f 4305/4/26 4306/4/26 4303/4/26
f 4304/4/26 4307/4/26 4308/4/26
f 4305/4/26 4303/4/26 4304/4/26
f 4308/4/26 4305/4/26 4304/4/26
f 4454/4/3381 4344/4/3382 4345/4/3383
f 4455/4/3384 4454/4/3381 4345/4/3383
f 4456/4/3385 4455/4/3384 4345/4/3383
f 4453/4/3380 4456/4/3385 4345/4/3383
f 4453/4/3380 4345/4/3383 4452/4/3386
f 4450/4/3386 4453/4/3380 4452/4/3386
f 4455/4/3384 4457/4/3387 4454/4/3381
f 4459/4/3388 4458/4/3389 4455/4/3384
f 4455/4/3384 4456/4/3385 4459/4/3388
f 4453/4/3380 4449/4/3370 4459/4/3388
f 4456/4/3385 4453/4/3380 4459/4/3388
f 4294/4/3390 4295/4/3391 4458/4/3389
f 4458/4/3389 4459/4/3388 4294/4/3390
f 4293/4/3392 4294/4/3390 4459/4/3388
f 4459/4/3388 4449/4/3370 4293/4/3392
f 4460/4/26 4285/4/26 4354/4/26
f 4460/4/26 4354/4/26 4286/4/26
f 4460/4/26 4286/4/26 4287/4/26
f 4285/4/26 4460/4/26 4284/4/26
f 4461/4/26 4291/4/26 4288/4/26
f 4288/4/26 4352/4/26 4461/4/26
f 4352/4/26 4288/4/26 4289/4/26
f 4290/4/26 4291/4/26 4461/4/26
f 4461/4/26 4353/4/26 4290/4/26
f 4461/4/3393 4010/4/3394 3939/4/3212
f 3939/4/3212 4353/4/3211 4461/4/3393
f 4352/4/3210 3962/4/3209 4010/4/3394
f 4010/4/3394 4461/4/3393 4352/4/3210
f 3954/4/3232 3955/4/3395 4460/4/3395
f 3954/4/3232 4460/4/3395 4287/4/3232
f 3958/4/3231 4284/4/3230 4460/4/3395
f 3955/4/3395 3958/4/3231 4460/4/3395
f 4402/4/26 4020/4/3076 4030/4/3087
f 4020/4/3076 4402/4/26 4355/4/26
f 4019/4/3077 4020/4/3076 4355/4/26
f 4024/4/3080 4019/4/3077 4355/4/26
f 4355/4/26 4023/4/3081 4024/4/3080
f 4283/4/3104 4412/4/3103 4356/4/3104
f 4278/4/3396 4283/4/3104 4356/4/3104
f 4413/4/3108 4412/4/3103 4036/4/3103
f 4036/4/3103 4037/4/3103 4413/4/3108
f 4036/4/3103 4412/4/3103 4283/4/3104
f 4283/4/3104 4035/4/3103 4036/4/3103
f 4355/4/3397 4402/4/3398 3944/4/3399
f 3944/4/3399 3941/4/3397 4355/4/3397
f 4462/4/3400 4403/4/3401 4281/4/3402
f 4279/4/3402 4462/4/3400 4281/4/3402
f 4403/4/3401 4462/4/3400 3944/4/3399
f 3944/4/3399 4402/4/3398 4403/4/3401
f 3949/4/3403 3944/4/3403 4462/4/3404
f 4462/4/3404 4043/4/3404 3949/4/3403
f 4064/4/3361 4043/4/3404 4462/4/3404
f 4462/4/3404 4279/4/3361 4064/4/3361
f 4427/4/1 4464/4/3405 4463/4/3406
f 4463/4/3406 4425/4/3156 4427/4/1
f 4463/4/3406 4457/4/3407 4424/4/3156
f 4425/4/3156 4463/4/3406 4424/4/3156
f 4429/4/3049 4424/4/3156 4457/4/3407
f 4457/4/3407 4458/4/3389 4429/4/3049
f 4106/4/1 4467/4/1 4466/4/1
f 4106/4/1 4466/4/1 4465/4/1
f 4106/4/1 4465/4/1 4103/4/3147
f 4468/4/1 4467/4/1 4351/4/3408
f 4351/4/3408 4469/4/3409 4468/4/1
f 4295/4/1 4296/4/1 4429/4/3049
f 4429/4/3049 4458/4/3389 4295/4/1
f 4457/4/3407 4455/4/3384 4458/4/3389
f 4344/4/3410 4457/4/3407 4463/4/3406
f 4463/4/3406 4351/4/3408 4344/4/3410
f 4454/4/3381 4457/4/3387 4344/4/3382
f 4463/4/3406 4464/4/3405 4469/4/3409
f 4469/4/3409 4351/4/3408 4463/4/3406
f 4104/4/3146 4351/4/3408 4467/4/1
f 4467/4/1 4106/4/1 4104/4/3146
f 4470/4/1 4473/4/1 4472/4/1
f 4472/4/1 4471/4/1 4470/4/1
f 4421/4/1 4470/4/1 4422/4/1
f 4474/4/1 4473/4/1 4476/4/1
f 4476/4/1 4475/4/1 4474/4/1
f 4474/4/1 4472/4/1 4473/4/1
f 4472/4/1 4474/4/1 4477/4/1
f 4470/4/1 4471/4/1 4422/4/1
f 4479/4/3411 4478/4/3412 4055/4/3412
f 4479/4/3411 4055/4/3412 4052/4/3411
f 4479/4/3411 4052/4/3411 4050/4/3361
f 4357/4/3361 4479/4/3411 4050/4/3361
f 4478/4/1 4268/4/1 4265/4/1
f 4253/4/1 4254/4/1 4481/4/1
f 4481/4/1 4480/4/1 4253/4/1
f 4484/4/1 4483/4/1 4482/4/1
f 4485/4/1 4484/4/1 4482/4/1
f 4486/4/1 4253/4/1 4480/4/1
f 4488/4/1 4484/4/1 4485/4/1
f 4488/4/1 4485/4/1 4487/4/1
f 4489/4/1 4488/4/1 4487/4/1
f 4490/4/1 4489/4/1 4487/4/1
f 4189/4/1 4490/4/1 4487/4/1
f 4189/4/1 4487/4/1 4186/4/1
f 4214/4/1 4492/4/3413 4491/4/3414
f 4213/4/1 4214/4/1 4491/4/3414
f 4229/4/1 4213/4/1 4491/4/3414
f 4229/4/1 4491/4/3414 4238/4/1
f 4238/4/1 4491/4/3414 4493/4/3415
f 4237/4/1 4238/4/1 4493/4/3415
f 4222/4/1 4237/4/1 4493/4/3415
f 4222/4/1 4493/4/3415 4221/4/1
f 4221/4/1 4493/4/3415 4494/4/3416
f 4218/4/1 4221/4/1 4494/4/3416
f 4241/4/1 4218/4/1 4494/4/3416
f 4241/4/1 4494/4/3416 4250/4/1
f 4246/4/1 4249/4/1 4181/4/1
f 4181/4/1 4182/4/1 4246/4/1
f 4257/4/1 4483/4/1 4495/4/1
f 4086/4/1 4082/4/1 4497/4/1
f 4497/4/1 4496/4/1 4086/4/1
f 4364/4/1 4496/4/1 4497/4/1
f 4497/4/1 4266/4/1 4364/4/1
f 4497/4/1 4082/4/1 4478/4/1
f 4497/4/1 4478/4/1 4265/4/1
f 4265/4/1 4266/4/1 4497/4/1
f 4262/4/1 4275/4/1 4261/4/1
f 4055/4/1 4478/4/1 4082/4/1
f 4082/4/1 4054/4/1 4055/4/1
f 4498/4/3417 4276/4/3418 4482/4/3419
f 4362/4/1 4268/4/1 4262/4/1
f 4486/4/1 4362/4/1 4262/4/1
f 4262/4/1 4253/4/1 4486/4/1
f 4261/4/1 4275/4/1 4498/4/1
f 4261/4/1 4498/4/1 4258/4/1
f 4500/4/1 4496/4/1 4364/4/1
f 4500/4/1 4364/4/1 4499/4/1
f 4362/4/1 4486/4/1 4500/4/1
f 4500/4/1 4499/4/1 4362/4/1
f 4501/4/1 4257/4/1 4495/4/1
f 4481/4/1 4254/4/1 4501/4/1
f 4501/4/1 4495/4/1 4481/4/1
f 4250/4/1 4494/4/3416 4502/4/1
f 4249/4/1 4250/4/1 4502/4/1
f 4181/4/1 4249/4/1 4502/4/1
f 4181/4/1 4502/4/1 4190/4/1
f 4222/4/1 4225/4/1 4234/4/1
f 4237/4/1 4222/4/1 4234/4/1
f 4210/4/1 4213/4/1 4229/4/1
f 4229/4/1 4230/4/1 4210/4/1
f 4186/4/1 4487/4/1 4503/4/1
f 4502/4/1 4490/4/1 4189/4/1
f 4189/4/1 4190/4/1 4502/4/1
f 4498/4/1 4482/4/1 4483/4/1
f 4258/4/1 4498/4/1 4483/4/1
f 4483/4/1 4257/4/1 4258/4/1
f 4268/4/1 4478/4/1 4275/4/1
f 4275/4/1 4262/4/1 4268/4/1
f 4276/4/1 4498/4/1 4275/4/1
f 4504/4/3420 4507/4/3421 4506/4/3422
f 4506/4/3422 4505/4/3088 4504/4/3420
f 4509/4/3088 4508/4/3423 4504/4/3420
f 4504/4/3420 4505/4/3088 4509/4/3088
f 4510/4/3085 4513/4/3424 4512/4/3425
f 4512/4/3425 4511/4/3426 4510/4/3085
f 4515/4/3085 4514/4/3085 4359/4/3085
f 4360/4/3085 4515/4/3085 4359/4/3085
f 4519/4/3427 4518/4/3428 4517/4/3429
f 4519/4/3427 4517/4/3429 4516/4/3430
f 4521/4/3431 4519/4/3427 4516/4/3430
f 4521/4/3431 4516/4/3430 4520/4/3432
f 4273/4/3433 4517/4/3429 4518/4/3428
f 4518/4/3428 4276/4/3434 4273/4/3433
f 4514/4/3085 4515/4/3085 4513/4/3424
f 4513/4/3424 4510/4/3085 4514/4/3085
f 4520/4/3432 4511/4/3426 4512/4/3425
f 4512/4/3425 4521/4/3431 4520/4/3432
f 4522/4/3088 4509/4/3088 4505/4/3088
f 4505/4/3088 4523/4/3088 4522/4/3088
f 4360/4/3088 4523/4/3088 4505/4/3088
f 4360/4/3088 4505/4/3088 4506/4/3422
f 4360/4/3088 4506/4/3422 4513/4/3424
f 4513/4/3435 4515/4/3435 4360/4/3435
f 4513/4/3424 4506/4/3422 4518/4/3428
f 4513/4/3424 4518/4/3428 4519/4/3427
f 4519/4/3427 4521/4/3431 4513/4/3424
f 4276/4/3434 4518/4/3428 4506/4/3422
f 4506/4/3422 4507/4/3421 4276/4/3434
f 4513/4/3424 4521/4/3431 4512/4/3425
f 4358/4/3402 4524/4/3436 4479/4/3437
f 4479/4/3437 4357/4/3402 4358/4/3402
f 4478/4/3438 4525/4/3439 4274/4/3440
f 4275/4/3440 4478/4/3438 4274/4/3440
f 4478/4/3438 4479/4/3437 4524/4/3436
f 4478/4/3438 4524/4/3436 4525/4/3439
f 4277/4/3103 4438/4/3103 4271/4/3441
f 4271/4/3441 4272/4/3442 4277/4/3103
f 4271/4/3441 4438/4/3103 4526/4/3103
f 4360/4/3103 4271/4/3441 4526/4/3103
f 4523/4/3103 4360/4/3103 4526/4/3103
f 4526/4/3103 4522/4/3103 4523/4/3103
f 4358/4/3443 4359/4/3444 4514/4/3101
f 4525/4/3445 4524/4/3093 4510/4/3446
f 4525/4/3445 4510/4/3446 4511/4/3320
f 4524/4/3093 4358/4/3443 4514/4/3101
f 4514/4/3101 4510/4/3446 4524/4/3093
f 4270/4/3447 4359/4/3444 4358/4/3443
f 4358/4/3443 4269/4/3442 4270/4/3447
f 4520/4/3432 4525/4/1 4511/4/3426
f 4274/4/1 4525/4/1 4520/4/3432
f 4274/4/1 4520/4/3432 4516/4/3430
f 4274/4/1 4516/4/3430 4517/4/3429
f 4517/4/3429 4273/4/3433 4274/4/1
f 4175/4/26 4176/4/26 4528/4/26
f 4528/4/26 4527/4/26 4175/4/26
f 4529/4/26 4177/4/26 4178/4/26
f 4530/4/26 4365/4/26 4084/4/26
f 4530/4/26 4084/4/26 4085/4/26
f 4531/4/26 4365/4/26 4530/4/26
f 4528/4/26 4176/4/26 4532/4/26
f 4176/4/26 4365/4/26 4533/4/26
f 4534/4/26 4176/4/26 4533/4/26
f 4533/4/26 4365/4/26 4531/4/26
f 4532/4/26 4176/4/26 4534/4/26
f 4175/4/26 4527/4/26 4535/4/26
f 4178/4/26 4175/4/26 4535/4/26
f 4535/4/26 4529/4/26 4178/4/26
f 4364/4/3298 4363/4/3297 4536/4/3448
f 4499/4/3449 4364/4/3298 4536/4/3448
f 4361/4/3296 4362/4/3295 4499/4/3449
f 4499/4/3449 4536/4/3448 4361/4/3296
f 4256/4/3212 4257/4/3211 4501/4/3393
f 4501/4/3393 4537/4/3394 4256/4/3212
f 4254/4/3210 4251/4/3209 4537/4/3394
f 4501/4/3393 4254/4/3210 4537/4/3394
f 4259/4/1 4251/4/1 4252/4/1
f 4537/4/1 4260/4/1 4255/4/1
f 4537/4/1 4255/4/1 4256/4/1
f 4259/4/1 4260/4/1 4537/4/1
f 4537/4/1 4251/4/1 4259/4/1
f 4264/4/1 4267/4/1 4536/4/1
f 4263/4/1 4264/4/1 4536/4/1
f 4536/4/1 4363/4/1 4263/4/1
f 4267/4/1 4361/4/1 4536/4/1
f 4539/4/1 4538/4/1 4164/4/1
f 4164/4/1 4161/4/1 4539/4/1
f 4186/4/1 4503/4/1 4540/4/1
f 4186/4/1 4540/4/1 4185/4/1
f 4542/4/3450 4371/4/1 4541/4/1
f 4375/4/1 4542/4/3450 4541/4/1
f 4541/4/1 4374/4/1 4375/4/1
f 4539/4/1 4161/4/1 4368/4/1
f 4193/4/1 4542/4/3450 4543/4/3451
f 4193/4/1 4543/4/3451 4202/4/1
f 4245/4/1 4544/4/1 4546/4/1
f 4245/4/1 4546/4/1 4545/4/1
f 4242/4/1 4245/4/1 4545/4/1
f 4217/4/1 4242/4/1 4545/4/1
f 4545/4/1 4226/4/1 4217/4/1
f 4226/4/1 4545/4/1 4547/4/1
f 4225/4/1 4226/4/1 4547/4/1
f 4234/4/1 4225/4/1 4547/4/1
f 4547/4/1 4233/4/1 4234/4/1
f 4209/4/1 4549/4/1 4548/4/1
f 4209/4/1 4548/4/1 4197/4/1
f 4209/4/1 4197/4/1 4198/4/1
f 4198/4/1 4206/4/1 4209/4/1
f 4198/4/1 4201/4/1 4205/4/1
f 4205/4/1 4206/4/1 4198/4/1
f 4241/4/1 4242/4/1 4217/4/1
f 4218/4/1 4241/4/1 4217/4/1
f 4547/4/1 4210/4/1 4230/4/1
f 4547/4/1 4230/4/1 4233/4/1
f 4202/4/1 4543/4/3451 4492/4/3413
f 4201/4/1 4202/4/1 4492/4/3413
f 4205/4/1 4201/4/1 4492/4/3413
f 4205/4/1 4492/4/3413 4214/4/1
f 4185/4/1 4540/4/1 4544/4/1
f 4185/4/1 4544/4/1 4245/4/1
f 4185/4/1 4245/4/1 4246/4/1
f 4246/4/1 4182/4/1 4185/4/1
f 4547/4/1 4550/4/3452 4549/4/1
f 4210/4/1 4547/4/1 4549/4/1
f 4210/4/1 4549/4/1 4209/4/1
f 4545/4/1 4546/4/1 4164/4/1
f 4548/4/1 4370/4/1 4194/4/1
f 4194/4/1 4197/4/1 4548/4/1
f 4370/4/1 4371/4/1 4542/4/3450
f 4370/4/1 4542/4/3450 4193/4/1
f 4193/4/1 4194/4/1 4370/4/1
f 4547/4/1 4545/4/1 4164/4/1
f 4547/4/1 4164/4/1 4538/4/1
f 4538/4/1 4550/4/3452 4547/4/1
f 4235/4/1 4236/4/1 4228/4/1
f 4227/4/1 4228/4/1 4236/4/1
f 4227/4/1 4236/4/1 4231/4/1
f 4232/4/1 4227/4/1 4231/4/1
f 4199/4/1 4200/4/1 4192/4/1
f 4191/4/1 4192/4/1 4200/4/1
f 4191/4/1 4200/4/1 4195/4/1
f 4196/4/1 4191/4/1 4195/4/1
f 4208/4/1 4203/4/1 4207/4/1
f 4212/4/1 4207/4/1 4203/4/1
f 4212/4/1 4203/4/1 4204/4/1
f 4211/4/1 4212/4/1 4204/4/1
f 4223/4/1 4224/4/1 4216/4/1
f 4215/4/1 4216/4/1 4224/4/1
f 4215/4/1 4224/4/1 4219/4/1
f 4220/4/1 4215/4/1 4219/4/1
f 4247/4/1 4248/4/1 4240/4/1
f 4248/4/1 4243/4/1 4239/4/1
f 4239/4/1 4240/4/1 4248/4/1
f 4244/4/1 4239/4/1 4243/4/1
f 4187/4/1 4188/4/1 4180/4/1
f 4188/4/1 4183/4/1 4179/4/1
f 4179/4/1 4180/4/1 4188/4/1
f 4184/4/1 4179/4/1 4183/4/1
f 4471/4/3346 4469/4/6 4464/4/3347
f 4466/4/3349 4467/4/3352 4477/4/3351
f 4477/4/3351 4474/4/3350 4466/4/3349
f 4472/4/3345 4477/4/3351 4467/4/3352
f 4468/4/3345 4472/4/3345 4467/4/3352
f 4469/4/6 4471/4/3346 4472/4/3345
f 4469/4/6 4472/4/3345 4468/4/3345
f 4464/4/3347 4427/4/3348 4422/4/3348
f 4471/4/3346 4464/4/3347 4422/4/3348
f 4474/4/3350 4475/4/3453 4465/4/3343
f 4474/4/3350 4465/4/3343 4466/4/3349
f 4384/4/3149 4385/4/3149 4400/4/3149
f 4400/4/3149 4401/4/3149 4384/4/3149
f 4552/4/3454 4551/4/3455 4553/4/3456
f 4476/4/3457 4552/4/3454 4553/4/3456
f 4553/4/3456 4475/4/3453 4476/4/3457
f 4465/4/3343 4475/4/3453 4107/4/3148
f 4107/4/3148 4103/4/3147 4465/4/3343
f 4107/4/3148 4475/4/3453 4400/4/3458
f 4400/4/3458 4105/4/3145 4107/4/3148
f 4475/4/3453 4553/4/3456 4439/4/3459
f 4400/4/3458 4475/4/3453 4439/4/3459
f 4439/4/3460 4401/4/3460 4400/4/3460
f 4482/4/3461 4554/4/3462 4551/4/3455
f 4554/4/3462 4482/4/3461 4276/4/3434
f 4554/4/3462 4276/4/3434 4507/4/3421
f 4508/4/3423 4439/4/3459 4553/4/3456
f 4553/4/3456 4504/4/3420 4508/4/3423
f 4553/4/3456 4551/4/3455 4554/4/3462
f 4504/4/3420 4553/4/3456 4554/4/3462
f 4507/4/3421 4504/4/3420 4554/4/3462
f 4482/4/3461 4551/4/3455 4555/4/3463
f 4555/4/3463 4485/4/3464 4482/4/3461
f 4509/4/26 4439/4/26 4508/4/26
f 4438/4/3465 4439/4/26 4509/4/26
f 4509/4/26 4522/4/3466 4438/4/3465
f 4526/4/3467 4438/4/3465 4522/4/3466
f 4492/4/20 4556/4/20 4367/4/3468
f 4367/4/3468 4494/4/20 4492/4/20
f 4491/4/3414 4492/4/3413 4493/4/3415
f 4492/4/3413 4494/4/3416 4493/4/3415
f 4502/4/3469 4367/4/3468 4366/4/3470
f 4366/4/3470 4490/4/3471 4502/4/3469
f 4169/4/3472 4170/4/3143 4177/4/3143
f 4177/4/3143 4367/4/3468 4169/4/3472
f 4421/4/20 4168/4/20 4169/4/3472
f 4421/4/20 4169/4/3472 4367/4/3468
f 4367/4/3468 4556/4/20 4421/4/20
f 4494/4/20 4367/4/3468 4502/4/3469
f 4366/4/3470 4177/4/3131 4489/4/3131
f 4366/4/3470 4489/4/3131 4490/4/3471
f 4556/4/20 4492/4/20 4542/4/20
f 4543/4/3451 4542/4/3450 4492/4/3413
f 4557/4/16 4375/4/16 4376/4/16
f 4542/4/16 4375/4/16 4557/4/16
f 4556/4/16 4542/4/16 4557/4/16
f 4470/4/16 4421/4/16 4556/4/16
f 4556/4/16 4557/4/16 4470/4/16
f 4552/4/3454 4476/4/3457 4473/4/3473
f 4558/4/3474 4552/4/3454 4473/4/3473
f 4558/4/3474 4473/4/3473 4470/4/3155
f 4557/4/3155 4558/4/3474 4470/4/3155
f 4485/4/3464 4555/4/3463 4559/4/3316
f 4559/4/3316 4487/4/3316 4485/4/3464
f 4503/4/3315 4487/4/3316 4559/4/3316
f 4559/4/3316 4560/4/3315 4503/4/3315
f 4163/4/6 4164/4/6 4540/4/3310
f 4561/4/3311 4163/4/6 4540/4/3310
f 4544/4/64 4540/4/16 4546/4/3475
f 4540/4/16 4164/4/3476 4546/4/3475
f 4561/4/3311 4540/4/3310 4503/4/3315
f 4560/4/3315 4561/4/3311 4503/4/3315
f 4562/4/3477 4563/4/3478 4549/4/3479
f 4549/4/3479 4538/4/3480 4562/4/3477
f 4550/4/3452 4538/4/1 4549/4/1
f 4548/4/3481 4563/4/3478 4373/4/3273
f 4373/4/3273 4370/4/3273 4548/4/3481
f 4549/4/3479 4563/4/3478 4548/4/3481
f 4377/4/3306 4374/4/3306 4541/4/2847
f 4564/4/2847 4377/4/3306 4541/4/2847
f 4541/4/2847 4371/4/3275 4372/4/3274
f 4372/4/3274 4564/4/2847 4541/4/2847
f 4527/4/3135 4528/4/3130 4495/4/3129
f 4527/4/3135 4495/4/3129 4483/4/3136
f 4535/4/3134 4484/4/3134 4488/4/3133
f 4529/4/3132 4535/4/3134 4488/4/3133
f 4529/4/3132 4488/4/3133 4489/4/3131
f 4177/4/3131 4529/4/3132 4489/4/3131
f 4483/4/3136 4484/4/3134 4535/4/3134
f 4535/4/3134 4527/4/3135 4483/4/3136
f 4532/4/3482 4481/4/3483 4495/4/3129
f 4528/4/3130 4532/4/3482 4495/4/3129
f 4481/4/3483 4532/4/3482 4534/4/3484
f 4534/4/3484 4480/4/3484 4481/4/3483
f 4086/4/3118 4496/4/3126 4530/4/3125
f 4530/4/3125 4085/4/3119 4086/4/3118
f 4500/4/3127 4486/4/3122 4533/4/3121
f 4533/4/3121 4531/4/3124 4500/4/3127
f 4486/4/3122 4480/4/3484 4534/4/3484
f 4534/4/3484 4533/4/3121 4486/4/3122
f 4531/4/3124 4530/4/3125 4496/4/3126
f 4531/4/3124 4496/4/3126 4500/4/3127
f 4557/4/26 4372/4/26 4373/4/26
f 4557/4/26 4564/4/26 4372/4/26
f 4560/4/26 4552/4/26 4558/4/26
f 4558/4/26 4561/4/26 4560/4/26
f 4552/4/26 4559/4/26 4555/4/26
f 4564/4/26 4557/4/26 4376/4/26
f 4564/4/26 4376/4/26 4377/4/26
f 4162/4/1 4562/4/1 4565/4/1
f 4162/4/26 4163/4/26 4562/4/26
f 4558/4/26 4163/4/26 4561/4/26
f 4552/4/26 4555/4/26 4551/4/26
f 4552/4/26 4560/4/26 4559/4/26
f 4163/4/26 4558/4/26 4557/4/26
f 4562/4/26 4163/4/26 4557/4/26
f 4557/4/26 4563/4/26 4562/4/26
f 4557/4/26 4373/4/26 4563/4/26
f 4162/4/26 4565/4/26 4369/4/26
f 3916/4/3485 3991/4/3309 3912/4/3309
f 3910/4/3485 3916/4/3485 3912/4/3309
f 3908/4/3486 3915/4/3486 3916/4/3485
f 3916/4/3485 3910/4/3485 3908/4/3486
f 4368/4/3486 4369/4/3486 4565/4/3485
f 4565/4/3485 4539/4/3485 4368/4/3486
f 4565/4/3485 4562/4/3477 4538/4/3480
f 4539/4/3485 4565/4/3485 4538/4/3480
f 4147/4/3155 4148/4/3155 4566/4/3288
f 4567/4/3288 4147/4/3155 4566/4/3288
f 4152/4/3154 4567/4/3288 4566/4/3288
f 4152/4/3154 4566/4/3288 4151/4/3154
f 4569/4/3288 4390/4/3154 4391/4/3154
f 4569/4/3288 4391/4/3154 4568/4/3288
f 4568/4/3288 4386/4/3155 4387/4/3155
f 4387/4/3155 4569/4/3288 4568/4/3288
f 4571/4/3288 4139/4/3155 4140/4/3155
f 4571/4/3288 4140/4/3155 4570/4/3288
f 4571/4/3288 4570/4/3288 4143/4/3154
f 4144/4/3154 4571/4/3288 4143/4/3154
f 4572/4/3288 4573/4/3288 4396/4/3154
f 4396/4/3154 4397/4/3154 4572/4/3288
f 4572/4/3288 4392/4/3155 4393/4/3155
f 4393/4/3155 4573/4/3288 4572/4/3288
f 4121/4/3487 4447/4/3488 4160/4/3489
f 4121/4/3487 4160/4/3489 4159/4/3487
f 4155/4/26 4160/4/3489 4447/4/3488
f 4447/4/3488 4158/4/26 4155/4/26
f 4446/4/1 4567/4/1 4152/4/1
f 4153/4/1 4446/4/1 4152/4/1
f 4147/4/1 4567/4/1 4446/4/1
f 4446/4/1 4150/4/1 4147/4/1
f 4437/4/26 4566/4/26 4148/4/26
f 4149/4/26 4437/4/26 4148/4/26
f 4437/4/26 4154/4/26 4151/4/26
f 4437/4/26 4151/4/26 4566/4/26
f 4386/4/1 4568/4/1 4435/4/1
f 4435/4/1 4389/4/1 4386/4/1
f 4435/4/1 4568/4/1 4391/4/1
f 4348/4/1 4435/4/1 4391/4/1
f 4390/4/26 4569/4/26 4445/4/26
f 4445/4/26 4347/4/26 4390/4/26
f 4445/4/26 4569/4/26 4387/4/26
f 4388/4/26 4445/4/26 4387/4/26
f 4144/4/1 4145/4/1 4440/4/1
f 4440/4/1 4571/4/1 4144/4/1
f 4139/4/1 4571/4/1 4440/4/1
f 4440/4/1 4142/4/1 4139/4/1
f 4436/4/26 4570/4/26 4140/4/26
f 4141/4/26 4436/4/26 4140/4/26
f 4143/4/26 4570/4/26 4436/4/26
f 4436/4/26 4146/4/26 4143/4/26
f 4392/4/1 4572/4/1 4448/4/1
f 4448/4/1 4395/4/1 4392/4/1
f 4397/4/1 4350/4/1 4448/4/1
f 4448/4/1 4572/4/1 4397/4/1
f 4396/4/26 4573/4/26 4441/4/26
f 4441/4/26 4349/4/26 4396/4/26
f 4393/4/26 4394/4/26 4441/4/26
f 4441/4/26 4573/4/26 4393/4/26
f 4577/4/3490 4574/4/3491 4575/4/3492
f 4575/4/3492 4576/4/3490 4577/4/3490
f 4579/4/3493 4580/4/3494 4581/4/3495
f 4578/4/3496 4579/4/3493 4581/4/3495
f 4582/4/3497 4583/4/3497 4584/4/3498
f 4582/4/3497 4584/4/3498 4585/4/3499
f 4587/4/6 4588/4/3500 4589/4/3501
f 4586/4/6 4587/4/6 4589/4/3501
f 4591/4/3490 4577/4/3490 4592/4/3502
f 4590/4/3502 4591/4/3490 4592/4/3502
f 4595/4/6 4596/4/3503 4593/4/3504
f 4593/4/3504 4594/4/6 4595/4/6
f 4586/4/6 4589/4/3501 4597/4/3501
f 4597/4/3501 4598/4/6 4586/4/6
f 4585/4/3499 4599/4/3498 4600/4/3497
f 4600/4/3497 4582/4/3497 4585/4/3499
f 4578/4/3496 4581/4/3495 4601/4/3495
f 4601/4/3495 4602/4/3505 4578/4/3496
f 4574/4/3491 4577/4/3490 4591/4/3490
f 4591/4/3490 4603/4/3491 4574/4/3491
f 4604/4/6 4605/4/3506 4593/4/3504
f 4604/4/6 4593/4/3504 4598/4/6
f 4606/4/3507 4607/4/3501 4597/4/3501
f 4606/4/3507 4597/4/3501 4600/4/3497
f 4609/4/3508 4599/4/3498 4602/4/3505
f 4608/4/3509 4609/4/3508 4602/4/3505
f 4610/4/3491 4611/4/3495 4601/4/3495
f 4610/4/3491 4601/4/3495 4603/4/3491
f 4615/4/3502 4612/4/3510 4613/4/3511
f 4613/4/3511 4614/4/3490 4615/4/3502
f 4604/4/6 4616/4/3512 4617/4/3513
f 4617/4/3513 4605/4/3506 4604/4/6
f 4606/4/3507 4618/4/3514 4619/4/3515
f 4619/4/3515 4607/4/3501 4606/4/3507
f 4620/4/3516 4621/4/3517 4609/4/3508
f 4620/4/3516 4609/4/3508 4608/4/3509
f 4622/4/3518 4623/4/3519 4611/4/3495
f 4622/4/3518 4611/4/3495 4610/4/3491
f 4626/4/3520 4613/4/3511 4612/4/3510
f 4626/4/3520 4612/4/3510 4624/4/3521
f 4624/4/3521 4625/4/3522 4626/4/3520
f 4627/4/3523 4628/4/3524 4629/4/3525
f 4627/4/3523 4629/4/3525 4617/4/3513
f 4616/4/3512 4619/4/3515 4630/4/3526
f 4630/4/3526 4631/4/3527 4616/4/3512
f 4621/4/3517 4632/4/3528 4633/4/3529
f 4633/4/3529 4618/4/3514 4621/4/3517
f 4623/4/3519 4634/4/3530 4635/4/3531
f 4635/4/3531 4620/4/3516 4623/4/3519
f 4636/4/3532 4622/4/3518 4613/4/3511
f 4626/4/3520 4636/4/3532 4613/4/3511
f 4639/4/3533 4640/4/3534 4637/4/3535
f 4637/4/3535 4638/4/3536 4639/4/3533
f 4641/4/3537 4642/4/3538 4643/4/3539
f 4641/4/3537 4643/4/3539 4644/4/3540
f 4647/4/3541 4648/4/3542 4645/4/3543
f 4645/4/3543 4646/4/3544 4647/4/3541
f 4649/4/3545 4650/4/3546 4651/4/3547
f 4649/4/3545 4651/4/3547 4652/4/3525
f 4629/4/3525 4628/4/3524 4653/4/3548
f 4653/4/3548 4654/4/3549 4629/4/3525
f 4657/4/3550 4639/4/3533 4638/4/3536
f 4656/4/3551 4657/4/3550 4638/4/3536
f 4638/4/3536 4655/4/3552 4656/4/3551
f 4643/4/3539 4640/4/3534 4658/4/3553
f 4643/4/3539 4658/4/3553 4659/4/3554
f 4644/4/3540 4660/4/3555 4661/4/3556
f 4647/4/3541 4644/4/3540 4661/4/3556
f 4662/4/3557 4663/4/3504 4651/4/3547
f 4651/4/3547 4648/4/3542 4662/4/3557
f 4654/4/3549 4652/4/3525 4664/4/6
f 4654/4/3549 4664/4/6 4665/4/3501
f 4658/4/3553 4666/4/3558 4667/4/3559
f 4658/4/3553 4667/4/3559 4668/4/3553
f 4670/4/3555 4660/4/3555 4659/4/3554
f 4659/4/3554 4669/4/3554 4670/4/3555
f 4671/4/3556 4672/4/3557 4662/4/3557
f 4662/4/3557 4661/4/3556 4671/4/3556
f 4674/4/6 4664/4/6 4663/4/3504
f 4663/4/3504 4673/4/3504 4674/4/6
f 4675/4/6 4665/4/3501 4676/4/3501
f 4675/4/6 4676/4/3501 4594/4/6
f 4667/4/3559 4666/4/3558 4677/4/3560
f 4677/4/3560 4678/4/3560 4667/4/3559
f 4669/4/3554 4668/4/3553 4679/4/3553
f 4669/4/3554 4679/4/3553 4680/4/3554
f 4670/4/3555 4681/4/3561 4682/4/3562
f 4671/4/3556 4670/4/3555 4682/4/3562
f 4673/4/3504 4672/4/3557 4683/4/3557
f 4673/4/3504 4683/4/3557 4684/4/3563
f 4685/4/6 4686/4/3501 4676/4/3501
f 4676/4/3501 4674/4/6 4685/4/6
f 4688/4/3564 4687/4/3565 4595/4/6
f 4595/4/6 4686/4/3501 4688/4/3564
f 4690/4/3566 4689/4/6 4685/4/6
f 4685/4/6 4684/4/3563 4690/4/3566
f 4692/4/3567 4691/4/3568 4683/4/3557
f 4683/4/3557 4682/4/3562 4692/4/3567
f 4680/4/3554 4694/4/3554 4693/4/3555
f 4693/4/3555 4681/4/3561 4680/4/3554
f 4697/4/3569 4695/4/3570 4679/4/3553
f 4679/4/3553 4696/4/3558 4697/4/3569
f 4696/4/3558 4698/4/3560 4699/4/3560
f 4697/4/3569 4696/4/3558 4699/4/3560
f 4680/4/3554 4679/4/3553 4695/4/3570
f 4694/4/3554 4680/4/3554 4695/4/3570
f 4693/4/3555 4692/4/3567 4682/4/3562
f 4682/4/3562 4681/4/3561 4693/4/3555
f 4684/4/3563 4683/4/3557 4691/4/3568
f 4690/4/3566 4684/4/3563 4691/4/3568
f 4686/4/3501 4685/4/6 4689/4/6
f 4688/4/3564 4686/4/3501 4689/4/6
f 4698/4/3560 4696/4/3558 4667/4/3559
f 4667/4/3559 4678/4/3560 4698/4/3560
f 4676/4/3501 4686/4/3501 4595/4/6
f 4594/4/6 4676/4/3501 4595/4/6
f 4673/4/3504 4684/4/3563 4685/4/6
f 4674/4/6 4673/4/3504 4685/4/6
f 4682/4/3562 4683/4/3557 4672/4/3557
f 4672/4/3557 4671/4/3556 4682/4/3562
f 4681/4/3561 4670/4/3555 4669/4/3554
f 4669/4/3554 4680/4/3554 4681/4/3561
f 4696/4/3558 4679/4/3553 4668/4/3553
f 4668/4/3553 4667/4/3559 4696/4/3558
f 4674/4/6 4676/4/3501 4665/4/3501
f 4665/4/3501 4664/4/6 4674/4/6
f 4663/4/3504 4662/4/3557 4672/4/3557
f 4663/4/3504 4672/4/3557 4673/4/3504
f 4671/4/3556 4661/4/3556 4660/4/3555
f 4660/4/3555 4670/4/3555 4671/4/3556
f 4668/4/3553 4669/4/3554 4659/4/3554
f 4659/4/3554 4658/4/3553 4668/4/3553
f 4666/4/3558 4639/4/3533 4657/4/3550
f 4657/4/3550 4677/4/3560 4666/4/3558
f 4629/4/3525 4654/4/3549 4665/4/3501
f 4629/4/3525 4665/4/3501 4675/4/6
f 4651/4/3547 4663/4/3504 4664/4/6
f 4652/4/3525 4651/4/3547 4664/4/6
f 4661/4/3556 4662/4/3557 4648/4/3542
f 4648/4/3542 4647/4/3541 4661/4/3556
f 4660/4/3555 4644/4/3540 4643/4/3539
f 4643/4/3539 4659/4/3554 4660/4/3555
f 4666/4/3558 4658/4/3553 4640/4/3534
f 4640/4/3534 4639/4/3533 4666/4/3558
f 4654/4/3549 4653/4/3548 4649/4/3545
f 4649/4/3545 4652/4/3525 4654/4/3549
f 4650/4/3546 4645/4/3543 4648/4/3542
f 4650/4/3546 4648/4/3542 4651/4/3547
f 4646/4/3544 4641/4/3537 4644/4/3540
f 4646/4/3544 4644/4/3540 4647/4/3541
f 4640/4/3534 4643/4/3539 4642/4/3538
f 4642/4/3538 4637/4/3535 4640/4/3534
f 4622/4/3518 4636/4/3532 4634/4/3530
f 4634/4/3530 4623/4/3519 4622/4/3518
f 4620/4/3516 4635/4/3531 4632/4/3528
f 4632/4/3528 4621/4/3517 4620/4/3516
f 4630/4/3526 4619/4/3515 4618/4/3514
f 4633/4/3529 4630/4/3526 4618/4/3514
f 4631/4/3527 4627/4/3523 4617/4/3513
f 4631/4/3527 4617/4/3513 4616/4/3512
f 4613/4/3511 4622/4/3518 4610/4/3491
f 4613/4/3511 4610/4/3491 4614/4/3490
f 4608/4/3509 4611/4/3495 4623/4/3519
f 4623/4/3519 4620/4/3516 4608/4/3509
f 4618/4/3514 4606/4/3507 4609/4/3508
f 4621/4/3517 4618/4/3514 4609/4/3508
f 4619/4/3515 4616/4/3512 4604/4/6
f 4619/4/3515 4604/4/6 4607/4/3501
f 4629/4/3525 4675/4/6 4605/4/3506
f 4617/4/3513 4629/4/3525 4605/4/3506
f 4603/4/3491 4591/4/3490 4614/4/3490
f 4614/4/3490 4610/4/3491 4603/4/3491
f 4611/4/3495 4608/4/3509 4602/4/3505
f 4611/4/3495 4602/4/3505 4601/4/3495
f 4599/4/3498 4609/4/3508 4606/4/3507
f 4606/4/3507 4600/4/3497 4599/4/3498
f 4607/4/3501 4604/4/6 4598/4/6
f 4607/4/3501 4598/4/6 4597/4/3501
f 4675/4/6 4594/4/6 4593/4/3504
f 4605/4/3506 4675/4/6 4593/4/3504
f 4590/4/3502 4615/4/3502 4614/4/3490
f 4614/4/3490 4591/4/3490 4590/4/3502
f 4603/4/3491 4601/4/3495 4581/4/3495
f 4603/4/3491 4581/4/3495 4574/4/3491
f 4599/4/3498 4585/4/3499 4578/4/3496
f 4602/4/3505 4599/4/3498 4578/4/3496
f 4600/4/3497 4597/4/3501 4589/4/3501
f 4600/4/3497 4589/4/3501 4582/4/3497
f 4593/4/3504 4596/4/3503 4586/4/6
f 4598/4/6 4593/4/3504 4586/4/6
f 4596/4/3503 4595/4/6 4687/4/3565
f 4687/4/3565 4700/4/3565 4596/4/3503
f 4700/4/3565 4587/4/6 4586/4/6
f 4596/4/3503 4700/4/3565 4586/4/6
f 4582/4/3497 4589/4/3501 4588/4/3500
f 4588/4/3500 4583/4/3497 4582/4/3497
f 4578/4/3496 4585/4/3499 4584/4/3498
f 4584/4/3498 4579/4/3493 4578/4/3496
f 4574/4/3491 4581/4/3495 4580/4/3494
f 4580/4/3494 4575/4/3492 4574/4/3491
f 4701/4/3502 4592/4/3502 4577/4/3490
f 4577/4/3490 4576/4/3490 4701/4/3502
f 4576/4/3571 4702/4/3572 4703/4/3573
f 4576/4/3571 4703/4/3573 4701/4/3574
f 4580/4/5 4704/4/5 4705/4/5
f 4580/4/5 4705/4/5 4575/4/5
f 4584/4/5 4706/4/5 4707/4/5
f 4584/4/5 4707/4/5 4579/4/5
f 4708/4/5 4709/4/5 4583/4/5
f 4588/4/5 4708/4/5 4583/4/5
f 4587/4/5 4700/4/3575 4710/4/3576
f 4710/4/3576 4711/4/5 4587/4/5
f 4712/4/5 4687/4/5 4688/4/3390
f 4712/4/5 4688/4/3390 4713/4/3390
f 4714/4/5 4713/4/3390 4688/4/3390
f 4688/4/3390 4689/4/5 4714/4/5
f 4691/4/5 4716/4/5 4715/4/5
f 4715/4/5 4690/4/5 4691/4/5
f 4718/4/5 4717/4/5 4692/4/5
f 4692/4/5 4693/4/5 4718/4/5
f 4720/4/5 4719/4/5 4694/4/5
f 4694/4/5 4695/4/5 4720/4/5
f 4722/4/3577 4721/4/3578 4697/4/3579
f 4697/4/3579 4699/4/3574 4722/4/3577
f 4721/4/3578 4720/4/5 4695/4/5
f 4695/4/5 4697/4/3579 4721/4/3578
f 4719/4/5 4718/4/5 4693/4/5
f 4693/4/5 4694/4/5 4719/4/5
f 4717/4/5 4716/4/5 4691/4/5
f 4691/4/5 4692/4/5 4717/4/5
f 4715/4/5 4714/4/5 4689/4/5
f 4689/4/5 4690/4/5 4715/4/5
f 4700/4/3575 4687/4/5 4712/4/5
f 4712/4/5 4710/4/3576 4700/4/3575
f 4588/4/5 4587/4/5 4711/4/5
f 4711/4/5 4708/4/5 4588/4/5
f 4583/4/5 4709/4/5 4706/4/5
f 4583/4/5 4706/4/5 4584/4/5
f 4579/4/5 4707/4/5 4704/4/5
f 4579/4/5 4704/4/5 4580/4/5
f 4575/4/5 4705/4/5 4702/4/3572
f 4575/4/5 4702/4/3572 4576/4/3571
f 4705/4/3580 4723/4/3580 4724/4/3581
f 4705/4/3580 4724/4/3581 4702/4/3581
f 4707/4/3582 4725/4/3583 4726/4/3584
f 4707/4/3582 4726/4/3584 4704/4/3584
f 4709/4/3585 4727/4/3586 4728/4/3587
f 4709/4/3585 4728/4/3587 4706/4/3588
f 4730/4/3589 4708/4/3590 4711/4/20
f 4711/4/20 4729/4/20 4730/4/3589
f 4712/4/3591 4731/4/20 4732/4/3592
f 4712/4/3591 4732/4/3592 4710/4/3593
f 4735/4/3594 4724/4/3581 4733/4/3595
f 4733/4/3595 4734/4/3594 4735/4/3594
f 4723/4/3580 4726/4/3584 4736/4/3596
f 4736/4/3596 4737/4/3580 4723/4/3580
f 4725/4/3583 4728/4/3587 4738/4/3597
f 4738/4/3597 4739/4/3598 4725/4/3583
f 4740/4/3599 4741/4/3600 4727/4/3586
f 4740/4/3599 4727/4/3586 4730/4/3589
f 4729/4/20 4732/4/3592 4742/4/3601
f 4742/4/3601 4743/4/20 4729/4/20
f 4737/4/3580 4744/4/3580 4745/4/3581
f 4745/4/3581 4733/4/3595 4737/4/3580
f 4736/4/3596 4739/4/3598 4746/4/3598
f 4746/4/3598 4747/4/3602 4736/4/3596
f 4741/4/3600 4748/4/3600 4749/4/3603
f 4749/4/3603 4738/4/3597 4741/4/3600
f 4743/4/20 4750/4/20 4751/4/3599
f 4751/4/3599 4740/4/3599 4743/4/20
f 4753/4/3601 4742/4/3601 4754/4/3604
f 4752/4/3605 4753/4/3601 4754/4/3604
f 4756/4/3606 4745/4/3581 4744/4/3580
f 4755/4/3607 4756/4/3606 4744/4/3580
f 4746/4/3598 4757/4/3608 4758/4/3609
f 4758/4/3609 4747/4/3602 4746/4/3598
f 4760/4/3610 4749/4/3603 4748/4/3600
f 4759/4/3611 4760/4/3610 4748/4/3600
f 4750/4/20 4761/4/3612 4762/4/3613
f 4762/4/3613 4751/4/3599 4750/4/20
f 4753/4/3601 4752/4/3605 4763/4/3614
f 4763/4/3614 4764/4/3615 4753/4/3601
f 4768/4/3616 4756/4/3606 4765/4/3617
f 4767/4/3618 4768/4/3616 4765/4/3617
f 4765/4/3617 4766/4/3619 4767/4/3618
f 4755/4/3607 4758/4/3609 4769/4/3620
f 4769/4/3620 4770/4/3621 4755/4/3607
f 4757/4/3608 4760/4/3610 4771/4/3622
f 4771/4/3622 4772/4/3623 4757/4/3608
f 4762/4/3613 4773/4/3624 4774/4/3625
f 4774/4/3625 4759/4/3611 4762/4/3613
f 4764/4/3615 4775/4/3626 4776/4/3627
f 4776/4/3627 4761/4/3612 4764/4/3615
f 4780/4/3628 4777/4/3629 4778/4/3630
f 4778/4/3630 4779/4/3631 4780/4/3628
f 4781/4/3632 4782/4/3633 4783/4/3634
f 4781/4/3632 4783/4/3634 4784/4/3635
f 4786/4/3636 4787/4/3637 4788/4/3638
f 4785/4/3639 4786/4/3636 4788/4/3638
f 4790/4/3640 4791/4/3641 4792/4/3642
f 4789/4/3643 4790/4/3640 4792/4/3642
f 4795/4/3644 4796/4/3645 4797/4/3646
f 4795/4/3644 4797/4/3646 4793/4/3647
f 4793/4/3647 4794/4/3648 4795/4/3644
f 4798/4/3649 4779/4/3631 4763/4/3614
f 4763/4/3614 4752/4/3605 4798/4/3649
f 4799/4/20 4800/4/3650 4783/4/3634
f 4783/4/3634 4780/4/3628 4799/4/20
f 4787/4/3637 4784/4/3635 4801/4/3651
f 4787/4/3637 4801/4/3651 4802/4/3652
f 4803/4/3653 4804/4/3654 4791/4/3641
f 4791/4/3641 4788/4/3638 4803/4/3653
f 4805/4/3655 4806/4/3656 4796/4/3645
f 4796/4/3645 4792/4/3642 4805/4/3655
f 4798/4/3649 4807/4/3649 4808/4/20
f 4799/4/20 4798/4/3649 4808/4/20
f 4810/4/3651 4801/4/3651 4800/4/3650
f 4800/4/3650 4809/4/3650 4810/4/3651
f 4812/4/3653 4803/4/3653 4802/4/3652
f 4802/4/3652 4811/4/3652 4812/4/3653
f 4804/4/3654 4813/4/3654 4814/4/3655
f 4805/4/3655 4804/4/3654 4814/4/3655
f 4817/4/3657 4815/4/3657 4806/4/3656
f 4806/4/3656 4816/4/3658 4817/4/3657
f 4731/4/20 4818/4/3649 4807/4/3649
f 4807/4/3649 4754/4/3604 4731/4/20
f 4819/4/20 4820/4/3650 4809/4/3650
f 4809/4/3650 4808/4/20 4819/4/20
f 4811/4/3652 4810/4/3651 4821/4/3651
f 4811/4/3652 4821/4/3651 4822/4/3652
f 4813/4/3654 4812/4/3653 4823/4/3659
f 4813/4/3654 4823/4/3659 4824/4/3660
f 4816/4/3658 4814/4/3655 4825/4/3655
f 4816/4/3658 4825/4/3655 4826/4/3658
f 4819/4/20 4714/4/20 4715/4/3661
f 4819/4/20 4715/4/3661 4820/4/3650
f 4716/4/3651 4717/4/3652 4822/4/3652
f 4821/4/3651 4716/4/3651 4822/4/3652
f 4719/4/3662 4824/4/3660 4823/4/3659
f 4823/4/3659 4718/4/3663 4719/4/3662
f 4720/4/3655 4721/4/3658 4826/4/3658
f 4825/4/3655 4720/4/3655 4826/4/3658
f 4722/4/3657 4827/4/3657 4826/4/3658
f 4826/4/3658 4721/4/3658 4722/4/3657
f 4824/4/3660 4719/4/3662 4720/4/3655
f 4824/4/3660 4720/4/3655 4825/4/3655
f 4822/4/3652 4717/4/3652 4718/4/3663
f 4822/4/3652 4718/4/3663 4823/4/3659
f 4820/4/3650 4715/4/3661 4716/4/3651
f 4820/4/3650 4716/4/3651 4821/4/3651
f 4714/4/20 4819/4/20 4818/4/3649
f 4818/4/3649 4713/4/3649 4714/4/20
f 4731/4/20 4712/4/3591 4713/4/3649
f 4731/4/20 4713/4/3649 4818/4/3649
f 4816/4/3658 4826/4/3658 4827/4/3657
f 4817/4/3657 4816/4/3658 4827/4/3657
f 4825/4/3655 4814/4/3655 4813/4/3654
f 4813/4/3654 4824/4/3660 4825/4/3655
f 4823/4/3659 4812/4/3653 4811/4/3652
f 4811/4/3652 4822/4/3652 4823/4/3659
f 4821/4/3651 4810/4/3651 4809/4/3650
f 4809/4/3650 4820/4/3650 4821/4/3651
f 4807/4/3649 4818/4/3649 4819/4/20
f 4808/4/20 4807/4/3649 4819/4/20
f 4806/4/3656 4805/4/3655 4814/4/3655
f 4806/4/3656 4814/4/3655 4816/4/3658
f 4804/4/3654 4803/4/3653 4812/4/3653
f 4804/4/3654 4812/4/3653 4813/4/3654
f 4802/4/3652 4801/4/3651 4810/4/3651
f 4802/4/3652 4810/4/3651 4811/4/3652
f 4800/4/3650 4799/4/20 4808/4/20
f 4800/4/3650 4808/4/20 4809/4/3650
f 4807/4/3649 4798/4/3649 4752/4/3605
f 4752/4/3605 4754/4/3604 4807/4/3649
f 4815/4/3657 4797/4/3646 4796/4/3645
f 4796/4/3645 4806/4/3656 4815/4/3657
f 4791/4/3641 4804/4/3654 4805/4/3655
f 4792/4/3642 4791/4/3641 4805/4/3655
f 4787/4/3637 4802/4/3652 4803/4/3653
f 4788/4/3638 4787/4/3637 4803/4/3653
f 4783/4/3634 4800/4/3650 4801/4/3651
f 4784/4/3635 4783/4/3634 4801/4/3651
f 4799/4/20 4780/4/3628 4779/4/3631
f 4779/4/3631 4798/4/3649 4799/4/20
f 4789/4/3643 4792/4/3642 4796/4/3645
f 4795/4/3644 4789/4/3643 4796/4/3645
f 4791/4/3641 4790/4/3640 4785/4/3639
f 4785/4/3639 4788/4/3638 4791/4/3641
f 4787/4/3637 4786/4/3636 4781/4/3632
f 4781/4/3632 4784/4/3635 4787/4/3637
f 4782/4/3633 4777/4/3629 4780/4/3628
f 4782/4/3633 4780/4/3628 4783/4/3634
f 4779/4/3631 4778/4/3630 4828/4/3664
f 4828/4/3664 4763/4/3614 4779/4/3631
f 4828/4/3664 4775/4/3626 4764/4/3615
f 4828/4/3664 4764/4/3615 4763/4/3614
f 4773/4/3624 4762/4/3613 4761/4/3612
f 4776/4/3627 4773/4/3624 4761/4/3612
f 4774/4/3625 4771/4/3622 4760/4/3610
f 4774/4/3625 4760/4/3610 4759/4/3611
f 4772/4/3623 4769/4/3620 4758/4/3609
f 4772/4/3623 4758/4/3609 4757/4/3608
f 4770/4/3621 4765/4/3617 4756/4/3606
f 4770/4/3621 4756/4/3606 4755/4/3607
f 4764/4/3615 4761/4/3612 4750/4/20
f 4764/4/3615 4750/4/20 4753/4/3601
f 4762/4/3613 4759/4/3611 4748/4/3600
f 4762/4/3613 4748/4/3600 4751/4/3599
f 4760/4/3610 4757/4/3608 4746/4/3598
f 4760/4/3610 4746/4/3598 4749/4/3603
f 4744/4/3580 4747/4/3602 4758/4/3609
f 4758/4/3609 4755/4/3607 4744/4/3580
f 4745/4/3581 4756/4/3606 4768/4/3616
f 4768/4/3616 4829/4/3594 4745/4/3581
f 4742/4/3601 4753/4/3601 4750/4/20
f 4750/4/20 4743/4/20 4742/4/3601
f 4751/4/3599 4748/4/3600 4741/4/3600
f 4751/4/3599 4741/4/3600 4740/4/3599
f 4738/4/3597 4749/4/3603 4746/4/3598
f 4746/4/3598 4739/4/3598 4738/4/3597
f 4747/4/3602 4744/4/3580 4737/4/3580
f 4747/4/3602 4737/4/3580 4736/4/3596
f 4733/4/3595 4745/4/3581 4829/4/3594
f 4829/4/3594 4734/4/3594 4733/4/3595
f 4742/4/3601 4732/4/3592 4731/4/20
f 4754/4/3604 4742/4/3601 4731/4/20
f 4740/4/3599 4730/4/3589 4729/4/20
f 4743/4/20 4740/4/3599 4729/4/20
f 4738/4/3597 4728/4/3587 4727/4/3586
f 4741/4/3600 4738/4/3597 4727/4/3586
f 4736/4/3596 4726/4/3584 4725/4/3583
f 4739/4/3598 4736/4/3596 4725/4/3583
f 4733/4/3595 4724/4/3581 4723/4/3580
f 4737/4/3580 4733/4/3595 4723/4/3580
f 4729/4/20 4711/4/20 4710/4/3593
f 4710/4/3593 4732/4/3592 4729/4/20
f 4708/4/3590 4730/4/3589 4727/4/3586
f 4708/4/3590 4727/4/3586 4709/4/3585
f 4706/4/3588 4728/4/3587 4725/4/3583
f 4706/4/3588 4725/4/3583 4707/4/3582
f 4705/4/3580 4704/4/3584 4726/4/3584
f 4726/4/3584 4723/4/3580 4705/4/3580
f 4724/4/3581 4735/4/3594 4703/4/3594
f 4702/4/3581 4724/4/3581 4703/4/3594
f 4628/4/3524 4625/4/5 4655/4/5
f 4653/4/3548 4628/4/3524 4655/4/5
f 4653/4/3548 4655/4/5 4638/4/3536
f 4649/4/3545 4653/4/3548 4638/4/3536
f 4650/4/3546 4649/4/3545 4638/4/3536
f 4645/4/3543 4650/4/3546 4638/4/3536
f 4646/4/3544 4645/4/3543 4638/4/3536
f 4641/4/3537 4646/4/3544 4638/4/3536
f 4642/4/3538 4641/4/3537 4638/4/3536
f 4638/4/3536 4637/4/3535 4642/4/3538
f 4625/4/5 4628/4/3524 4627/4/3523
f 4625/4/5 4627/4/3523 4631/4/3527
f 4625/4/5 4631/4/3527 4630/4/3526
f 4625/4/5 4630/4/3526 4633/4/3529
f 4625/4/5 4633/4/3529 4632/4/3528
f 4625/4/5 4632/4/3528 4635/4/3531
f 4625/4/5 4635/4/3531 4634/4/3530
f 4625/4/5 4634/4/3530 4636/4/3532
f 4636/4/3532 4626/4/3520 4625/4/5
f 4774/4/3625 4773/4/3624 4766/4/16
f 4771/4/3622 4774/4/3625 4766/4/16
f 4771/4/3622 4766/4/16 4765/4/3617
f 4771/4/3622 4765/4/3617 4770/4/3621
f 4771/4/3622 4770/4/3621 4769/4/3620
f 4769/4/3620 4772/4/3623 4771/4/3622
f 4778/4/3630 4794/4/16 4766/4/16
f 4828/4/3664 4778/4/3630 4766/4/16
f 4775/4/3626 4828/4/3664 4766/4/16
f 4778/4/3630 4777/4/3629 4794/4/16
f 4777/4/3629 4782/4/3633 4794/4/16
f 4794/4/16 4782/4/3633 4781/4/3632
f 4794/4/16 4781/4/3632 4786/4/3636
f 4794/4/16 4786/4/3636 4785/4/3639
f 4794/4/16 4785/4/3639 4790/4/3640
f 4794/4/16 4790/4/3640 4789/4/3643
f 4789/4/3643 4795/4/3644 4794/4/16
f 4656/4/3665 4793/4/3666 4797/4/3667
f 4656/4/3665 4797/4/3667 4657/4/3668
f 4767/4/3669 4624/4/3670 4612/4/3671
f 4767/4/3669 4612/4/3671 4768/4/3671
f 4657/4/3668 4797/4/3667 4815/4/6
f 4657/4/3668 4815/4/6 4677/4/6
f 4817/4/6 4827/4/6 4698/4/6
f 4678/4/6 4817/4/6 4698/4/6
f 4699/4/6 4698/4/6 4827/4/6
f 4827/4/6 4722/4/6 4699/4/6
f 4815/4/6 4817/4/6 4678/4/6
f 4677/4/6 4815/4/6 4678/4/6
f 4655/4/3672 4794/4/3673 4793/4/3666
f 4655/4/3672 4793/4/3666 4656/4/3665
f 4767/4/3669 4766/4/3674 4625/4/3675
f 4625/4/3675 4624/4/3670 4767/4/3669
f 4766/4/3674 4794/4/3673 4655/4/3672
f 4766/4/3674 4655/4/3672 4625/4/3675
f 4703/4/6 4735/4/6 4592/4/6
f 4703/4/6 4592/4/6 4701/4/6
f 4734/4/6 4829/4/6 4615/4/6
f 4615/4/6 4590/4/6 4734/4/6
f 4829/4/6 4768/4/3671 4612/4/3671
f 4612/4/3671 4615/4/6 4829/4/6
f 4590/4/6 4592/4/6 4735/4/6
f 4734/4/6 4590/4/6 4735/4/6
f 4766/4/16 4773/4/3624 4776/4/3627
f 4766/4/16 4776/4/3627 4775/4/3626
g glass_1_grey
usemtl grey
f 2356/4/3676 2357/4/3676 2354/4/3677
f 2354/4/3677 2355/4/3678 2356/4/3676
f 2358/4/3679 2355/4/3678 2354/4/3677
f 2358/4/3679 2359/4/3680 2360/4/3681
f 2358/4/3679 2360/4/3681 2361/4/3682
f 2361/4/3682 2355/4/3678 2358/4/3679
f 2362/4/3683 2363/4/3684 2360/4/3681
f 2359/4/3680 2362/4/3683 2360/4/3681
f 2366/4/3685 2367/4/3685 2364/4/3686
f 2364/4/3686 2365/4/3687 2366/4/3685
f 2368/4/3688 2369/4/3689 2370/4/3690
f 2368/4/3688 2371/4/3691 2372/4/3692
f 2368/4/3688 2372/4/3692 2373/4/3693
f 2373/4/3693 2369/4/3689 2368/4/3688
f 2371/4/3691 2365/4/3687 2364/4/3686
f 2371/4/3691 2364/4/3686 2372/4/3692
f 2369/4/3689 2374/4/3694 2375/4/3694
f 2370/4/3690 2369/4/3689 2375/4/3694
f 2362/4/3683 2376/4/3695 2377/4/3695
f 2363/4/3684 2362/4/3683 2377/4/3695
f 2378/4/3696 2374/4/3697 2369/4/3689
f 2369/4/3689 2373/4/3693 2378/4/3696
f 2379/4/3698 2378/4/3696 2373/4/3693
f 2373/4/3693 2372/4/3692 2379/4/3698
f 2364/4/3686 2367/4/3699 2379/4/3698
f 2372/4/3692 2364/4/3686 2379/4/3698
f 2370/4/3690 2375/4/3700 2380/4/3701
f 2368/4/3688 2370/4/3690 2380/4/3701
f 2381/4/3702 2366/4/3703 2365/4/3687
f 2365/4/3687 2371/4/3691 2381/4/3702
f 2368/4/3688 2380/4/3701 2381/4/3702
f 2371/4/3691 2368/4/3688 2381/4/3702
f 2382/4/3704 2376/4/3705 2362/4/3683
f 2362/4/3683 2359/4/3680 2382/4/3704
f 2358/4/3679 2383/4/3706 2382/4/3704
f 2359/4/3680 2358/4/3679 2382/4/3704
f 2354/4/3677 2357/4/3707 2383/4/3706
f 2358/4/3679 2354/4/3677 2383/4/3706
f 2384/4/3708 2385/4/3709 2361/4/3682
f 2361/4/3682 2360/4/3681 2384/4/3708
f 2363/4/3684 2377/4/3710 2384/4/3708
f 2360/4/3681 2363/4/3684 2384/4/3708
f 2385/4/3709 2356/4/3711 2355/4/3678
f 2355/4/3678 2361/4/3682 2385/4/3709
f 2931/4/3712 2930/4/3713 2935/4/3714
f 2931/4/3712 2935/4/3714 2934/4/3715
f 2931/4/3712 2934/4/3715 3054/4/3716
f 3106/4/3717 2931/4/3712 3054/4/3716
f 3107/4/3718 3106/4/3717 3054/4/3716
f 3107/4/3718 3054/4/3716 3108/4/3719
f 2946/4/3720 3107/4/3718 3108/4/3719
f 2947/4/3721 2946/4/3720 3108/4/3719
f 2947/4/3721 3108/4/3719 3109/4/3722
f 2942/4/3723 2947/4/3721 3109/4/3722
f 2942/4/3723 3109/4/3722 2939/4/3724
f 2942/4/3723 2939/4/3724 2938/4/1583
f 2938/4/1583 2943/4/3725 2942/4/3723
f 2955/4/3726 2954/4/3727 3052/4/3728
f 2950/4/3729 2955/4/3726 3052/4/3728
f 2950/4/3729 3052/4/3728 3104/4/3730
f 2951/4/3731 2950/4/3729 3104/4/3730
f 2951/4/3731 3104/4/3730 3105/4/3732
f 3102/4/3733 2951/4/3731 3105/4/3732
f 3102/4/3733 3105/4/3732 2959/4/3734
f 3103/4/3735 3102/4/3733 2959/4/3734
f 3103/4/3735 2959/4/3734 2958/4/1648
f 3101/4/3736 3103/4/3735 2958/4/1648
f 3101/4/3736 2958/4/1648 2963/4/3737
f 3101/4/3736 2963/4/3737 2962/4/3738
f 2962/4/3738 3050/4/3739 3101/4/3736
f 3119/4/5 3115/4/5 3116/4/5
f 3119/4/5 3116/4/5 3117/4/5
f 3117/4/5 3118/4/5 3119/4/5
f 3121/4/5 3122/4/5 3123/4/5
f 3120/4/5 3121/4/5 3123/4/5
f 3120/4/5 3123/4/5 3124/4/5
f 3126/4/5 3127/4/5 3128/4/5
f 3125/4/5 3126/4/5 3128/4/5
f 3131/4/5 3132/4/5 3129/4/5
f 3129/4/5 3130/4/5 3131/4/5
g glass_1_flgrey
usemtl flgrey
f 2826/4/3055 2827/4/3055 2822/4/3055
f 2826/4/3055 2822/4/3055 2823/4/3056
f 2831/4/3055 2826/4/3055 2823/4/3056
f 2830/4/3055 2831/4/3055 2823/4/3056
f 2819/4/3055 2830/4/3055 2823/4/3056
f 2823/4/3056 2818/4/3056 2819/4/3055
f 2854/4/3740 2859/4/3740 2858/4/3740
f 2855/4/3740 2854/4/3740 2858/4/3740
f 2855/4/3740 2858/4/3740 2863/4/3740
f 2855/4/3740 2863/4/3740 2862/4/3740
f 2855/4/3740 2862/4/3740 2851/4/3740
f 2851/4/3740 2850/4/3740 2855/4/3740
f 2883/4/3740 2882/4/3740 2887/4/3740
f 2883/4/3740 2887/4/3740 2886/4/3740
f 2883/4/3740 2886/4/3740 2891/4/3740
f 2883/4/3740 2891/4/3740 2890/4/3740
f 2883/4/3740 2890/4/3740 2895/4/3740
f 2895/4/3740 2894/4/3740 2883/4/3740
f 2923/4/3740 2922/4/3740 2927/4/3740
f 2923/4/3740 2927/4/3740 2926/4/3740
f 2923/4/3740 2926/4/3740 2915/4/3740
f 2923/4/3740 2915/4/3740 2914/4/3740
f 2923/4/3740 2914/4/3740 2919/4/3740
f 2918/4/3740 2923/4/3740 2919/4/3740
f 2907/4/3740 2906/4/3741 2911/4/3740
f 2907/4/3740 2911/4/3740 2910/4/3740
f 2907/4/3740 2910/4/3740 2899/4/3740
f 2907/4/3740 2899/4/3740 2898/4/3740
f 2907/4/3740 2898/4/3740 2903/4/3740
f 2902/4/3740 2907/4/3740 2903/4/3740
f 2875/4/3740 2874/4/3741 2879/4/3740
f 2875/4/3740 2879/4/3740 2878/4/3740
f 2875/4/3740 2878/4/3740 2867/4/3740
f 2875/4/3740 2867/4/3740 2866/4/3740
f 2875/4/3740 2866/4/3740 2871/4/3740
f 2870/4/3740 2875/4/3740 2871/4/3740
f 2846/4/3740 2835/4/3740 2834/4/3740
f 2847/4/3740 2846/4/3740 2834/4/3740
f 2842/4/3740 2847/4/3740 2834/4/3740
f 2842/4/3740 2834/4/3740 2839/4/3740
f 2842/4/3740 2839/4/3740 2838/4/3740
f 2838/4/3740 2843/4/3740 2842/4/3740
g glass_1_florange
usemtl florange
f 3146/4/3742 3147/4/3743 3148/4/3744
f 3146/4/3742 3148/4/3744 3149/4/3745
f 3146/4/3742 3149/4/3745 3150/4/3746
f 3146/4/3742 3150/4/3746 3151/4/3747
f 3146/4/3742 3151/4/3747 3152/4/3748
f 3146/4/3742 3152/4/3748 3133/4/3749
f 3146/4/3742 3133/4/3749 3134/4/3750
f 3146/4/3742 3134/4/3750 3135/4/3751
f 3146/4/3742 3135/4/3751 3136/4/3752
f 3146/4/3742 3136/4/3752 3137/4/3753
f 3146/4/3742 3137/4/3753 3138/4/3754
f 3146/4/3742 3138/4/3754 3139/4/3755
f 3146/4/3742 3139/4/3755 3140/4/3756
f 3146/4/3742 3140/4/3756 3141/4/3757
f 3146/4/3742 3141/4/3757 3142/4/3758
f 3146/4/3742 3142/4/3758 3143/4/3759
f 3146/4/3742 3143/4/3759 3144/4/3760
f 3144/4/3760 3145/4/3761 3146/4/3742
f 3155/4/3762 3156/4/3762 3153/4/3762
f 3153/4/3762 3154/4/3762 3155/4/3762
f 3159/4/3763 3160/4/3764 3157/4/3765
f 3157/4/3765 3158/4/3766 3159/4/3763
f 3161/4/3767 3155/4/3768 3154/4/3769
f 3161/4/3767 3154/4/3769 3162/4/3770
f 3157/4/3765 3163/4/3771 3164/4/3772
f 3157/4/3765 3164/4/3772 3158/4/3766
f 3166/4/3773 3161/4/3767 3167/4/3774
f 3165/4/3775 3166/4/3773 3167/4/3774
f 3169/4/3776 3160/4/3764 3159/4/3763
f 3168/4/3777 3169/4/3776 3159/4/3763
f 3169/4/3778 3170/4/3779 3171/4/3780
f 3171/4/3780 3165/4/3781 3169/4/3778
f 3172/4/3782 3173/4/3783 3168/4/3784
f 3172/4/3782 3168/4/3784 3166/4/3784
f 3176/4/3785 3177/4/3786 3174/4/3787
f 3174/4/3787 3175/4/3788 3176/4/3785
f 3179/4/3789 3180/4/3790 3181/4/3791
f 3178/4/3792 3179/4/3789 3181/4/3791
f 3185/4/3793 3186/4/3793 3187/4/3793
f 3184/4/3794 3185/4/3793 3187/4/3793
f 3184/4/3794 3187/4/3793 3182/4/3793
f 3182/4/3793 3183/4/3793 3184/4/3794
f 3191/4/3795 3192/4/3796 3193/4/3797
f 3190/4/3798 3191/4/3795 3193/4/3797
f 3190/4/3798 3193/4/3797 3188/4/3797
f 3188/4/3797 3189/4/3797 3190/4/3798
f 3187/4/3799 3194/4/3800 3195/4/3801
f 3192/4/3802 3187/4/3799 3195/4/3801
f 3193/4/3803 3196/4/3804 3197/4/3805
f 3186/4/3806 3193/4/3803 3197/4/3805
f 3199/4/3807 3200/4/3808 3201/4/3809
f 3198/4/3810 3199/4/3807 3201/4/3809
f 3194/4/3800 3197/4/3805 3202/4/3811
f 3202/4/3811 3203/4/3812 3194/4/3800
f 3204/4/3762 3205/4/3762 3200/4/3762
f 3200/4/3762 3199/4/3762 3204/4/3762
f 3195/4/3801 3204/4/3813 3199/4/3807
f 3195/4/3801 3199/4/3807 3198/4/3810
f 3208/4/3814 3209/4/3815 3210/4/3816
f 3207/4/3817 3208/4/3814 3210/4/3816
f 3207/4/3817 3210/4/3816 3211/4/3818
f 3207/4/3817 3211/4/3818 3212/4/3819
f 3207/4/3817 3212/4/3819 3213/4/3820
f 3207/4/3817 3213/4/3820 3214/4/3821
f 3207/4/3817 3214/4/3821 3215/4/3822
f 3207/4/3817 3215/4/3822 3216/4/3823
f 3207/4/3817 3216/4/3823 3217/4/3824
f 3207/4/3817 3217/4/3824 3218/4/3825
f 3207/4/3817 3218/4/3825 3219/4/3826
f 3207/4/3817 3219/4/3826 3220/4/3827
f 3207/4/3817 3220/4/3827 3221/4/3828
f 3207/4/3817 3221/4/3828 3222/4/3829
f 3207/4/3817 3222/4/3829 3223/4/3830
f 3207/4/3817 3223/4/3830 3224/4/3831
f 3207/4/3817 3224/4/3831 3225/4/3832
f 3206/4/3833 3207/4/3817 3225/4/3832
f 3201/4/3809 3196/4/3804 3195/4/3801
f 3198/4/3810 3201/4/3809 3195/4/3801
f 3227/4/3383 3228/4/3383 3229/4/3383
f 3226/4/3383 3227/4/3383 3229/4/3383
f 3200/4/3808 3205/4/3834 3196/4/3804
f 3196/4/3804 3201/4/3809 3200/4/3808
f 3227/4/3835 3226/4/3836 3203/4/3812
f 3203/4/3812 3202/4/3811 3227/4/3835
f 3195/4/3801 3196/4/3804 3193/4/3803
f 3193/4/3803 3192/4/3802 3195/4/3801
f 3197/4/3805 3194/4/3800 3187/4/3799
f 3187/4/3799 3186/4/3806 3197/4/3805
f 3192/4/3796 3191/4/3795 3182/4/3837
f 3182/4/3837 3187/4/3778 3192/4/3796
f 3185/4/3838 3188/4/3839 3193/4/3840
f 3185/4/3838 3193/4/3840 3186/4/3784
f 3231/4/3841 3232/4/3842 3233/4/3843
f 3230/4/3844 3231/4/3841 3233/4/3843
f 3236/4/3845 3237/4/3846 3234/4/3847
f 3234/4/3847 3235/4/3848 3236/4/3845
f 3169/4/3793 3168/4/3793 3173/4/3793
f 3169/4/3793 3173/4/3793 3238/4/3849
f 3169/4/3793 3238/4/3849 3239/4/3793
f 3239/4/3793 3170/4/3793 3169/4/3793
f 3172/4/3797 3166/4/3797 3165/4/3781
f 3241/4/3797 3172/4/3797 3165/4/3781
f 3241/4/3797 3165/4/3781 3171/4/3780
f 3171/4/3780 3240/4/3850 3241/4/3797
f 3167/4/3774 3160/4/3764 3169/4/3776
f 3169/4/3776 3165/4/3775 3167/4/3774
f 3159/4/3763 3161/4/3767 3166/4/3773
f 3166/4/3773 3168/4/3777 3159/4/3763
f 3162/4/3770 3154/4/3769 3153/4/3851
f 3153/4/3851 3242/4/3852 3162/4/3770
f 3163/4/3383 3243/4/3383 3244/4/3383
f 3164/4/3383 3163/4/3383 3244/4/3383
f 3167/4/3774 3161/4/3767 3162/4/3770
f 3162/4/3770 3242/4/3852 3167/4/3774
f 3153/4/3851 3156/4/3853 3167/4/3774
f 3167/4/3774 3242/4/3852 3153/4/3851
f 3197/4/3805 3228/4/3854 3227/4/3835
f 3197/4/3805 3227/4/3835 3202/4/3811
f 3226/4/3836 3229/4/3855 3194/4/3800
f 3194/4/3800 3203/4/3812 3226/4/3836
f 3245/4/1 3246/4/1 3228/4/3856
f 3245/4/1 3228/4/3854 3205/4/3834
f 3196/4/3804 3205/4/3834 3228/4/3854
f 3197/4/3805 3196/4/3804 3228/4/3854
f 3194/4/3800 3229/4/3855 3204/4/3857
f 3195/4/3801 3194/4/3800 3204/4/3813
f 3191/4/3795 3190/4/3798 3183/4/3858
f 3183/4/3858 3182/4/3837 3191/4/3795
f 3184/4/3859 3183/4/3858 3190/4/3798
f 3190/4/3798 3189/4/3860 3184/4/3859
f 3189/4/3860 3188/4/3839 3185/4/3838
f 3184/4/3859 3189/4/3860 3185/4/3838
f 3249/4/3861 3250/4/3862 3247/4/3863
f 3247/4/3863 3248/4/3864 3249/4/3861
f 3252/4/3865 3253/4/3866 3254/4/3867
f 3251/4/3868 3252/4/3865 3254/4/3867
f 3257/4/3869 3179/4/3870 3255/4/3871
f 3255/4/3871 3256/4/3872 3257/4/3869
f 3259/4/3873 3178/4/3874 3260/4/3875
f 3258/4/3876 3259/4/3873 3260/4/3875
f 3263/4/3877 3264/4/3878 3261/4/3879
f 3261/4/3879 3262/4/3880 3263/4/3877
f 3266/4/3881 3267/4/3882 3268/4/3883
f 3265/4/3884 3266/4/3881 3268/4/3883
f 3270/4/3885 3271/4/3886 3272/4/3887
f 3269/4/3888 3270/4/3885 3272/4/3887
f 3275/4/3889 3231/4/3890 3273/4/3891
f 3273/4/3891 3274/4/3892 3275/4/3889
f 3277/4/3893 3230/4/3894 3278/4/3895
f 3276/4/3896 3277/4/3893 3278/4/3895
f 3281/4/3897 3282/4/3898 3279/4/3899
f 3279/4/3899 3280/4/3900 3281/4/3897
f 3276/4/3896 3278/4/3895 3281/4/3897
f 3280/4/3900 3276/4/3896 3281/4/3897
f 3231/4/3890 3230/4/3894 3277/4/3893
f 3277/4/3893 3273/4/3891 3231/4/3890
f 3272/4/3887 3275/4/3889 3274/4/3892
f 3274/4/3892 3269/4/3888 3272/4/3887
f 3265/4/3884 3268/4/3883 3271/4/3886
f 3270/4/3885 3265/4/3884 3271/4/3886
f 3264/4/3878 3267/4/3882 3266/4/3881
f 3266/4/3881 3261/4/3879 3264/4/3878
f 3258/4/3876 3260/4/3875 3263/4/3877
f 3262/4/3880 3258/4/3876 3263/4/3877
f 3179/4/3870 3178/4/3874 3259/4/3873
f 3259/4/3873 3255/4/3871 3179/4/3870
f 3254/4/3867 3257/4/3869 3256/4/3872
f 3256/4/3872 3251/4/3868 3254/4/3867
f 3247/4/3863 3250/4/3862 3253/4/3866
f 3252/4/3865 3247/4/3863 3253/4/3866
f 3282/4/3898 3249/4/3861 3248/4/3864
f 3248/4/3864 3279/4/3899 3282/4/3898
f 3274/4/3901 3273/4/3902 3283/4/3903
f 3274/4/3901 3283/4/3903 3284/4/3904
f 3285/4/3905 3286/4/3906 3277/4/3907
f 3277/4/3907 3276/4/3908 3285/4/3905
f 3286/4/3906 3283/4/3903 3273/4/3902
f 3273/4/3902 3277/4/3907 3286/4/3906
f 3255/4/3909 3259/4/3910 3287/4/3911
f 3255/4/3909 3287/4/3911 3288/4/3912
f 3289/4/3913 3290/4/3914 3251/4/3915
f 3251/4/3915 3256/4/3916 3289/4/3913
f 3252/4/3917 3291/4/3918 3292/4/3919
f 3247/4/3920 3252/4/3917 3292/4/3919
f 3294/4/3921 3279/4/3922 3248/4/3923
f 3248/4/3923 3293/4/3924 3294/4/3921
f 3276/4/3908 3280/4/3925 3295/4/3926
f 3276/4/3908 3295/4/3926 3285/4/3905
f 3279/4/3922 3294/4/3921 3295/4/3926
f 3280/4/3925 3279/4/3922 3295/4/3926
f 3247/4/3920 3292/4/3919 3293/4/3924
f 3248/4/3923 3247/4/3920 3293/4/3924
f 3291/4/3918 3252/4/3917 3251/4/3915
f 3251/4/3915 3290/4/3914 3291/4/3918
f 3256/4/3916 3255/4/3909 3288/4/3912
f 3256/4/3916 3288/4/3912 3289/4/3913
f 3296/4/3927 3287/4/3911 3259/4/3910
f 3259/4/3910 3258/4/3928 3296/4/3927
f 3298/4/3929 3270/4/3930 3269/4/3931
f 3269/4/3931 3297/4/3932 3298/4/3929
f 3265/4/3933 3299/4/3934 3300/4/3935
f 3266/4/3936 3265/4/3933 3300/4/3935
f 3302/4/3937 3262/4/3938 3261/4/3939
f 3261/4/3939 3301/4/3940 3302/4/3937
f 3302/4/3937 3296/4/3927 3258/4/3928
f 3258/4/3928 3262/4/3938 3302/4/3937
f 3301/4/3940 3261/4/3939 3266/4/3936
f 3266/4/3936 3300/4/3935 3301/4/3940
f 3270/4/3930 3298/4/3929 3299/4/3934
f 3265/4/3933 3270/4/3930 3299/4/3934
f 3284/4/3904 3297/4/3932 3269/4/3931
f 3269/4/3931 3274/4/3901 3284/4/3904
f 3260/4/3941 3303/4/3942 3304/4/3943
f 3263/4/3944 3260/4/3941 3304/4/3943
f 3305/4/3945 3306/4/3946 3267/4/3947
f 3267/4/3947 3264/4/3948 3305/4/3945
f 3307/4/3949 3308/4/3950 3271/4/3951
f 3271/4/3951 3268/4/3952 3307/4/3949
f 3272/4/3953 3309/4/3954 3310/4/3955
f 3275/4/3956 3272/4/3953 3310/4/3955
f 3232/4/3842 3231/4/3841 3275/4/3956
f 3275/4/3956 3310/4/3955 3232/4/3842
f 3272/4/3953 3271/4/3951 3308/4/3950
f 3272/4/3953 3308/4/3950 3309/4/3954
f 3268/4/3952 3267/4/3947 3306/4/3946
f 3268/4/3952 3306/4/3946 3307/4/3949
f 3304/4/3943 3305/4/3945 3264/4/3948
f 3264/4/3948 3263/4/3944 3304/4/3943
f 3303/4/3942 3260/4/3941 3178/4/3792
f 3178/4/3792 3181/4/3791 3303/4/3942
f 3230/4/3844 3233/4/3843 3311/4/3957
f 3278/4/3958 3230/4/3844 3311/4/3957
f 3282/4/3959 3281/4/3960 3312/4/3960
f 3282/4/3959 3312/4/3960 3313/4/3961
f 3314/4/3962 3315/4/3963 3250/4/3964
f 3250/4/3964 3249/4/3965 3314/4/3962
f 3254/4/3966 3253/4/3967 3316/4/3968
f 3254/4/3966 3316/4/3968 3317/4/3969
f 3180/4/3790 3179/4/3789 3257/4/3970
f 3257/4/3970 3318/4/3971 3180/4/3790
f 3318/4/3971 3257/4/3970 3254/4/3966
f 3254/4/3966 3317/4/3969 3318/4/3971
f 3253/4/3967 3250/4/3964 3315/4/3963
f 3253/4/3967 3315/4/3963 3316/4/3968
f 3249/4/3965 3282/4/3959 3313/4/3961
f 3249/4/3965 3313/4/3961 3314/4/3962
f 3312/4/3960 3281/4/3960 3278/4/3958
f 3278/4/3958 3311/4/3957 3312/4/3960
f 3320/4/3972 3290/4/3973 3289/4/3974
f 3319/4/3975 3320/4/3972 3289/4/3974
f 3322/4/3976 3288/4/3977 3287/4/3978
f 3321/4/3979 3322/4/3976 3287/4/3978
f 3296/4/3980 3302/4/3981 3323/4/3982
f 3323/4/3982 3324/4/3983 3296/4/3980
f 3301/4/3984 3300/4/3985 3325/4/3986
f 3325/4/3986 3326/4/3987 3301/4/3984
f 3328/4/3988 3299/4/3989 3298/4/3990
f 3327/4/3991 3328/4/3988 3298/4/3990
f 3330/4/3992 3297/4/3993 3284/4/3994
f 3329/4/3995 3330/4/3992 3284/4/3994
f 3332/4/3996 3283/4/3997 3286/4/3998
f 3331/4/3999 3332/4/3996 3286/4/3998
f 3285/4/4000 3295/4/4001 3333/4/4002
f 3333/4/4002 3334/4/4003 3285/4/4000
f 3294/4/4004 3293/4/4005 3335/4/4006
f 3335/4/4006 3336/4/4007 3294/4/4004
f 3338/4/4008 3292/4/4009 3291/4/4010
f 3337/4/4011 3338/4/4008 3291/4/4010
f 3335/4/4006 3293/4/4005 3292/4/4009
f 3338/4/4008 3335/4/4006 3292/4/4009
f 3295/4/4001 3294/4/4004 3336/4/4007
f 3336/4/4007 3333/4/4002 3295/4/4001
f 3286/4/3998 3285/4/4000 3334/4/4003
f 3334/4/4003 3331/4/3999 3286/4/3998
f 3329/4/3995 3284/4/3994 3283/4/3997
f 3332/4/3996 3329/4/3995 3283/4/3997
f 3327/4/3991 3298/4/3990 3297/4/3993
f 3330/4/3992 3327/4/3991 3297/4/3993
f 3300/4/3985 3299/4/3989 3328/4/3988
f 3328/4/3988 3325/4/3986 3300/4/3985
f 3302/4/3981 3301/4/3984 3326/4/3987
f 3326/4/3987 3323/4/3982 3302/4/3981
f 3287/4/3978 3296/4/3980 3324/4/3983
f 3324/4/3983 3321/4/3979 3287/4/3978
f 3319/4/3975 3289/4/3974 3288/4/3977
f 3322/4/3976 3319/4/3975 3288/4/3977
f 3337/4/4011 3291/4/4010 3290/4/3973
f 3320/4/3972 3337/4/4011 3290/4/3973
f 3340/4/4012 3322/4/3976 3321/4/3979
f 3339/4/4013 3340/4/4012 3321/4/3979
f 3324/4/3983 3323/4/3982 3341/4/4014
f 3341/4/4014 3342/4/4015 3324/4/3983
f 3326/4/3987 3325/4/3986 3343/4/4016
f 3343/4/4016 3344/4/4017 3326/4/3987
f 3328/4/3988 3327/4/3991 3345/4/4018
f 3345/4/4018 3346/4/4019 3328/4/3988
f 3348/4/4020 3330/4/3992 3329/4/3995
f 3347/4/4021 3348/4/4020 3329/4/3995
f 3350/4/4022 3332/4/3996 3331/4/3999
f 3349/4/4023 3350/4/4022 3331/4/3999
f 3334/4/4003 3333/4/4002 3351/4/4024
f 3351/4/4024 3352/4/4025 3334/4/4003
f 3336/4/4007 3335/4/4006 3353/4/4026
f 3353/4/4026 3354/4/4027 3336/4/4007
f 3356/4/4028 3338/4/4008 3337/4/4011
f 3355/4/4029 3356/4/4028 3337/4/4011
f 3358/4/4030 3320/4/3972 3319/4/3975
f 3357/4/4031 3358/4/4030 3319/4/3975
f 3357/4/4031 3319/4/3975 3322/4/3976
f 3340/4/4012 3357/4/4031 3322/4/3976
f 3355/4/4029 3337/4/4011 3320/4/3972
f 3358/4/4030 3355/4/4029 3320/4/3972
f 3353/4/4026 3335/4/4006 3338/4/4008
f 3356/4/4028 3353/4/4026 3338/4/4008
f 3333/4/4002 3336/4/4007 3354/4/4027
f 3354/4/4027 3351/4/4024 3333/4/4002
f 3331/4/3999 3334/4/4003 3352/4/4025
f 3352/4/4025 3349/4/4023 3331/4/3999
f 3347/4/4021 3329/4/3995 3332/4/3996
f 3350/4/4022 3347/4/4021 3332/4/3996
f 3345/4/4018 3327/4/3991 3330/4/3992
f 3348/4/4020 3345/4/4018 3330/4/3992
f 3325/4/3986 3328/4/3988 3346/4/4019
f 3346/4/4019 3343/4/4016 3325/4/3986
f 3323/4/3982 3326/4/3987 3344/4/4017
f 3344/4/4017 3341/4/4014 3323/4/3982
f 3339/4/4013 3321/4/3979 3324/4/3983
f 3342/4/4015 3339/4/4013 3324/4/3983
f 3344/4/4017 3343/4/4016 3225/4/3832
f 3225/4/3832 3224/4/3831 3344/4/4017
f 3346/4/4019 3345/4/4018 3207/4/3817
f 3207/4/3817 3206/4/3833 3346/4/4019
f 3208/4/3814 3348/4/4020 3347/4/4021
f 3209/4/3815 3208/4/3814 3347/4/4021
f 3210/4/3816 3350/4/4022 3349/4/4023
f 3211/4/3818 3210/4/3816 3349/4/4023
f 3352/4/4025 3351/4/4024 3213/4/3820
f 3213/4/3820 3212/4/3819 3352/4/4025
f 3354/4/4027 3353/4/4026 3215/4/3822
f 3215/4/3822 3214/4/3821 3354/4/4027
f 3216/4/3823 3356/4/4028 3355/4/4029
f 3217/4/3824 3216/4/3823 3355/4/4029
f 3218/4/3825 3358/4/4030 3357/4/4031
f 3219/4/3826 3218/4/3825 3357/4/4031
f 3220/4/3827 3340/4/4012 3339/4/4013
f 3221/4/3828 3220/4/3827 3339/4/4013
f 3342/4/4015 3341/4/4014 3223/4/3830
f 3223/4/3830 3222/4/3829 3342/4/4015
f 3339/4/4013 3342/4/4015 3222/4/3829
f 3222/4/3829 3221/4/3828 3339/4/4013
f 3219/4/3826 3357/4/4031 3340/4/4012
f 3220/4/3827 3219/4/3826 3340/4/4012
f 3217/4/3824 3355/4/4029 3358/4/4030
f 3218/4/3825 3217/4/3824 3358/4/4030
f 3215/4/3822 3353/4/4026 3356/4/4028
f 3216/4/3823 3215/4/3822 3356/4/4028
f 3351/4/4024 3354/4/4027 3214/4/3821
f 3214/4/3821 3213/4/3820 3351/4/4024
f 3349/4/4023 3352/4/4025 3212/4/3819
f 3212/4/3819 3211/4/3818 3349/4/4023
f 3209/4/3815 3347/4/4021 3350/4/4022
f 3210/4/3816 3209/4/3815 3350/4/4022
f 3207/4/3817 3345/4/4018 3348/4/4020
f 3208/4/3814 3207/4/3817 3348/4/4020
f 3343/4/4016 3346/4/4019 3206/4/3833
f 3206/4/3833 3225/4/3832 3343/4/4016
f 3341/4/4014 3344/4/4017 3224/4/3831
f 3224/4/3831 3223/4/3830 3341/4/4014
f 3134/4/3750 3359/4/4032 3360/4/4033
f 3135/4/3751 3134/4/3750 3360/4/4033
f 3361/4/4034 3362/4/4035 3137/4/3753
f 3137/4/3753 3136/4/3752 3361/4/4034
f 3363/4/4036 3364/4/4037 3139/4/3755
f 3139/4/3755 3138/4/3754 3363/4/4036
f 3365/4/4038 3366/4/4039 3141/4/3757
f 3141/4/3757 3140/4/3756 3365/4/4038
f 3142/4/3758 3367/4/4040 3368/4/4041
f 3143/4/3759 3142/4/3758 3368/4/4041
f 3144/4/3760 3369/4/4042 3370/4/4043
f 3145/4/3761 3144/4/3760 3370/4/4043
f 3371/4/4044 3372/4/4045 3147/4/3743
f 3147/4/3743 3146/4/3742 3371/4/4044
f 3373/4/4046 3374/4/4047 3149/4/3745
f 3149/4/3745 3148/4/3744 3373/4/4046
f 3150/4/3746 3375/4/4048 3376/4/4049
f 3151/4/3747 3150/4/3746 3376/4/4049
f 3152/4/3748 3377/4/4050 3378/4/4051
f 3133/4/3749 3152/4/3748 3378/4/4051
f 3151/4/3747 3376/4/4049 3377/4/4050
f 3152/4/3748 3151/4/3747 3377/4/4050
f 3149/4/3745 3374/4/4047 3375/4/4048
f 3150/4/3746 3149/4/3745 3375/4/4048
f 3372/4/4045 3373/4/4046 3148/4/3744
f 3148/4/3744 3147/4/3743 3372/4/4045
f 3370/4/4043 3371/4/4044 3146/4/3742
f 3146/4/3742 3145/4/3761 3370/4/4043
f 3143/4/3759 3368/4/4041 3369/4/4042
f 3144/4/3760 3143/4/3759 3369/4/4042
f 3141/4/3757 3366/4/4039 3367/4/4040
f 3142/4/3758 3141/4/3757 3367/4/4040
f 3364/4/4037 3365/4/4038 3140/4/3756
f 3140/4/3756 3139/4/3755 3364/4/4037
f 3362/4/4035 3363/4/4036 3138/4/3754
f 3138/4/3754 3137/4/3753 3362/4/4035
f 3360/4/4033 3361/4/4034 3136/4/3752
f 3136/4/3752 3135/4/3751 3360/4/4033
f 3133/4/3749 3378/4/4051 3359/4/4032
f 3134/4/3750 3133/4/3749 3359/4/4032
f 3379/4/4052 3380/4/4053 3362/4/4035
f 3362/4/4035 3361/4/4034 3379/4/4052
f 3381/4/4054 3382/4/4055 3364/4/4037
f 3364/4/4037 3363/4/4036 3381/4/4054
f 3383/4/4056 3384/4/4057 3366/4/4039
f 3366/4/4039 3365/4/4038 3383/4/4056
f 3367/4/4040 3385/4/4058 3386/4/4059
f 3368/4/4041 3367/4/4040 3386/4/4059
f 3369/4/4042 3387/4/4060 3388/4/4061
f 3370/4/4043 3369/4/4042 3388/4/4061
f 3389/4/4062 3390/4/4063 3372/4/4045
f 3372/4/4045 3371/4/4044 3389/4/4062
f 3391/4/4064 3392/4/4065 3374/4/4047
f 3374/4/4047 3373/4/4046 3391/4/4064
f 3375/4/4048 3393/4/4066 3394/4/4067
f 3376/4/4049 3375/4/4048 3394/4/4067
f 3377/4/4050 3395/4/4068 3396/4/4069
f 3378/4/4051 3377/4/4050 3396/4/4069
f 3397/4/4070 3398/4/4071 3360/4/4033
f 3360/4/4033 3359/4/4032 3397/4/4070
f 3398/4/4071 3379/4/4052 3361/4/4034
f 3361/4/4034 3360/4/4033 3398/4/4071
f 3378/4/4051 3396/4/4069 3397/4/4070
f 3359/4/4032 3378/4/4051 3397/4/4070
f 3376/4/4049 3394/4/4067 3395/4/4068
f 3377/4/4050 3376/4/4049 3395/4/4068
f 3374/4/4047 3392/4/4065 3393/4/4066
f 3375/4/4048 3374/4/4047 3393/4/4066
f 3390/4/4063 3391/4/4064 3373/4/4046
f 3373/4/4046 3372/4/4045 3390/4/4063
f 3388/4/4061 3389/4/4062 3371/4/4044
f 3371/4/4044 3370/4/4043 3388/4/4061
f 3368/4/4041 3386/4/4059 3387/4/4060
f 3369/4/4042 3368/4/4041 3387/4/4060
f 3366/4/4039 3384/4/4057 3385/4/4058
f 3367/4/4040 3366/4/4039 3385/4/4058
f 3382/4/4055 3383/4/4056 3365/4/4038
f 3365/4/4038 3364/4/4037 3382/4/4055
f 3380/4/4053 3381/4/4054 3363/4/4036
f 3363/4/4036 3362/4/4035 3380/4/4053
f 3399/4/4072 3400/4/4073 3384/4/4057
f 3384/4/4057 3383/4/4056 3399/4/4072
f 3385/4/4058 3401/4/4074 3402/4/4075
f 3386/4/4059 3385/4/4058 3402/4/4075
f 3387/4/4060 3403/4/4076 3404/4/4077
f 3388/4/4061 3387/4/4060 3404/4/4077
f 3405/4/4078 3406/4/4079 3390/4/4063
f 3390/4/4063 3389/4/4062 3405/4/4078
f 3407/4/4080 3408/4/4081 3392/4/4065
f 3392/4/4065 3391/4/4064 3407/4/4080
f 3393/4/4066 3409/4/4082 3410/4/4083
f 3394/4/4067 3393/4/4066 3410/4/4083
f 3395/4/4068 3411/4/4084 3412/4/4085
f 3396/4/4069 3395/4/4068 3412/4/4085
f 3397/4/4070 3413/4/4086 3414/4/4087
f 3398/4/4071 3397/4/4070 3414/4/4087
f 3415/4/4088 3416/4/4089 3380/4/4053
f 3380/4/4053 3379/4/4052 3415/4/4088
f 3417/4/4090 3418/4/4091 3382/4/4055
f 3382/4/4055 3381/4/4054 3417/4/4090
f 3416/4/4089 3417/4/4090 3381/4/4054
f 3381/4/4054 3380/4/4053 3416/4/4089
f 3414/4/4087 3415/4/4088 3379/4/4052
f 3379/4/4052 3398/4/4071 3414/4/4087
f 3396/4/4069 3412/4/4085 3413/4/4086
f 3397/4/4070 3396/4/4069 3413/4/4086
f 3394/4/4067 3410/4/4083 3411/4/4084
f 3395/4/4068 3394/4/4067 3411/4/4084
f 3408/4/4081 3409/4/4082 3393/4/4066
f 3393/4/4066 3392/4/4065 3408/4/4081
f 3406/4/4079 3407/4/4080 3391/4/4064
f 3391/4/4064 3390/4/4063 3406/4/4079
f 3404/4/4077 3405/4/4078 3389/4/4062
f 3389/4/4062 3388/4/4061 3404/4/4077
f 3386/4/4059 3402/4/4075 3403/4/4076
f 3387/4/4060 3386/4/4059 3403/4/4076
f 3384/4/4057 3400/4/4073 3401/4/4074
f 3385/4/4058 3384/4/4057 3401/4/4074
f 3418/4/4091 3399/4/4072 3383/4/4056
f 3383/4/4056 3382/4/4055 3418/4/4091
f 3419/4/4092 3420/4/4093 3421/4/4094
f 3419/4/4092 3421/4/4094 3422/4/4092
f 3424/4/4095 3425/4/4096 3426/4/4097
f 3423/4/4098 3424/4/4095 3426/4/4097
f 3428/4/4099 3429/4/4100 3430/4/4101
f 3427/4/4102 3428/4/4099 3430/4/4101
f 3431/4/4103 3432/4/4104 3433/4/4104
f 3431/4/4103 3433/4/4104 3434/4/4105
f 3434/4/4105 3236/4/3845 3235/4/3848
f 3235/4/3848 3431/4/4103 3434/4/4105
f 3433/4/4104 3432/4/4104 3427/4/4102
f 3427/4/4102 3430/4/4101 3433/4/4104
f 3429/4/4100 3428/4/4099 3423/4/4098
f 3423/4/4098 3426/4/4097 3429/4/4100
f 3425/4/4096 3424/4/4095 3419/4/4092
f 3419/4/4092 3422/4/4092 3425/4/4096
f 3420/4/4093 3174/4/3787 3177/4/3786
f 3420/4/4093 3177/4/3786 3421/4/4094
f 3435/4/4106 3234/4/3847 3237/4/3846
f 3435/4/4106 3237/4/3846 3436/4/4107
f 3440/4/4108 3437/4/4109 3438/4/4110
f 3438/4/4110 3439/4/4111 3440/4/4108
f 3444/4/4112 3441/4/4113 3442/4/4114
f 3442/4/4114 3443/4/4115 3444/4/4112
f 3446/4/4116 3447/4/4117 3448/4/4118
f 3445/4/4119 3446/4/4116 3448/4/4118
f 3175/4/3788 3449/4/4120 3450/4/4121
f 3175/4/3788 3450/4/4121 3176/4/3785
f 3448/4/4118 3450/4/4121 3449/4/4120
f 3449/4/4120 3445/4/4119 3448/4/4118
f 3447/4/4117 3446/4/4116 3441/4/4113
f 3441/4/4113 3444/4/4112 3447/4/4117
f 3437/4/4109 3440/4/4108 3443/4/4115
f 3442/4/4114 3437/4/4109 3443/4/4115
f 3436/4/4107 3439/4/4111 3438/4/4110
f 3438/4/4110 3435/4/4106 3436/4/4107
f 3452/4/4122 3405/4/4123 3404/4/4124
f 3451/4/4125 3452/4/4122 3404/4/4124
f 3405/4/4123 3452/4/4122 3453/4/4126
f 3453/4/4126 3406/4/4127 3405/4/4123
f 3451/4/4125 3404/4/4124 3403/4/4128
f 3454/4/4129 3451/4/4125 3403/4/4128
f 3455/4/4130 3456/4/4131 3412/4/4132
f 3455/4/4130 3412/4/4132 3411/4/4133
f 3410/4/4134 3409/4/4135 3457/4/4136
f 3457/4/4136 3458/4/4137 3410/4/4134
f 3459/4/4138 3460/4/4139 3408/4/4140
f 3459/4/4138 3408/4/4140 3407/4/4141
f 3406/4/4127 3453/4/4126 3459/4/4138
f 3459/4/4138 3407/4/4141 3406/4/4127
f 3409/4/4135 3408/4/4140 3460/4/4139
f 3460/4/4139 3457/4/4136 3409/4/4135
f 3458/4/4137 3455/4/4130 3411/4/4133
f 3458/4/4137 3411/4/4133 3410/4/4134
f 3461/4/4142 3413/4/4143 3412/4/4132
f 3456/4/4131 3461/4/4142 3412/4/4132
f 3402/4/4144 3462/4/4145 3454/4/4129
f 3454/4/4129 3403/4/4128 3402/4/4144
f 3463/4/4146 3464/4/4147 3401/4/4148
f 3463/4/4146 3401/4/4148 3400/4/4149
f 3465/4/4150 3466/4/4151 3399/4/4152
f 3465/4/4150 3399/4/4152 3418/4/4153
f 3468/4/4154 3417/4/4155 3416/4/4156
f 3467/4/4157 3468/4/4154 3416/4/4156
f 3414/4/4158 3469/4/4159 3470/4/4160
f 3470/4/4160 3415/4/4161 3414/4/4158
f 3469/4/4159 3414/4/4158 3413/4/4143
f 3461/4/4142 3469/4/4159 3413/4/4143
f 3467/4/4157 3416/4/4156 3415/4/4161
f 3470/4/4160 3467/4/4157 3415/4/4161
f 3468/4/4154 3465/4/4150 3418/4/4153
f 3468/4/4154 3418/4/4153 3417/4/4155
f 3466/4/4151 3463/4/4146 3400/4/4149
f 3466/4/4151 3400/4/4149 3399/4/4152
f 3402/4/4144 3401/4/4148 3464/4/4147
f 3464/4/4147 3462/4/4145 3402/4/4144
f 3432/4/4162 3431/4/4163 3454/4/4164
f 3454/4/4164 3462/4/4165 3432/4/4162
f 3451/4/4166 3235/4/4167 3234/4/4168
f 3452/4/4169 3451/4/4166 3234/4/4168
f 3453/4/4170 3435/4/4171 3438/4/4172
f 3459/4/4173 3453/4/4170 3438/4/4172
f 3437/4/4174 3442/4/4175 3457/4/4176
f 3457/4/4176 3460/4/4177 3437/4/4174
f 3458/4/4178 3441/4/4179 3446/4/4180
f 3455/4/4181 3458/4/4178 3446/4/4180
f 3445/4/4182 3449/4/4183 3461/4/4184
f 3461/4/4184 3456/4/4185 3445/4/4182
f 3469/4/4186 3175/4/4187 3174/4/4188
f 3470/4/4189 3469/4/4186 3174/4/4188
f 3467/4/4190 3420/4/4191 3419/4/4192
f 3468/4/4193 3467/4/4190 3419/4/4192
f 3424/4/4194 3423/4/4195 3466/4/4196
f 3466/4/4196 3465/4/4197 3424/4/4194
f 3463/4/4198 3428/4/4199 3427/4/4200
f 3464/4/4201 3463/4/4198 3427/4/4200
f 3466/4/4196 3423/4/4195 3428/4/4199
f 3463/4/4198 3466/4/4196 3428/4/4199
f 3419/4/4192 3424/4/4194 3465/4/4197
f 3465/4/4197 3468/4/4193 3419/4/4192
f 3470/4/4189 3174/4/4188 3420/4/4191
f 3467/4/4190 3470/4/4189 3420/4/4191
f 3449/4/4183 3175/4/4187 3469/4/4186
f 3469/4/4186 3461/4/4184 3449/4/4183
f 3455/4/4181 3446/4/4180 3445/4/4182
f 3456/4/4185 3455/4/4181 3445/4/4182
f 3442/4/4175 3441/4/4179 3458/4/4178
f 3458/4/4178 3457/4/4176 3442/4/4175
f 3438/4/4172 3437/4/4174 3460/4/4177
f 3460/4/4177 3459/4/4173 3438/4/4172
f 3452/4/4169 3234/4/4168 3435/4/4171
f 3453/4/4170 3452/4/4169 3435/4/4171
f 3431/4/4163 3235/4/4167 3451/4/4166
f 3451/4/4166 3454/4/4164 3431/4/4163
f 3464/4/4201 3427/4/4200 3432/4/4162
f 3462/4/4165 3464/4/4201 3432/4/4162
f 3244/4/4202 3155/4/3768 3161/4/3767
f 3161/4/3767 3159/4/3763 3244/4/4202
f 3164/4/3772 3244/4/4202 3159/4/3763
f 3159/4/3763 3158/4/3766 3164/4/3772
f 3244/4/4203 3471/4/26 3472/4/26
f 3472/4/26 3155/4/4204 3244/4/4203
f 3240/4/3850 3239/4/4205 3238/4/4206
f 3241/4/4207 3240/4/3850 3238/4/4206
f 3173/4/3783 3172/4/3782 3241/4/4207
f 3241/4/4207 3238/4/4206 3173/4/3783
f 3239/4/4205 3240/4/3850 3171/4/3780
f 3239/4/4205 3171/4/3780 3170/4/3779
f 3156/4/3853 3243/4/4208 3160/4/3764
f 3160/4/3764 3167/4/3774 3156/4/3853
f 3160/4/3764 3243/4/4209 3163/4/3771
f 3160/4/3764 3163/4/3771 3157/4/3765
