# Blender 5.0.1
# www.blender.org
mtllib LlantaDelDer2.mtl
g LlantaDelanteraDer_Mesh
v 2.273846 0.816316 -4.253181
v 2.238100 0.583875 -4.068977
v 2.238100 0.398901 -4.086521
v 2.273846 0.213988 -4.310299
v 2.273851 0.213988 -4.516609
v 2.278156 0.446430 -4.700817
v 2.273851 0.863852 -4.454979
v 2.278156 0.678936 -4.678764
v 2.273821 2.682460 -3.586628
v 2.238087 2.387079 -3.503643
v 2.238087 2.226009 -3.587559
v 2.273829 2.157961 -3.859852
v 2.273836 2.250963 -4.048325
v 2.278137 2.546344 -4.131298
v 2.273829 2.816861 -3.753529
v 2.278137 2.748813 -4.025833
v 2.273785 4.086797 -2.292824
v 2.238052 3.779545 -2.325428
v 2.238060 3.670229 -2.461189
v 2.273802 3.730813 -2.734924
v 2.273802 3.900735 -2.872971
v 2.278101 4.207984 -2.840370
v 2.273785 4.284818 -2.395985
v 2.278101 4.345401 -2.669716
v 2.273737 4.786500 -0.595509
v 2.238008 4.520511 -0.738049
v 2.238008 4.481839 -0.902199
v 2.273750 4.660575 -1.130035
v 2.273750 4.878039 -1.193787
v 2.278049 5.144034 -1.051250
v 2.273737 5.013904 -0.617073
v 2.278042 5.192637 -0.844910
v 2.273687 4.660575 1.211853
v 2.237959 4.481839 0.984016
v 2.237959 4.520511 0.819874
v 2.273701 4.786500 0.677334
v 2.273701 5.013904 0.698895
v 2.277992 5.192637 0.926731
v 2.273680 4.878039 1.275608
v 2.277987 5.144034 1.133068
v 2.273636 3.730813 2.816753
v 2.237909 3.670229 2.543018
v 2.237915 3.779545 2.407257
v 2.273651 4.086797 2.374649
v 2.273651 4.284818 2.477806
v 2.277935 4.345401 2.751541
v 2.273636 3.900735 2.954792
v 2.277935 4.207986 2.922199
v 2.273609 2.157961 3.941673
v 2.237881 2.226010 3.669376
v 2.237881 2.387080 3.585472
v 2.273617 2.682467 3.668446
v 2.273609 2.816861 3.835350
v 2.277901 2.748814 4.107651
v 2.273600 2.250964 4.130150
v 2.277891 2.546344 4.213127
v 2.273596 0.213988 4.392128
v 2.237864 0.398902 4.168339
v 2.237864 0.583876 4.150803
v 2.273596 0.816317 4.335011
v 2.273586 0.863852 4.536812
v 2.277878 0.678937 4.760590
v 2.273586 0.213988 4.598438
v 2.277878 0.446431 4.782639
v 2.273600 -1.764974 4.090218
v 2.237875 -1.495167 3.953640
v 2.237864 -1.318284 4.005497
v 2.273596 -1.188971 4.259079
v 2.273596 -1.236513 4.460884
v 2.277887 -1.506320 4.597462
v 2.273596 -1.857976 4.278679
v 2.277887 -1.728672 4.532272
v 2.273630 -3.436757 3.088139
v 2.237894 -3.128702 3.062382
v 2.237894 -2.990489 3.174675
v 2.273623 -2.986670 3.453796
v 2.273617 -3.121071 3.620705
v 2.277914 -3.429119 3.646450
v 2.273630 -3.606671 3.226189
v 2.277914 -3.602860 3.505302
v 2.273670 -4.512268 1.559174
v 2.237938 -4.219250 1.648697
v 2.237928 -4.143601 1.802002
v 2.273657 -4.265931 2.058392
v 2.273657 -4.463958 2.161541
v 2.277958 -4.756976 2.072018
v 2.273670 -4.729739 1.622921
v 2.277966 -4.852067 1.879311
v 2.273731 -4.805573 -0.232323
v 2.237986 -4.578234 -0.042995
v 2.237978 -4.578234 0.124821
v 2.273708 -4.805573 0.314144
v 2.273708 -5.032977 0.335709
v 2.278015 -5.260302 0.146385
v 2.273731 -5.032977 -0.253891
v 2.278023 -5.260302 -0.064560
v 2.273779 -4.265931 -1.976562
v 2.238039 -4.143601 -1.720177
v 2.238029 -4.219250 -1.566872
v 2.273766 -4.512268 -1.477345
v 2.273766 -4.729739 -1.541100
v 2.278072 -4.852067 -1.797482
v 2.273779 -4.463958 -2.079720
v 2.278078 -4.756976 -1.990189
v 2.273815 -2.986671 -3.371967
v 2.238073 -2.990489 -3.092850
v 2.238073 -3.128702 -2.980553
v 2.273808 -3.436757 -3.006313
v 2.273815 -3.606672 -3.144360
v 2.278116 -3.602860 -3.423477
v 2.273821 -3.121072 -3.538876
v 2.278120 -3.429120 -3.564629
v 2.273846 -1.188971 -4.177254
v 2.238100 -1.318285 -3.923672
v 2.238096 -1.495168 -3.871811
v 2.273836 -1.764975 -4.008385
v 2.273846 -1.857976 -4.196861
v 2.278151 -1.728673 -4.450443
v 2.273851 -1.236514 -4.379055
v 2.278151 -1.506320 -4.515633
v -3.444941 0.011618 -6.094391
v -3.444941 1.425335 -5.960316
v -3.444954 2.777264 -5.563976
v -3.444967 4.008328 -4.922676
v -3.444998 5.064712 -4.064449
v -3.445024 5.900250 -3.026810
v -3.445061 6.478428 -1.855095
v -3.445095 6.773972 -0.600521
v -3.445131 6.773972 0.682072
v -3.445166 6.478428 1.936646
v -3.445204 5.900252 3.108364
v -3.445232 5.064712 4.146008
v -3.445261 4.008328 5.004230
v -3.445276 2.777264 5.645531
v -3.445290 1.425336 6.041874
v -3.445290 0.011619 6.175945
v -3.445290 -1.402099 6.041874
v -3.445276 -2.754027 5.645531
v -3.445261 -3.985092 5.004230
v -3.445232 -5.041473 4.146008
v -3.445204 -5.877015 3.108368
v -3.445166 -6.455193 1.936649
v -3.445131 -6.750738 0.682076
v -3.445095 -6.750738 -0.600517
v -3.445061 -6.455193 -1.855095
v -3.445024 -5.877016 -3.026806
v -3.444998 -5.041474 -4.064449
v -3.444967 -3.985093 -4.922672
v -3.444954 -2.754028 -5.563976
v -3.444941 -1.402100 -5.960316
v 4.252645 0.011617 -6.934143
v 4.252638 1.618876 -6.781719
v 4.252623 3.155900 -6.331116
v 4.252602 4.555499 -5.602024
v 4.252575 5.756505 -4.626297
v 4.252544 6.706435 -3.446598
v 4.252501 7.363772 -2.114468
v 4.252460 7.699775 -0.688137
v 4.252424 7.699775 0.770054
v 4.252382 7.363772 2.196381
v 4.252338 6.706435 3.528503
v 4.252310 5.756505 4.708214
v 4.252281 4.555501 5.683937
v 4.252262 3.155902 6.413033
v 4.252245 1.618878 6.863636
v 4.252237 0.011619 7.016064
v 4.252245 -1.595647 6.863636
v 4.252262 -3.132663 6.413033
v 4.252281 -4.532264 5.683937
v 4.252310 -5.733268 4.708214
v 4.252338 -6.683198 3.528507
v 4.252382 -7.340529 2.196381
v 4.252424 -7.676546 0.770058
v 4.252460 -7.676546 -0.688137
v 4.252501 -7.340529 -2.114468
v 4.252544 -6.683199 -3.446594
v 4.252575 -5.733269 -4.626297
v 4.252602 -4.532265 -5.602024
v 4.252623 -3.132664 -6.331112
v 4.252638 -1.595649 -6.781719
v 2.082220 5.322785 -0.585178
v 2.082275 4.581382 -2.480202
v 2.082319 3.049821 -3.939304
v 2.082340 0.992928 -4.710186
v 2.082340 -1.233643 -4.659565
v 2.082314 -3.244895 -3.796200
v 2.082270 -4.693063 -2.269356
v 2.082212 -5.327754 -0.343037
v 2.082155 -5.039220 1.649658
v 2.082108 -3.877348 3.364197
v 2.082071 -2.043042 4.504097
v 2.082064 0.146536 4.872265
v 2.082077 2.312788 4.405060
v 2.082111 4.081143 3.183258
v 2.082163 5.145835 1.418114
v 2.082186 5.322785 0.666988
v 2.082125 4.581382 2.562027
v 2.082085 3.049823 4.021114
v 2.082064 0.992928 4.792007
v 2.082064 -1.233643 4.741390
v 2.082090 -3.244894 3.878014
v 2.082134 -4.693063 2.351162
v 2.082191 -5.327754 0.424858
v 2.082249 -5.039220 -1.567848
v 2.082300 -3.877348 -3.282368
v 2.082335 -2.043043 -4.422268
v 2.082340 0.146535 -4.790459
v 2.082327 2.312788 -4.323254
v 2.082293 4.081143 -3.101440
v 2.082239 5.145835 -1.336292
v -1.851282 -0.526942 -2.245312
v -1.851355 0.011618 0.040813
v -1.851282 0.011618 -2.296387
v -1.851290 -1.041960 -2.094330
v -1.851295 -1.510936 -1.850025
v -1.851303 -1.913372 -1.523083
v -1.851320 -2.231667 -1.127789
v -1.851326 -2.451930 -0.681423
v -1.851339 -2.564512 -0.203491
v -1.851360 -2.564512 0.285122
v -1.851368 -2.451930 0.763058
v -1.851383 -2.231667 1.209419
v -1.851397 -1.913371 1.604702
v -1.851404 -1.510936 1.931660
v -1.851410 -1.041958 2.175957
v -1.851418 -0.526941 2.326942
v -1.851418 0.011618 2.378021
v -1.851418 0.550178 2.326942
v -1.851410 1.065197 2.175957
v -1.851404 1.534173 1.931656
v -1.851397 1.936607 1.604702
v -1.851383 2.254905 1.209419
v -1.851368 2.475167 0.763058
v -1.851360 2.587751 0.285122
v -1.851339 2.587751 -0.203491
v -1.851326 2.475167 -0.681423
v -1.851320 2.254905 -1.127789
v -1.851303 1.936607 -1.523083
v -1.851295 1.534172 -1.850025
v -1.851290 1.065197 -2.094330
v -1.851282 0.550177 -2.245312
v -1.308718 0.011618 -2.588524
v -1.308718 0.617493 -2.531071
v -1.308723 1.196890 -2.361214
v -1.308733 1.724491 -2.086376
v -1.308737 2.177232 -1.718563
v -1.308754 2.535312 -1.273846
v -1.308767 2.783107 -0.771698
v -1.308781 2.909772 -0.234024
v -1.308794 2.909772 0.315674
v -1.308819 2.783107 0.853340
v -1.308832 2.535312 1.355499
v -1.308846 2.177232 1.800209
v -1.308855 1.724491 2.168022
v -1.308861 1.196891 2.442856
v -1.308868 0.617493 2.612717
v -1.308868 0.011618 2.670177
v -1.308868 -0.594264 2.612717
v -1.308861 -1.173662 2.442856
v -1.308855 -1.701254 2.168022
v -1.308846 -2.153996 1.800209
v -1.308832 -2.512075 1.355499
v -1.308819 -2.759870 0.853340
v -1.308794 -2.886535 0.315674
v -1.308781 -2.886535 -0.234024
v -1.308767 -2.759870 -0.771698
v -1.308754 -2.512075 -1.273842
v -1.308737 -2.153996 -1.718563
v -1.308733 -1.701254 -2.086376
v -1.308723 -1.173662 -2.361214
v -1.308718 -0.594264 -2.531071
v -1.308704 -0.720483 -3.066879
v -1.308704 0.011618 -3.136307
v -1.308710 -1.420596 -2.861629
v -1.308718 -2.058107 -2.529526
v -1.308733 -2.605164 -2.085102
v -1.308746 -3.037852 -1.547737
v -1.308760 -3.337266 -0.940964
v -1.308781 -3.490314 -0.291283
v -1.308804 -3.490314 0.372932
v -1.308819 -3.337266 1.022621
v -1.308838 -3.037852 1.629391
v -1.308855 -2.605164 2.166748
v -1.308868 -2.058106 2.611179
v -1.308874 -1.420595 2.943298
v -1.308882 -0.720482 3.148540
v -1.308882 0.011618 3.217960
v -1.308882 0.743719 3.148540
v -1.308874 1.443831 2.943298
v -1.308868 2.081344 2.611179
v -1.308855 2.628394 2.166748
v -1.308838 3.061089 1.629391
v -1.308819 3.360503 1.022621
v -1.308804 3.513551 0.372932
v -1.308781 3.513551 -0.291283
v -1.308760 3.360503 -0.940964
v -1.308746 3.061089 -1.547737
v -1.308733 2.628393 -2.085102
v -1.308718 2.081343 -2.529530
v -1.308710 1.443831 -2.861633
v -1.308704 0.743719 -3.066879
v -4.597919 -1.124404 -4.781563
v -3.987543 -1.132823 -4.817272
v -3.987534 0.011618 -4.925797
v -4.597919 0.011618 -4.889290
v -4.597925 -2.210782 -4.463074
v -3.987547 -2.227248 -4.496414
v -4.597940 -3.200022 -3.947739
v -3.987564 -3.223814 -3.977268
v -4.597960 -4.048904 -3.258095
v -3.987583 -4.078986 -3.282513
v -4.597990 -4.720322 -2.424274
v -3.987604 -4.755375 -2.442520
v -4.598013 -5.184927 -1.482723
v -3.987635 -5.223418 -1.493992
v -4.598040 -5.422413 -0.474583
v -3.987661 -5.462671 -0.478386
v -4.598070 -5.422413 0.556084
v -3.987692 -5.462671 0.559910
v -4.598104 -5.184927 1.564220
v -3.987726 -5.223418 1.575516
v -4.598135 -4.720322 2.505775
v -3.987755 -4.755375 2.524040
v -4.598154 -4.048903 3.339592
v -3.987776 -4.078985 3.364048
v -4.598175 -3.200022 4.029240
v -3.987799 -3.223814 4.058804
v -4.598188 -2.210782 4.544563
v -3.987812 -2.227247 4.577950
v -4.598196 -1.124403 4.863056
v -3.987820 -1.132823 4.898796
v -4.598206 0.011618 4.970798
v -3.987827 0.011618 5.007324
v -4.598196 1.147641 4.863056
v -3.987820 1.156053 4.898796
v -4.598188 2.234011 4.544563
v -3.987812 2.250484 4.577950
v -4.598175 3.223260 4.029236
v -3.987799 3.247052 4.058804
v -4.598154 4.072141 3.339592
v -3.987776 4.102221 3.364048
v -4.598135 4.743552 2.505775
v -3.987755 4.778605 2.524040
v -4.598104 5.208161 1.564220
v -3.987726 5.246654 1.575516
v -4.598070 5.445659 0.556084
v -3.987692 5.485908 0.559910
v -4.598040 5.445659 -0.474583
v -3.987661 5.485908 -0.478386
v -4.598013 5.208161 -1.482723
v -3.987635 5.246654 -1.493996
v -4.597990 4.743552 -2.424274
v -3.987604 4.778605 -2.442520
v -4.597960 4.072141 -3.258095
v -3.987583 4.102221 -3.282516
v -4.597940 3.223260 -3.947739
v -3.987564 3.247052 -3.977268
v -4.597925 2.234010 -4.463074
v -3.987547 2.250483 -4.496414
v -4.597919 1.147640 -4.781563
v -3.987543 1.156052 -4.817272
v -4.869184 0.011618 -5.327522
v -4.869184 1.248618 -5.210224
v -4.869196 2.431566 -4.863411
v -4.869211 3.508742 -4.302284
v -4.869234 4.433078 -3.551331
v -4.869263 5.164174 -2.643394
v -4.869289 5.670077 -1.618134
v -4.869320 5.928681 -0.520401
v -4.869354 5.928681 0.601883
v -4.869385 5.670077 1.699627
v -4.869411 5.164174 2.724880
v -4.869440 4.433078 3.632824
v -4.869461 3.508742 4.383770
v -4.869474 2.431566 4.944908
v -4.869490 1.248619 5.291710
v -4.869490 0.011618 5.409016
v -4.869490 -1.225388 5.291710
v -4.869474 -2.408328 4.944908
v -4.869461 -3.485505 4.383770
v -4.869440 -4.409842 3.632824
v -4.869411 -5.140937 2.724884
v -4.869385 -5.646841 1.699627
v -4.869354 -5.905450 0.601883
v -4.869320 -5.905450 -0.520401
v -4.869289 -5.646841 -1.618134
v -4.869263 -5.140937 -2.643394
v -4.869234 -4.409842 -3.551331
v -4.869211 -3.485506 -4.302280
v -4.869196 -2.408329 -4.863411
v -4.869184 -1.225389 -5.210224
v 0.488569 -1.048669 -4.459957
v -1.817308 -1.082332 -4.602890
v -1.817303 0.011618 -4.706631
v 0.488569 0.011618 -4.560505
v -4.055340 -1.267463 -5.388798
v -4.055340 0.011618 -5.510113
v 0.488562 -2.062622 -4.162701
v -1.817316 -2.128466 -4.296196
v -4.055353 -2.490638 -5.030197
v 0.488548 -2.985918 -3.681725
v -1.817329 -3.081074 -3.799953
v -4.055367 -3.604454 -4.449986
v 0.488527 -3.778209 -3.038055
v -1.817352 -3.898514 -3.135849
v -4.055389 -4.560234 -3.673500
v 0.488504 -4.404860 -2.259819
v -1.817373 -4.545061 -2.332905
v -4.055418 -5.316190 -2.734673
v 0.488478 -4.838494 -1.381031
v -1.817404 -4.992461 -1.426228
v -4.055445 -5.839304 -1.674553
v 0.488455 -5.060151 -0.440109
v -1.817423 -5.221164 -0.455433
v -4.055483 -6.106708 -0.539471
v 0.488428 -5.060151 0.521839
v -1.817457 -5.221164 0.537052
v -4.055519 -6.106708 0.620979
v 0.488400 -4.838494 1.462769
v -1.817488 -4.992461 1.507851
v -4.055546 -5.839304 1.756081
v 0.488369 -4.404860 2.341557
v -1.817507 -4.545061 2.414536
v -4.055582 -5.316190 2.816196
v 0.488350 -3.778208 3.119793
v -1.817528 -3.898513 3.217484
v -4.055609 -4.560233 3.755009
v 0.488327 -2.985918 3.763458
v -1.817553 -3.081073 3.881580
v -4.055634 -3.604454 4.531502
v 0.488319 -2.062622 4.244431
v -1.817566 -2.128466 4.377827
v -4.055647 -2.490637 5.111732
v 0.488306 -1.048669 4.541691
v -1.817572 -1.082332 4.684521
v -4.055653 -1.267462 5.470318
v 0.488306 0.011618 4.642242
v -1.817579 0.011618 4.788265
v -4.055660 0.011618 5.591625
v 0.488306 1.071908 4.541691
v -1.817572 1.105567 4.684521
v -4.055653 1.290698 5.470318
v 0.488319 2.085859 4.244431
v -1.817566 2.151702 4.377827
v -4.055647 2.513874 5.111732
v 0.488327 3.009148 3.763458
v -1.817553 3.104310 3.881580
v -4.055634 3.627690 4.531502
v 0.488350 3.801438 3.119793
v -1.817528 3.921750 3.217484
v -4.055609 4.583463 3.755009
v 0.488369 4.428090 2.341557
v -1.817507 4.568297 2.414536
v -4.055582 5.339429 2.816196
v 0.488400 4.861724 1.462769
v -1.817488 5.015698 1.507851
v -4.055546 5.862542 1.756081
v 0.488428 5.083386 0.521839
v -1.817457 5.244393 0.537048
v -4.055519 6.129944 0.620979
v 0.488455 5.083386 -0.440109
v -1.817423 5.244393 -0.455433
v -4.055483 6.129944 -0.539471
v 0.488478 4.861724 -1.381035
v -1.817404 5.015698 -1.426228
v -4.055445 5.862542 -1.674557
v 0.488504 4.428090 -2.259823
v -1.817373 4.568297 -2.332909
v -4.055418 5.339429 -2.734676
v 0.488527 3.801438 -3.038059
v -1.817352 3.921750 -3.135849
v -4.055389 4.583463 -3.673500
v 0.488548 3.009146 -3.681725
v -1.817329 3.104310 -3.799953
v -4.055367 3.627690 -4.449986
v 0.488562 2.085858 -4.162701
v -1.817316 2.151702 -4.296196
v -4.055353 2.513873 -5.030197
v 0.488569 1.071907 -4.459957
v -1.817308 1.105567 -4.602890
v -4.055340 1.290697 -5.388798
v 0.488585 0.011618 -5.035252
v 0.488585 1.181301 -4.924328
v 0.488569 2.299862 -4.596397
v 0.488554 3.318421 -4.065804
v 0.488535 4.192454 -3.355721
v 0.488512 4.883759 -2.497196
v 0.488483 5.362136 -1.527740
v 0.488455 5.606665 -0.489731
v 0.488420 5.606665 0.571461
v 0.488390 5.362136 1.609478
v 0.488363 4.883759 2.578922
v 0.488342 4.192454 3.437458
v 0.488319 3.318421 4.147537
v 0.488306 2.299863 4.678139
v 0.488293 1.181302 5.006065
v 0.488293 0.011618 5.116993
v 0.488293 -1.158066 5.006065
v 0.488306 -2.276633 4.678139
v 0.488319 -3.295185 4.147537
v 0.488342 -4.169216 3.437458
v 0.488363 -4.860521 2.578922
v 0.488390 -5.338900 1.609478
v 0.488420 -5.583428 0.571465
v 0.488455 -5.583428 -0.489731
v 0.488483 -5.338900 -1.527737
v 0.488512 -4.860521 -2.497196
v 0.488535 -4.169217 -3.355721
v 0.488554 -3.295186 -4.065804
v 0.488569 -2.276634 -4.596397
v 0.488585 -1.158067 -4.924328
v -2.936321 -1.233800 -5.245895
v -2.936321 0.011618 -5.364002
v -1.851206 -1.183309 -5.031540
v -1.851198 0.011618 -5.144859
v -2.936335 -2.424786 -4.896732
v -1.851212 -2.326013 -4.696537
v -2.936348 -3.509298 -4.331772
v -1.851225 -3.366557 -4.154495
v -2.936371 -4.439921 -3.575718
v -1.851255 -4.259449 -3.429077
v -2.936398 -5.175992 -2.661602
v -1.851276 -4.965683 -2.552017
v -2.936428 -5.685338 -1.629383
v -1.851303 -5.454382 -1.561653
v -2.936457 -5.945702 -0.524166
v -1.851334 -5.704185 -0.501236
v -2.936493 -5.945702 0.605743
v -1.851368 -5.704185 0.582863
v -2.936520 -5.685338 1.710960
v -1.851397 -5.454382 1.643276
v -2.936556 -5.175992 2.743187
v -1.851425 -4.965683 2.633652
v -2.936577 -4.439920 3.657307
v -1.851456 -4.259448 3.510704
v -2.936598 -3.509297 4.413361
v -1.851475 -3.366557 4.236115
v -2.936621 -2.424786 4.978313
v -1.851488 -2.326012 4.778164
v -2.936628 -1.233799 5.327469
v -1.851496 -1.183308 5.113163
v -2.936634 0.011618 5.445580
v -1.851505 0.011618 5.226490
v -2.936628 1.257038 5.327469
v -1.851496 1.206545 5.113163
v -2.936621 2.448023 4.978313
v -1.851488 2.349249 4.778164
v -2.936598 3.532527 4.413361
v -1.851475 3.389792 4.236115
v -2.936577 4.463151 3.657303
v -1.851456 4.282687 3.510704
v -2.936556 5.199220 2.743187
v -1.851425 4.988914 2.633652
v -2.936520 5.708567 1.710960
v -1.851397 5.477612 1.643276
v -2.936493 5.968937 0.605743
v -1.851368 5.727421 0.582859
v -2.936457 5.968937 -0.524170
v -1.851334 5.727421 -0.501236
v -2.936428 5.708567 -1.629383
v -1.851303 5.477612 -1.561653
v -2.936398 5.199220 -2.661606
v -1.851276 4.988914 -2.552017
v -2.936371 4.463151 -3.575722
v -1.851255 4.282685 -3.429077
v -2.936348 3.532527 -4.331776
v -1.851225 3.389792 -4.154495
v -2.936335 2.448022 -4.896732
v -1.851212 2.349248 -4.696537
v -2.936321 1.257037 -5.245895
v -1.851206 1.206544 -5.031540
v 2.082340 -1.132823 -4.817131
v 2.557093 -1.183309 -5.031437
v 2.557100 0.011618 -5.144760
v 2.082348 0.011618 -4.925652
v 3.710035 -1.233800 -5.245739
v 3.981325 -1.317954 -5.602936
v 3.981325 0.011618 -5.729027
v 3.710035 0.011618 -5.363846
v 4.184805 -1.444173 -6.138748
v 4.184805 0.011618 -6.276806
v 2.082335 -2.227248 -4.496265
v 2.557087 -2.326021 -4.696430
v 3.710022 -2.424786 -4.896576
v 3.981310 -2.589411 -5.230190
v 4.184790 -2.836344 -5.730610
v 2.082319 -3.223814 -3.977127
v 2.557070 -3.366557 -4.154385
v 3.710009 -3.509298 -4.331623
v 3.981287 -3.747195 -4.627060
v 4.184769 -4.104041 -5.070221
v 2.082300 -4.078986 -3.282368
v 2.557053 -4.259449 -3.428974
v 3.709988 -4.439921 -3.575569
v 3.981264 -4.740698 -3.819920
v 4.184748 -5.191867 -4.186447
v 2.082275 -4.755375 -2.442379
v 2.557022 -4.965683 -2.551918
v 3.709959 -5.175992 -2.661449
v 3.981237 -5.526505 -2.844036
v 4.184711 -6.052277 -3.117924
v 2.082249 -5.223424 -1.493851
v 2.556995 -5.454382 -1.561539
v 3.709930 -5.685338 -1.629227
v 3.981211 -6.070270 -1.742073
v 4.184683 -6.647658 -1.911339
v 2.082220 -5.462671 -0.478237
v 2.556965 -5.704185 -0.501133
v 3.709900 -5.945702 -0.524014
v 3.981174 -6.348223 -0.562176
v 4.184641 -6.952002 -0.619431
v 2.082191 -5.462671 0.560055
v 2.556929 -5.704185 0.582966
v 3.709864 -5.945702 0.605896
v 3.981136 -6.348223 0.644081
v 4.184607 -6.952002 0.701347
v 2.082155 -5.223424 1.575661
v 2.556902 -5.454382 1.643383
v 3.709837 -5.685338 1.711113
v 3.981102 -6.070270 1.823978
v 4.184568 -6.647658 1.993248
v 2.082125 -4.755375 2.524185
v 2.556871 -4.965683 2.633759
v 3.709803 -5.175992 2.743347
v 3.981073 -5.526505 2.925945
v 4.184532 -6.052277 3.199844
v 2.082108 -4.078985 3.364197
v 2.556845 -4.259448 3.510811
v 3.709780 -4.439920 3.657463
v 3.981045 -4.740697 3.901825
v 4.184496 -5.191866 4.268364
v 2.082085 -3.223814 4.058952
v 2.556831 -3.366557 4.236221
v 3.709759 -3.509297 4.413517
v 3.981026 -3.747194 4.708961
v 4.184475 -4.104040 5.152138
v 2.082071 -2.227247 4.578098
v 2.556807 -2.326020 4.778267
v 3.709736 -2.424786 4.978470
v 3.981001 -2.589410 5.312088
v 4.184456 -2.836343 5.812523
v 2.082064 -1.132823 4.898941
v 2.556801 -1.183308 5.113274
v 3.709730 -1.233799 5.327629
v 3.980995 -1.317954 5.684853
v 4.184439 -1.444172 6.220669
v 2.082054 0.011618 5.007473
v 2.556801 0.011618 5.226604
v 3.709723 0.011618 5.445740
v 3.980988 0.011619 5.810928
v 4.184439 0.011619 6.358719
v 2.082064 1.156060 4.898941
v 2.556801 1.206545 5.113274
v 3.709730 1.257038 5.327629
v 3.980995 1.341190 5.684853
v 4.184439 1.467409 6.220669
v 2.082071 2.250484 4.578098
v 2.556807 2.349249 4.778267
v 3.709736 2.448023 4.978470
v 3.981001 2.612647 5.312088
v 4.184456 2.859582 5.812523
v 2.082085 3.247052 4.058952
v 2.556831 3.389792 4.236221
v 3.709759 3.532534 4.413517
v 3.981026 3.770430 4.708961
v 4.184475 4.127278 5.152138
v 2.082108 4.102221 3.364197
v 2.556845 4.282687 3.510811
v 3.709780 4.463151 3.657463
v 3.981045 4.763936 3.901825
v 4.184496 5.215104 4.268364
v 2.082125 4.778605 2.524185
v 2.556871 4.988914 2.633759
v 3.709803 5.199220 2.743343
v 3.981073 5.549735 2.925945
v 4.184532 6.075512 3.199844
v 2.082155 5.246661 1.575657
v 2.556902 5.477612 1.643379
v 3.709837 5.708567 1.711113
v 3.981102 6.093499 1.823978
v 4.184568 6.670891 1.993248
v 2.082191 5.485908 0.560055
v 2.556929 5.727421 0.582966
v 3.709864 5.968937 0.605896
v 3.981136 6.371459 0.644077
v 4.184607 6.975237 0.701347
v 2.082220 5.485908 -0.478241
v 2.556965 5.727421 -0.501133
v 3.709900 5.968937 -0.524014
v 3.981174 6.371459 -0.562176
v 4.184641 6.975237 -0.619431
v 2.082249 5.246661 -1.493851
v 2.556995 5.477612 -1.561543
v 3.709930 5.708567 -1.629230
v 3.981211 6.093499 -1.742073
v 4.184683 6.670891 -1.911339
v 2.082275 4.778605 -2.442379
v 2.557022 4.988914 -2.551918
v 3.709959 5.199220 -2.661449
v 3.981237 5.549735 -2.844036
v 4.184711 6.075512 -3.117924
v 2.082300 4.102221 -3.282368
v 2.557053 4.282685 -3.428974
v 3.709988 4.463151 -3.575573
v 3.981264 4.763934 -3.819920
v 4.184748 5.215102 -4.186447
v 2.082319 3.247052 -3.977127
v 2.557070 3.389792 -4.154385
v 3.710009 3.532534 -4.331627
v 3.981287 3.770430 -4.627060
v 4.184769 4.127276 -5.070221
v 2.082335 2.250483 -4.496265
v 2.557087 2.349248 -4.696430
v 3.710022 2.448022 -4.896576
v 3.981310 2.612646 -5.230190
v 4.184790 2.859580 -5.730610
v 2.082340 1.156059 -4.817131
v 2.557093 1.206544 -5.031437
v 3.710035 1.257037 -5.245739
v 3.981325 1.341189 -5.602936
v 4.184805 1.467408 -6.138748
v 2.082319 0.146535 -4.049252
v 2.082319 0.822137 -3.985191
v 1.811033 -0.871960 -3.709782
v 2.082314 -0.905613 -3.852669
v 2.082319 0.011618 -3.939651
v 1.811033 0.011618 -3.793571
v 1.811026 -1.716916 -3.462067
v 2.082306 -1.782766 -3.595512
v 1.811010 -2.486331 -3.061253
v 2.082300 -2.581487 -3.179432
v 1.810997 -3.146566 -2.524860
v 2.082275 -3.266878 -2.622604
v 1.810976 -3.668782 -1.876343
v 2.082262 -3.808984 -1.949371
v 1.810955 -4.030143 -1.144024
v 2.082235 -4.184116 -1.189156
v 1.810936 -4.214857 -0.359905
v 2.082212 -4.375872 -0.375172
v 1.810913 -4.214857 0.441719
v 2.082191 -4.375872 0.456997
v 1.810888 -4.030143 1.225822
v 2.082163 -4.184116 1.270966
v 1.810869 -3.668782 1.958145
v 2.082142 -3.808984 2.031189
v 1.810848 -3.146566 2.606674
v 2.082125 -3.266878 2.704422
v 1.810835 -2.486331 3.143070
v 2.082111 -2.581487 3.261246
v 1.810822 -1.716916 3.543880
v 2.082098 -1.782766 3.677326
v 1.810812 -0.871959 3.791599
v 2.082090 -0.905613 3.934475
v 1.810812 0.011618 3.875381
v 2.082085 0.011618 4.021461
v 1.810812 0.895189 3.791599
v 2.082090 0.928849 3.934475
v 1.810822 1.740152 3.543880
v 2.082098 1.805995 3.677326
v 1.810835 2.509561 3.143070
v 2.082111 2.604723 3.261246
v 1.810848 3.169804 2.606674
v 2.082125 3.290114 2.704422
v 1.810869 3.692013 1.958145
v 2.082142 3.832221 2.031189
v 1.810888 4.053380 1.225822
v 2.082163 4.207347 1.270966
v 1.810913 4.238093 0.441719
v 2.082191 4.399102 0.456997
v 1.810936 4.238093 -0.359905
v 2.082212 4.399102 -0.375172
v 1.810955 4.053380 -1.144024
v 2.082235 4.207347 -1.189156
v 1.810976 3.692013 -1.876343
v 2.082262 3.832219 -1.949371
v 1.810997 3.169802 -2.524860
v 2.082275 3.290114 -2.622608
v 1.811010 2.509560 -3.061253
v 2.082300 2.604722 -3.179432
v 1.811026 1.740152 -3.462067
v 2.082306 1.805995 -3.595516
v 1.811033 0.895189 -3.709782
v 2.082314 0.928849 -3.852669
v 2.217924 -0.695241 -2.959641
v 1.844927 -0.796218 -3.388294
v 1.844936 0.011618 -3.464912
v 2.217930 0.011618 -3.026672
v 2.217924 -1.371209 -2.761467
v 1.844927 -1.568756 -3.161816
v 2.217916 -1.986738 -2.440815
v 1.844913 -2.272220 -2.795357
v 2.217901 -2.514932 -2.011703
v 1.844900 -2.875869 -2.304943
v 2.217886 -2.932699 -1.492878
v 1.844887 -3.353314 -1.712002
v 2.217865 -3.221791 -0.907024
v 1.844866 -3.683704 -1.042461
v 2.217852 -3.369563 -0.279743
v 1.844843 -3.852585 -0.325558
v 2.217829 -3.369563 0.361561
v 1.844822 -3.852585 0.407356
v 2.217815 -3.221791 0.988850
v 1.844803 -3.683704 1.124256
v 2.217794 -2.932699 1.574707
v 1.844778 -3.353314 1.793812
v 2.217781 -2.514932 2.093521
v 1.844765 -2.875868 2.386738
v 2.217768 -1.986737 2.522644
v 1.844751 -2.272219 2.877159
v 2.217760 -1.371208 2.843285
v 1.844744 -1.568755 3.243614
v 2.217751 -0.695241 3.041458
v 1.844738 -0.796218 3.470104
v 2.217751 0.011618 3.108498
v 1.844728 0.011618 3.546707
v 2.217751 0.718478 3.041458
v 1.844738 0.819453 3.470104
v 2.217760 1.394446 2.843285
v 1.844744 1.591993 3.243614
v 2.217768 2.009973 2.522644
v 1.844751 2.295456 2.877159
v 2.217781 2.538169 2.093521
v 1.844765 2.899098 2.386738
v 2.217794 2.955935 1.574703
v 1.844778 3.376549 1.793812
v 2.217815 3.245026 0.988850
v 1.844803 3.706942 1.124256
v 2.217829 3.392792 0.361561
v 1.844822 3.875829 0.407356
v 2.217852 3.392792 -0.279743
v 1.844843 3.875829 -0.325558
v 2.217865 3.245026 -0.907024
v 1.844866 3.706942 -1.042461
v 2.217886 2.955935 -1.492878
v 1.844887 3.376549 -1.712002
v 2.217901 2.538168 -2.011703
v 1.844900 2.899098 -2.304947
v 2.217916 2.009973 -2.440815
v 1.844913 2.295455 -2.795361
v 2.217924 1.394446 -2.761467
v 1.844927 1.591992 -3.161819
v 2.217924 0.718478 -2.959641
v 1.844927 0.819453 -3.388294
v 2.217911 0.011618 -2.405853
v 2.217911 0.575427 -2.352386
v 2.217901 1.114589 -2.194317
v 2.217896 1.605543 -1.938564
v 2.217886 2.026839 -1.596294
v 2.217873 2.360065 -1.182472
v 2.217859 2.590642 -0.715176
v 2.217852 2.708514 -0.214848
v 2.217829 2.708514 0.296665
v 2.217815 2.590642 0.797009
v 2.217810 2.360065 1.264294
v 2.217794 2.026840 1.678116
v 2.217781 1.605543 2.020382
v 2.217775 1.114589 2.276146
v 2.217775 0.575427 2.434208
v 2.217775 0.011618 2.487671
v 2.217775 -0.552184 2.434208
v 2.217775 -1.091352 2.276146
v 2.217781 -1.582314 2.020382
v 2.217794 -2.003603 1.678116
v 2.217810 -2.336829 1.264294
v 2.217815 -2.567412 0.797009
v 2.217829 -2.685277 0.296669
v 2.217852 -2.685277 -0.214848
v 2.217859 -2.567412 -0.715176
v 2.217873 -2.336829 -1.182468
v 2.217886 -2.003603 -1.596294
v 2.217896 -1.582314 -1.938564
v 2.217901 -1.091353 -2.194317
v 2.217911 -0.552184 -2.352386
v 1.878809 -0.526942 -2.245232
v 1.878809 0.011618 -2.296299
v 1.878803 -1.041960 -2.094246
v 1.878796 -1.510942 -1.849941
v 1.878790 -1.913372 -1.522999
v 1.878773 -2.231676 -1.127705
v 1.878759 -2.451930 -0.681332
v 1.878756 -2.564519 -0.203396
v 1.878733 -2.564519 0.285210
v 1.878725 -2.451930 0.763145
v 1.878712 -2.231676 1.209503
v 1.878695 -1.913371 1.604790
v 1.878689 -1.510942 1.931744
v 1.878681 -1.041958 2.176041
v 1.878675 -0.526941 2.327038
v 1.878675 0.011618 2.378117
v 1.878675 0.550178 2.327038
v 1.878681 1.065203 2.176041
v 1.878689 1.534173 1.931740
v 1.878695 1.936607 1.604790
v 1.878712 2.254905 1.209503
v 1.878725 2.475167 0.763145
v 1.878733 2.587756 0.285210
v 1.878756 2.587756 -0.203396
v 1.878759 2.475167 -0.681332
v 1.878773 2.254905 -1.127705
v 1.878790 1.936607 -1.522999
v 1.878796 1.534172 -1.849941
v 1.878803 1.065203 -2.094246
v 1.878809 0.550177 -2.245232
v 1.573614 0.011618 -2.040676
v 1.573614 0.491274 -1.995197
v 1.573606 0.949965 -1.860725
v 1.573601 1.367645 -1.643124
v 1.573593 1.726062 -1.351952
v 1.573586 2.009550 -0.999889
v 1.573572 2.205712 -0.602345
v 1.573557 2.305991 -0.176693
v 1.573549 2.305991 0.258484
v 1.573536 2.205712 0.684139
v 1.573523 2.009550 1.081692
v 1.573515 1.726062 1.433735
v 1.573505 1.367645 1.724930
v 1.573502 0.949965 1.942516
v 1.573492 0.491274 2.076981
v 1.573492 0.011618 2.122478
v 1.573492 -0.468037 2.076981
v 1.573502 -0.926729 1.942516
v 1.573505 -1.344408 1.724930
v 1.573515 -1.702826 1.433739
v 1.573523 -1.986313 1.081692
v 1.573536 -2.182483 0.684139
v 1.573549 -2.282756 0.258484
v 1.573557 -2.282756 -0.176693
v 1.573572 -2.182483 -0.602345
v 1.573586 -1.986313 -0.999889
v 1.573593 -1.702826 -1.351952
v 1.573601 -1.344409 -1.643124
v 1.573606 -0.926729 -1.860725
v 1.573614 -0.468037 -1.995197
v 1.573601 -0.341811 -1.459377
v 1.573601 0.011618 -1.492889
v 1.573593 -0.679795 -1.360287
v 1.573586 -0.987564 -1.199974
v 1.573586 -1.251657 -0.985409
v 1.573572 -1.460544 -0.725998
v 1.573566 -1.605086 -0.433079
v 1.573557 -1.678977 -0.119423
v 1.573549 -1.678977 0.201225
v 1.573536 -1.605086 0.514858
v 1.573528 -1.460544 0.807796
v 1.573523 -1.251657 1.067200
v 1.573515 -0.987563 1.281754
v 1.573515 -0.679795 1.442078
v 1.573505 -0.341811 1.541172
v 1.573505 0.011618 1.574696
v 1.573505 0.365047 1.541172
v 1.573515 0.703031 1.442078
v 1.573515 1.010791 1.281754
v 1.573523 1.274892 1.067200
v 1.573528 1.483781 0.807796
v 1.573536 1.628323 0.514858
v 1.573549 1.702205 0.201225
v 1.573557 1.702205 -0.119423
v 1.573566 1.628323 -0.433079
v 1.573572 1.483780 -0.725998
v 1.573586 1.274892 -0.985409
v 1.573586 1.010791 -1.199974
v 1.573593 0.703031 -1.360287
v 1.573601 0.365047 -1.459377
v 1.607483 0.011618 -0.652969
v 1.607483 0.171505 -0.637798
v 1.607483 0.324396 -0.592983
v 1.607483 0.463626 -0.520451
v 1.607473 0.583100 -0.423393
v 1.607473 0.677595 -0.306034
v 1.607470 0.742988 -0.173515
v 1.607470 0.776412 -0.031628
v 1.607460 0.776412 0.113426
v 1.607460 0.742988 0.255302
v 1.607452 0.677595 0.387821
v 1.607445 0.583100 0.505184
v 1.607445 0.463626 0.602238
v 1.607445 0.324396 0.674763
v 1.607445 0.171505 0.719597
v 1.607445 0.011618 0.734753
v 1.607445 -0.148269 0.719597
v 1.607445 -0.301165 0.674763
v 1.607445 -0.440398 0.602238
v 1.607445 -0.559863 0.505184
v 1.607452 -0.654359 0.387821
v 1.607460 -0.719751 0.255302
v 1.607460 -0.753175 0.113426
v 1.607470 -0.753175 -0.031628
v 1.607470 -0.719751 -0.173515
v 1.607473 -0.654359 -0.306034
v 1.607473 -0.559864 -0.423393
v 1.607483 -0.440398 -0.520451
v 1.607483 -0.301165 -0.592983
v 1.607483 -0.148269 -0.637798
v 1.132736 -0.097777 -0.423489
v 1.132736 0.011618 -0.433868
v 1.132736 -0.202392 -0.392822
v 1.132736 -0.297649 -0.343193
v 1.132736 -0.379398 -0.276779
v 1.132729 -0.444051 -0.196487
v 1.132729 -0.488794 -0.105816
v 1.132729 -0.511660 -0.008743
v 1.132723 -0.511660 0.090511
v 1.132723 -0.488794 0.187592
v 1.132723 -0.444051 0.278263
v 1.132713 -0.379398 0.358543
v 1.132713 -0.297649 0.424969
v 1.132713 -0.202392 0.474586
v 1.132713 -0.097777 0.505253
v 1.132713 0.011618 0.515629
v 1.132713 0.121014 0.505253
v 1.132713 0.225630 0.474586
v 1.132713 0.320886 0.424969
v 1.132713 0.402627 0.358543
v 1.132723 0.467287 0.278263
v 1.132723 0.512023 0.187592
v 1.132723 0.534897 0.090511
v 1.132729 0.534897 -0.008743
v 1.132729 0.512023 -0.105816
v 1.132729 0.467287 -0.196487
v 1.132736 0.402627 -0.276779
v 1.132736 0.320886 -0.343193
v 1.132736 0.225630 -0.392822
v 1.132736 0.121014 -0.423489
v 1.166630 0.011618 0.040890
v 2.082186 4.505813 0.589512
v 2.082169 4.364577 1.189056
v 2.082142 3.869965 2.191422
v 2.082125 3.470673 2.687294
v 2.082108 2.566972 3.421474
v 2.082098 1.978667 3.727951
v 2.082085 0.822137 4.067005
v 2.082085 0.146536 4.131084
v 2.082085 -1.062845 4.016380
v 2.082090 -1.708919 3.826984
v 2.082108 -2.762045 3.278366
v 2.082121 -3.266878 2.868233
v 2.082150 -3.981655 1.980572
v 2.082163 -4.257957 1.420609
v 2.082191 -4.510788 0.347370
v 2.082212 -4.510788 -0.265564
v 2.082239 -4.257957 -1.338806
v 2.082256 -3.981655 -1.898750
v 2.082283 -3.266878 -2.786415
v 2.082300 -2.762045 -3.196556
v 2.082314 -1.708920 -3.745163
v 2.082319 -1.062846 -3.934578
v 2.082306 1.978667 -3.646130
v 2.082300 2.566971 -3.339668
v 2.082275 3.470673 -2.605488
v 2.082262 3.869965 -2.109600
v 2.082235 4.364577 -1.107246
v 2.082220 4.505813 -0.507710
v 2.589363 0.786518 -4.253170
v 2.273846 0.786518 -4.253178
v 2.238100 0.554076 -4.068974
v 2.625086 0.554076 -4.068966
v 2.625086 0.369104 -4.086506
v 2.238100 0.369104 -4.086514
v 2.273846 0.184188 -4.310295
v 2.589363 0.184188 -4.310287
v 2.589373 0.184188 -4.516598
v 2.273851 0.184188 -4.516602
v 2.278156 0.416630 -4.700809
v 2.585064 0.416630 -4.700806
v 2.780882 0.376430 -4.530190
v 2.780874 0.390685 -4.271797
v 2.589373 0.834053 -4.454967
v 2.780874 0.575664 -4.254253
v 2.780882 0.649137 -4.504330
v 2.273851 0.834053 -4.454971
v 2.278156 0.649137 -4.678761
v 2.585064 0.649137 -4.678757
v 2.589342 2.652667 -3.586605
v 2.273821 2.652661 -3.586620
v 2.238087 2.357280 -3.503635
v 2.625071 2.357280 -3.503632
v 2.625071 2.196209 -3.587547
v 2.238087 2.196209 -3.587551
v 2.273829 2.128162 -3.859848
v 2.589350 2.128162 -3.859837
v 2.589355 2.221164 -4.048313
v 2.273836 2.221164 -4.048321
v 2.278137 2.516545 -4.131294
v 2.585045 2.516545 -4.131290
v 2.780865 2.402921 -3.990173
v 2.780859 2.299462 -3.748894
v 2.589350 2.787062 -3.753513
v 2.780859 2.460533 -3.664986
v 2.780859 2.640388 -3.866470
v 2.273829 2.787062 -3.753525
v 2.278137 2.719014 -4.025829
v 2.585045 2.719014 -4.025822
v 2.589306 4.056998 -2.292812
v 2.273785 4.056998 -2.292816
v 2.238052 3.749745 -2.325420
v 2.625034 3.749745 -2.325417
v 2.625042 3.640429 -2.461178
v 2.238060 3.640429 -2.461185
v 2.273802 3.701014 -2.734921
v 2.589319 3.701014 -2.734913
v 2.589319 3.870936 -2.872959
v 2.273802 3.870936 -2.872967
v 2.278101 4.178185 -2.840366
v 2.585009 4.178185 -2.840363
v 2.780830 4.010777 -2.753147
v 2.780825 3.807496 -2.570690
v 2.589315 4.255017 -2.395969
v 2.780825 3.916812 -2.434925
v 2.780825 4.171941 -2.552986
v 2.273785 4.255017 -2.395981
v 2.278101 4.315600 -2.669708
v 2.585009 4.315600 -2.669701
v 2.589254 4.756700 -0.595497
v 2.273737 4.756700 -0.595501
v 2.238008 4.490712 -0.738041
v 2.624990 4.490712 -0.738037
v 2.624990 4.452041 -0.902191
v 2.238008 4.452041 -0.902195
v 2.273750 4.630776 -1.130032
v 2.589272 4.630776 -1.130024
v 2.589279 4.848239 -1.193771
v 2.273750 4.848239 -1.193779
v 2.278049 5.114234 -1.051247
v 2.584957 5.114234 -1.051239
v 2.780781 4.921985 -1.032997
v 2.780781 4.654023 -0.940914
v 2.589254 4.984105 -0.617054
v 2.780773 4.692693 -0.776772
v 2.780773 4.978995 -0.791000
v 2.273737 4.984105 -0.617065
v 2.278042 5.162839 -0.844902
v 2.584949 5.162839 -0.844894
v 2.589205 4.630776 1.211868
v 2.273687 4.630776 1.211857
v 2.237959 4.452041 0.984024
v 2.624941 4.452041 0.984032
v 2.624941 4.490712 0.819885
v 2.237959 4.490712 0.819881
v 2.273701 4.756700 0.677341
v 2.589220 4.756700 0.677345
v 2.589220 4.984105 0.698910
v 2.273701 4.984105 0.698902
v 2.277992 5.162839 0.926739
v 2.584900 5.162839 0.926743
v 2.780724 4.978995 0.872852
v 2.780724 4.692693 0.858631
v 2.589201 4.848239 1.275620
v 2.780724 4.654023 1.022774
v 2.780716 4.921985 1.114845
v 2.273680 4.848239 1.275612
v 2.277987 5.114234 1.133072
v 2.584894 5.114234 1.133080
v 2.589157 3.701014 2.816765
v 2.273636 3.701014 2.816757
v 2.237909 3.640431 2.543022
v 2.624893 3.640431 2.543030
v 2.624899 3.749747 2.407269
v 2.237915 3.749747 2.407261
v 2.273651 4.056998 2.374653
v 2.589170 4.056998 2.374668
v 2.589170 4.255019 2.477814
v 2.273651 4.255019 2.477810
v 2.277935 4.315600 2.751545
v 2.584843 4.315600 2.751553
v 2.780676 4.171943 2.634842
v 2.780676 3.916812 2.516788
v 2.589157 3.870936 2.954803
v 2.780676 3.807496 2.652554
v 2.780666 4.010777 2.835007
v 2.273636 3.870936 2.954800
v 2.277935 4.178185 2.922203
v 2.584843 4.178185 2.922211
v 2.589130 2.128162 3.941689
v 2.273609 2.128162 3.941677
v 2.237881 2.196210 3.669380
v 2.624863 2.196210 3.669388
v 2.624863 2.357281 3.585480
v 2.237881 2.357281 3.585476
v 2.273617 2.652668 3.668449
v 2.589136 2.652668 3.668457
v 2.589130 2.787062 3.835358
v 2.273609 2.787062 3.835354
v 2.277901 2.719014 4.107658
v 2.584808 2.719014 4.107666
v 2.780638 2.640389 3.948334
v 2.780638 2.460534 3.746849
v 2.589121 2.221165 4.130161
v 2.780638 2.299462 3.830753
v 2.780632 2.402922 4.072033
v 2.273600 2.221165 4.130157
v 2.277891 2.516545 4.213131
v 2.584799 2.516545 4.213142
v 2.589117 0.184188 4.392139
v 2.273596 0.184188 4.392136
v 2.237864 0.369104 4.168343
v 2.624849 0.369104 4.168358
v 2.624849 0.554077 4.150818
v 2.237864 0.554077 4.150810
v 2.273596 0.786518 4.335014
v 2.589117 0.786518 4.335018
v 2.589106 0.834053 4.536823
v 2.273586 0.834053 4.536819
v 2.277878 0.649138 4.760593
v 2.584785 0.649138 4.760597
v 2.780615 0.649138 4.586189
v 2.780622 0.575665 4.336121
v 2.589106 0.184188 4.598450
v 2.780622 0.390685 4.353661
v 2.780615 0.376431 4.612057
v 2.273586 0.184188 4.598442
v 2.277878 0.416631 4.782646
v 2.584785 0.416631 4.782650
v 2.589121 -1.794773 4.090233
v 2.273600 -1.794773 4.090221
v 2.237875 -1.524966 3.953644
v 2.624857 -1.524966 3.953651
v 2.624849 -1.348083 4.005508
v 2.237864 -1.348083 4.005501
v 2.273596 -1.218770 4.259087
v 2.589121 -1.218770 4.259090
v 2.589117 -1.266313 4.460896
v 2.273596 -1.266313 4.460888
v 2.277887 -1.536119 4.597466
v 2.584795 -1.536119 4.597469
v 2.780622 -1.457492 4.438137
v 2.780632 -1.411896 4.182713
v 2.589117 -1.887775 4.278694
v 2.780632 -1.588786 4.130856
v 2.780622 -1.718278 4.361683
v 2.273596 -1.887775 4.278687
v 2.277887 -1.758471 4.532276
v 2.584795 -1.758471 4.532288
v 2.589151 -3.466557 3.088154
v 2.273630 -3.466557 3.088142
v 2.237894 -3.158502 3.062389
v 2.624876 -3.158502 3.062397
v 2.624876 -3.020289 3.174694
v 2.237894 -3.020289 3.174683
v 2.273623 -3.016470 3.453800
v 2.589144 -3.016470 3.453808
v 2.589136 -3.150871 3.620712
v 2.273617 -3.150871 3.620708
v 2.277914 -3.458919 3.646454
v 2.584822 -3.458919 3.646465
v 2.780645 -3.315260 3.529766
v 2.780651 -3.158458 3.313156
v 2.589151 -3.636471 3.226196
v 2.780661 -3.296678 3.200871
v 2.780651 -3.519030 3.364212
v 2.273630 -3.636471 3.226192
v 2.277914 -3.632660 3.505310
v 2.584822 -3.632660 3.505314
v 2.589191 -4.542067 1.559181
v 2.273670 -4.542067 1.559177
v 2.237938 -4.249050 1.648705
v 2.624920 -4.249050 1.648712
v 2.624912 -4.173401 1.802017
v 2.237928 -4.173401 1.802010
v 2.273657 -4.295731 2.058399
v 2.589178 -4.295731 2.058403
v 2.589178 -4.493759 2.161556
v 2.273657 -4.493759 2.161545
v 2.277958 -4.786776 2.072025
v 2.584873 -4.786776 2.072029
v 2.780697 -4.602931 2.018135
v 2.780697 -4.362048 1.877804
v 2.589191 -4.759539 1.622936
v 2.780703 -4.437696 1.724499
v 2.780703 -4.714457 1.792114
v 2.273670 -4.759539 1.622929
v 2.277966 -4.881868 1.879314
v 2.584879 -4.881868 1.879322
v 2.589249 -4.835372 -0.232307
v 2.273731 -4.835372 -0.232319
v 2.237986 -4.608034 -0.042992
v 2.624971 -4.608034 -0.042984
v 2.624964 -4.608034 0.124832
v 2.237978 -4.608034 0.124828
v 2.273708 -4.835372 0.314152
v 2.589235 -4.835372 0.314156
v 2.589228 -5.062777 0.335720
v 2.273708 -5.062777 0.335712
v 2.278015 -5.290101 0.146389
v 2.584923 -5.290101 0.146397
v 2.780745 -5.097852 0.164635
v 2.780745 -4.814538 0.124840
v 2.589249 -5.062777 -0.253880
v 2.780750 -4.814538 -0.042976
v 2.780750 -5.097852 -0.082771
v 2.273731 -5.062777 -0.253883
v 2.278023 -5.290101 -0.064552
v 2.584930 -5.290101 -0.064545
v 2.589300 -4.295731 -1.976551
v 2.273779 -4.295731 -1.976555
v 2.238039 -4.173401 -1.720169
v 2.625021 -4.173401 -1.720165
v 2.625013 -4.249050 -1.566853
v 2.238029 -4.249050 -1.566868
v 2.273766 -4.542067 -1.477337
v 2.589285 -4.542067 -1.477329
v 2.589285 -4.759539 -1.541084
v 2.273766 -4.759539 -1.541092
v 2.278072 -4.881868 -1.797474
v 2.584984 -4.881868 -1.797466
v 2.780800 -4.714457 -1.710255
v 2.780794 -4.437696 -1.642635
v 2.589300 -4.493759 -2.079708
v 2.780800 -4.362048 -1.795944
v 2.780811 -4.602931 -1.936272
v 2.273779 -4.493759 -2.079712
v 2.278078 -4.786776 -1.990185
v 2.584993 -4.786776 -1.990177
v 2.589336 -3.016471 -3.371956
v 2.273815 -3.016471 -3.371960
v 2.238073 -3.020289 -3.092846
v 2.625055 -3.020289 -3.092838
v 2.625055 -3.158503 -2.980545
v 2.238073 -3.158503 -2.980549
v 2.273808 -3.466557 -3.006310
v 2.589329 -3.466557 -3.006302
v 2.589336 -3.636472 -3.144348
v 2.273815 -3.636472 -3.144356
v 2.278116 -3.632661 -3.423470
v 2.585022 -3.632661 -3.423466
v 2.780846 -3.519031 -3.282349
v 2.780838 -3.296679 -3.119007
v 2.589342 -3.150872 -3.538864
v 2.780846 -3.158459 -3.231300
v 2.780851 -3.315261 -3.447899
v 2.273821 -3.150872 -3.538872
v 2.278120 -3.458920 -3.564621
v 2.585028 -3.458920 -3.564613
v 2.589363 -1.218771 -4.177238
v 2.273846 -1.218771 -4.177246
v 2.238100 -1.348083 -3.923664
v 2.625086 -1.348083 -3.923656
v 2.625078 -1.524967 -3.871799
v 2.238096 -1.524967 -3.871803
v 2.273836 -1.794774 -4.008381
v 2.589355 -1.794774 -4.008377
v 2.589363 -1.887776 -4.196850
v 2.273846 -1.887776 -4.196854
v 2.278151 -1.758471 -4.450439
v 2.585058 -1.758471 -4.450436
v 2.780874 -1.718279 -4.279819
v 2.780865 -1.588787 -4.048992
v 2.589373 -1.266313 -4.379044
v 2.780865 -1.411897 -4.100853
v 2.780874 -1.457492 -4.356274
v 2.273851 -1.266313 -4.379051
v 2.278151 -1.536119 -4.515629
v 2.585058 -1.536119 -4.515621
v -2.834450 -2.663416 -9.996758
v -2.902273 -2.579270 -9.639545
v -2.902269 -0.298806 -9.855816
v -2.834440 -0.298806 -10.220993
v -3.139652 -2.511953 -9.353786
v -3.478769 -2.385722 -8.817978
v -3.478769 -0.298806 -9.015888
v -3.139643 -0.298806 -9.563667
v -3.648350 -2.099614 -7.603481
v -3.648371 -1.939726 -6.924786
v -3.648371 -0.298806 -7.080406
v -3.648350 -0.298806 -7.774258
v -2.834463 -4.924689 -9.333824
v -2.902296 -4.760064 -9.000206
v -3.139673 -4.628368 -8.733318
v -3.478794 -4.381435 -8.232899
v -3.648371 -3.821725 -7.098614
v -3.648386 -3.508933 -6.464745
v -2.834497 -6.983785 -8.261173
v -2.902327 -6.745880 -7.965729
v -3.139700 -6.555561 -7.729382
v -3.478823 -6.198714 -7.286217
v -3.648394 -5.389853 -6.281723
v -3.648407 -4.937844 -5.720375
v -2.834541 -8.750710 -6.825684
v -2.902367 -8.449933 -6.581333
v -3.139738 -8.209310 -6.385849
v -3.478857 -7.758139 -6.019318
v -3.648420 -6.735487 -5.188503
v -3.648434 -6.164005 -4.724220
v -2.834591 -10.148248 -5.090103
v -2.902411 -9.797732 -4.907501
v -3.139788 -9.517324 -4.761436
v -3.478901 -8.991554 -4.487553
v -3.648464 -7.799802 -3.866741
v -3.648472 -7.133825 -3.519814
v -2.834648 -11.115319 -3.130283
v -2.902468 -10.730390 -3.017426
v -3.139837 -10.422441 -2.927151
v -3.478951 -9.845053 -2.757881
v -3.648508 -8.536295 -2.374207
v -3.648514 -7.804926 -2.159786
v -2.834705 -11.609659 -1.031860
v -2.902525 -11.207136 -0.993683
v -3.139894 -10.885121 -0.963146
v -3.479008 -10.281337 -0.905899
v -3.648548 -8.912764 -0.776119
v -3.648558 -8.147978 -0.703587
v -2.834770 -11.609659 1.113445
v -2.902590 -11.207136 1.075272
v -3.139959 -10.885121 1.044727
v -3.479055 -10.281337 0.987461
v -3.648598 -8.912764 0.857674
v -3.648592 -8.147978 0.785141
v -2.834826 -11.115319 3.211872
v -2.902647 -10.730390 3.099018
v -3.140009 -10.422441 3.008732
v -3.479113 -9.845053 2.839455
v -3.648642 -8.536295 2.455750
v -3.648636 -7.804926 2.241344
v -2.834885 -10.148248 5.171692
v -2.902704 -9.797732 4.989098
v -3.140064 -9.517324 4.843010
v -3.479164 -8.991554 4.569122
v -3.648684 -7.799802 3.948288
v -3.648676 -7.133823 3.601368
v -2.834934 -8.750709 6.907269
v -2.902744 -8.449931 6.662914
v -3.140114 -8.209309 6.467422
v -3.479206 -7.758139 6.100880
v -3.648727 -6.735487 5.270054
v -3.648712 -6.164004 4.805779
v -2.834974 -6.983784 8.342766
v -2.902788 -6.745879 8.047314
v -3.140150 -6.555560 7.810955
v -3.479244 -6.198713 7.367783
v -3.648756 -5.389853 6.363274
v -3.648741 -4.937843 5.801933
v -2.835005 -4.924687 9.415417
v -2.902815 -4.760063 9.081795
v -3.140179 -4.628367 8.814896
v -3.479271 -4.381434 8.314465
v -3.648777 -3.821724 7.180164
v -3.648764 -3.508932 6.546288
v -2.835026 -2.663414 10.078346
v -2.902840 -2.579268 9.721138
v -3.140202 -2.511952 9.435368
v -3.479284 -2.385720 8.899544
v -3.648798 -2.099613 7.685032
v -3.648777 -1.939725 7.006340
v -2.835033 -0.298805 10.302589
v -2.902845 -0.298805 9.937401
v -3.140202 -0.298805 9.645245
v -3.479292 -0.298805 9.097458
v -3.648798 -0.298805 7.855808
v -3.648777 -0.298805 7.161949
v -2.835026 2.065806 10.078346
v -2.902840 1.981660 9.721138
v -3.140202 1.914336 9.435368
v -3.479284 1.788110 8.899544
v -3.648798 1.502004 7.685032
v -3.648777 1.342114 7.006340
v -2.835005 4.327071 9.415417
v -2.902815 4.162454 9.081795
v -3.140179 4.030751 8.814896
v -3.479271 3.783823 8.314465
v -3.648777 3.224105 7.180164
v -3.648764 2.911322 6.546288
v -2.834974 6.386166 8.342766
v -2.902788 6.148270 8.047314
v -3.140150 5.957951 7.810955
v -3.479244 5.601096 7.367783
v -3.648756 4.792241 6.363270
v -3.648741 4.340234 5.801929
v -2.834934 8.153100 6.907269
v -2.902744 7.852323 6.662914
v -3.140114 7.611697 6.467422
v -3.479206 7.160527 6.100880
v -3.648727 6.137877 5.270050
v -3.648712 5.566394 4.805775
v -2.834885 9.550639 5.171692
v -2.902704 9.200122 4.989098
v -3.140064 8.919715 4.843010
v -3.479164 8.393947 4.569122
v -3.648684 7.202191 3.948288
v -3.648676 6.536213 3.601364
v -2.834826 10.517711 3.211868
v -2.902647 10.132777 3.099018
v -3.140009 9.824832 3.008732
v -3.479113 9.247443 2.839451
v -3.648642 7.938685 2.455750
v -3.648636 7.207314 2.241341
v -2.834770 11.012050 1.113445
v -2.902590 10.609529 1.075272
v -3.139959 10.287513 1.044727
v -3.479055 9.683726 0.987461
v -3.648598 8.315154 0.857670
v -3.648592 7.550360 0.785141
v -2.834705 11.012050 -1.031864
v -2.902525 10.609529 -0.993687
v -3.139894 10.287513 -0.963146
v -3.479008 9.683726 -0.905899
v -3.648548 8.315154 -0.776119
v -3.648558 7.550360 -0.703587
v -2.834648 10.517711 -3.130283
v -2.902468 10.132777 -3.017429
v -3.139837 9.824832 -2.927151
v -3.478951 9.247443 -2.757885
v -3.648508 7.938685 -2.374207
v -3.648514 7.207314 -2.159790
v -2.834591 9.550639 -5.090103
v -2.902411 9.200122 -4.907505
v -3.139788 8.919715 -4.761440
v -3.478901 8.393947 -4.487556
v -3.648464 7.202191 -3.866741
v -3.648472 6.536213 -3.519814
v -2.834541 8.153098 -6.825687
v -2.902367 7.852321 -6.581333
v -3.139738 7.611697 -6.385849
v -3.478857 7.160527 -6.019318
v -3.648420 6.137877 -5.188507
v -3.648434 5.566394 -4.724224
v -2.834497 6.386164 -8.261177
v -2.902327 6.148270 -7.965729
v -3.139700 5.957949 -7.729382
v -3.478823 5.601094 -7.286221
v -3.648394 4.792241 -6.281723
v -3.648407 4.340232 -5.720375
v -2.834463 4.327069 -9.333824
v -2.902296 4.162452 -9.000206
v -3.139673 4.030749 -8.733318
v -3.478794 3.783822 -8.232899
v -3.648371 3.224105 -7.098614
v -3.648386 2.911320 -6.464745
v -2.834450 2.065804 -9.996758
v -2.902273 1.981658 -9.639545
v -3.139652 1.914335 -9.353786
v -3.478769 1.788109 -8.817978
v -3.648350 1.502002 -7.603481
v -3.648371 1.342114 -6.924786
v -3.444941 -0.298806 -6.094387
v -3.444941 1.114913 -5.960312
v -3.444954 2.466840 -5.563972
v -3.444967 3.697905 -4.922668
v -3.444998 4.754287 -4.064445
v -3.445024 5.589828 -3.026802
v -3.445061 6.168007 -1.855091
v -3.445095 6.463551 -0.600513
v -3.445131 6.463551 0.682079
v -3.445166 6.168007 1.936653
v -3.445204 5.589828 3.108372
v -3.445232 4.754289 4.146011
v -3.445261 3.697905 5.004234
v -3.445276 2.466841 5.645538
v -3.445290 1.114913 6.041878
v -3.445290 -0.298805 6.175949
v -3.445290 -1.712523 6.041878
v -3.445276 -3.064451 5.645538
v -3.445261 -4.295516 5.004234
v -3.445232 -5.351899 4.146011
v -3.445204 -6.187438 3.108372
v -3.445166 -6.765617 1.936653
v -3.445131 -7.061162 0.682079
v -3.445095 -7.061162 -0.600513
v -3.445061 -6.765617 -1.855087
v -3.445024 -6.187438 -3.026802
v -3.444998 -5.351900 -4.064445
v -3.444967 -4.295516 -4.922668
v -3.444954 -3.064452 -5.563972
v -3.444941 -1.712523 -5.960312
v 2.082499 -2.688665 -10.103802
v 0.997374 -2.705496 -10.175270
v 0.997383 -0.298806 -10.403507
v 2.082504 -0.298806 -10.330441
v -0.630299 -2.705496 -10.175312
v -1.647604 -2.688665 -10.103886
v -1.647594 -0.298806 -10.330524
v -0.630291 -0.298806 -10.403549
v 2.082476 -4.974075 -9.433784
v 0.997353 -5.006998 -9.500538
v -0.630322 -5.006998 -9.500572
v -1.647625 -4.974075 -9.433872
v 2.082449 -7.055149 -8.349693
v 0.997326 -7.102734 -8.408794
v -0.630348 -7.102734 -8.408836
v -1.647652 -7.055149 -8.349781
v 2.082405 -8.840941 -6.898869
v 0.997282 -8.901101 -6.947777
v -0.630392 -8.901101 -6.947815
v -1.647696 -8.840941 -6.898960
v 2.082354 -10.253403 -5.144760
v 0.997232 -10.323509 -5.181309
v -0.630444 -10.323509 -5.181351
v -1.647745 -10.253403 -5.144852
v 2.082300 -11.230802 -3.164017
v 0.997168 -11.307784 -3.186607
v -0.630497 -11.307784 -3.186638
v -1.647802 -11.230794 -3.164097
v 2.082235 -11.730416 -1.043186
v 0.997110 -11.810918 -1.050858
v -0.630562 -11.810918 -1.050896
v -1.647865 -11.730416 -1.043270
v 2.082169 -11.730416 1.125011
v 0.997047 -11.810918 1.132622
v -0.630629 -11.810918 1.132580
v -1.647930 -11.730416 1.124924
v 2.082111 -11.230802 3.245834
v 0.996983 -11.307784 3.268383
v -0.630690 -11.307784 3.268341
v -1.647987 -11.230794 3.245750
v 2.082050 -10.253403 5.226593
v 0.996925 -10.323509 5.263077
v -0.630747 -10.323509 5.263042
v -1.648045 -10.253403 5.226501
v 2.082001 -8.840940 6.980701
v 0.996878 -8.901099 7.029541
v -0.630796 -8.901099 7.029503
v -1.648102 -8.840940 6.980618
v 2.081957 -7.055148 8.431511
v 0.996834 -7.102733 8.490574
v -0.630840 -7.102733 8.490532
v -1.648144 -7.055148 8.431427
v 2.081926 -4.974074 9.515614
v 0.996803 -5.006997 9.582314
v -0.630871 -5.006997 9.582275
v -1.648174 -4.974074 9.515530
v 2.081905 -2.688663 10.185627
v 0.996782 -2.705495 10.257034
v -0.630892 -2.705495 10.256996
v -1.648188 -2.688663 10.185528
v 2.081900 -0.298805 10.412270
v 0.996777 -0.298805 10.485283
v -0.630898 -0.298805 10.485241
v -1.648193 -0.298805 10.412174
v 2.081905 2.091056 10.185627
v 0.996782 2.107886 10.257034
v -0.630892 2.107886 10.256996
v -1.648188 2.091056 10.185528
v 2.081926 4.376464 9.515614
v 0.996803 4.409387 9.582314
v -0.630871 4.409387 9.582275
v -1.648174 4.376464 9.515530
v 2.081957 6.457535 8.431511
v 0.996834 6.505114 8.490570
v -0.630840 6.505114 8.490532
v -1.648144 6.457535 8.431427
v 2.082001 8.243331 6.980701
v 0.996878 8.303493 7.029541
v -0.630796 8.303493 7.029499
v -1.648102 8.243331 6.980618
v 2.082050 9.655791 5.226593
v 0.996925 9.725892 5.263077
v -0.630747 9.725892 5.263039
v -1.648045 9.655791 5.226498
v 2.082111 10.633193 3.245831
v 0.996983 10.710174 3.268379
v -0.630690 10.710174 3.268341
v -1.647987 10.633183 3.245747
v 2.082169 11.132808 1.125011
v 0.997047 11.213307 1.132618
v -0.630629 11.213307 1.132580
v -1.647930 11.132808 1.124920
v 2.082235 11.132808 -1.043190
v 0.997110 11.213307 -1.050858
v -0.630562 11.213307 -1.050896
v -1.647865 11.132808 -1.043274
v 2.082300 10.633193 -3.164017
v 0.997168 10.710174 -3.186611
v -0.630497 10.710174 -3.186642
v -1.647802 10.633183 -3.164097
v 2.082354 9.655791 -5.144760
v 0.997232 9.725892 -5.181309
v -0.630444 9.725892 -5.181351
v -1.647745 9.655791 -5.144852
v 2.082405 8.243331 -6.898872
v 0.997282 8.303491 -6.947777
v -0.630392 8.303491 -6.947815
v -1.647696 8.243331 -6.898964
v 2.082449 6.457535 -8.349693
v 0.997326 6.505112 -8.408798
v -0.630348 6.505112 -8.408836
v -1.647652 6.457535 -8.349781
v 2.082476 4.376462 -9.433784
v 0.997353 4.409385 -9.500538
v -0.630322 4.409385 -9.500572
v -1.647625 4.376462 -9.433872
v 2.082499 2.091054 -10.103802
v 0.997374 2.107883 -10.175270
v -0.630299 2.107883 -10.175312
v -1.647604 2.091054 -10.103886
v 3.303261 -0.298806 -10.184338
v 3.303253 2.057391 -9.960888
v 3.303234 4.310613 -9.300312
v 3.303204 6.362380 -8.231483
v 3.303160 8.123019 -6.801105
v 3.303112 9.515584 -5.071705
v 3.303055 10.479217 -3.118839
v 3.302998 10.971791 -1.027885
v 3.302935 10.971791 1.109772
v 3.302874 10.479217 3.200726
v 3.302818 9.515584 5.153584
v 3.302769 8.123019 6.882988
v 3.302725 6.362380 8.313362
v 3.302691 4.310613 9.382202
v 3.302675 2.057393 10.042774
v 3.302668 -0.298805 10.266220
v 3.302675 -2.655003 10.042774
v 3.302691 -4.908223 9.382202
v 3.302725 -6.959991 8.313362
v 3.302769 -8.720628 6.882988
v 3.302818 -10.113194 5.153584
v 3.302874 -11.076828 3.200729
v 3.302935 -11.569407 1.109776
v 3.302998 -11.569407 -1.027885
v 3.303055 -11.076828 -3.118835
v 3.303112 -10.113194 -5.071705
v 3.303160 -8.720631 -6.801105
v 3.303204 -6.959992 -8.231480
v 3.303234 -4.908225 -9.300312
v 3.303253 -2.655004 -9.960888
v 4.150936 -2.200592 -8.031948
v 3.811872 -2.427801 -8.996418
v 3.811880 -0.298806 -9.198322
v 4.150942 -0.298806 -8.212299
v 3.438873 -2.562439 -9.567963
v 3.438877 -0.298806 -9.782627
v 4.150923 -4.019265 -7.498764
v 3.811859 -4.463744 -8.399536
v 3.438858 -4.727141 -8.933331
v 4.150902 -5.675333 -6.636066
v 3.811831 -6.317664 -7.433781
v 3.438829 -6.698302 -7.906494
v 4.150866 -7.096424 -5.481544
v 3.811796 -7.908532 -6.141315
v 3.438786 -8.389779 -6.532314
v 4.150822 -8.220418 -4.085663
v 3.811745 -9.166808 -4.578674
v 3.438736 -9.727631 -4.870842
v 4.150778 -8.998208 -2.509438
v 3.811695 -10.037517 -2.814140
v 3.438688 -10.653405 -2.994709
v 4.150730 -9.395792 -0.821735
v 3.811647 -10.482601 -0.924812
v 3.438631 -11.126632 -0.985901
v 4.150679 -9.395792 0.903664
v 3.811586 -10.482601 1.006721
v 3.438564 -11.126632 1.067791
v 4.150629 -8.998208 2.591366
v 3.811533 -10.037517 2.896049
v 3.438509 -10.653405 3.076599
v 4.150589 -8.220418 4.167595
v 3.811480 -9.166808 4.660595
v 3.438459 -9.727631 4.952736
v 4.150545 -7.096423 5.563477
v 3.811432 -7.908531 6.223244
v 3.438408 -8.389777 6.614189
v 4.150515 -5.675333 6.717995
v 3.811396 -6.317662 7.515682
v 3.438364 -6.698301 7.988377
v 4.150488 -4.019264 7.580692
v 3.811367 -4.463743 8.481453
v 3.438337 -4.727140 9.015221
v 4.150475 -2.200590 8.113865
v 3.811354 -2.427800 9.078331
v 3.438314 -2.562438 9.649845
v 4.150465 -0.298805 8.294228
v 3.811348 -0.298805 9.280228
v 3.438314 -0.298805 9.864513
v 4.150475 1.602980 8.113865
v 3.811354 1.830191 9.078331
v 3.438314 1.964829 9.649845
v 4.150488 3.421653 7.580692
v 3.811367 3.866133 8.481453
v 3.438337 4.129531 9.015221
v 4.150515 5.077718 6.717995
v 3.811396 5.720046 7.515682
v 3.438364 6.100691 7.988377
v 4.150545 6.498812 5.563477
v 3.811432 7.310919 6.223240
v 3.438408 7.792163 6.614189
v 4.150589 7.622815 4.167591
v 3.811480 8.569201 4.660591
v 3.438459 9.130023 4.952732
v 4.150629 8.400599 2.591362
v 3.811533 9.439910 2.896049
v 3.438509 10.055795 3.076595
v 4.150679 8.798175 0.903664
v 3.811586 9.884990 1.006721
v 3.438564 10.529021 1.067787
v 4.150730 8.798175 -0.821739
v 3.811647 9.884990 -0.924816
v 3.438631 10.529021 -0.985901
v 4.150778 8.400599 -2.509438
v 3.811695 9.439910 -2.814140
v 3.438688 10.055795 -2.994709
v 4.150822 7.622815 -4.085667
v 3.811745 8.569201 -4.578678
v 3.438736 9.130023 -4.870846
v 4.150866 6.498812 -5.481544
v 3.811796 7.310917 -6.141315
v 3.438786 7.792161 -6.532314
v 4.150902 5.077716 -6.636066
v 3.811831 5.720044 -7.433781
v 3.438829 6.100691 -7.906498
v 4.150923 3.421651 -7.498768
v 3.811859 3.866132 -8.399536
v 3.438858 4.129529 -8.933331
v 4.150936 1.602979 -8.031948
v 3.811872 1.830190 -8.996418
v 3.438873 1.964827 -9.567963
v 4.252645 -0.298806 -6.934135
v 4.252638 1.308453 -6.781715
v 4.252623 2.845477 -6.331108
v 4.252602 4.245076 -5.602020
v 4.252575 5.446080 -4.626293
v 4.252544 6.396012 -3.446590
v 4.252501 7.053349 -2.114464
v 4.252460 7.389351 -0.688133
v 4.252424 7.389351 0.770058
v 4.252382 7.053349 2.196388
v 4.252338 6.396012 3.528511
v 4.252310 5.446082 4.708218
v 4.252281 4.245078 5.683941
v 4.252262 2.845477 6.413036
v 4.252245 1.308454 6.863640
v 4.252237 -0.298805 7.016068
v 4.252245 -1.906072 6.863640
v 4.252262 -3.443088 6.413036
v 4.252281 -4.842688 5.683941
v 4.252310 -6.043694 4.708218
v 4.252338 -6.993622 3.528511
v 4.252382 -7.650954 2.196388
v 4.252424 -7.986969 0.770061
v 4.252460 -7.986969 -0.688133
v 4.252501 -7.650954 -2.114460
v 4.252544 -6.993624 -3.446590
v 4.252575 -6.043694 -4.626293
v 4.252602 -4.842689 -5.602016
v 4.252623 -3.443088 -6.331108
v 4.252638 -1.906073 -6.781715
vn 0.6321 0.7696 0.0910
vn 0.9127 0.3783 0.1545
vn 0.5026 0.2254 0.8346
vn 0.6284 0.7323 -0.2624
vn 0.9146 0.4033 -0.0295
vn 0.5152 0.5251 0.6774
vn 0.6140 0.5595 -0.5568
vn 0.9110 0.3562 -0.2079
vn 0.5309 0.7504 0.3938
vn 0.5993 0.2994 -0.7424
vn 0.8686 0.2871 -0.4039
vn 0.5387 0.8422 0.0217
vn 0.5932 0.0011 -0.8051
vn 0.8991 0.0976 -0.4267
vn 0.5323 0.7682 -0.3556
vn 0.5991 -0.2975 -0.7433
vn 0.8986 -0.0674 -0.4337
vn 0.5170 0.5548 -0.6518
vn 0.5218 -0.6757 -0.5207
vn 0.9116 -0.1152 -0.3946
vn 0.5036 0.2607 -0.8236
vn 0.6284 -0.7315 -0.2647
vn 0.9099 -0.3401 -0.2376
vn 0.5000 -0.0636 -0.8637
vn 0.5332 -0.8188 0.2127
vn 0.9463 -0.2897 -0.1435
vn 0.5080 -0.3811 -0.7725
vn 0.5202 -0.6536 0.5497
vn 0.9251 -0.3798 -0.0005
vn 0.5233 -0.6508 -0.5502
vn 0.5048 -0.3837 0.7733
vn 0.9226 -0.3461 0.1702
vn 0.5364 -0.8163 -0.2144
vn 0.4968 -0.0657 0.8654
vn 0.9168 -0.2522 0.3096
vn 0.5372 -0.8256 0.1724
vn 0.5947 0.1504 0.7897
vn 0.8981 -0.0154 0.4396
vn 0.5251 -0.6754 0.5177
vn 0.6059 0.4353 0.6659
vn 0.8634 0.1711 0.4746
vn 0.5094 -0.4143 0.7542
vn 0.5290 0.7692 0.3586
vn 0.9139 0.1871 0.3603
vn 0.5003 -0.0999 0.8601
vn 0.6320 0.7696 -0.0909
vn 0.5027 0.2254 -0.8346
vn 0.9126 0.3785 -0.1545
vn 0.5277 0.7532 0.3927
vn 0.5152 0.5251 -0.6774
vn 0.9476 0.3109 -0.0737
vn 0.5121 0.5279 0.6776
vn 0.5309 0.7504 -0.3937
vn 0.9244 0.3713 0.0869
vn 0.5992 0.2994 0.7426
vn 0.5387 0.8422 -0.0217
vn 0.9043 0.2473 0.3478
vn 0.5932 0.0011 0.8051
vn 0.5323 0.7682 0.3556
vn 0.8991 0.0976 0.4268
vn 0.5992 -0.2975 0.7433
vn 0.5170 0.5548 0.6518
vn 0.8985 -0.0674 0.4337
vn 0.6139 -0.5579 0.5584
vn 0.5035 0.2607 0.8237
vn 0.8670 -0.2575 0.4267
vn 0.5339 -0.8272 0.1751
vn 0.4999 -0.0636 0.8637
vn 0.9168 -0.2514 0.3104
vn 0.6321 -0.7698 -0.0884
vn 0.5079 -0.3811 0.7725
vn 0.9144 -0.3998 0.0641
vn 0.5202 -0.6537 -0.5496
vn 0.5233 -0.6508 0.5501
vn 0.9251 -0.3798 0.0006
vn 0.5048 -0.3837 -0.7733
vn 0.5364 -0.8163 0.2144
vn 0.9226 -0.3462 -0.1702
vn 0.4968 -0.0657 -0.8654
vn 0.5372 -0.8256 -0.1723
vn 0.9421 -0.2118 -0.2599
vn 0.5003 0.2594 -0.8261
vn 0.5251 -0.6755 -0.5177
vn 0.9116 -0.1161 -0.3943
vn 0.5137 0.5545 -0.6547
vn 0.5095 -0.4143 -0.7542
vn 0.9104 0.0385 -0.4119
vn 0.5290 0.7692 -0.3585
vn 0.5003 -0.0999 -0.8601
vn 0.9139 0.1871 -0.3603
vn -0.7804 -0.0982 -0.6175
vn -1.0000 -0.0000 -0.0000
vn -0.8478 -0.0000 -0.5303
vn -0.7836 -0.2127 -0.5838
vn -0.7414 -0.3679 -0.5612
vn -0.7968 -0.4425 -0.4115
vn -0.8649 -0.4228 -0.2705
vn -0.7606 -0.6108 -0.2199
vn -0.8095 -0.5854 -0.0453
vn -0.8090 -0.5808 0.0905
vn -0.8059 -0.5490 0.2215
vn -0.8649 -0.4228 0.2705
vn -0.7968 -0.4425 0.4114
vn -0.7415 -0.3679 0.5611
vn -0.7836 -0.2127 0.5837
vn -0.8488 -0.0996 0.5193
vn -0.7302 -0.0000 0.6832
vn -0.8488 0.0996 0.5193
vn -0.7836 0.2127 0.5837
vn -0.7415 0.3679 0.5612
vn -0.7968 0.4425 0.4114
vn -0.8649 0.4228 0.2705
vn -0.8059 0.5490 0.2215
vn -0.8090 0.5808 0.0905
vn -0.8095 0.5854 -0.0453
vn -0.7606 0.6108 -0.2200
vn -0.8649 0.4228 -0.2705
vn -0.7968 0.4425 -0.4115
vn -0.7905 0.3529 -0.5005
vn -0.7851 0.2495 -0.5669
vn -0.7315 0.1284 -0.6696
vn -0.8488 0.0996 -0.5193
vn -0.8508 0.1799 -0.4938
vn -0.8547 0.2699 -0.4435
vn -0.8989 0.2991 -0.3202
vn -0.7551 0.5522 -0.3534
vn -0.9191 0.3706 -0.1335
vn -0.9073 0.4155 -0.0648
vn -0.8095 0.5854 0.0453
vn -0.9062 0.4029 0.1280
vn -0.8209 0.4810 0.3077
vn -0.8594 0.3491 0.3736
vn -0.8556 0.2838 0.4329
vn -0.8932 0.1811 0.4115
vn -0.8013 0.1127 0.5876
vn -0.8478 -0.0000 0.5303
vn -0.8520 -0.2109 0.4792
vn -0.8556 -0.2838 0.4330
vn -0.8989 -0.2991 0.3201
vn -0.7552 -0.5522 0.3533
vn -0.9062 -0.4029 0.1280
vn -0.8706 -0.4905 0.0379
vn -0.8703 -0.4867 -0.0759
vn -0.9191 -0.3706 -0.1335
vn -0.7551 -0.5522 -0.3533
vn -0.8989 -0.2991 -0.3202
vn -0.9104 -0.2268 -0.3460
vn -0.8520 -0.2109 -0.4793
vn -0.7813 -0.1370 -0.6090
vn -0.8741 -0.0000 0.4857
vn -0.8749 0.0912 0.4756
vn -0.8777 0.1931 0.4386
vn -0.9256 0.2075 0.3166
vn -0.8312 0.3795 0.4062
vn -0.8888 0.3860 0.2469
vn -0.8923 0.4303 0.1367
vn -0.8937 0.4473 0.0346
vn -0.9342 0.3544 -0.0413
vn -0.8422 0.5139 -0.1633
vn -0.8888 0.3860 -0.2470
vn -0.8849 0.3297 -0.3291
vn -0.9142 0.2335 -0.3312
vn -0.8388 0.2030 -0.5052
vn -0.8749 0.0912 -0.4756
vn -0.8741 -0.0000 -0.4858
vn -0.9216 -0.0731 -0.3812
vn -0.8214 -0.1953 -0.5358
vn -0.8808 -0.2596 -0.3960
vn -0.8854 -0.3404 -0.3165
vn -0.8893 -0.3940 -0.2322
vn -0.8422 -0.5139 -0.1633
vn -0.9556 -0.2926 -0.0341
vn -0.8441 -0.5345 0.0413
vn -0.8923 -0.4303 0.1367
vn -0.9203 -0.3371 0.1986
vn -0.7932 -0.4310 0.4302
vn -0.9256 -0.2076 0.3166
vn -0.8777 -0.1931 0.4386
vn -0.8749 -0.0912 0.4756
vn -0.5186 0.1449 0.8426
vn -0.1924 0.2048 0.9597
vn -0.3029 0.0145 0.9529
vn -0.3343 -0.0224 0.9422
vn -0.3384 0.3293 0.8815
vn -0.2606 0.3630 0.8946
vn -0.4531 0.4634 0.7616
vn -0.3126 0.5336 0.7858
vn -0.4605 0.6059 0.6487
vn -0.2708 0.7050 0.6555
vn -0.4682 0.7264 0.5032
vn -0.2062 0.8366 0.5075
vn -0.4748 0.8162 0.3293
vn -0.2797 0.9046 0.3217
vn -0.4794 0.8717 0.1015
vn -0.3512 0.9275 0.1280
vn -0.3319 0.9388 -0.0917
vn -0.4788 0.8674 -0.1352
vn -0.2797 0.9046 -0.3217
vn -0.4748 0.8162 -0.3294
vn -0.2062 0.8366 -0.5075
vn -0.3563 0.7729 -0.5251
vn -0.3185 0.6822 -0.6581
vn -0.4615 0.6204 -0.6341
vn -0.2167 0.5248 -0.8232
vn -0.5596 0.4643 -0.6865
vn -0.3705 0.3538 -0.8588
vn -0.2604 0.3600 -0.8959
vn -0.3041 0.1938 -0.9327
vn -0.5186 0.1449 -0.8426
vn -0.1481 -0.0000 -0.9890
vn -0.5463 -0.0113 -0.8375
vn -0.4438 -0.1593 -0.8819
vn -0.3041 -0.1938 -0.9327
vn -0.3383 -0.3293 -0.8815
vn -0.2609 -0.3889 -0.8836
vn -0.4544 -0.4884 -0.7450
vn -0.2648 -0.5287 -0.8065
vn -0.2689 -0.6575 -0.7038
vn -0.4631 -0.6491 -0.6035
vn -0.2255 -0.8133 -0.5364
vn -0.4697 -0.7436 -0.4758
vn -0.4748 -0.8162 -0.3294
vn -0.2797 -0.9046 -0.3217
vn -0.4788 -0.8674 -0.1352
vn -0.3319 -0.9388 -0.0917
vn -0.4794 -0.8717 0.1015
vn -0.3512 -0.9275 0.1280
vn -0.2797 -0.9046 0.3217
vn -0.4748 -0.8162 0.3293
vn -0.2754 -0.8118 0.5150
vn -0.4682 -0.7264 0.5032
vn -0.2022 -0.7089 0.6757
vn -0.3498 -0.6454 0.6790
vn -0.3126 -0.5336 0.7858
vn -0.5293 -0.4507 0.7189
vn -0.2606 -0.3630 0.8946
vn -0.4470 -0.3063 0.8404
vn -0.1487 -0.1863 0.9712
vn -0.5478 -0.1464 0.8237
vn -0.8514 -0.1152 0.5117
vn -0.8503 -0.0000 0.5263
vn -0.8544 -0.2093 0.4756
vn -0.8579 -0.2817 0.4296
vn -0.8626 -0.3581 0.3573
vn -0.8677 -0.4282 0.2523
vn -0.8711 -0.4680 0.1486
vn -0.8728 -0.4848 0.0565
vn -0.8728 -0.4866 -0.0377
vn -0.8711 -0.4680 -0.1487
vn -0.8672 -0.4195 -0.2684
vn -0.8616 -0.3465 -0.3709
vn -0.8579 -0.2817 -0.4297
vn -0.8539 -0.1941 -0.4829
vn -0.8508 -0.0825 -0.5190
vn -0.8501 0.0166 -0.5263
vn -0.8512 0.0989 -0.5154
vn -0.8532 0.1786 -0.4901
vn -0.8570 0.2678 -0.4402
vn -0.8617 0.3464 -0.3708
vn -0.8672 0.4195 -0.2684
vn -0.8711 0.4680 -0.1487
vn -0.8728 0.4866 -0.0377
vn -0.8728 0.4848 0.0565
vn -0.8711 0.4680 0.1487
vn -0.8677 0.4282 0.2523
vn -0.8633 0.3697 0.3436
vn -0.8586 0.2955 0.4190
vn -0.8539 0.1940 0.4830
vn -0.8512 0.0990 0.5154
vn 0.0635 -0.1882 -0.9801
vn 0.2026 -0.1844 -0.9617
vn 0.2018 -0.0000 -0.9794
vn 0.0632 -0.0000 -0.9980
vn -0.2188 -0.0308 -0.9753
vn 0.0031 0.0193 -0.9998
vn 0.1027 -0.1737 -0.9794
vn -0.2199 -0.2142 -0.9517
vn 0.1845 -0.3541 -0.9168
vn 0.0642 -0.3721 -0.9260
vn 0.0199 -0.3853 -0.9226
vn -0.2222 -0.3631 -0.9049
vn 0.0651 -0.5187 -0.8525
vn 0.2086 -0.5372 -0.8173
vn 0.1230 -0.5605 -0.8190
vn -0.2259 -0.5343 -0.8146
vn 0.0667 -0.7063 -0.7048
vn 0.2607 -0.6834 -0.6819
vn 0.0033 -0.6925 -0.7214
vn -0.2311 -0.7125 -0.6625
vn 0.1959 -0.8339 -0.5160
vn 0.0681 -0.8403 -0.5378
vn 0.0655 -0.8203 -0.5682
vn -0.2356 -0.8373 -0.4933
vn 0.0693 -0.9386 -0.3381
vn 0.2204 -0.9177 -0.3305
vn 0.1120 -0.9292 -0.3522
vn -0.2392 -0.9254 -0.2940
vn 0.2006 -0.9712 -0.1288
vn 0.0700 -0.9909 -0.1152
vn 0.0673 -0.9910 -0.1161
vn -0.2410 -0.9676 -0.0749
vn 0.0699 -0.9909 0.1152
vn 0.2724 -0.9557 0.1113
vn -0.0391 -0.9925 0.1156
vn -0.2410 -0.9640 0.1124
vn 0.1904 -0.9312 0.3109
vn 0.0695 -0.9251 0.3733
vn 0.1120 -0.9292 0.3522
vn -0.2397 -0.9253 0.2940
vn 0.1958 -0.8339 0.5160
vn 0.0681 -0.8404 0.5376
vn 0.1276 -0.8237 0.5525
vn -0.2351 -0.8185 0.5242
vn 0.0669 -0.7307 0.6794
vn 0.2329 -0.6775 0.6977
vn 0.0032 -0.7229 0.6910
vn -0.2296 -0.6644 0.7112
vn 0.0655 -0.5750 0.8155
vn 0.2075 -0.5085 0.8357
vn 0.0203 -0.5599 0.8283
vn -0.2259 -0.5341 0.8147
vn 0.0642 -0.3724 0.9259
vn 0.2325 -0.3454 0.9092
vn 0.0619 -0.3714 0.9264
vn -0.2228 -0.3928 0.8922
vn 0.1561 -0.1860 0.9701
vn 0.0635 -0.1882 0.9801
vn 0.1576 -0.1860 0.9698
vn -0.2198 -0.1836 0.9581
vn 0.0632 -0.0000 0.9980
vn 0.2478 -0.0000 0.9688
vn -0.0354 -0.0000 0.9994
vn -0.2189 -0.0000 0.9757
vn 0.1561 0.1860 0.9701
vn 0.0635 0.1882 0.9801
vn 0.1028 0.2010 0.9742
vn -0.2194 0.1532 0.9635
vn 0.0642 0.3718 0.9261
vn 0.2325 0.3454 0.9092
vn 0.1208 0.3877 0.9138
vn -0.2222 0.3631 0.9048
vn 0.2075 0.5085 0.8357
vn 0.0655 0.5750 0.8155
vn 0.0203 0.5599 0.8283
vn -0.2259 0.5343 0.8146
vn 0.1914 0.6846 0.7033
vn 0.0667 0.7062 0.7049
vn 0.0646 0.7308 0.6795
vn -0.2296 0.6644 0.7112
vn 0.0678 0.8202 0.5681
vn 0.2382 0.8265 0.5100
vn 0.0657 0.8405 0.5378
vn -0.2351 0.8185 0.5242
vn 0.0693 0.9386 0.3379
vn 0.2203 0.9177 0.3305
vn 0.1120 0.9292 0.3522
vn -0.2392 0.9254 0.2940
vn 0.2438 0.9612 0.1288
vn 0.0702 0.9946 0.0770
vn -0.0391 0.9925 0.1156
vn -0.2410 0.9640 0.1124
vn 0.2006 0.9712 -0.1288
vn 0.0700 0.9909 -0.1152
vn 0.0675 0.9909 -0.1163
vn -0.2411 0.9676 -0.0749
vn 0.0693 0.9388 -0.3375
vn 0.2204 0.9177 -0.3305
vn 0.1120 0.9292 -0.3522
vn -0.2397 0.9253 -0.2940
vn 0.2174 0.8410 -0.4955
vn 0.0684 0.8201 -0.5681
vn 0.0655 0.8203 -0.5682
vn -0.2358 0.8373 -0.4933
vn 0.2132 0.7155 -0.6653
vn 0.0670 0.6811 -0.7291
vn 0.0641 0.6812 -0.7293
vn -0.2311 0.7125 -0.6625
vn 0.2290 0.5459 -0.8060
vn 0.0656 0.5187 -0.8525
vn 0.0630 0.5472 -0.8346
vn -0.2259 0.5341 -0.8147
vn 0.1845 0.3541 -0.9168
vn 0.0642 0.3719 -0.9260
vn 0.0621 0.4021 -0.9135
vn -0.2215 0.3339 -0.9162
vn 0.0635 0.1882 -0.9801
vn 0.2026 0.1844 -0.9617
vn 0.1028 0.2010 -0.9742
vn -0.2194 0.1532 -0.9635
vn -0.4516 -0.1681 0.8762
vn -0.8824 -0.0000 0.4705
vn -0.7900 -0.2470 0.5611
vn -0.8262 -0.3089 0.4712
vn -0.7108 -0.4802 0.5140
vn -0.6198 -0.6610 0.4229
vn -0.7260 -0.6554 0.2082
vn -0.8434 -0.5337 0.0621
vn -0.7287 -0.6828 -0.0529
vn -0.5848 -0.7731 -0.2456
vn -0.7205 -0.5975 -0.3520
vn -0.7123 -0.4968 -0.4958
vn -0.7035 -0.3694 -0.6072
vn -0.6975 -0.2453 -0.6733
vn -0.8184 -0.1082 -0.5644
vn -0.4501 -0.0000 -0.8930
vn -0.7862 0.1357 -0.6029
vn -0.6986 0.2667 -0.6640
vn -0.7035 0.3694 -0.6072
vn -0.6118 0.5599 -0.5587
vn -0.8074 0.5084 -0.2995
vn -0.5848 0.7731 -0.2456
vn -0.7287 0.6828 -0.0529
vn -0.8434 0.5337 0.0621
vn -0.7254 0.6476 0.2332
vn -0.7182 0.5720 0.3962
vn -0.7108 0.4802 0.5140
vn -0.7049 0.3889 0.5932
vn -0.6993 0.2880 0.6542
vn -0.5926 0.1517 0.7911
vn -0.6468 -0.0000 0.7627
vn -0.8206 -0.0000 0.5715
vn -0.8217 0.1073 0.5597
vn -0.4254 0.1705 0.8888
vn -0.1227 -0.0000 0.9924
vn -0.1231 0.1869 0.9746
vn -0.8248 0.2108 0.5247
vn -0.5928 0.3142 0.7415
vn -0.1241 0.3398 0.9323
vn -0.8283 0.2913 0.4786
vn -0.5526 0.4803 0.6811
vn -0.1153 0.5327 0.8384
vn -0.8336 0.3770 0.4036
vn -0.5608 0.6063 0.5638
vn -0.1301 0.7022 0.7000
vn -0.8390 0.4473 0.3098
vn -0.5686 0.7087 0.4175
vn -0.1324 0.8351 0.5339
vn -0.8434 0.4983 0.2010
vn -0.6403 0.7271 0.2478
vn -0.1617 0.9285 0.3344
vn -0.8464 0.5289 0.0615
vn -0.4601 0.8819 0.1027
vn -0.1076 0.9875 0.1150
vn -0.8460 0.5268 -0.0821
vn -0.6436 0.7616 -0.0753
vn -0.1473 0.9804 -0.1309
vn -0.8434 0.4983 -0.2011
vn -0.5249 0.8039 -0.2795
vn -0.1174 0.9264 -0.3578
vn -0.8400 0.4571 -0.2924
vn -0.6143 0.6555 -0.4393
vn -0.1320 0.8348 -0.5345
vn -0.8347 0.3898 -0.3890
vn -0.4892 0.6013 -0.6318
vn -0.1455 0.7148 -0.6840
vn -0.8283 0.2912 -0.4786
vn -0.5511 0.4506 -0.7023
vn -0.1270 0.5716 -0.8107
vn -0.8248 0.2108 -0.5247
vn -0.6526 0.2824 -0.7031
vn -0.1252 0.3702 -0.9205
vn -0.8219 0.1251 -0.5557
vn -0.4914 0.1561 -0.8568
vn -0.1077 0.1684 -0.9798
vn -0.8206 -0.0000 -0.5715
vn -0.5388 -0.0000 -0.8424
vn -0.1478 -0.0000 -0.9890
vn -0.8219 -0.1251 -0.5557
vn -0.4914 -0.1561 -0.8568
vn -0.0977 -0.1875 -0.9774
vn -0.8253 -0.2275 -0.5169
vn -0.6103 -0.2844 -0.7393
vn -0.1355 -0.3823 -0.9140
vn -0.8301 -0.3213 -0.4558
vn -0.5500 -0.4341 -0.7135
vn -0.1270 -0.5716 -0.8107
vn -0.8355 -0.4024 -0.3742
vn -0.5580 -0.5665 -0.6064
vn -0.1455 -0.7148 -0.6840
vn -0.8400 -0.4571 -0.2925
vn -0.6143 -0.6555 -0.4393
vn -0.1320 -0.8348 -0.5345
vn -0.8441 -0.5044 -0.1817
vn -0.4565 -0.8371 -0.3015
vn -0.1174 -0.9264 -0.3578
vn -0.8464 -0.5289 -0.0614
vn -0.6844 -0.7242 -0.0844
vn -0.1473 -0.9804 -0.1309
vn -0.8464 -0.5309 0.0411
vn -0.5282 -0.8422 0.1078
vn -0.1076 -0.9875 0.1150
vn -0.8445 -0.5104 0.1621
vn -0.6394 -0.7188 0.2728
vn -0.1458 -0.9252 0.3505
vn -0.8400 -0.4571 0.2925
vn -0.4505 -0.7520 0.4812
vn -0.1321 -0.8349 0.5342
vn -0.8347 -0.3898 0.3889
vn -0.6670 -0.5274 0.5263
vn -0.1409 -0.7114 0.6885
vn -0.8294 -0.3063 0.4672
vn -0.4355 -0.4935 0.7528
vn -0.1006 -0.5455 0.8321
vn -0.8248 -0.2108 0.5247
vn -0.6526 -0.2824 0.7031
vn -0.1353 -0.3563 0.9245
vn -0.8217 -0.1073 0.5597
vn -0.4254 -0.1705 0.8888
vn -0.1232 -0.1869 0.9746
vn 0.2885 0.1682 0.9426
vn 0.3043 -0.0000 0.9526
vn 0.8294 -0.0000 0.5586
vn 0.8307 0.1222 0.5432
vn 0.5880 0.1406 0.7965
vn 0.8792 0.1046 0.4649
vn 0.8782 -0.0000 0.4783
vn 0.4086 -0.0000 0.9127
vn 0.9738 0.0357 0.2245
vn 0.9948 0.0224 0.0997
vn 0.9947 0.0032 0.1027
vn 0.9792 -0.0020 0.2030
vn 0.3086 0.3559 0.8821
vn 0.9107 0.1664 0.3780
vn 0.5739 0.2912 0.7654
vn 0.8945 0.1729 0.4123
vn 0.9743 0.0771 0.2115
vn 0.9949 0.0406 0.0923
vn 0.3369 0.5008 0.7973
vn 0.8385 0.3140 0.4453
vn 0.8708 0.2594 0.4176
vn 0.4862 0.4865 0.7259
vn 0.9753 0.1210 0.1846
vn 0.9951 0.0545 0.0830
vn 0.3018 0.6652 0.6830
vn 0.9167 0.2926 0.2721
vn 0.8792 0.3336 0.3401
vn 0.5423 0.5947 0.5935
vn 0.9952 0.0667 0.0714
vn 0.9764 0.1580 0.1469
vn 0.3436 0.7993 0.4930
vn 0.9379 0.2922 0.1870
vn 0.5488 0.6872 0.4760
vn 0.8927 0.3820 0.2391
vn 0.9954 0.0786 0.0545
vn 0.9774 0.1823 0.1074
vn 0.8514 0.4865 0.1963
vn 0.3311 0.8993 0.2857
vn 0.5557 0.7710 0.3111
vn 0.8957 0.4199 0.1463
vn 0.9956 0.0881 0.0317
vn 0.9729 0.2199 0.0714
vn 0.8543 0.5163 0.0602
vn 0.3083 0.9473 0.0873
vn 0.5599 0.8187 0.1276
vn 0.8973 0.4390 0.0465
vn 0.9784 0.2058 0.0196
vn 0.9957 0.0925 0.0072
vn 0.3512 0.9280 -0.1246
vn 0.9408 0.3364 -0.0420
vn 0.5605 0.8257 -0.0639
vn 0.9055 0.4204 -0.0583
vn 0.9856 0.1677 -0.0195
vn 0.9957 0.0922 -0.0106
vn 0.8949 0.4254 -0.1351
vn 0.3297 0.8755 -0.3533
vn 0.5574 0.7913 -0.2513
vn 0.8829 0.4373 -0.1712
vn 0.9956 0.0891 -0.0284
vn 0.9744 0.2112 -0.0777
vn 0.8825 0.3962 -0.2535
vn 0.3257 0.7964 -0.5096
vn 0.5503 0.7033 -0.4500
vn 0.9121 0.3453 -0.2209
vn 0.9955 0.0819 -0.0482
vn 0.9820 0.1581 -0.1036
vn 0.3205 0.6937 -0.6450
vn 0.8869 0.3154 -0.3376
vn 0.8762 0.3498 -0.3316
vn 0.5407 0.5743 -0.6147
vn 0.9953 0.0710 -0.0660
vn 0.9724 0.1641 -0.1658
vn 0.2968 0.5344 -0.7914
vn 0.8829 0.2441 -0.4011
vn 0.8853 0.2680 -0.3801
vn 0.5989 0.4286 -0.6765
vn 0.9951 0.0571 -0.0809
vn 0.9752 0.1152 -0.1892
vn 0.3479 0.3495 -0.8699
vn 0.9308 0.1362 -0.3391
vn 0.8718 0.1871 -0.4528
vn 0.4140 0.3393 -0.8447
vn 0.9949 0.0407 -0.0923
vn 0.9743 0.0771 -0.2115
vn 0.8307 0.1222 -0.5432
vn 0.2885 0.1682 -0.9426
vn 0.6298 0.1463 -0.7629
vn 0.8923 0.0915 -0.4420
vn 0.9948 0.0224 -0.0996
vn 0.9738 0.0357 -0.2245
vn 0.8671 -0.0000 -0.4981
vn 0.3044 -0.0000 -0.9525
vn 0.8782 -0.0000 -0.4783
vn 0.4087 0.0001 -0.9127
vn 0.9947 0.0033 -0.1026
vn 0.9792 -0.0019 -0.2030
vn 0.2885 -0.1682 -0.9426
vn 0.8780 -0.1051 -0.4669
vn 0.6298 -0.1463 -0.7629
vn 0.8923 -0.0915 -0.4420
vn 0.9948 -0.0195 -0.1003
vn 0.9678 -0.0408 -0.2485
vn 0.3479 -0.3495 -0.8699
vn 0.8969 -0.1649 -0.4104
vn 0.8718 -0.1871 -0.4528
vn 0.4140 -0.3393 -0.8447
vn 0.9743 -0.0771 -0.2115
vn 0.9949 -0.0406 -0.0923
vn 0.8829 -0.2441 -0.4011
vn 0.2968 -0.5344 -0.7914
vn 0.5989 -0.4286 -0.6765
vn 0.8853 -0.2680 -0.3801
vn 0.9790 -0.1077 -0.1733
vn 0.9951 -0.0545 -0.0830
vn 0.9156 -0.2745 -0.2937
vn 0.3205 -0.6937 -0.6450
vn 0.5407 -0.5743 -0.6147
vn 0.8762 -0.3498 -0.3316
vn 0.9953 -0.0690 -0.0685
vn 0.9668 -0.1809 -0.1805
vn 0.8481 -0.4463 -0.2856
vn 0.3257 -0.7964 -0.5096
vn 0.5503 -0.7033 -0.4500
vn 0.9043 -0.3557 -0.2362
vn 0.9773 -0.1806 -0.1105
vn 0.9955 -0.0819 -0.0482
vn 0.3297 -0.8755 -0.3533
vn 0.8949 -0.4254 -0.1351
vn 0.8950 -0.4136 -0.1669
vn 0.5574 -0.7913 -0.2513
vn 0.9780 -0.1976 -0.0665
vn 0.9956 -0.0891 -0.0283
vn 0.3512 -0.9280 -0.1246
vn 0.9408 -0.3364 -0.0420
vn 0.9055 -0.4204 -0.0583
vn 0.5605 -0.8257 -0.0639
vn 0.9856 -0.1677 -0.0195
vn 0.9957 -0.0922 -0.0106
vn 0.8058 -0.5882 0.0685
vn 0.3083 -0.9473 0.0873
vn 0.8973 -0.4390 0.0465
vn 0.5599 -0.8187 0.1276
vn 0.9957 -0.0922 0.0106
vn 0.9733 -0.2286 0.0192
vn 0.3311 -0.8993 0.2857
vn 0.8940 -0.4155 0.1677
vn 0.8957 -0.4199 0.1463
vn 0.5556 -0.7710 0.3111
vn 0.9780 -0.1986 0.0631
vn 0.9956 -0.0871 0.0352
vn 0.3436 -0.7993 0.4930
vn 0.9379 -0.2922 0.1870
vn 0.8927 -0.3820 0.2391
vn 0.5488 -0.6872 0.4760
vn 0.9774 -0.1823 0.1074
vn 0.9954 -0.0786 0.0545
vn 0.8882 -0.3365 0.3129
vn 0.3196 -0.6718 0.6682
vn 0.8889 -0.3274 0.3205
vn 0.5407 -0.5743 0.6147
vn 0.9764 -0.1580 0.1469
vn 0.9952 -0.0667 0.0714
vn 0.8842 -0.2692 0.3818
vn 0.2961 -0.5127 0.8059
vn 0.8621 -0.2778 0.4238
vn 0.5343 -0.4634 0.7070
vn 0.9753 -0.1210 0.1846
vn 0.9951 -0.0546 0.0829
vn 0.9107 -0.1664 0.3781
vn 0.3318 -0.3351 0.8818
vn 0.5275 -0.3167 0.7883
vn 0.8945 -0.1729 0.4123
vn 0.9949 -0.0407 0.0923
vn 0.9743 -0.0771 0.2115
vn 0.8780 -0.1051 0.4669
vn 0.2885 -0.1682 0.9426
vn 0.8792 -0.1046 0.4649
vn 0.5880 -0.1406 0.7965
vn 0.9948 -0.0195 0.1003
vn 0.9678 -0.0408 0.2485
vn 0.8651 -0.4265 0.2641
vn 0.6161 -0.7436 0.2599
vn 0.7635 0.3536 0.5404
vn 0.6096 0.6715 0.4212
vn 0.9362 0.0552 0.3471
vn 0.9360 -0.0000 0.3521
vn 0.8229 -0.0016 0.5681
vn 0.8739 0.1067 0.4743
vn 0.8923 0.1546 0.4242
vn 0.8764 0.1940 0.4407
vn 0.9216 0.2018 0.3317
vn 0.8801 0.2735 0.3880
vn 0.9244 0.2604 0.2788
vn 0.8843 0.3419 0.3179
vn 0.9167 0.3365 0.2154
vn 0.9390 0.2882 0.1874
vn 0.8901 0.4210 0.1744
vn 0.9301 0.3501 0.1113
vn 0.8922 0.4455 0.0738
vn 0.9310 0.3639 0.0282
vn 0.8485 0.5258 -0.0594
vn 0.9621 0.2708 -0.0315
vn 0.9062 0.4030 -0.1280
vn 0.8903 0.4223 -0.1704
vn 0.8952 0.3754 -0.2402
vn 0.9392 0.2906 -0.1830
vn 0.8370 0.3885 -0.3853
vn 0.9690 0.1747 -0.1744
vn 0.8965 0.2553 -0.3621
vn 0.8788 0.2480 -0.4076
vn 0.9380 0.1397 -0.3173
vn 0.8755 0.1655 -0.4541
vn 0.8820 0.0888 -0.4629
vn 0.8737 0.0916 -0.4777
vn 0.9154 0.0149 -0.4023
vn 0.9173 -0.0126 -0.3980
vn 0.8019 -0.0924 -0.5903
vn 0.8909 -0.0997 -0.4431
vn 0.8755 -0.1655 -0.4541
vn 0.9380 -0.1397 -0.3173
vn 0.8788 -0.2480 -0.4076
vn 0.9225 -0.2224 -0.3155
vn 0.8829 -0.3205 -0.3431
vn 0.9001 -0.3190 -0.2966
vn 0.9254 -0.3102 -0.2177
vn 0.9280 -0.3209 -0.1891
vn 0.8257 -0.5225 -0.2126
vn 0.9301 -0.3501 -0.1112
vn 0.8485 -0.5258 -0.0594
vn 0.9621 -0.2708 -0.0315
vn 0.9311 -0.3637 0.0282
vn 0.8922 -0.4455 0.0738
vn 0.9460 -0.3089 0.0981
vn 0.8901 -0.4210 0.1744
vn 0.8649 -0.4228 0.2705
vn 0.9390 -0.2882 0.1874
vn 0.8843 -0.3419 0.3179
vn 0.9415 -0.2300 0.2462
vn 0.8801 -0.2735 0.3880
vn 0.9215 -0.2018 0.3317
vn 0.8765 -0.1940 0.4407
vn 0.8923 -0.1546 0.4242
vn 0.9163 -0.0901 0.3903
vn 0.9362 -0.0552 0.3470
vn 0.8995 -0.0809 -0.4293
vn 0.9403 0.0020 -0.3403
vn 0.9362 -0.0000 -0.3515
vn 0.9366 -0.0660 -0.3440
vn 0.9188 -0.1472 -0.3663
vn 0.9420 -0.1233 -0.3123
vn 0.9044 -0.2327 -0.3577
vn 0.9739 -0.1245 -0.1898
vn 0.8967 -0.3133 -0.3126
vn 0.9459 -0.2282 -0.2307
vn 0.9272 -0.3080 -0.2133
vn 0.9446 -0.2828 -0.1666
vn 0.9294 -0.3422 -0.1381
vn 0.9462 -0.3084 -0.0979
vn 0.9152 -0.4002 -0.0482
vn 0.9666 -0.2546 -0.0296
vn 0.9470 -0.3191 0.0372
vn 0.9505 -0.3089 0.0338
vn 0.9138 -0.3828 0.1362
vn 0.9460 -0.3049 0.1098
vn 0.9269 -0.3161 0.2023
vn 0.9481 -0.2691 0.1696
vn 0.9253 -0.2778 0.2583
vn 0.9575 -0.1969 0.2108
vn 0.9224 -0.2226 0.3157
vn 0.9125 -0.2126 0.3494
vn 0.9015 -0.1626 0.4010
vn 0.9730 -0.0860 0.2142
vn 0.9171 -0.0751 0.3916
vn 0.9540 -0.0565 0.2945
vn 0.8718 -0.0000 0.4898
vn 0.9361 -0.0000 0.3516
vn 0.9171 0.0751 0.3916
vn 0.9540 0.0565 0.2945
vn 0.9015 0.1626 0.4010
vn 0.9730 0.0860 0.2142
vn 0.8929 0.2468 0.3765
vn 0.9439 0.1828 0.2751
vn 0.9079 0.2978 0.2951
vn 0.9749 0.1575 0.1572
vn 0.9439 0.2714 0.1880
vn 0.9045 0.3667 0.2178
vn 0.9213 0.3607 0.1456
vn 0.9444 0.3126 0.1016
vn 0.9470 0.3191 0.0372
vn 0.9505 0.3089 0.0337
vn 0.9151 0.4002 -0.0482
vn 0.9666 0.2546 -0.0297
vn 0.9219 0.3692 -0.1173
vn 0.9294 0.3422 -0.1381
vn 0.9597 0.2422 -0.1427
vn 0.9271 0.3081 -0.2134
vn 0.9167 0.2926 -0.2720
vn 0.9243 0.2605 -0.2789
vn 0.9564 0.1683 -0.2387
vn 0.9215 0.2019 -0.3318
vn 0.9188 0.1472 -0.3663
vn 0.9420 0.1233 -0.3123
vn 0.8727 0.0920 -0.4795
vn 0.9366 0.0660 -0.3441
vn 0.9151 -0.0760 0.3960
vn 0.6957 -0.0227 0.7180
vn 0.7294 -0.2550 0.6348
vn 0.7086 -0.4066 0.5766
vn 0.8632 -0.3698 0.3438
vn 0.7232 -0.5950 0.3506
vn 0.8710 -0.4682 0.1487
vn 0.8913 -0.4503 0.0525
vn 0.7315 -0.6798 -0.0526
vn 0.8169 -0.5427 -0.1954
vn 0.8112 -0.4807 -0.3330
vn 0.7137 -0.4782 -0.5119
vn 0.8570 -0.2679 -0.4403
vn 0.7005 -0.2444 -0.6705
vn 0.8722 -0.0921 -0.4804
vn 0.8500 -0.0166 -0.5265
vn 0.7914 0.0960 -0.6037
vn 0.7005 0.2444 -0.6705
vn 0.8570 0.2679 -0.4403
vn 0.7136 0.4783 -0.5119
vn 0.8112 0.4807 -0.3330
vn 0.8169 0.5427 -0.1954
vn 0.7315 0.6798 -0.0526
vn 0.8913 0.4503 0.0525
vn 0.8173 0.5491 0.1744
vn 0.8130 0.5017 0.2956
vn 0.8632 0.3698 0.3438
vn 0.7086 0.4066 0.5767
vn 0.7294 0.2550 0.6348
vn 0.8507 0.0826 0.5192
vn 0.5053 0.0134 0.8628
vn 0.4484 0.1867 0.8741
vn 0.5203 0.3043 0.7979
vn 0.4920 0.4525 0.7437
vn 0.4997 0.5913 0.6330
vn 0.5077 0.7082 0.4906
vn 0.5398 0.7865 0.2999
vn 0.4598 0.8821 0.1028
vn 0.5438 0.8316 -0.1129
vn 0.5156 0.8062 -0.2903
vn 0.5102 0.7410 -0.4366
vn 0.5265 0.6121 -0.5901
vn 0.4594 0.5034 -0.7318
vn 0.5117 0.3330 -0.7920
vn 0.4827 0.1683 -0.8595
vn 0.4467 0.0186 -0.8945
vn 0.4579 -0.1572 -0.8750
vn 0.5117 -0.3330 -0.7920
vn 0.4594 -0.5034 -0.7318
vn 0.5265 -0.6121 -0.5900
vn 0.5102 -0.7410 -0.4366
vn 0.5155 -0.8062 -0.2903
vn 0.5437 -0.8316 -0.1129
vn 0.4598 -0.8821 0.1028
vn 0.5398 -0.7865 0.2999
vn 0.5077 -0.7082 0.4906
vn 0.4997 -0.5913 0.6330
vn 0.4920 -0.4525 0.7437
vn 0.4869 -0.3256 0.8105
vn 0.4582 -0.1777 0.8709
vn 0.9014 -0.0680 0.4277
vn 0.9574 -0.0000 0.2888
vn 0.8286 -0.2087 0.5195
vn 0.9324 -0.2082 0.2953
vn 0.8696 -0.3615 0.3362
vn 0.9134 -0.3506 0.2066
vn 0.9642 -0.2496 0.0899
vn 0.8500 -0.5233 0.0610
vn 0.9482 -0.3156 -0.0367
vn 0.9156 -0.3783 -0.1362
vn 0.8726 -0.4015 -0.2781
vn 0.9615 -0.1945 -0.1940
vn 0.8772 -0.2633 -0.4016
vn 0.9036 -0.1597 -0.3975
vn 0.9286 -0.0815 -0.3621
vn 0.8246 -0.0000 -0.5658
vn 0.9286 0.0815 -0.3621
vn 0.9036 0.1597 -0.3975
vn 0.8772 0.2633 -0.4016
vn 0.9615 0.1945 -0.1940
vn 0.8726 0.4015 -0.2781
vn 0.8886 0.4315 -0.1554
vn 0.9648 0.2611 -0.0304
vn 0.8904 0.4521 0.0527
vn 0.9156 0.3783 0.1363
vn 0.9374 0.3001 0.1769
vn 0.8696 0.3615 0.3362
vn 0.9324 0.2082 0.2953
vn 0.8611 0.2049 0.4654
vn 0.8712 0.0925 0.4822
vn 0.9999 -0.0030 -0.0158
vn 0.9996 -0.0000 -0.0269
vn 0.9998 -0.0074 -0.0183
vn 0.9998 -0.0107 -0.0162
vn 0.9998 -0.0134 -0.0133
vn 0.9998 -0.0193 -0.0113
vn 0.9999 -0.0116 -0.0041
vn 0.9998 -0.0206 -0.0024
vn 0.9998 -0.0181 0.0021
vn 0.9998 -0.0197 0.0071
vn 0.9999 -0.0105 0.0067
vn 0.9997 -0.0167 0.0156
vn 0.9998 -0.0111 0.0158
vn 0.9998 -0.0074 0.0183
vn 0.9997 -0.0038 0.0239
vn 0.9999 -0.0000 0.0135
vn 0.9997 0.0038 0.0238
vn 0.9998 0.0074 0.0183
vn 0.9998 0.0110 0.0157
vn 0.9997 0.0167 0.0156
vn 0.9999 0.0105 0.0068
vn 0.9998 0.0205 0.0083
vn 0.9998 0.0179 0.0028
vn 0.9998 0.0179 -0.0021
vn 0.9998 0.0173 -0.0062
vn 0.9998 0.0159 -0.0094
vn 0.9998 0.0134 -0.0133
vn 0.9998 0.0107 -0.0163
vn 0.9998 0.0074 -0.0183
vn 0.9999 0.0030 -0.0158
vn 0.8410 -0.1019 0.5314
vn 0.8400 -0.0000 0.5426
vn 0.7673 -0.2589 0.5867
vn 0.9426 -0.1830 0.2792
vn 0.7237 -0.4885 0.4875
vn 0.9166 -0.3372 0.2146
vn 0.8616 -0.4776 0.1720
vn 0.8637 -0.5006 0.0583
vn 0.8144 -0.5763 -0.0678
vn 0.9190 -0.3705 -0.1345
vn 0.8578 -0.4330 -0.2770
vn 0.9135 -0.2886 -0.2866
vn 0.8488 -0.3060 -0.4313
vn 0.7103 -0.2624 -0.6532
vn 0.9056 -0.0790 -0.4167
vn 0.8400 -0.0000 -0.5426
vn 0.9056 0.0790 -0.4167
vn 0.7104 0.2624 -0.6531
vn 0.9103 0.2277 -0.3457
vn 0.8520 0.3574 -0.3825
vn 0.8578 0.4330 -0.2770
vn 0.8616 0.4776 -0.1720
vn 0.8637 0.5007 -0.0583
vn 0.8637 0.5006 0.0583
vn 0.8616 0.4776 0.1720
vn 0.9166 0.3372 0.2147
vn 0.7237 0.4885 0.4875
vn 0.9426 0.1830 0.2792
vn 0.7673 0.2589 0.5867
vn 0.8410 0.1019 0.5314
vn 0.7102 -0.0000 0.7040
vn 0.8488 0.0996 0.5192
vn 0.7723 0.2165 0.5972
vn 0.7219 0.3794 0.5788
vn 0.8604 0.3607 0.3600
vn 0.7361 0.5701 0.3649
vn 0.8687 0.4661 0.1679
vn 0.7450 0.6626 0.0772
vn 0.8707 0.4885 -0.0569
vn 0.7419 0.6308 -0.2272
vn 0.8650 0.4227 -0.2704
vn 0.7860 0.4535 -0.4201
vn 0.7219 0.3794 -0.5787
vn 0.8516 0.1954 -0.4864
vn 0.7117 0.1323 -0.6899
vn 0.8479 -0.0000 -0.5302
vn 0.7117 -0.1324 -0.6899
vn 0.8516 -0.1954 -0.4864
vn 0.7775 -0.3260 -0.5378
vn 0.7291 -0.4845 -0.4835
vn 0.8650 -0.4226 -0.2704
vn 0.7419 -0.6309 -0.2272
vn 0.8707 -0.4885 -0.0569
vn 0.7450 -0.6626 0.0772
vn 0.8687 -0.4661 0.1678
vn 0.7361 -0.5701 0.3648
vn 0.8604 -0.3607 0.3600
vn 0.7219 -0.3795 0.5787
vn 0.7723 -0.2165 0.5972
vn 0.8488 -0.0996 0.5192
vn 1.0000 -0.0000 -0.0000
vn 0.8361 -0.4637 0.2931
vn 0.7897 -0.2212 -0.5722
vn 0.8426 -0.5353 0.0592
vn 0.7854 0.0079 -0.6190
vn 0.8516 0.2017 -0.4838
vn 0.7818 -0.5857 -0.2140
vn 0.8252 0.3093 -0.4726
vn 0.8075 -0.5015 -0.3105
vn 0.8687 0.4685 -0.1607
vn 0.7579 -0.2408 -0.6064
vn 0.8426 0.5349 -0.0628
vn 0.7868 -0.1240 -0.6047
vn 0.8486 0.0930 -0.5209
vn 0.7819 0.5867 0.2105
vn 0.8307 0.3944 0.3929
vn 0.7948 0.3258 -0.5120
vn 0.8206 0.2135 0.5301
vn 0.8068 0.4929 -0.3257
vn 0.8705 0.4880 -0.0645
vn 0.7528 0.0006 0.6582
vn 0.8557 -0.2895 0.4289
vn 0.7765 0.5292 0.3420
vn 0.8706 -0.4896 0.0494
vn 0.7541 0.1211 0.6455
vn 0.8477 0.0067 0.5305
vn 0.7848 -0.6157 -0.0710
vn 0.8253 -0.3120 0.4707
vn 0.8008 -0.4179 -0.4290
vn 0.6195 -0.7789 -0.0983
vn 0.5937 0.4467 0.6693
vn 0.6092 -0.6641 -0.4335
vn 0.5823 0.1595 0.7972
vn 0.5931 -0.4358 -0.6770
vn 0.5820 -0.1469 0.7998
vn 0.5821 -0.1469 -0.7998
vn 0.5930 -0.4359 0.6770
vn 0.5823 0.1595 -0.7972
vn 0.6090 -0.6642 0.4335
vn 0.5936 0.4468 -0.6693
vn 0.6195 -0.7788 0.0982
vn 0.6098 0.6714 -0.4212
vn 0.6161 -0.7435 -0.2600
vn 0.6197 0.7804 -0.0834
vn 0.6018 -0.5702 -0.5592
vn 0.6158 0.7388 0.2738
vn 0.5868 -0.3079 -0.7489
vn 0.6011 0.5608 0.5694
vn 0.5807 -0.0063 -0.8141
vn 0.5864 0.2960 0.7540
vn 0.5863 0.2960 -0.7541
vn 0.5805 -0.0063 0.8142
vn 0.6011 0.5608 -0.5694
vn 0.5868 -0.3078 0.7489
vn 0.6158 0.7388 -0.2738
vn 0.6018 -0.5701 0.5593
vn 0.6197 0.7804 0.0834
vn 0.5578 -0.7621 -0.3286
vn 0.6391 -0.7677 0.0466
vn 0.5426 -0.5599 -0.6261
vn 0.6339 -0.7124 -0.3009
vn 0.5286 -0.2745 -0.8033
vn 0.6188 -0.5276 -0.5819
vn 0.6010 0.1148 -0.7910
vn 0.5265 -0.2032 -0.8255
vn 0.5318 0.3570 -0.7679
vn 0.6002 0.0361 -0.7991
vn 0.6270 0.6334 -0.4535
vn 0.5348 0.4241 -0.7309
vn 0.6382 0.7586 -0.1311
vn 0.5507 0.6753 -0.4907
vn 0.6364 0.7389 0.2215
vn 0.5623 0.8138 -0.1469
vn 0.6228 0.5810 0.5240
vn 0.5606 0.7950 0.2319
vn 0.6075 0.3302 0.7225
vn 0.5470 0.6256 0.5563
vn 0.5249 0.1170 0.8431
vn 0.6110 0.4018 0.6821
vn 0.5264 -0.2030 0.8257
vn 0.6009 0.1148 0.7910
vn 0.5388 -0.5000 0.6780
vn 0.6024 -0.1859 0.7762
vn 0.6338 -0.7125 0.3010
vn 0.5425 -0.5600 0.6262
vn 0.5634 -0.8250 0.0438
vn 0.6305 -0.6749 0.3834
vn -0.0000 0.7714 0.6364
vn -0.0000 0.1468 0.9892
vn 0.4090 0.3036 0.8605
vn 0.3784 0.8296 0.4106
vn 0.2607 -0.4634 0.8469
vn -0.0000 -0.4568 0.8896
vn -0.0000 -0.8913 0.4535
vn 0.3829 -0.8989 0.2128
vn 0.2891 -0.2295 -0.9294
vn 0.3462 -0.8288 -0.4396
vn -0.0000 -0.8938 -0.4484
vn -0.0000 -0.2759 -0.9612
vn 0.8377 -0.4300 -0.3366
vn 0.9045 -0.2688 0.3311
vn 0.8616 0.3177 0.3960
vn 0.8846 0.3607 -0.2956
vn 0.3507 0.9047 -0.2421
vn -0.0000 0.9718 -0.2359
vn -0.0000 0.3325 -0.9431
vn 0.2596 0.5267 -0.8094
vn -0.0000 0.4523 0.8919
vn -0.0000 -0.2297 0.9733
vn 0.4048 -0.0381 0.9136
vn 0.3653 0.5863 0.7231
vn 0.2709 -0.7630 0.5869
vn -0.0000 -0.7749 0.6321
vn -0.0000 -0.9999 0.0128
vn 0.3829 -0.8994 -0.2108
vn 0.2101 0.0889 -0.9736
vn 0.3338 -0.5744 -0.7474
vn -0.0000 -0.6258 -0.7800
vn -0.0000 0.0999 -0.9950
vn 0.8248 -0.1549 -0.5439
vn 0.9110 -0.3697 0.1826
vn 0.8538 0.1436 0.5004
vn 0.8969 0.4421 0.0064
vn 0.3514 0.9173 0.1871
vn -0.0000 0.9749 0.2227
vn -0.0000 0.6744 -0.7384
vn 0.3566 0.7442 -0.5648
vn -0.0000 0.1828 0.9831
vn -0.0000 -0.4672 0.8841
vn 0.3542 -0.4522 0.8186
vn 0.4254 0.2119 0.8799
vn 0.3349 -0.9384 0.0852
vn -0.0000 -0.9227 0.3855
vn -0.0000 -0.8458 -0.5335
vn 0.4480 -0.7261 -0.5216
vn 0.2147 0.4481 -0.8678
vn 0.2592 -0.3361 -0.9055
vn -0.0000 -0.1426 -0.9898
vn -0.0000 0.4672 -0.8841
vn 0.8228 0.0580 -0.5653
vn 0.9139 -0.4060 0.0001
vn 0.8521 -0.0524 0.5208
vn 0.8934 0.4000 0.2045
vn 0.2698 0.7009 0.6602
vn 0.0001 0.8701 0.4928
vn -0.0000 0.9227 -0.3855
vn 0.3665 0.9117 -0.1855
vn -0.0000 -0.7829 0.6222
vn 0.5112 -0.6888 0.5141
vn 0.3552 -0.1955 0.9141
vn -0.0000 -0.0951 0.9955
vn 0.2785 -0.9294 -0.2422
vn -0.0000 -0.9749 -0.2227
vn -0.0000 -0.6393 -0.7690
vn 0.3593 -0.4319 -0.8273
vn 0.2648 0.6849 -0.6788
vn 0.3224 0.1128 -0.9399
vn -0.0000 0.1000 -0.9950
vn -0.0000 0.8676 -0.4973
vn 0.8290 0.2624 -0.4939
vn 0.9110 -0.3698 -0.1823
vn 0.8574 -0.2404 0.4550
vn 0.8858 0.2879 0.3640
vn 0.2601 0.3837 0.8861
vn -0.0000 0.5890 0.8081
vn 0.3147 0.9339 0.1696
vn -0.0000 -0.5532 0.8330
vn -0.0000 -0.9979 0.0646
vn 0.4376 -0.8602 0.2618
vn 0.4332 -0.4563 0.7773
vn 0.2698 -0.7365 -0.6203
vn -0.0000 -0.7828 -0.6222
vn -0.0000 -0.2915 -0.9566
vn 0.3522 -0.0892 -0.9317
vn 0.3657 0.8990 -0.2410
vn 0.3295 0.4579 -0.8257
vn -0.0000 0.4672 -0.8842
vn -0.0000 0.9979 -0.0647
vn 0.8317 0.3445 -0.4354
vn 0.9045 -0.2690 -0.3309
vn 0.8666 -0.3907 0.3105
vn 0.8768 0.2256 0.4247
vn 0.2559 0.0249 0.9664
vn -0.0000 0.2339 0.9723
vn -0.0000 0.7828 0.6222
vn 0.2232 0.7568 0.6144
vn -0.0000 -0.9022 0.4314
vn -0.0000 -0.9718 -0.2359
vn 0.3766 -0.8953 -0.2377
vn 0.3722 -0.7235 0.5814
vn 0.3096 -0.3356 -0.8897
vn -0.0000 -0.5852 -0.8109
vn -0.0000 0.0840 -0.9965
vn 0.3546 0.2622 -0.8975
vn 0.3134 0.9119 0.2650
vn 0.3419 0.7483 -0.5684
vn -0.0000 0.7828 -0.6223
vn -0.0000 0.9718 0.2359
vn 0.8934 0.4001 -0.2044
vn 0.8531 -0.1469 -0.5007
vn 0.9210 -0.3798 0.0868
vn 0.8228 0.0580 0.5654
vn 0.3240 -0.2432 0.9143
vn -0.0000 -0.2759 0.9612
vn -0.0000 0.5851 0.8109
vn 0.2555 0.3633 0.8959
vn -0.0000 -0.9941 0.1089
vn -0.0000 -0.6743 -0.7384
vn 0.4292 -0.7365 -0.5229
vn 0.4588 -0.8753 0.1528
vn 0.2547 -0.0725 -0.9643
vn -0.0000 -0.1000 -0.9950
vn -0.0000 0.5432 -0.8396
vn 0.4367 0.5301 -0.7268
vn 0.3566 0.7442 0.5648
vn 0.2792 0.9131 -0.2971
vn -0.0000 0.9982 -0.0593
vn -0.0000 0.6744 0.7384
vn 0.8467 0.5320 -0.0078
vn 0.8973 0.0416 -0.4394
vn 0.8734 -0.4733 -0.1149
vn 0.8735 -0.1333 0.4682
vn 0.2683 -0.6621 0.6997
vn -0.0000 -0.5066 0.8622
vn -0.0000 0.0999 0.9950
vn 0.2101 0.0889 0.9736
vn -0.0000 -0.9386 -0.3451
vn -0.0000 -0.3325 -0.9431
vn 0.3155 -0.5377 -0.7819
vn 0.4570 -0.8524 -0.2540
vn 0.3486 0.2424 -0.9054
vn -0.0000 0.2759 -0.9612
vn -0.0000 0.8388 -0.5445
vn 0.4515 0.7766 -0.4394
vn 0.2148 0.4544 0.8645
vn 0.2809 0.9493 0.1411
vn -0.0000 0.9207 0.3903
vn -0.0000 0.4568 0.8896
vn 0.8846 0.3607 0.2957
vn 0.8616 0.3177 -0.3959
vn 0.9045 -0.2689 -0.3310
vn 0.8377 -0.4299 0.3367
vn 0.2782 -0.8932 0.3533
vn -0.0000 -0.8124 0.5830
vn -0.0000 -0.1468 0.9892
vn 0.3391 -0.2877 0.8957
vn -0.0000 -0.0889 -0.9960
vn 0.4858 -0.0545 -0.8724
vn 0.3699 -0.6422 -0.6714
vn -0.0000 -0.7784 -0.6278
vn 0.2656 0.6236 -0.7352
vn -0.0000 0.6258 -0.7800
vn -0.0000 0.9704 -0.2416
vn 0.3845 0.9231 -0.0010
vn 0.3365 0.1125 0.9350
vn 0.3402 0.7155 0.6102
vn -0.0000 0.7749 0.6321
vn -0.0000 -0.0417 0.9991
vn 0.8323 0.3551 0.4256
vn 0.9080 0.3263 -0.2629
vn 0.8572 -0.2353 -0.4581
vn 0.8883 -0.4100 0.2070
vn 0.2813 -0.9562 -0.0809
vn -0.0000 -0.9852 0.1716
vn -0.0000 -0.6258 0.7800
vn 0.2189 -0.6181 0.7550
vn -0.0000 -0.2711 -0.9625
vn -0.0000 0.2868 -0.9580
vn 0.2565 0.2536 -0.9327
vn 0.3592 -0.4304 -0.8281
vn 0.4355 0.8307 -0.3468
vn -0.0000 0.8153 -0.5791
vn -0.0000 0.9431 0.3325
vn 0.4546 0.8199 0.3479
vn 0.2527 -0.1853 0.9496
vn 0.2632 0.5065 0.8211
vn -0.0000 0.3283 0.9446
vn -0.0000 -0.4126 0.9109
vn 0.8227 0.0493 0.5663
vn 0.9216 0.3881 -0.0027
vn 0.8512 0.0497 -0.5224
vn 0.8959 -0.4308 -0.1081
vn 0.3476 -0.8527 -0.3900
vn -0.0000 -0.8997 -0.4366
vn 0.3092 -0.8307 0.4630
vn -0.0000 -0.8938 0.4484
vn -0.0000 0.1048 -0.9945
vn -0.0000 0.7401 -0.6725
vn 0.4177 0.5316 -0.7369
vn 0.3521 -0.0875 -0.9319
vn 0.2801 0.9597 0.0229
vn -0.0000 1.0000 -0.0069
vn -0.0000 0.7863 0.6179
vn 0.3654 0.5876 0.7219
vn 0.2187 -0.6124 0.7597
vn 0.3220 0.0659 0.9444
vn -0.0000 0.0888 0.9960
vn -0.0000 -0.6352 0.7723
vn 0.8250 -0.1632 0.5411
vn 0.9131 0.3969 0.0934
vn 0.8540 0.1492 -0.4984
vn 0.8898 -0.3515 -0.2910
vn 0.3354 -0.6136 -0.7148
vn -0.0000 -0.6353 -0.7723
vn -0.0000 -0.9861 0.1663
vn 0.3676 -0.9295 -0.0287
vn -0.0000 0.3781 -0.9258
vn -0.0000 0.9567 -0.2909
vn 0.3263 0.7837 -0.5285
vn 0.4274 0.2966 -0.8540
vn 0.3733 0.8429 0.3875
vn -0.0000 0.8997 0.4366
vn -0.0000 0.3781 0.9258
vn 0.4275 0.2965 0.8540
vn 0.3113 -0.8723 0.3770
vn 0.2571 -0.2067 0.9440
vn -0.0000 -0.4167 0.9091
vn -0.0000 -0.8997 0.4365
vn 0.8820 -0.2124 0.4206
vn 0.8619 0.3222 0.3916
vn 0.9080 0.3264 -0.2627
vn 0.8340 -0.3515 -0.4253
vn 0.2571 -0.2067 -0.9440
vn 0.0001 -0.4166 -0.9091
vn -0.0000 -0.9567 -0.2909
vn 0.2701 -0.8130 -0.5159
vn -0.0000 0.7122 -0.7019
vn -0.0000 0.9861 0.1664
vn 0.4403 0.8959 -0.0582
vn 0.4405 0.6020 -0.6660
vn 0.2645 0.5921 0.7612
vn -0.0000 0.6353 0.7723
vn -0.0000 0.0056 1.0000
vn 0.4233 -0.0421 0.9050
vn 0.3154 -0.9477 -0.0494
vn 0.2646 -0.5508 0.7916
vn -0.0000 -0.7434 0.6689
vn -0.0000 -1.0000 -0.0069
vn 0.8371 -0.4214 0.3489
vn 0.9012 0.2003 0.3843
vn 0.8707 0.4425 -0.2146
vn 0.8737 -0.1405 -0.4657
vn 0.2566 0.1573 -0.9536
vn -0.0000 -0.0462 -0.9989
vn -0.0000 -0.7401 -0.6725
vn 0.2598 -0.5323 -0.8057
vn -0.0000 0.9762 -0.2169
vn -0.0000 0.8938 0.4485
vn 0.3719 0.8209 0.4334
vn 0.3785 0.8305 -0.4087
vn 0.3064 0.1598 0.9384
vn -0.0000 0.4126 0.9109
vn -0.0000 -0.2711 0.9625
vn 0.3592 -0.4304 0.8281
vn 0.2276 -0.8750 -0.4273
vn 0.3476 -0.8527 0.3900
vn -0.0000 -0.8997 0.4366
vn 0.8919 -0.4523 -0.0042
vn 0.8512 0.0497 0.5225
vn 0.9216 0.3881 0.0027
vn 0.8232 0.1664 -0.5428
vn 0.3282 0.4145 -0.8488
vn -0.0000 0.4569 -0.8895
vn -0.0000 -0.4126 -0.9109
vn 0.3382 -0.2416 -0.9095
vn -0.0000 0.9704 0.2416
vn -0.0000 0.5105 0.8599
vn 0.3215 0.6856 0.6532
vn 0.3845 0.9231 0.0010
vn 0.3464 -0.0668 0.9357
vn -0.0000 -0.0888 0.9960
vn -0.0000 -0.6218 0.7832
vn 0.3722 -0.7223 0.5829
vn 0.3500 -0.6104 -0.7106
vn 0.3526 -0.9354 -0.0285
vn -0.0000 -1.0000 -0.0068
vn -0.0000 -0.5105 -0.8599
vn 0.8961 -0.4334 -0.0954
vn 0.8572 -0.2352 0.4582
vn 0.9080 0.3263 0.2629
vn 0.8286 0.2547 -0.4986
vn 0.3402 0.7156 -0.6101
vn -0.0000 0.7749 -0.6321
vn -0.0000 0.0889 -0.9960
vn 0.2102 0.0957 -0.9730
vn -0.9208 0.0090 -0.3899
vn -0.6493 -0.0000 -0.7605
vn -0.6501 -0.1193 -0.7504
vn -0.9066 -0.0721 -0.4159
vn -0.8199 -0.0086 -0.5725
vn -0.8160 -0.1269 -0.5640
vn -0.9254 -0.0612 -0.3741
vn -0.9539 -0.0026 -0.3002
vn -0.9983 0.0018 -0.0582
vn -0.9970 -0.0145 -0.0759
vn -0.9948 0.0159 0.1002
vn -0.9948 -0.0000 0.1017
vn -0.7322 -0.2370 -0.6385
vn -0.8860 -0.1610 -0.4349
vn -0.8119 -0.2290 -0.5370
vn -0.9420 -0.1251 -0.3115
vn -0.9986 -0.0199 -0.0496
vn -0.9949 0.0344 0.0944
vn -0.5780 -0.4500 -0.6808
vn -0.8960 -0.2413 -0.3728
vn -0.8302 -0.2969 -0.4718
vn -0.9441 -0.1900 -0.2695
vn -0.9969 -0.0411 -0.0675
vn -0.9964 0.0440 0.0723
vn -0.6695 -0.5258 -0.5247
vn -0.9445 -0.2325 -0.2321
vn -0.8236 -0.3960 -0.4060
vn -0.9462 -0.2369 -0.2203
vn -0.9979 -0.0441 -0.0472
vn -0.9953 0.0661 0.0707
vn -0.6757 -0.6060 -0.4198
vn -0.9034 -0.3627 -0.2289
vn -0.8408 -0.4500 -0.3010
vn -0.9482 -0.2737 -0.1612
vn -0.9985 -0.0446 -0.0309
vn -0.9921 0.1060 0.0678
vn -0.6823 -0.6780 -0.2736
vn -0.9378 -0.3280 -0.1140
vn -0.8387 -0.5124 -0.1845
vn -0.9612 -0.2603 -0.0907
vn -0.9972 -0.0691 -0.0279
vn -0.9968 0.0757 0.0240
vn -0.6863 -0.7187 -0.1120
vn -0.9212 -0.3853 -0.0534
vn -0.8411 -0.5393 -0.0417
vn -0.9504 -0.3081 -0.0432
vn -0.9981 -0.0607 -0.0095
vn -0.9958 0.0917 0.0071
vn -0.6042 -0.7919 0.0888
vn -0.9076 -0.4167 0.0514
vn -0.8411 -0.5373 0.0626
vn -0.9414 -0.3349 0.0411
vn -0.9981 -0.0612 0.0047
vn -0.9973 0.0731 -0.0085
vn -0.7857 -0.5836 0.2051
vn -0.9196 -0.3644 0.1470
vn -0.8391 -0.5184 0.1647
vn -0.9493 -0.2916 0.1176
vn -0.9981 -0.0589 0.0187
vn -0.9943 0.0999 -0.0360
vn -0.6782 -0.6332 0.3731
vn -0.9170 -0.3279 0.2271
vn -0.8351 -0.4739 0.2792
vn -0.9476 -0.2626 0.1819
vn -0.9980 -0.0541 0.0318
vn -0.9955 0.0779 -0.0540
vn -0.6706 -0.5433 0.5051
vn -0.9331 -0.2518 0.2566
vn -0.8291 -0.3958 0.3949
vn -0.9583 -0.2004 0.2039
vn -0.9979 -0.0469 0.0436
vn -0.9953 0.0661 -0.0708
vn -0.6628 -0.4315 0.6120
vn -0.8960 -0.2413 0.3727
vn -0.8302 -0.2969 0.4718
vn -0.9440 -0.1865 0.2723
vn -0.9979 -0.0377 0.0535
vn -0.9969 0.0432 -0.0659
vn -0.5711 -0.3088 0.7606
vn -0.9081 -0.1434 0.3935
vn -0.8119 -0.2290 0.5370
vn -0.9315 -0.1339 0.3383
vn -0.9978 -0.0269 0.0611
vn -0.9934 0.0427 -0.1062
vn -0.7287 -0.1115 0.6757
vn -0.8840 -0.0757 0.4613
vn -0.8160 -0.1269 0.5639
vn -0.9405 -0.0533 0.3355
vn -0.9977 -0.0148 0.0659
vn -0.9967 0.0153 -0.0797
vn -0.6493 -0.0000 0.7605
vn -0.9208 0.0090 0.3899
vn -0.8199 -0.0086 0.5724
vn -0.9403 -0.0000 0.3404
vn -0.9977 -0.0000 0.0678
vn -0.9908 -0.0000 -0.1355
vn -0.6502 0.1193 0.7504
vn -0.9068 0.0925 0.4112
vn -0.8080 0.0991 0.5808
vn -0.9407 0.0639 0.3331
vn -0.9985 0.0102 0.0531
vn -0.9967 -0.0153 -0.0797
vn -0.6541 0.2590 0.7107
vn -0.9089 0.1680 0.3817
vn -0.8181 0.1969 0.5403
vn -0.9273 0.1492 0.3432
vn -0.9971 0.0285 0.0708
vn -0.9934 -0.0427 -0.1062
vn -0.5776 0.4450 0.6844
vn -0.9117 0.2367 0.3357
vn -0.8283 0.2996 0.4735
vn -0.9566 0.1575 0.2452
vn -0.9979 0.0377 0.0535
vn -0.9969 -0.0432 -0.0659
vn -0.7468 0.4841 0.4560
vn -0.9145 0.2864 0.2858
vn -0.8244 0.4060 0.3944
vn -0.9455 0.2223 0.2379
vn -0.9979 0.0469 0.0436
vn -0.9953 -0.0661 -0.0708
vn -0.6781 0.6332 0.3730
vn -0.9170 0.3279 0.2271
vn -0.8351 0.4739 0.2792
vn -0.9476 0.2626 0.1819
vn -0.9980 0.0541 0.0320
vn -0.9955 -0.0779 -0.0540
vn -0.7857 0.5836 0.2051
vn -0.9196 0.3644 0.1470
vn -0.8391 0.5184 0.1646
vn -0.9493 0.2916 0.1176
vn -0.9981 0.0589 0.0187
vn -0.9956 -0.0864 -0.0349
vn -0.6042 0.7919 0.0888
vn -0.9076 0.4167 0.0514
vn -0.8411 0.5373 0.0626
vn -0.9414 0.3349 0.0411
vn -0.9981 0.0612 0.0047
vn -0.9958 -0.0910 -0.0142
vn -0.6863 0.7187 -0.1120
vn -0.9213 0.3853 -0.0534
vn -0.8411 0.5393 -0.0417
vn -0.9504 0.3081 -0.0432
vn -0.9981 0.0607 -0.0095
vn -0.9945 -0.1044 0.0121
vn -0.6823 0.6780 -0.2736
vn -0.9377 0.3281 -0.1140
vn -0.8388 0.5123 -0.1845
vn -0.9612 0.2603 -0.0907
vn -0.9972 0.0691 -0.0279
vn -0.9981 -0.0582 0.0209
vn -0.6757 0.6060 -0.4198
vn -0.9034 0.3627 -0.2288
vn -0.8408 0.4500 -0.3010
vn -0.9482 0.2737 -0.1613
vn -0.9985 0.0446 -0.0309
vn -0.9921 -0.1060 0.0678
vn -0.7737 0.4452 -0.4507
vn -0.9334 0.2567 -0.2509
vn -0.8172 0.4079 -0.4071
vn -0.9362 0.2502 -0.2470
vn -0.9979 0.0441 -0.0472
vn -0.9953 -0.0661 0.0707
vn -0.5776 0.4450 -0.6844
vn -0.9117 0.2367 -0.3358
vn -0.8282 0.2997 -0.4735
vn -0.9567 0.1618 -0.2419
vn -0.9969 0.0411 -0.0676
vn -0.9964 -0.0440 0.0723
vn -0.6540 0.2590 -0.7108
vn -0.9089 0.1680 -0.3818
vn -0.8181 0.1969 -0.5404
vn -0.9422 0.1350 -0.3068
vn -0.9978 0.0229 -0.0630
vn -0.9949 -0.0344 0.0944
vn -0.6501 0.1193 -0.7504
vn -0.9068 0.0925 -0.4112
vn -0.8080 0.0991 -0.5808
vn -0.9407 0.0639 -0.3332
vn -0.9985 0.0102 -0.0531
vn -0.9948 -0.0159 0.1002
vn -0.9794 -0.0000 0.2021
vn -0.9796 -0.0442 0.1962
vn -0.9801 -0.0801 0.1818
vn -0.9808 -0.1125 0.1595
vn -0.9815 -0.1401 0.1302
vn -0.9822 -0.1584 0.1013
vn -0.9828 -0.1740 0.0626
vn -0.9831 -0.1820 0.0214
vn -0.9831 -0.1827 -0.0142
vn -0.9828 -0.1760 -0.0559
vn -0.9823 -0.1616 -0.0952
vn -0.9815 -0.1401 -0.1303
vn -0.9807 -0.1073 -0.1637
vn -0.9800 -0.0742 -0.1848
vn -0.9795 -0.0378 -0.1977
vn -0.9794 -0.0000 -0.2021
vn -0.9795 0.0375 -0.1978
vn -0.9800 0.0740 -0.1849
vn -0.9807 0.1072 -0.1638
vn -0.9815 0.1401 -0.1303
vn -0.9823 0.1616 -0.0952
vn -0.9827 0.1740 -0.0629
vn -0.9831 0.1820 -0.0215
vn -0.9830 0.1813 0.0283
vn -0.9826 0.1720 0.0694
vn -0.9822 0.1584 0.1013
vn -0.9815 0.1401 0.1302
vn -0.9808 0.1125 0.1595
vn -0.9801 0.0801 0.1818
vn -0.9796 0.0442 0.1962
vn 0.0897 -0.2009 -0.9755
vn 0.0270 -0.1695 -0.9852
vn 0.0448 -0.0000 -0.9990
vn 0.1017 -0.0000 -0.9948
vn -0.0817 -0.0000 -0.9967
vn -0.0239 -0.0000 -0.9997
vn -0.0358 -0.1881 -0.9815
vn -0.0821 -0.2188 -0.9723
vn 0.0341 -0.3727 -0.9273
vn 0.0946 -0.3711 -0.9238
vn -0.0485 -0.3723 -0.9268
vn -0.0852 -0.3894 -0.9171
vn 0.0958 -0.5174 -0.8504
vn 0.0348 -0.5759 -0.8168
vn -0.0373 -0.5477 -0.8358
vn -0.0822 -0.5294 -0.8444
vn 0.0980 -0.7044 -0.7030
vn 0.0284 -0.7224 -0.6909
vn -0.0302 -0.6925 -0.7208
vn -0.0862 -0.7054 -0.7036
vn 0.0483 -0.8413 -0.5384
vn 0.1059 -0.8492 -0.5174
vn -0.0390 -0.8416 -0.5386
vn -0.0904 -0.8505 -0.5182
vn 0.0925 -0.9368 -0.3374
vn 0.0294 -0.9325 -0.3600
vn -0.0314 -0.9479 -0.3171
vn -0.0881 -0.9426 -0.3222
vn 0.0319 -0.9907 -0.1321
vn 0.1026 -0.9881 -0.1148
vn -0.0475 -0.9892 -0.1385
vn -0.0904 -0.9929 -0.0768
vn 0.0425 -0.9903 0.1321
vn 0.1086 -0.9898 0.0921
vn -0.0453 -0.9941 0.0990
vn -0.0904 -0.9892 0.1153
vn 0.1017 -0.9359 0.3371
vn 0.0367 -0.9403 0.3384
vn -0.0262 -0.9405 0.3387
vn -0.0895 -0.9372 0.3372
vn 0.0311 -0.8503 0.5254
vn 0.0944 -0.8265 0.5549
vn -0.0464 -0.8531 0.5197
vn -0.0878 -0.8189 0.5672
vn 0.0426 -0.7220 0.6906
vn 0.0979 -0.7044 0.7030
vn -0.0325 -0.7180 0.6953
vn -0.0859 -0.6801 0.7281
vn 0.0298 -0.5600 0.8279
vn 0.0959 -0.5459 0.8324
vn -0.0445 -0.5645 0.8242
vn -0.0842 -0.5179 0.8513
vn 0.0455 -0.3724 0.9270
vn 0.0998 -0.3889 0.9159
vn -0.0312 -0.3855 0.9222
vn -0.0809 -0.3534 0.9320
vn 0.0897 -0.2009 0.9755
vn 0.0225 -0.1883 0.9819
vn -0.0432 -0.2069 0.9774
vn -0.0821 -0.1881 0.9787
vn 0.0448 -0.0000 0.9990
vn 0.1016 -0.0000 0.9948
vn -0.0307 -0.0135 0.9994
vn -0.0832 0.0135 0.9964
vn 0.0897 0.2009 0.9755
vn 0.0225 0.1883 0.9819
vn -0.0480 0.1881 0.9810
vn -0.0842 0.2063 0.9749
vn 0.0455 0.3724 0.9270
vn 0.0998 0.3889 0.9159
vn -0.0312 0.3855 0.9222
vn -0.0830 0.3715 0.9247
vn 0.0959 0.5458 0.8324
vn 0.0298 0.5600 0.8279
vn -0.0445 0.5645 0.8242
vn -0.0822 0.5294 0.8444
vn 0.0979 0.7044 0.7030
vn 0.0426 0.7220 0.6906
vn -0.0325 0.7180 0.6953
vn -0.0859 0.6801 0.7281
vn 0.0909 0.8388 0.5368
vn 0.0241 0.8421 0.5388
vn -0.0464 0.8531 0.5197
vn -0.0878 0.8189 0.5672
vn 0.0441 0.9320 0.3597
vn 0.1060 0.9409 0.3216
vn -0.0262 0.9405 0.3387
vn -0.0895 0.9372 0.3373
vn 0.0425 0.9903 0.1321
vn 0.1086 0.9898 0.0921
vn -0.0453 0.9941 0.0990
vn -0.0904 0.9892 0.1153
vn 0.1030 0.9880 -0.1149
vn 0.0319 0.9907 -0.1321
vn -0.0475 0.9892 -0.1385
vn -0.0904 0.9929 -0.0768
vn 0.0925 0.9368 -0.3374
vn 0.0294 0.9325 -0.3600
vn -0.0314 0.9479 -0.3171
vn -0.0881 0.9426 -0.3222
vn 0.0483 0.8413 -0.5384
vn 0.1059 0.8492 -0.5174
vn -0.0388 0.8417 -0.5385
vn -0.0904 0.8505 -0.5182
vn 0.0980 0.7044 -0.7030
vn 0.0284 0.7224 -0.6909
vn -0.0302 0.6925 -0.7208
vn -0.0862 0.7054 -0.7036
vn 0.0347 0.5478 -0.8359
vn 0.1012 0.5286 -0.8428
vn -0.0445 0.5645 -0.8242
vn -0.0822 0.5294 -0.8444
vn 0.0893 0.3894 -0.9167
vn 0.0340 0.3422 -0.9390
vn -0.0416 0.3854 -0.9218
vn -0.0852 0.3894 -0.9171
vn 0.0897 0.2009 -0.9755
vn 0.0270 0.1695 -0.9852
vn -0.0358 0.1884 -0.9814
vn -0.0821 0.2188 -0.9723
vn 0.6117 0.1356 -0.7794
vn 0.7626 0.0001 -0.6469
vn 0.5438 0.3175 -0.7768
vn 0.6242 0.4502 -0.6385
vn 0.7249 0.4928 -0.4812
vn 0.5352 0.6973 -0.4768
vn 0.6455 0.7186 -0.2588
vn 0.6491 0.7585 -0.0587
vn 0.6485 0.7522 0.1173
vn 0.7372 0.6330 0.2364
vn 0.5662 0.6913 0.4489
vn 0.6295 0.5304 0.5678
vn 0.6217 0.4071 0.6692
vn 0.6153 0.2699 0.7407
vn 0.6113 0.1243 0.7816
vn 0.6105 -0.0000 0.7920
vn 0.6113 -0.1243 0.7816
vn 0.6153 -0.2699 0.7407
vn 0.6217 -0.4071 0.6692
vn 0.6295 -0.5304 0.5678
vn 0.5662 -0.6913 0.4489
vn 0.7909 -0.5758 0.2073
vn 0.5461 -0.8285 0.1238
vn 0.6491 -0.7585 -0.0587
vn 0.5732 -0.7729 -0.2723
vn 0.7056 -0.5867 -0.3974
vn 0.6312 -0.5491 -0.5479
vn 0.6242 -0.4502 -0.6385
vn 0.5438 -0.3175 -0.7768
vn 0.6117 -0.1356 -0.7794
vn 0.9009 -0.0818 -0.4263
vn 0.9002 -0.0000 -0.4355
vn 0.9750 0.0011 -0.2220
vn 0.9839 -0.0322 -0.1760
vn 0.9122 -0.0712 -0.4035
vn 0.8831 -0.0000 -0.4692
vn 0.9829 -0.0645 -0.1726
vn 0.9129 -0.1580 -0.3764
vn 0.8964 -0.1612 -0.4130
vn 0.9766 -0.1188 -0.1792
vn 0.8886 -0.2515 -0.3836
vn 0.9164 -0.2141 -0.3381
vn 0.9161 -0.2894 -0.2776
vn 0.9854 -0.1216 -0.1191
vn 0.9167 -0.2773 -0.2878
vn 0.9817 -0.1582 -0.1063
vn 0.9127 -0.3521 -0.2074
vn 0.9033 -0.3552 -0.2407
vn 0.9791 -0.1917 -0.0677
vn 0.9058 -0.4024 -0.1326
vn 0.9155 -0.3731 -0.1505
vn 0.9249 -0.3768 -0.0508
vn 0.9827 -0.1848 -0.0143
vn 0.9107 -0.4098 -0.0526
vn 0.9098 -0.4127 0.0431
vn 0.9826 -0.1834 0.0286
vn 0.9318 -0.3606 0.0420
vn 0.9148 -0.3787 0.1405
vn 0.9822 -0.1740 0.0702
vn 0.9067 -0.4006 0.1320
vn 0.9185 -0.3286 0.2199
vn 0.9860 -0.1398 0.0914
vn 0.9138 -0.3500 0.2062
vn 0.9775 -0.1486 0.1499
vn 0.8988 -0.3025 0.3174
vn 0.9106 -0.3026 0.2814
vn 0.9123 -0.2180 0.3466
vn 0.9847 -0.0941 0.1464
vn 0.9073 -0.2423 0.3437
vn 0.9796 -0.0787 0.1851
vn 0.9023 -0.1476 0.4051
vn 0.9043 -0.1720 0.3907
vn 0.9752 -0.0406 0.2175
vn 0.8901 -0.0756 0.4495
vn 0.9022 -0.0947 0.4208
vn 0.9168 -0.0000 0.3994
vn 0.9789 -0.0000 0.2044
vn 0.9013 -0.0000 0.4331
vn 0.9790 0.0384 0.2000
vn 0.8901 0.0756 0.4495
vn 0.9022 0.0947 0.4208
vn 0.9023 0.1476 0.4051
vn 0.9743 0.0899 0.2067
vn 0.9043 0.1720 0.3907
vn 0.9123 0.2180 0.3466
vn 0.9847 0.0941 0.1464
vn 0.9073 0.2423 0.3437
vn 0.9775 0.1486 0.1499
vn 0.8988 0.3025 0.3174
vn 0.9106 0.3026 0.2814
vn 0.9117 0.3377 0.2340
vn 0.9818 0.1622 0.0987
vn 0.9138 0.3500 0.2062
vn 0.9210 0.3636 0.1397
vn 0.9864 0.1540 0.0573
vn 0.9162 0.3820 0.1214
vn 0.9826 0.1834 0.0286
vn 0.9098 0.4127 0.0431
vn 0.9262 0.3753 0.0369
vn 0.9856 0.1685 -0.0146
vn 0.9249 0.3768 -0.0508
vn 0.9107 0.4098 -0.0526
vn 0.9778 0.1994 -0.0645
vn 0.9149 0.3810 -0.1331
vn 0.9062 0.3939 -0.1541
vn 0.9784 0.1746 -0.1103
vn 0.9031 0.3677 -0.2218
vn 0.9197 0.3263 -0.2183
vn 0.9161 0.2894 -0.2776
vn 0.9854 0.1216 -0.1191
vn 0.9095 0.2838 -0.3037
vn 0.9802 0.1086 -0.1656
vn 0.8886 0.2515 -0.3836
vn 0.9164 0.2141 -0.3381
vn 0.9129 0.1580 -0.3764
vn 0.9794 0.0691 -0.1897
vn 0.8964 0.1612 -0.4130
vn 0.9009 0.0818 -0.4263
vn 0.9791 0.0383 -0.1999
vn 0.9122 0.0712 -0.4035
vn 0.9969 0.0147 -0.0776
vn 0.9968 -0.0025 -0.0793
vn 0.9970 0.0313 -0.0713
vn 0.9970 0.0420 -0.0643
vn 0.9971 0.0516 -0.0551
vn 0.9973 0.0608 -0.0420
vn 0.9974 0.0680 -0.0248
vn 0.9974 0.0712 -0.0084
vn 0.9974 0.0715 0.0056
vn 0.9974 0.0689 0.0219
vn 0.9973 0.0633 0.0373
vn 0.9972 0.0549 0.0511
vn 0.9971 0.0441 0.0626
vn 0.9969 0.0291 0.0725
vn 0.9969 0.0150 0.0776
vn 0.9968 -0.0000 0.0794
vn 0.9969 -0.0174 0.0771
vn 0.9970 -0.0314 0.0714
vn 0.9971 -0.0441 0.0626
vn 0.9972 -0.0549 0.0511
vn 0.9973 -0.0633 0.0373
vn 0.9974 -0.0689 0.0219
vn 0.9974 -0.0715 0.0056
vn 0.9974 -0.0710 -0.0109
vn 0.9974 -0.0674 -0.0271
vn 0.9973 -0.0608 -0.0420
vn 0.9971 -0.0515 -0.0552
vn 0.9970 -0.0400 -0.0658
vn 0.9969 -0.0288 -0.0726
vn 0.9969 -0.0172 -0.0770
s 1
g off
g LlantaDelanteraDer_flgrey.009
usemtl flgrey.009
f 32//1 181//2 31//3
f 24//4 182//5 23//6
f 16//7 183//8 15//9
f 8//10 184//11 7//12
f 120//13 185//14 119//15
f 112//16 186//17 111//18
f 104//19 187//20 103//21
f 96//22 188//23 95//24
f 88//25 189//26 87//27
f 80//28 190//29 79//30
f 72//31 191//32 71//33
f 64//34 192//35 63//36
f 56//37 193//38 55//39
f 48//40 194//41 47//42
f 40//43 195//44 39//45
f 38//46 37//47 196//48
f 46//49 45//50 197//51
f 54//52 53//53 198//54
f 62//55 61//56 199//57
f 70//58 69//59 200//60
f 78//61 77//62 201//63
f 86//64 85//65 202//66
f 94//67 93//68 203//69
f 102//70 101//71 204//72
f 110//73 109//74 205//75
f 118//76 117//77 206//78
f 6//79 5//80 207//81
f 14//82 13//83 208//84
f 22//85 21//86 209//87
f 30//88 29//89 210//90
s 2
f 211//91 212//92 213//93
f 214//94 212//92 211//91
f 215//95 212//92 214//94
f 216//96 212//92 215//95
f 217//97 212//92 216//96
f 218//98 212//92 217//97
f 219//99 212//92 218//98
f 220//100 212//92 219//99
f 221//101 212//92 220//100
f 222//102 212//92 221//101
f 223//103 212//92 222//102
f 224//104 212//92 223//103
f 225//105 212//92 224//104
f 226//106 212//92 225//105
f 227//107 212//92 226//106
f 228//108 212//92 227//107
f 229//109 212//92 228//108
f 230//110 212//92 229//109
f 231//111 212//92 230//110
f 232//112 212//92 231//111
f 233//113 212//92 232//112
f 234//114 212//92 233//113
f 235//115 212//92 234//114
f 236//116 212//92 235//115
f 237//117 212//92 236//116
f 238//118 212//92 237//117
f 239//119 212//92 238//118
f 240//120 212//92 239//119
f 241//121 212//92 240//120
f 213//93 212//92 241//121
f 241//121 243//122 242//93
f 242//93 213//93 241//121
f 244//123 243//122 241//121
f 241//121 240//120 244//123
f 245//124 244//123 240//120
f 240//120 239//119 245//124
f 246//125 245//124 239//119
f 239//119 238//118 246//125
f 247//126 246//125 238//118
f 238//118 237//117 247//126
f 236//116 248//127 247//126
f 247//126 237//117 236//116
f 249//128 248//127 236//116
f 236//116 235//115 249//128
f 250//129 249//128 235//115
f 235//115 234//114 250//129
f 251//130 250//129 234//114
f 234//114 233//113 251//130
f 252//131 251//130 233//113
f 233//113 232//112 252//131
f 231//111 253//132 252//131
f 252//131 232//112 231//111
f 230//110 254//133 253//132
f 253//132 231//111 230//110
f 255//134 254//133 230//110
f 230//110 229//109 255//134
f 256//135 255//134 229//109
f 229//109 228//108 256//135
f 227//107 257//136 256//135
f 256//135 228//108 227//107
f 258//106 257//136 227//107
f 227//107 226//106 258//106
f 225//105 259//137 258//106
f 258//106 226//106 225//105
f 224//104 260//138 259//137
f 259//137 225//105 224//104
f 261//139 260//138 224//104
f 224//104 223//103 261//139
f 262//140 261//139 223//103
f 223//103 222//102 262//140
f 221//101 263//141 262//140
f 262//140 222//102 221//101
f 220//100 264//142 263//141
f 263//141 221//101 220//100
f 219//99 265//143 264//142
f 264//142 220//100 219//99
f 218//98 266//144 265//143
f 265//143 219//99 218//98
f 267//145 266//144 218//98
f 218//98 217//97 267//145
f 216//96 268//146 267//145
f 267//145 217//97 216//96
f 215//95 269//147 268//146
f 268//146 216//96 215//95
f 270//148 269//147 215//95
f 215//95 214//94 270//148
f 271//149 270//148 214//94
f 214//94 211//91 271//149
f 242//93 271//149 211//91
f 211//91 213//93 242//93
f 242//93 273//150 272//151
f 272//151 271//149 242//93
f 272//151 274//152 270//148
f 270//148 271//149 272//151
f 274//152 275//153 269//147
f 269//147 270//148 274//152
f 275//153 276//154 268//146
f 268//146 269//147 275//153
f 268//146 276//154 277//155
f 277//155 267//145 268//146
f 277//155 278//156 266//144
f 266//144 267//145 277//155
f 278//156 279//157 265//143
f 265//143 266//144 278//156
f 279//157 280//158 264//142
f 264//142 265//143 279//157
f 280//158 281//159 263//141
f 263//141 264//142 280//158
f 263//141 281//159 282//160
f 282//160 262//140 263//141
f 282//160 283//161 261//139
f 261//139 262//140 282//160
f 261//139 283//161 284//162
f 284//162 260//138 261//139
f 284//162 285//163 259//137
f 259//137 260//138 284//162
f 285//163 286//164 258//106
f 258//106 259//137 285//163
f 258//106 286//164 287//165
f 287//165 257//136 258//106
f 287//165 288//166 256//135
f 256//135 257//136 287//165
f 288//166 289//167 255//134
f 255//134 256//135 288//166
f 255//134 289//167 290//168
f 290//168 254//133 255//134
f 290//168 291//169 253//132
f 253//132 254//133 290//168
f 291//169 292//170 252//131
f 252//131 253//132 291//169
f 292//170 293//171 251//130
f 251//130 252//131 292//170
f 251//130 293//171 294//172
f 294//172 250//129 251//130
f 294//172 295//173 249//128
f 249//128 250//129 294//172
f 249//128 295//173 296//174
f 296//174 248//127 249//128
f 248//127 296//174 297//175
f 297//175 247//126 248//127
f 297//175 298//176 246//125
f 246//125 247//126 297//175
f 246//125 298//176 299//177
f 299//177 245//124 246//125
f 245//124 299//177 300//178
f 300//178 244//123 245//124
f 244//123 300//178 301//179
f 301//179 243//122 244//123
f 301//179 273//150 242//93
f 242//93 243//122 301//179
f 302//180 303//181 304//182
f 302//180 304//182 305//183
f 306//184 307//185 303//181
f 306//184 303//181 302//180
f 308//186 309//187 307//185
f 308//186 307//185 306//184
f 310//188 311//189 309//187
f 310//188 309//187 308//186
f 312//190 313//191 311//189
f 312//190 311//189 310//188
f 314//192 315//193 313//191
f 314//192 313//191 312//190
f 316//194 317//195 315//193
f 316//194 315//193 314//192
f 319//196 317//195 316//194
f 318//197 319//196 316//194
f 321//198 319//196 318//197
f 320//199 321//198 318//197
f 323//200 321//198 320//199
f 322//201 323//200 320//199
f 325//202 323//200 322//201
f 324//203 325//202 322//201
f 327//204 325//202 324//203
f 326//205 327//204 324//203
f 328//206 329//207 327//204
f 328//206 327//204 326//205
f 331//208 329//207 328//206
f 330//209 331//208 328//206
f 333//210 331//208 330//209
f 332//211 333//210 330//209
f 334//212 335//213 333//210
f 334//212 333//210 332//211
f 336//214 337//215 335//213
f 336//214 335//213 334//212
f 338//216 339//217 337//215
f 338//216 337//215 336//214
f 341//218 339//217 338//216
f 340//219 341//218 338//216
f 343//220 341//218 340//219
f 342//221 343//220 340//219
f 344//222 345//223 343//220
f 344//222 343//220 342//221
f 346//224 347//225 345//223
f 346//224 345//223 344//222
f 348//226 349//227 347//225
f 348//226 347//225 346//224
f 351//228 349//227 348//226
f 350//229 351//228 348//226
f 353//230 351//228 350//229
f 352//231 353//230 350//229
f 355//232 353//230 352//231
f 354//233 355//232 352//231
f 357//234 355//232 354//233
f 356//235 357//234 354//233
f 359//236 357//234 356//235
f 358//237 359//236 356//235
f 361//238 359//236 358//237
f 360//239 361//238 358//237
f 305//183 304//182 361//238
f 305//183 361//238 360//239
f 301//179 361//238 304//182
f 304//182 273//150 301//179
f 359//236 361//238 301//179
f 301//179 300//178 359//236
f 357//234 359//236 300//178
f 300//178 299//177 357//234
f 298//176 355//232 357//234
f 357//234 299//177 298//176
f 353//230 355//232 298//176
f 298//176 297//175 353//230
f 351//228 353//230 297//175
f 297//175 296//174 351//228
f 349//227 351//228 296//174
f 296//174 295//173 349//227
f 347//225 349//227 295//173
f 295//173 294//172 347//225
f 293//171 345//223 347//225
f 347//225 294//172 293//171
f 292//170 343//220 345//223
f 345//223 293//171 292//170
f 291//169 341//218 343//220
f 343//220 292//170 291//169
f 290//168 339//217 341//218
f 341//218 291//169 290//168
f 337//215 339//217 290//168
f 290//168 289//167 337//215
f 335//213 337//215 289//167
f 289//167 288//166 335//213
f 287//165 333//210 335//213
f 335//213 288//166 287//165
f 331//208 333//210 287//165
f 287//165 286//164 331//208
f 285//163 329//207 331//208
f 331//208 286//164 285//163
f 327//204 329//207 285//163
f 285//163 284//162 327//204
f 325//202 327//204 284//162
f 284//162 283//161 325//202
f 282//160 323//200 325//202
f 325//202 283//161 282//160
f 321//198 323//200 282//160
f 282//160 281//159 321//198
f 319//196 321//198 281//159
f 281//159 280//158 319//196
f 279//157 317//195 319//196
f 319//196 280//158 279//157
f 278//156 315//193 317//195
f 317//195 279//157 278//156
f 277//155 313//191 315//193
f 315//193 278//156 277//155
f 311//189 313//191 277//155
f 277//155 276//154 311//189
f 309//187 311//189 276//154
f 276//154 275//153 309//187
f 274//152 307//185 309//187
f 309//187 275//153 274//152
f 272//151 303//181 307//185
f 307//185 274//152 272//151
f 304//182 303//181 272//151
f 272//151 273//150 304//182
f 360//239 363//240 362//241
f 362//241 305//183 360//239
f 358//237 364//242 363//240
f 363//240 360//239 358//237
f 356//235 365//243 364//242
f 364//242 358//237 356//235
f 366//244 365//243 356//235
f 356//235 354//233 366//244
f 352//231 367//245 366//244
f 366//244 354//233 352//231
f 350//229 368//246 367//245
f 367//245 352//231 350//229
f 348//226 369//247 368//246
f 368//246 350//229 348//226
f 370//248 369//247 348//226
f 348//226 346//224 370//248
f 371//249 370//248 346//224
f 346//224 344//222 371//249
f 372//250 371//249 344//222
f 344//222 342//221 372//250
f 340//219 373//251 372//250
f 372//250 342//221 340//219
f 338//216 374//252 373//251
f 373//251 340//219 338//216
f 375//253 374//252 338//216
f 338//216 336//214 375//253
f 334//212 376//254 375//253
f 375//253 336//214 334//212
f 332//211 377//255 376//254
f 376//254 334//212 332//211
f 330//209 378//256 377//255
f 377//255 332//211 330//209
f 379//257 378//256 330//209
f 330//209 328//206 379//257
f 380//258 379//257 328//206
f 328//206 326//205 380//258
f 381//259 380//258 326//205
f 326//205 324//203 381//259
f 382//260 381//259 324//203
f 324//203 322//201 382//260
f 320//199 383//261 382//260
f 382//260 322//201 320//199
f 318//197 384//262 383//261
f 383//261 320//199 318//197
f 316//194 385//263 384//262
f 384//262 318//197 316//194
f 386//264 385//263 316//194
f 316//194 314//192 386//264
f 387//265 386//264 314//192
f 314//192 312//190 387//265
f 388//266 387//265 312//190
f 312//190 310//188 388//266
f 389//267 388//266 310//188
f 310//188 308//186 389//267
f 390//268 389//267 308//186
f 308//186 306//184 390//268
f 302//180 391//269 390//268
f 390//268 306//184 302//180
f 362//241 391//269 302//180
f 302//180 305//183 362//241
s 3
f 392//270 393//271 394//272
f 392//270 394//272 395//273
f 362//274 397//275 396//276
f 396//276 391//277 362//274
f 399//278 393//271 392//270
f 398//279 399//278 392//270
f 391//277 396//276 400//280
f 400//280 390//281 391//277
f 401//282 402//283 399//278
f 401//282 399//278 398//279
f 400//280 403//284 389//285
f 389//285 390//281 400//280
f 404//286 405//287 402//283
f 404//286 402//283 401//282
f 389//285 403//284 406//288
f 406//288 388//289 389//285
f 408//290 405//287 404//286
f 407//291 408//290 404//286
f 388//289 406//288 409//292
f 409//292 387//293 388//289
f 410//294 411//295 408//290
f 410//294 408//290 407//291
f 387//293 409//292 412//296
f 412//296 386//297 387//293
f 414//298 411//295 410//294
f 413//299 414//298 410//294
f 386//297 412//296 415//300
f 415//300 385//301 386//297
f 416//302 417//303 414//298
f 416//302 414//298 413//299
f 385//301 415//300 418//304
f 418//304 384//305 385//301
f 420//306 417//303 416//302
f 419//307 420//306 416//302
f 418//304 421//308 383//309
f 383//309 384//305 418//304
f 423//310 420//306 419//307
f 422//311 423//310 419//307
f 421//308 424//312 382//313
f 382//313 383//309 421//308
f 425//314 426//315 423//310
f 425//314 423//310 422//311
f 382//313 424//312 427//316
f 427//316 381//317 382//313
f 428//318 429//319 426//315
f 428//318 426//315 425//314
f 381//317 427//316 430//320
f 430//320 380//321 381//317
f 431//322 432//323 429//319
f 431//322 429//319 428//318
f 430//320 433//324 379//325
f 379//325 380//321 430//320
f 435//326 432//323 431//322
f 434//327 435//326 431//322
f 433//324 436//328 378//329
f 378//329 379//325 433//324
f 437//330 438//331 435//326
f 437//330 435//326 434//327
f 378//329 436//328 439//332
f 439//332 377//333 378//329
f 441//334 438//331 437//330
f 440//335 441//334 437//330
f 439//332 442//336 376//337
f 376//337 377//333 439//332
f 443//338 444//339 441//334
f 443//338 441//334 440//335
f 442//336 445//340 375//341
f 375//341 376//337 442//336
f 447//342 444//339 443//338
f 446//343 447//342 443//338
f 375//341 445//340 448//344
f 448//344 374//345 375//341
f 450//346 447//342 446//343
f 449//347 450//346 446//343
f 448//344 451//348 373//349
f 373//349 374//345 448//344
f 452//350 453//351 450//346
f 452//350 450//346 449//347
f 451//348 454//352 372//353
f 372//353 373//349 451//348
f 455//354 456//355 453//351
f 455//354 453//351 452//350
f 372//353 454//352 457//356
f 457//356 371//357 372//353
f 459//358 456//355 455//354
f 458//359 459//358 455//354
f 371//357 457//356 460//360
f 460//360 370//361 371//357
f 462//362 459//358 458//359
f 461//363 462//362 458//359
f 460//360 463//364 369//365
f 369//365 370//361 460//360
f 464//366 465//367 462//362
f 464//366 462//362 461//363
f 463//364 466//368 368//369
f 368//369 369//365 463//364
f 468//370 465//367 464//366
f 467//371 468//370 464//366
f 466//368 469//372 367//373
f 367//373 368//369 466//368
f 471//374 468//370 467//371
f 470//375 471//374 467//371
f 469//372 472//376 366//377
f 366//377 367//373 469//372
f 474//378 471//374 470//375
f 473//379 474//378 470//375
f 472//376 475//380 365//381
f 365//381 366//377 472//376
f 477//382 474//378 473//379
f 476//383 477//382 473//379
f 365//381 475//380 478//384
f 478//384 364//385 365//381
f 479//386 480//387 477//382
f 479//386 477//382 476//383
f 364//385 478//384 481//388
f 481//388 363//389 364//385
f 394//272 480//387 479//386
f 395//273 394//272 479//386
f 363//389 481//388 397//275
f 397//275 362//274 363//389
f 394//272 397//275 481//388
f 394//272 481//388 480//387
f 481//388 478//384 477//382
f 480//387 481//388 477//382
f 478//384 475//380 474//378
f 477//382 478//384 474//378
f 474//378 475//380 472//376
f 474//378 472//376 471//374
f 471//374 472//376 469//372
f 471//374 469//372 468//370
f 468//370 469//372 466//368
f 468//370 466//368 465//367
f 466//368 463//364 462//362
f 465//367 466//368 462//362
f 463//364 460//360 459//358
f 462//362 463//364 459//358
f 459//358 460//360 457//356
f 459//358 457//356 456//355
f 457//356 454//352 453//351
f 456//355 457//356 453//351
f 453//351 454//352 451//348
f 453//351 451//348 450//346
f 450//346 451//348 448//344
f 450//346 448//344 447//342
f 447//342 448//344 445//340
f 447//342 445//340 444//339
f 444//339 445//340 442//336
f 444//339 442//336 441//334
f 442//336 439//332 438//331
f 441//334 442//336 438//331
f 438//331 439//332 436//328
f 438//331 436//328 435//326
f 436//328 433//324 432//323
f 435//326 436//328 432//323
f 433//324 430//320 429//319
f 432//323 433//324 429//319
f 430//320 427//316 426//315
f 429//319 430//320 426//315
f 426//315 427//316 424//312
f 426//315 424//312 423//310
f 423//310 424//312 421//308
f 423//310 421//308 420//306
f 421//308 418//304 417//303
f 420//306 421//308 417//303
f 417//303 418//304 415//300
f 417//303 415//300 414//298
f 414//298 415//300 412//296
f 414//298 412//296 411//295
f 412//296 409//292 408//290
f 411//295 412//296 408//290
f 409//292 406//288 405//287
f 408//290 409//292 405//287
f 405//287 406//288 403//284
f 405//287 403//284 402//283
f 402//283 403//284 400//280
f 402//283 400//280 399//278
f 399//278 400//280 396//276
f 399//278 396//276 393//271
f 396//276 397//275 394//272
f 393//271 396//276 394//272
s 4
f 479//92 483//390 482//391
f 482//391 395//92 479//92
f 484//392 483//390 479//92
f 479//92 476//92 484//392
f 473//92 485//393 484//392
f 484//392 476//92 473//92
f 470//92 486//394 485//393
f 485//393 473//92 470//92
f 467//92 487//395 486//394
f 486//394 470//92 467//92
f 464//92 488//396 487//395
f 487//395 467//92 464//92
f 461//92 489//397 488//396
f 488//396 464//92 461//92
f 458//92 490//398 489//397
f 489//397 461//92 458//92
f 455//92 491//399 490//398
f 490//398 458//92 455//92
f 492//400 491//399 455//92
f 455//92 452//92 492//400
f 493//401 492//400 452//92
f 452//92 449//92 493//401
f 446//92 494//402 493//401
f 493//401 449//92 446//92
f 443//92 495//403 494//402
f 494//402 446//92 443//92
f 440//92 496//404 495//403
f 495//403 443//92 440//92
f 437//92 497//405 496//404
f 496//404 440//92 437//92
f 498//406 497//405 437//92
f 437//92 434//92 498//406
f 431//92 499//407 498//406
f 498//406 434//92 431//92
f 500//408 499//407 431//92
f 431//92 428//92 500//408
f 501//409 500//408 428//92
f 428//92 425//92 501//409
f 502//410 501//409 425//92
f 425//92 422//92 502//410
f 419//92 503//411 502//410
f 502//410 422//92 419//92
f 504//412 503//411 419//92
f 419//92 416//92 504//412
f 505//413 504//412 416//92
f 416//92 413//92 505//413
f 506//414 505//413 413//92
f 413//92 410//92 506//414
f 407//92 507//415 506//414
f 506//414 410//92 407//92
f 404//92 508//416 507//415
f 507//415 407//92 404//92
f 401//92 509//417 508//416
f 508//416 404//92 401//92
f 510//418 509//417 401//92
f 401//92 398//92 510//418
f 511//419 510//418 398//92
f 398//92 392//92 511//419
f 482//391 511//419 392//92
f 392//92 395//92 482//391
f 513//420 121//421 150//422
f 150//422 512//423 513//420
f 515//424 514//425 511//419
f 511//419 482//391 515//424
f 150//422 149//426 516//427
f 516//427 512//423 150//422
f 511//419 514//425 517//428
f 517//428 510//418 511//419
f 516//427 149//426 148//429
f 148//429 518//430 516//427
f 510//418 517//428 519//431
f 519//431 509//417 510//418
f 518//430 148//429 147//432
f 147//432 520//433 518//430
f 519//431 521//434 508//416
f 508//416 509//417 519//431
f 520//433 147//432 146//435
f 146//435 522//436 520//433
f 521//434 523//437 507//415
f 507//415 508//416 521//434
f 522//436 146//435 145//438
f 145//438 524//439 522//436
f 523//437 525//440 506//414
f 506//414 507//415 523//437
f 524//439 145//438 144//441
f 144//441 526//442 524//439
f 506//414 525//440 527//443
f 527//443 505//413 506//414
f 144//441 143//444 528//445
f 528//445 526//442 144//441
f 527//443 529//446 504//412
f 504//412 505//413 527//443
f 143//444 142//447 530//448
f 530//448 528//445 143//444
f 529//446 531//449 503//411
f 503//411 504//412 529//446
f 142//447 141//450 532//451
f 532//451 530//448 142//447
f 531//449 533//452 502//410
f 502//410 503//411 531//449
f 532//451 141//450 140//453
f 140//453 534//454 532//451
f 533//452 535//455 501//409
f 501//409 502//410 533//452
f 140//453 139//456 536//457
f 536//457 534//454 140//453
f 501//409 535//455 537//458
f 537//458 500//408 501//409
f 139//456 138//459 538//460
f 538//460 536//457 139//456
f 500//408 537//458 539//461
f 539//461 499//407 500//408
f 538//460 138//459 137//462
f 137//462 540//463 538//460
f 539//461 541//464 498//406
f 498//406 499//407 539//461
f 540//463 137//462 136//465
f 136//465 542//466 540//463
f 541//464 543//467 497//405
f 497//405 498//406 541//464
f 136//465 135//468 544//469
f 544//469 542//466 136//465
f 497//405 543//467 545//470
f 545//470 496//404 497//405
f 135//468 134//471 546//472
f 546//472 544//469 135//468
f 545//470 547//473 495//403
f 495//403 496//404 545//470
f 134//471 133//474 548//475
f 548//475 546//472 134//471
f 547//473 549//476 494//402
f 494//402 495//403 547//473
f 133//474 132//477 550//478
f 550//478 548//475 133//474
f 549//476 551//479 493//401
f 493//401 494//402 549//476
f 132//477 131//480 552//481
f 552//481 550//478 132//477
f 493//401 551//479 553//482
f 553//482 492//400 493//401
f 552//481 131//480 130//483
f 130//483 554//484 552//481
f 492//400 553//482 555//485
f 555//485 491//399 492//400
f 130//483 129//486 556//487
f 556//487 554//484 130//483
f 491//399 555//485 557//488
f 557//488 490//398 491//399
f 556//487 129//486 128//489
f 128//489 558//490 556//487
f 490//398 557//488 559//491
f 559//491 489//397 490//398
f 558//490 128//489 127//492
f 127//492 560//493 558//490
f 559//491 561//494 488//396
f 488//396 489//397 559//491
f 560//493 127//492 126//495
f 126//495 562//496 560//493
f 561//494 563//497 487//395
f 487//395 488//396 561//494
f 126//495 125//498 564//499
f 564//499 562//496 126//495
f 487//395 563//497 565//500
f 565//500 486//394 487//395
f 564//499 125//498 124//501
f 124//501 566//502 564//499
f 486//394 565//500 567//503
f 567//503 485//393 486//394
f 124//501 123//504 568//505
f 568//505 566//502 124//501
f 567//503 569//506 484//392
f 484//392 485//393 567//503
f 568//505 123//504 122//507
f 122//507 570//508 568//505
f 569//506 571//509 483//390
f 483//390 484//392 569//506
f 122//507 121//421 513//420
f 513//420 570//508 122//507
f 483//390 571//509 515//424
f 515//424 482//391 483//390
f 570//508 513//420 515//424
f 515//424 571//509 570//508
f 569//506 568//505 570//508
f 570//508 571//509 569//506
f 566//502 568//505 569//506
f 569//506 567//503 566//502
f 565//500 564//499 566//502
f 566//502 567//503 565//500
f 562//496 564//499 565//500
f 565//500 563//497 562//496
f 561//494 560//493 562//496
f 562//496 563//497 561//494
f 558//490 560//493 561//494
f 561//494 559//491 558//490
f 557//488 556//487 558//490
f 558//490 559//491 557//488
f 554//484 556//487 557//488
f 557//488 555//485 554//484
f 553//482 552//481 554//484
f 554//484 555//485 553//482
f 551//479 550//478 552//481
f 552//481 553//482 551//479
f 549//476 548//475 550//478
f 550//478 551//479 549//476
f 547//473 546//472 548//475
f 548//475 549//476 547//473
f 544//469 546//472 547//473
f 547//473 545//470 544//469
f 543//467 542//466 544//469
f 544//469 545//470 543//467
f 540//463 542//466 543//467
f 543//467 541//464 540//463
f 539//461 538//460 540//463
f 540//463 541//464 539//461
f 536//457 538//460 539//461
f 539//461 537//458 536//457
f 534//454 536//457 537//458
f 537//458 535//455 534//454
f 532//451 534//454 535//455
f 535//455 533//452 532//451
f 530//448 532//451 533//452
f 533//452 531//449 530//448
f 529//446 528//445 530//448
f 530//448 531//449 529//446
f 526//442 528//445 529//446
f 529//446 527//443 526//442
f 525//440 524//439 526//442
f 526//442 527//443 525//440
f 522//436 524//439 525//440
f 525//440 523//437 522//436
f 520//433 522//436 523//437
f 523//437 521//434 520//433
f 518//430 520//433 521//434
f 521//434 519//431 518//430
f 516//427 518//430 519//431
f 519//431 517//428 516//427
f 512//423 516//427 517//428
f 517//428 514//425 512//423
f 515//424 513//420 512//423
f 512//423 514//425 515//424
s 1
f 573//510 574//511 575//512
f 572//513 573//510 575//512
f 576//514 577//515 578//516
f 576//514 578//516 579//517
f 580//518 180//519 151//520
f 580//518 151//520 581//521
f 583//522 573//510 572//513
f 582//523 583//522 572//513
f 584//524 585//525 577//515
f 584//524 577//515 576//514
f 586//526 179//527 180//519
f 586//526 180//519 580//518
f 588//528 583//522 582//523
f 587//529 588//528 582//523
f 590//530 585//525 584//524
f 589//531 590//530 584//524
f 591//532 178//533 179//527
f 591//532 179//527 586//526
f 593//534 588//528 587//529
f 592//535 593//534 587//529
f 595//536 590//530 589//531
f 594//537 595//536 589//531
f 177//538 178//533 591//532
f 596//539 177//538 591//532
f 598//540 593//534 592//535
f 597//541 598//540 592//535
f 599//542 600//543 595//536
f 599//542 595//536 594//537
f 176//544 177//538 596//539
f 601//545 176//544 596//539
f 602//546 603//547 598//540
f 602//546 598//540 597//541
f 604//548 605//549 600//543
f 604//548 600//543 599//542
f 175//550 176//544 601//545
f 606//551 175//550 601//545
f 607//552 608//553 603//547
f 607//552 603//547 602//546
f 609//554 610//555 605//549
f 609//554 605//549 604//548
f 611//556 174//557 175//550
f 611//556 175//550 606//551
f 613//558 608//553 607//552
f 612//559 613//558 607//552
f 614//560 615//561 610//555
f 614//560 610//555 609//554
f 616//562 173//563 174//557
f 616//562 174//557 611//556
f 617//564 618//565 613//558
f 617//564 613//558 612//559
f 619//566 620//567 615//561
f 619//566 615//561 614//560
f 172//568 173//563 616//562
f 621//569 172//568 616//562
f 622//570 623//571 618//565
f 622//570 618//565 617//564
f 624//572 625//573 620//567
f 624//572 620//567 619//566
f 171//574 172//568 621//569
f 626//575 171//574 621//569
f 628//576 623//571 622//570
f 627//577 628//576 622//570
f 630//578 625//573 624//572
f 629//579 630//578 624//572
f 170//580 171//574 626//575
f 631//581 170//580 626//575
f 633//582 628//576 627//577
f 632//583 633//582 627//577
f 635//584 630//578 629//579
f 634//585 635//584 629//579
f 169//586 170//580 631//581
f 636//587 169//586 631//581
f 638//588 633//582 632//583
f 637//589 638//588 632//583
f 640//590 635//584 634//585
f 639//591 640//590 634//585
f 168//592 169//586 636//587
f 641//593 168//592 636//587
f 642//594 643//595 638//588
f 642//594 638//588 637//589
f 644//596 645//597 640//590
f 644//596 640//590 639//591
f 167//598 168//592 641//593
f 646//599 167//598 641//593
f 647//600 648//601 643//595
f 647//600 643//595 642//594
f 650//602 645//597 644//596
f 649//603 650//602 644//596
f 166//604 167//598 646//599
f 651//605 166//604 646//599
f 653//606 648//601 647//600
f 652//607 653//606 647//600
f 654//608 655//609 650//602
f 654//608 650//602 649//603
f 165//610 166//604 651//605
f 656//611 165//610 651//605
f 658//612 653//606 652//607
f 657//613 658//612 652//607
f 660//614 655//609 654//608
f 659//615 660//614 654//608
f 661//616 164//617 165//610
f 661//616 165//610 656//611
f 662//618 663//619 658//612
f 662//618 658//612 657//613
f 664//620 665//621 660//614
f 664//620 660//614 659//615
f 666//622 163//623 164//617
f 666//622 164//617 661//616
f 667//624 668//625 663//619
f 667//624 663//619 662//618
f 669//626 670//627 665//621
f 669//626 665//621 664//620
f 162//628 163//623 666//622
f 671//629 162//628 666//622
f 672//630 673//631 668//625
f 672//630 668//625 667//624
f 674//632 675//633 670//627
f 674//632 670//627 669//626
f 676//634 161//635 162//628
f 676//634 162//628 671//629
f 678//636 673//631 672//630
f 677//637 678//636 672//630
f 680//638 675//633 674//632
f 679//639 680//638 674//632
f 681//640 160//641 161//635
f 681//640 161//635 676//634
f 683//642 678//636 677//637
f 682//643 683//642 677//637
f 685//644 680//638 679//639
f 684//645 685//644 679//639
f 686//646 159//647 160//641
f 686//646 160//641 681//640
f 687//648 688//649 683//642
f 687//648 683//642 682//643
f 690//650 685//644 684//645
f 689//651 690//650 684//645
f 158//652 159//647 686//646
f 691//653 158//652 686//646
f 693//654 688//649 687//648
f 692//655 693//654 687//648
f 695//656 690//650 689//651
f 694//657 695//656 689//651
f 696//658 157//659 158//652
f 696//658 158//652 691//653
f 698//660 693//654 692//655
f 697//661 698//660 692//655
f 700//662 695//656 694//657
f 699//663 700//662 694//657
f 701//664 156//665 157//659
f 701//664 157//659 696//658
f 702//666 703//667 698//660
f 702//666 698//660 697//661
f 705//668 700//662 699//663
f 704//669 705//668 699//663
f 706//670 155//671 156//665
f 706//670 156//665 701//664
f 707//672 708//673 703//667
f 707//672 703//667 702//666
f 710//674 705//668 704//669
f 709//675 710//674 704//669
f 711//676 154//677 155//671
f 711//676 155//671 706//670
f 712//678 713//679 708//673
f 712//678 708//673 707//672
f 714//680 715//681 710//674
f 714//680 710//674 709//675
f 153//682 154//677 711//676
f 716//683 153//682 711//676
f 717//684 718//685 713//679
f 717//684 713//679 712//678
f 720//686 715//681 714//680
f 719//687 720//686 714//680
f 152//688 153//682 716//683
f 721//689 152//688 716//683
f 575//512 574//511 718//685
f 575//512 718//685 717//684
f 578//516 720//686 719//687
f 579//517 578//516 719//687
f 581//521 151//520 152//688
f 581//521 152//688 721//689
f 578//516 581//521 721//689
f 578//516 721//689 720//686
f 579//517 719//687 718//685
f 574//511 579//517 718//685
f 720//686 721//689 716//683
f 720//686 716//683 715//681
f 718//685 719//687 714//680
f 718//685 714//680 713//679
f 715//681 716//683 711//676
f 715//681 711//676 710//674
f 714//680 709//675 708//673
f 713//679 714//680 708//673
f 711//676 706//670 705//668
f 710//674 711//676 705//668
f 708//673 709//675 704//669
f 708//673 704//669 703//667
f 706//670 701//664 700//662
f 705//668 706//670 700//662
f 703//667 704//669 699//663
f 703//667 699//663 698//660
f 701//664 696//658 695//656
f 700//662 701//664 695//656
f 698//660 699//663 694//657
f 698//660 694//657 693//654
f 696//658 691//653 690//650
f 695//656 696//658 690//650
f 693//654 694//657 689//651
f 693//654 689//651 688//649
f 691//653 686//646 685//644
f 690//650 691//653 685//644
f 688//649 689//651 684//645
f 688//649 684//645 683//642
f 685//644 686//646 681//640
f 685//644 681//640 680//638
f 683//642 684//645 679//639
f 683//642 679//639 678//636
f 680//638 681//640 676//634
f 680//638 676//634 675//633
f 678//636 679//639 674//632
f 678//636 674//632 673//631
f 675//633 676//634 671//629
f 675//633 671//629 670//627
f 674//632 669//626 668//625
f 673//631 674//632 668//625
f 671//629 666//622 665//621
f 670//627 671//629 665//621
f 669//626 664//620 663//619
f 668//625 669//626 663//619
f 666//622 661//616 660//614
f 665//621 666//622 660//614
f 663//619 664//620 659//615
f 663//619 659//615 658//612
f 661//616 656//611 655//609
f 660//614 661//616 655//609
f 659//615 654//608 653//606
f 658//612 659//615 653//606
f 656//611 651//605 650//602
f 655//609 656//611 650//602
f 653//606 654//608 649//603
f 653//606 649//603 648//601
f 650//602 651//605 646//599
f 650//602 646//599 645//597
f 649//603 644//596 643//595
f 648//601 649//603 643//595
f 645//597 646//599 641//593
f 645//597 641//593 640//590
f 643//595 644//596 639//591
f 643//595 639//591 638//588
f 640//590 641//593 636//587
f 640//590 636//587 635//584
f 639//591 634//585 633//582
f 638//588 639//591 633//582
f 635//584 636//587 631//581
f 635//584 631//581 630//578
f 633//582 634//585 629//579
f 633//582 629//579 628//576
f 631//581 626//575 625//573
f 630//578 631//581 625//573
f 628//576 629//579 624//572
f 628//576 624//572 623//571
f 625//573 626//575 621//569
f 625//573 621//569 620//567
f 624//572 619//566 618//565
f 623//571 624//572 618//565
f 621//569 616//562 615//561
f 620//567 621//569 615//561
f 619//566 614//560 613//558
f 618//565 619//566 613//558
f 615//561 616//562 611//556
f 615//561 611//556 610//555
f 614//560 609//554 608//553
f 613//558 614//560 608//553
f 610//555 611//556 606//551
f 610//555 606//551 605//549
f 609//554 604//548 603//547
f 608//553 609//554 603//547
f 605//549 606//551 601//545
f 605//549 601//545 600//543
f 604//548 599//542 598//540
f 603//547 604//548 598//540
f 600//543 601//545 596//539
f 600//543 596//539 595//536
f 599//542 594//537 593//534
f 598//540 599//542 593//534
f 595//536 596//539 591//532
f 595//536 591//532 590//530
f 593//534 594//537 589//531
f 593//534 589//531 588//528
f 591//532 586//526 585//525
f 590//530 591//532 585//525
f 589//531 584//524 583//522
f 588//528 589//531 583//522
f 586//526 580//518 577//515
f 585//525 586//526 577//515
f 584//524 576//514 573//510
f 583//522 584//524 573//510
f 580//518 581//521 578//516
f 577//515 580//518 578//516
f 573//510 576//514 579//517
f 573//510 579//517 574//511
f 6//79 207//81 184//11
f 184//11 8//10 6//79
f 722//690 207//81 5//80
f 722//690 5//80 4//691
f 7//12 184//11 723//692
f 723//692 1//693 7//12
f 725//694 726//695 727//696
f 724//697 725//694 727//696
f 729//698 725//694 724//697
f 728//699 729//698 724//697
f 731//700 729//698 728//699
f 730//701 731//700 728//699
f 733//702 731//700 730//701
f 732//703 733//702 730//701
f 735//704 733//702 732//703
f 734//705 735//704 732//703
f 736//706 737//707 735//704
f 736//706 735//704 734//705
f 738//708 739//709 737//707
f 738//708 737//707 736//706
f 740//710 741//711 739//709
f 740//710 739//709 738//708
f 743//712 741//711 740//710
f 742//713 743//712 740//710
f 745//714 743//712 742//713
f 744//715 745//714 742//713
f 746//716 747//717 745//714
f 746//716 745//714 744//715
f 749//718 747//717 746//716
f 748//719 749//718 746//716
f 751//720 749//718 748//719
f 750//721 751//720 748//719
f 753//722 751//720 750//721
f 752//723 753//722 750//721
f 754//724 755//725 753//722
f 754//724 753//722 752//723
f 756//726 757//727 755//725
f 756//726 755//725 754//724
f 758//728 759//729 757//727
f 758//728 757//727 756//726
f 760//730 761//731 759//729
f 760//730 759//729 758//728
f 762//732 763//733 761//731
f 762//732 761//731 760//730
f 764//734 765//735 763//733
f 764//734 763//733 762//732
f 766//736 767//737 765//735
f 766//736 765//735 764//734
f 768//738 769//739 767//737
f 768//738 767//737 766//736
f 771//740 769//739 768//738
f 770//741 771//740 768//738
f 773//742 771//740 770//741
f 772//743 773//742 770//741
f 775//744 773//742 772//743
f 774//745 775//744 772//743
f 776//746 777//747 775//744
f 776//746 775//744 774//745
f 778//748 779//749 777//747
f 778//748 777//747 776//746
f 780//750 781//751 779//749
f 780//750 779//749 778//748
f 782//752 783//753 781//751
f 782//752 781//751 780//750
f 727//696 726//695 783//753
f 727//696 783//753 782//752
f 785//754 786//755 787//756
f 784//757 785//754 787//756
f 788//758 789//759 785//754
f 788//758 785//754 784//757
f 791//760 789//759 788//758
f 790//761 791//760 788//758
f 792//762 793//763 791//760
f 792//762 791//760 790//761
f 795//764 793//763 792//762
f 794//765 795//764 792//762
f 797//766 795//764 794//765
f 796//767 797//766 794//765
f 799//768 797//766 796//767
f 798//769 799//768 796//767
f 800//770 801//771 799//768
f 800//770 799//768 798//769
f 803//772 801//771 800//770
f 802//773 803//772 800//770
f 804//774 805//775 803//772
f 804//774 803//772 802//773
f 807//776 805//775 804//774
f 806//777 807//776 804//774
f 809//778 807//776 806//777
f 808//779 809//778 806//777
f 811//780 809//778 808//779
f 810//781 811//780 808//779
f 812//782 813//783 811//780
f 812//782 811//780 810//781
f 815//784 813//783 812//782
f 814//785 815//784 812//782
f 816//786 817//787 815//784
f 816//786 815//784 814//785
f 819//788 817//787 816//786
f 818//789 819//788 816//786
f 820//790 821//791 819//788
f 820//790 819//788 818//789
f 823//792 821//791 820//790
f 822//793 823//792 820//790
f 824//794 825//795 823//792
f 824//794 823//792 822//793
f 826//796 827//797 825//795
f 826//796 825//795 824//794
f 828//798 829//799 827//797
f 828//798 827//797 826//796
f 831//800 829//799 828//798
f 830//801 831//800 828//798
f 832//802 833//803 831//800
f 832//802 831//800 830//801
f 834//804 835//805 833//803
f 834//804 833//803 832//802
f 836//806 837//807 835//805
f 836//806 835//805 834//804
f 838//808 839//809 837//807
f 838//808 837//807 836//806
f 840//810 841//811 839//809
f 840//810 839//809 838//808
f 843//812 841//811 840//810
f 842//813 843//812 840//810
f 787//756 786//755 843//812
f 787//756 843//812 842//813
f 786//755 727//696 782//752
f 786//755 782//752 843//812
f 787//756 842//813 845//814
f 844//815 787//756 845//814
f 782//752 780//750 841//811
f 843//812 782//752 841//811
f 845//814 842//813 840//810
f 845//814 840//810 846//816
f 780//750 778//748 839//809
f 841//811 780//750 839//809
f 846//816 840//810 838//808
f 846//816 838//808 847//817
f 778//748 776//746 837//807
f 839//809 778//748 837//807
f 838//808 836//806 848//818
f 847//817 838//808 848//818
f 776//746 774//745 835//805
f 837//807 776//746 835//805
f 848//818 836//806 834//804
f 848//818 834//804 849//819
f 774//745 772//743 833//803
f 835//805 774//745 833//803
f 834//804 832//802 850//820
f 849//819 834//804 850//820
f 772//743 770//741 831//800
f 833//803 772//743 831//800
f 850//820 832//802 830//801
f 850//820 830//801 851//821
f 770//741 768//738 829//799
f 831//800 770//741 829//799
f 851//821 830//801 828//798
f 851//821 828//798 852//822
f 768//738 766//736 827//797
f 829//799 768//738 827//797
f 828//798 826//796 853//823
f 852//822 828//798 853//823
f 827//797 766//736 764//734
f 827//797 764//734 825//795
f 853//823 826//796 824//794
f 853//823 824//794 854//824
f 764//734 762//732 823//792
f 825//795 764//734 823//792
f 854//824 824//794 822//793
f 854//824 822//793 855//825
f 762//732 760//730 821//791
f 823//792 762//732 821//791
f 822//793 820//790 856//826
f 855//825 822//793 856//826
f 760//730 758//728 819//788
f 821//791 760//730 819//788
f 856//826 820//790 818//789
f 856//826 818//789 857//827
f 758//728 756//726 817//787
f 819//788 758//728 817//787
f 818//789 816//786 858//828
f 857//827 818//789 858//828
f 817//787 756//726 754//724
f 817//787 754//724 815//784
f 816//786 814//785 859//829
f 858//828 816//786 859//829
f 754//724 752//723 813//783
f 815//784 754//724 813//783
f 859//829 814//785 812//782
f 859//829 812//782 860//830
f 813//783 752//723 750//721
f 813//783 750//721 811//780
f 860//830 812//782 810//781
f 860//830 810//781 861//831
f 811//780 750//721 748//719
f 811//780 748//719 809//778
f 810//781 808//779 862//832
f 861//831 810//781 862//832
f 809//778 748//719 746//716
f 809//778 746//716 807//776
f 862//832 808//779 806//777
f 862//832 806//777 863//833
f 807//776 746//716 744//715
f 807//776 744//715 805//775
f 806//777 804//774 864//834
f 863//833 806//777 864//834
f 805//775 744//715 742//713
f 805//775 742//713 803//772
f 804//774 802//773 865//835
f 864//834 804//774 865//835
f 803//772 742//713 740//710
f 803//772 740//710 801//771
f 865//835 802//773 800//770
f 865//835 800//770 866//836
f 801//771 740//710 738//708
f 801//771 738//708 799//768
f 800//770 798//769 867//837
f 866//836 800//770 867//837
f 799//768 738//708 736//706
f 799//768 736//706 797//766
f 798//769 796//767 868//838
f 867//837 798//769 868//838
f 797//766 736//706 734//705
f 797//766 734//705 795//764
f 796//767 794//765 869//839
f 868//838 796//767 869//839
f 795//764 734//705 732//703
f 795//764 732//703 793//763
f 794//765 792//762 870//840
f 869//839 794//765 870//840
f 793//763 732//703 730//701
f 793//763 730//701 791//760
f 870//840 792//762 790//761
f 870//840 790//761 871//841
f 791//760 730//701 728//699
f 791//760 728//699 789//759
f 790//761 788//758 872//842
f 871//841 790//761 872//842
f 789//759 728//699 724//697
f 789//759 724//697 785//754
f 788//758 784//757 873//843
f 872//842 788//758 873//843
f 785//754 724//697 727//696
f 785//754 727//696 786//755
f 873//843 784//757 787//756
f 873//843 787//756 844//815
f 873//843 844//815 875//844
f 874//845 873//843 875//844
f 872//842 873//843 874//845
f 876//846 872//842 874//845
f 877//847 871//841 872//842
f 877//847 872//842 876//846
f 878//848 870//840 871//841
f 878//848 871//841 877//847
f 879//849 869//839 870//840
f 879//849 870//840 878//848
f 880//850 868//838 869//839
f 880//850 869//839 879//849
f 881//851 867//837 868//838
f 881//851 868//838 880//850
f 866//836 867//837 881//851
f 882//852 866//836 881//851
f 865//835 866//836 882//852
f 883//853 865//835 882//852
f 884//854 864//834 865//835
f 884//854 865//835 883//853
f 885//855 863//833 864//834
f 885//855 864//834 884//854
f 886//856 862//832 863//833
f 886//856 863//833 885//855
f 887//857 861//831 862//832
f 887//857 862//832 886//856
f 888//858 860//830 861//831
f 888//858 861//831 887//857
f 889//859 859//829 860//830
f 889//859 860//830 888//858
f 890//860 858//828 859//829
f 890//860 859//829 889//859
f 857//827 858//828 890//860
f 891//861 857//827 890//860
f 856//826 857//827 891//861
f 892//862 856//826 891//861
f 855//825 856//826 892//862
f 893//863 855//825 892//862
f 854//824 855//825 893//863
f 894//864 854//824 893//863
f 853//823 854//824 894//864
f 895//865 853//823 894//864
f 896//866 852//822 853//823
f 896//866 853//823 895//865
f 897//867 851//821 852//822
f 897//867 852//822 896//866
f 850//820 851//821 897//867
f 898//868 850//820 897//867
f 849//819 850//820 898//868
f 899//869 849//819 898//868
f 848//818 849//819 899//869
f 900//870 848//818 899//869
f 847//817 848//818 900//870
f 901//871 847//817 900//870
f 846//816 847//817 901//871
f 902//872 846//816 901//871
f 903//873 845//814 846//816
f 903//873 846//816 902//872
f 844//815 845//814 903//873
f 875//844 844//815 903//873
f 875//844 903//873 905//874
f 904//875 875//844 905//874
f 903//873 902//872 906//876
f 905//874 903//873 906//876
f 906//876 902//872 901//871
f 906//876 901//871 907//877
f 907//877 901//871 900//870
f 907//877 900//870 908//878
f 908//878 900//870 899//869
f 908//878 899//869 909//879
f 909//879 899//869 898//868
f 909//879 898//868 910//880
f 898//868 897//867 911//881
f 910//880 898//868 911//881
f 911//881 897//867 896//866
f 911//881 896//866 912//882
f 896//866 895//865 913//883
f 912//882 896//866 913//883
f 913//883 895//865 894//864
f 913//883 894//864 914//884
f 914//884 894//864 893//863
f 914//884 893//863 915//885
f 893//863 892//862 916//886
f 915//885 893//863 916//886
f 916//886 892//862 891//861
f 916//886 891//861 917//887
f 891//861 890//860 918//888
f 917//887 891//861 918//888
f 890//860 889//859 919//889
f 918//888 890//860 919//889
f 919//889 889//859 888//858
f 919//889 888//858 920//890
f 920//890 888//858 887//857
f 920//890 887//857 921//891
f 887//857 886//856 922//892
f 921//891 887//857 922//892
f 922//892 886//856 885//855
f 922//892 885//855 923//893
f 885//855 884//854 924//894
f 923//893 885//855 924//894
f 884//854 883//853 925//895
f 924//894 884//854 925//895
f 925//895 883//853 882//852
f 925//895 882//852 926//896
f 882//852 881//851 927//897
f 926//896 882//852 927//897
f 927//897 881//851 880//850
f 927//897 880//850 928//898
f 880//850 879//849 929//899
f 928//898 880//850 929//899
f 879//849 878//848 930//900
f 929//899 879//849 930//900
f 878//848 877//847 931//901
f 930//900 878//848 931//901
f 877//847 876//846 932//902
f 931//901 877//847 932//902
f 876//846 874//845 933//903
f 932//902 876//846 933//903
f 933//903 874//845 875//844
f 933//903 875//844 904//875
f 934//904 933//903 904//875
f 934//904 904//875 935//905
f 936//906 932//902 933//903
f 936//906 933//903 934//904
f 931//901 932//902 936//906
f 937//907 931//901 936//906
f 938//908 930//900 931//901
f 938//908 931//901 937//907
f 929//899 930//900 938//908
f 939//909 929//899 938//908
f 940//910 928//898 929//899
f 940//910 929//899 939//909
f 927//897 928//898 940//910
f 941//911 927//897 940//910
f 926//896 927//897 941//911
f 942//912 926//896 941//911
f 943//913 925//895 926//896
f 943//913 926//896 942//912
f 944//914 924//894 925//895
f 944//914 925//895 943//913
f 923//893 924//894 944//914
f 945//915 923//893 944//914
f 946//916 922//892 923//893
f 946//916 923//893 945//915
f 947//917 921//891 922//892
f 947//917 922//892 946//916
f 920//890 921//891 947//917
f 948//918 920//890 947//917
f 949//919 919//889 920//890
f 949//919 920//890 948//918
f 918//888 919//889 949//919
f 950//920 918//888 949//919
f 951//921 917//887 918//888
f 951//921 918//888 950//920
f 916//886 917//887 951//921
f 952//922 916//886 951//921
f 915//885 916//886 952//922
f 953//923 915//885 952//922
f 954//924 914//884 915//885
f 954//924 915//885 953//923
f 913//883 914//884 954//924
f 955//925 913//883 954//924
f 956//926 912//882 913//883
f 956//926 913//883 955//925
f 957//927 911//881 912//882
f 957//927 912//882 956//926
f 910//880 911//881 957//927
f 958//928 910//880 957//927
f 959//929 909//879 910//880
f 959//929 910//880 958//928
f 960//930 908//878 909//879
f 960//930 909//879 959//929
f 907//877 908//878 960//930
f 961//931 907//877 960//930
f 962//932 906//876 907//877
f 962//932 907//877 961//931
f 905//874 906//876 962//932
f 963//933 905//874 962//932
f 904//875 905//874 963//933
f 935//905 904//875 963//933
f 935//905 963//933 965//934
f 964//935 935//905 965//934
f 965//934 963//933 962//932
f 965//934 962//932 966//936
f 962//932 961//931 967//937
f 966//936 962//932 967//937
f 967//937 961//931 960//930
f 967//937 960//930 968//938
f 960//930 959//929 969//939
f 968//938 960//930 969//939
f 959//929 958//928 970//940
f 969//939 959//929 970//940
f 970//940 958//928 957//927
f 970//940 957//927 971//941
f 957//927 956//926 972//942
f 971//941 957//927 972//942
f 956//926 955//925 973//943
f 972//942 956//926 973//943
f 955//925 954//924 974//944
f 973//943 955//925 974//944
f 974//944 954//924 953//923
f 974//944 953//923 975//945
f 975//945 953//923 952//922
f 975//945 952//922 976//946
f 976//946 952//922 951//921
f 976//946 951//921 977//947
f 951//921 950//920 978//948
f 977//947 951//921 978//948
f 950//920 949//919 979//949
f 978//948 950//920 979//949
f 979//949 949//919 948//918
f 979//949 948//918 980//950
f 980//950 948//918 947//917
f 980//950 947//917 981//951
f 947//917 946//916 982//952
f 981//951 947//917 982//952
f 946//916 945//915 983//953
f 982//952 946//916 983//953
f 945//915 944//914 984//954
f 983//953 945//915 984//954
f 984//954 944//914 943//913
f 984//954 943//913 985//955
f 943//913 942//912 986//956
f 985//955 943//913 986//956
f 986//956 942//912 941//911
f 986//956 941//911 987//957
f 941//911 940//910 988//958
f 987//957 941//911 988//958
f 988//958 940//910 939//909
f 988//958 939//909 989//959
f 989//959 939//909 938//908
f 989//959 938//908 990//960
f 938//908 937//907 991//961
f 990//960 938//908 991//961
f 991//961 937//907 936//906
f 991//961 936//906 992//962
f 936//906 934//904 993//963
f 992//962 936//906 993//963
f 993//963 934//904 935//905
f 993//963 935//905 964//935
f 993//963 964//935 995//964
f 994//965 993//963 995//964
f 996//966 992//962 993//963
f 996//966 993//963 994//965
f 997//967 991//961 992//962
f 997//967 992//962 996//966
f 990//960 991//961 997//967
f 998//968 990//960 997//967
f 999//969 989//959 990//960
f 999//969 990//960 998//968
f 988//958 989//959 999//969
f 1000//970 988//958 999//969
f 1001//971 987//957 988//958
f 1001//971 988//958 1000//970
f 986//956 987//957 1001//971
f 1002//972 986//956 1001//971
f 1003//973 985//955 986//956
f 1003//973 986//956 1002//972
f 984//954 985//955 1003//973
f 1004//974 984//954 1003//973
f 1005//975 983//953 984//954
f 1005//975 984//954 1004//974
f 1006//976 982//952 983//953
f 1006//976 983//953 1005//975
f 981//951 982//952 1006//976
f 1007//977 981//951 1006//976
f 1008//978 980//950 981//951
f 1008//978 981//951 1007//977
f 979//949 980//950 1008//978
f 1009//979 979//949 1008//978
f 1010//980 978//948 979//949
f 1010//980 979//949 1009//979
f 977//947 978//948 1010//980
f 1011//981 977//947 1010//980
f 1012//982 976//946 977//947
f 1012//982 977//947 1011//981
f 1013//983 975//945 976//946
f 1013//983 976//946 1012//982
f 974//944 975//945 1013//983
f 1014//984 974//944 1013//983
f 1015//985 973//943 974//944
f 1015//985 974//944 1014//984
f 972//942 973//943 1015//985
f 1016//986 972//942 1015//985
f 1017//987 971//941 972//942
f 1017//987 972//942 1016//986
f 970//940 971//941 1017//987
f 1018//988 970//940 1017//987
f 1019//989 969//939 970//940
f 1019//989 970//940 1018//988
f 968//938 969//939 1019//989
f 1020//990 968//938 1019//989
f 1021//991 967//937 968//938
f 1021//991 968//938 1020//990
f 966//936 967//937 1021//991
f 1022//992 966//936 1021//991
f 965//934 966//936 1022//992
f 1023//993 965//934 1022//992
f 995//964 964//935 965//934
f 995//964 965//934 1023//993
f 1024//994 995//964 1023//993
f 1024//994 1023//993 1022//992
f 1024//994 1022//992 1021//991
f 1024//994 1021//991 1020//990
f 1024//994 1020//990 1019//989
f 1024//994 1019//989 1018//988
f 1024//994 1018//988 1017//987
f 1024//994 1017//987 1016//986
f 1024//994 1016//986 1015//985
f 1024//994 1015//985 1014//984
f 1024//994 1014//984 1013//983
f 1024//994 1013//983 1012//982
f 1024//994 1012//982 1011//981
f 1024//994 1011//981 1010//980
f 1024//994 1010//980 1009//979
f 1024//994 1009//979 1008//978
f 1024//994 1008//978 1007//977
f 1024//994 1007//977 1006//976
f 1024//994 1006//976 1005//975
f 1024//994 1005//975 1004//974
f 1024//994 1004//974 1003//973
f 1024//994 1003//973 1002//972
f 1024//994 1002//972 1001//971
f 1024//994 1001//971 1000//970
f 1024//994 1000//970 999//969
f 1024//994 999//969 998//968
f 1024//994 998//968 997//967
f 1024//994 997//967 996//966
f 1024//994 996//966 994//965
f 1024//994 994//965 995//964
f 196//48 682//643 677//637
f 677//637 195//44 196//48
f 1026//995 767//737 769//739
f 769//739 1025//996 1026//995
f 197//51 672//630 667//624
f 667//624 194//41 197//51
f 1028//997 763//733 765//735
f 765//735 1027//998 1028//997
f 662//618 657//613 193//38
f 662//618 193//38 198//54
f 759//729 761//731 1029//999
f 759//729 1029//999 1030//1000
f 199//57 652//607 647//600
f 647//600 192//35 199//57
f 755//725 757//727 1031//1001
f 755//725 1031//1001 1032//1002
f 200//60 642//594 637//589
f 637//589 191//32 200//60
f 751//720 753//722 1033//1003
f 751//720 1033//1003 1034//1004
f 201//63 632//583 627//577
f 627//577 190//29 201//63
f 747//717 749//718 1035//1005
f 747//717 1035//1005 1036//1006
f 622//570 617//564 189//26
f 622//570 189//26 202//66
f 1038//1007 743//712 745//714
f 745//714 1037//1008 1038//1007
f 612//559 607//552 188//23
f 612//559 188//23 203//69
f 739//709 741//711 1039//1009
f 739//709 1039//1009 1040//1010
f 204//72 602//546 597//541
f 597//541 187//20 204//72
f 735//704 737//707 1041//1011
f 735//704 1041//1011 1042//1012
f 592//535 587//529 186//17
f 592//535 186//17 205//75
f 1044//1013 731//700 733//702
f 733//702 1043//1014 1044//1013
f 582//523 572//513 185//14
f 582//523 185//14 206//78
f 725//694 729//698 1045//1015
f 725//694 1045//1015 1046//1016
f 207//81 575//512 717//684
f 717//684 184//11 207//81
f 783//753 726//695 722//690
f 783//753 722//690 723//692
f 712//678 707//672 183//8
f 712//678 183//8 208//84
f 779//749 781//751 1047//1017
f 779//749 1047//1017 1048//1018
f 702//666 697//661 182//5
f 702//666 182//5 209//87
f 1050//1019 775//744 777//747
f 777//747 1049//1020 1050//1019
f 692//655 687//648 181//2
f 692//655 181//2 210//90
f 1052//1021 771//740 773//742
f 773//742 1051//1022 1052//1021
f 783//753 717//684 712//678
f 783//753 712//678 781//751
f 707//672 702//666 777//747
f 779//749 707//672 777//747
f 697//661 692//655 773//742
f 775//744 697//661 773//742
f 771//740 687//648 682//643
f 771//740 682//643 769//739
f 767//737 677//637 672//630
f 767//737 672//630 765//735
f 667//624 662//618 761//731
f 763//733 667//624 761//731
f 759//729 657//613 652//607
f 759//729 652//607 757//727
f 647//600 642//594 753//722
f 755//725 647//600 753//722
f 751//720 637//589 632//583
f 751//720 632//583 749//718
f 747//717 627//577 622//570
f 747//717 622//570 745//714
f 617//564 612//559 741//711
f 743//712 617//564 741//711
f 607//552 602//546 737//707
f 739//709 607//552 737//707
f 735//704 597//541 592//535
f 735//704 592//535 733//702
f 731//700 587//529 582//523
f 731//700 582//523 729//698
f 725//694 572//513 575//512
f 725//694 575//512 726//695
f 773//742 692//655 210//90
f 773//742 210//90 1051//1022
f 181//2 687//648 771//740
f 771//740 1052//1021 181//2
f 777//747 702//666 209//87
f 777//747 209//87 1049//1020
f 182//5 697//661 775//744
f 775//744 1050//1019 182//5
f 781//751 712//678 208//84
f 781//751 208//84 1047//1017
f 183//8 707//672 779//749
f 779//749 1048//1018 183//8
f 726//695 575//512 207//81
f 726//695 207//81 722//690
f 184//11 717//684 783//753
f 783//753 723//692 184//11
f 729//698 582//523 206//78
f 729//698 206//78 1045//1015
f 185//14 572//513 725//694
f 725//694 1046//1016 185//14
f 733//702 592//535 205//75
f 733//702 205//75 1043//1014
f 186//17 587//529 731//700
f 731//700 1044//1013 186//17
f 737//707 602//546 204//72
f 737//707 204//72 1041//1011
f 187//20 597//541 735//704
f 735//704 1042//1012 187//20
f 741//711 612//559 203//69
f 741//711 203//69 1039//1009
f 188//23 607//552 739//709
f 739//709 1040//1010 188//23
f 745//714 622//570 202//66
f 745//714 202//66 1037//1008
f 189//26 617//564 743//712
f 743//712 1038//1007 189//26
f 749//718 632//583 201//63
f 749//718 201//63 1035//1005
f 190//29 627//577 747//717
f 747//717 1036//1006 190//29
f 753//722 642//594 200//60
f 753//722 200//60 1033//1003
f 191//32 637//589 751//720
f 751//720 1034//1004 191//32
f 757//727 652//607 199//57
f 757//727 199//57 1031//1001
f 192//35 647//600 755//725
f 755//725 1032//1002 192//35
f 761//731 662//618 198//54
f 761//731 198//54 1029//999
f 193//38 657//613 759//729
f 759//729 1030//1000 193//38
f 765//735 672//630 197//51
f 765//735 197//51 1027//998
f 194//41 667//624 763//733
f 763//733 1028//997 194//41
f 769//739 682//643 196//48
f 769//739 196//48 1025//996
f 195//44 677//637 767//737
f 767//737 1026//995 195//44
f 14//82 208//84 183//8
f 183//8 16//7 14//82
f 1047//1017 208//84 13//83
f 1047//1017 13//83 12//1023
f 15//9 183//8 1048//1018
f 1048//1018 9//1024 15//9
f 22//85 209//87 182//5
f 182//5 24//4 22//85
f 1049//1020 209//87 21//86
f 1049//1020 21//86 20//1025
f 23//6 182//5 1050//1019
f 1050//1019 17//1026 23//6
f 30//88 210//90 181//2
f 181//2 32//1 30//88
f 1051//1022 210//90 29//89
f 1051//1022 29//89 28//1027
f 31//3 181//2 1052//1021
f 1052//1021 25//1028 31//3
f 196//48 195//44 40//43
f 196//48 40//43 38//46
f 1025//996 196//48 37//47
f 1025//996 37//47 36//1029
f 39//45 195//44 1026//995
f 1026//995 33//1030 39//45
f 46//49 197//51 194//41
f 194//41 48//40 46//49
f 1027//998 197//51 45//50
f 1027//998 45//50 44//1031
f 47//42 194//41 1028//997
f 1028//997 41//1032 47//42
f 54//52 198//54 193//38
f 193//38 56//37 54//52
f 1029//999 198//54 53//53
f 1029//999 53//53 52//1033
f 55//39 193//38 1030//1000
f 1030//1000 49//1034 55//39
f 199//57 192//35 64//34
f 199//57 64//34 62//55
f 1031//1001 199//57 61//56
f 1031//1001 61//56 60//1035
f 63//36 192//35 1032//1002
f 1032//1002 57//1036 63//36
f 200//60 191//32 72//31
f 200//60 72//31 70//58
f 1033//1003 200//60 69//59
f 1033//1003 69//59 68//1037
f 71//33 191//32 1034//1004
f 1034//1004 65//1038 71//33
f 201//63 190//29 80//28
f 201//63 80//28 78//61
f 1035//1005 201//63 77//62
f 1035//1005 77//62 76//1039
f 79//30 190//29 1036//1006
f 1036//1006 73//1040 79//30
f 202//66 189//26 88//25
f 202//66 88//25 86//64
f 1037//1008 202//66 85//65
f 1037//1008 85//65 84//1041
f 87//27 189//26 1038//1007
f 1038//1007 81//1042 87//27
f 94//67 203//69 188//23
f 188//23 96//22 94//67
f 1039//1009 203//69 93//68
f 1039//1009 93//68 92//1043
f 95//24 188//23 1040//1010
f 1040//1010 89//1044 95//24
f 204//72 187//20 104//19
f 204//72 104//19 102//70
f 1041//1011 204//72 101//71
f 1041//1011 101//71 100//1045
f 103//21 187//20 1042//1012
f 1042//1012 97//1046 103//21
f 110//73 205//75 186//17
f 186//17 112//16 110//73
f 1043//1014 205//75 109//74
f 1043//1014 109//74 108//1047
f 111//18 186//17 1044//1013
f 1044//1013 105//1048 111//18
f 118//76 206//78 185//14
f 185//14 120//13 118//76
f 1045//1015 206//78 117//77
f 1045//1015 117//77 116//1049
f 119//15 185//14 1046//1016
f 1046//1016 113//1050 119//15
f 36//1029 35//1051 1025//996
f 34//1052 33//1030 1026//995
f 1026//995 1025//996 35//1051
f 1026//995 35//1051 34//1052
f 44//1031 43//1053 1027//998
f 42//1054 41//1032 1028//997
f 1028//997 1027//998 43//1053
f 1028//997 43//1053 42//1054
f 52//1033 51//1055 1029//999
f 50//1056 49//1034 1030//1000
f 1030//1000 1029//999 51//1055
f 1030//1000 51//1055 50//1056
f 60//1035 59//1057 1031//1001
f 58//1058 57//1036 1032//1002
f 58//1058 1032//1002 1031//1001
f 1031//1001 59//1057 58//1058
f 68//1037 67//1059 1033//1003
f 66//1060 65//1038 1034//1004
f 1034//1004 1033//1003 67//1059
f 1034//1004 67//1059 66//1060
f 76//1039 75//1061 1035//1005
f 74//1062 73//1040 1036//1006
f 74//1062 1036//1006 1035//1005
f 1035//1005 75//1061 74//1062
f 84//1041 83//1063 1037//1008
f 82//1064 81//1042 1038//1007
f 82//1064 1038//1007 1037//1008
f 1037//1008 83//1063 82//1064
f 92//1043 91//1065 1039//1009
f 90//1066 89//1044 1040//1010
f 90//1066 1040//1010 1039//1009
f 1039//1009 91//1065 90//1066
f 100//1045 99//1067 1041//1011
f 98//1068 97//1046 1042//1012
f 98//1068 1042//1012 1041//1011
f 1041//1011 99//1067 98//1068
f 108//1047 107//1069 1043//1014
f 106//1070 105//1048 1044//1013
f 106//1070 1044//1013 1043//1014
f 1043//1014 107//1069 106//1070
f 116//1049 115//1071 1045//1015
f 114//1072 113//1050 1046//1016
f 1046//1016 1045//1015 115//1071
f 1046//1016 115//1071 114//1072
f 4//691 3//1073 722//690
f 2//1074 1//693 723//692
f 723//692 722//690 3//1073
f 723//692 3//1073 2//1074
f 12//1023 11//1075 1047//1017
f 10//1076 9//1024 1048//1018
f 1048//1018 1047//1017 11//1075
f 1048//1018 11//1075 10//1076
f 20//1025 19//1077 1049//1020
f 18//1078 17//1026 1050//1019
f 18//1078 1050//1019 1049//1020
f 1049//1020 19//1077 18//1078
f 28//1027 27//1079 1051//1022
f 26//1080 25//1028 1052//1021
f 1052//1021 1051//1022 27//1079
f 1052//1021 27//1079 26//1080
s 5
g LlantaDelanteraDer_grey.006
usemtl grey.006
f 1054//1081 1055//1082 1056//1083
f 1053//1084 1054//1081 1056//1083
f 1057//1085 1058//1086 1059//1087
f 1057//1085 1059//1087 1060//1088
f 1064//1089 1061//1090 1062//1091
f 1062//1091 1063//1092 1064//1089
f 1065//1093 1066//1094 1060//1088
f 1060//1088 1061//1090 1065//1093
f 1053//1084 1068//1095 1069//1096
f 1067//1097 1053//1084 1069//1096
f 1057//1085 1060//1088 1066//1094
f 1053//1084 1056//1083 1068//1095
f 1053//1084 1067//1097 1070//1098
f 1070//1098 1054//1081 1053//1084
f 1062//1091 1061//1090 1060//1088
f 1059//1087 1062//1091 1060//1088
f 1066//1094 1065//1093 1069//1096
f 1069//1096 1068//1095 1066//1094
f 1064//1089 1063//1092 1071//1099
f 1071//1099 1072//1100 1064//1089
f 1069//1096 1072//1100 1067//1097
f 1061//1090 1064//1089 1065//1093
f 1066//1094 1068//1095 1056//1083
f 1056//1083 1057//1085 1066//1094
f 1069//1096 1065//1093 1064//1089
f 1064//1089 1072//1100 1069//1096
f 1070//1098 1067//1097 1072//1100
f 1072//1100 1071//1099 1070//1098
s 6
f 1074//1101 1075//1102 1076//1103
f 1073//1104 1074//1101 1076//1103
f 1077//1105 1078//1106 1079//1107
f 1077//1105 1079//1107 1080//1108
f 1084//1109 1081//1110 1082//1111
f 1082//1111 1083//1112 1084//1109
f 1085//1113 1086//1114 1080//1108
f 1080//1108 1081//1110 1085//1113
f 1073//1104 1088//1115 1089//1116
f 1087//1117 1073//1104 1089//1116
f 1077//1105 1080//1108 1086//1114
f 1073//1104 1076//1103 1088//1115
f 1073//1104 1087//1117 1090//1118
f 1090//1118 1074//1101 1073//1104
f 1082//1111 1081//1110 1080//1108
f 1079//1107 1082//1111 1080//1108
f 1086//1114 1085//1113 1089//1116
f 1089//1116 1088//1115 1086//1114
f 1084//1109 1083//1112 1091//1119
f 1091//1119 1092//1120 1084//1109
f 1089//1116 1092//1120 1087//1117
f 1081//1110 1084//1109 1085//1113
f 1086//1114 1088//1115 1076//1103
f 1076//1103 1077//1105 1086//1114
f 1092//1120 1089//1116 1085//1113
f 1084//1109 1092//1120 1085//1113
f 1090//1118 1087//1117 1092//1120
f 1092//1120 1091//1119 1090//1118
s 7
f 1094//1121 1095//1122 1096//1123
f 1093//1124 1094//1121 1096//1123
f 1097//1125 1098//1126 1099//1127
f 1097//1125 1099//1127 1100//1128
f 1104//1129 1101//1130 1102//1131
f 1102//1131 1103//1132 1104//1129
f 1105//1133 1106//1134 1100//1128
f 1100//1128 1101//1130 1105//1133
f 1093//1124 1108//1135 1109//1136
f 1107//1137 1093//1124 1109//1136
f 1097//1125 1100//1128 1106//1134
f 1093//1124 1096//1123 1108//1135
f 1107//1137 1110//1138 1094//1121
f 1094//1121 1093//1124 1107//1137
f 1099//1127 1102//1131 1101//1130
f 1099//1127 1101//1130 1100//1128
f 1106//1134 1105//1133 1109//1136
f 1109//1136 1108//1135 1106//1134
f 1104//1129 1103//1132 1111//1139
f 1111//1139 1112//1140 1104//1129
f 1109//1136 1112//1140 1107//1137
f 1101//1130 1104//1129 1105//1133
f 1106//1134 1108//1135 1096//1123
f 1096//1123 1097//1125 1106//1134
f 1112//1140 1109//1136 1105//1133
f 1104//1129 1112//1140 1105//1133
f 1110//1138 1107//1137 1112//1140
f 1112//1140 1111//1139 1110//1138
s 8
f 1115//1141 1116//1142 1113//1143
f 1113//1143 1114//1144 1115//1141
f 1117//1145 1118//1146 1119//1147
f 1117//1145 1119//1147 1120//1148
f 1124//1149 1121//1150 1122//1151
f 1122//1151 1123//1152 1124//1149
f 1125//1153 1126//1154 1120//1148
f 1120//1148 1121//1150 1125//1153
f 1113//1143 1128//1155 1129//1156
f 1127//1157 1113//1143 1129//1156
f 1117//1145 1120//1148 1126//1154
f 1113//1143 1116//1142 1128//1155
f 1127//1157 1130//1158 1114//1144
f 1114//1144 1113//1143 1127//1157
f 1122//1151 1121//1150 1120//1148
f 1119//1147 1122//1151 1120//1148
f 1126//1154 1125//1153 1129//1156
f 1129//1156 1128//1155 1126//1154
f 1123//1152 1131//1118 1132//1159
f 1123//1152 1132//1159 1124//1149
f 1129//1156 1132//1159 1127//1157
f 1121//1150 1124//1149 1125//1153
f 1116//1142 1117//1145 1126//1154
f 1116//1142 1126//1154 1128//1155
f 1132//1159 1129//1156 1125//1153
f 1124//1149 1132//1159 1125//1153
f 1130//1158 1127//1157 1132//1159
f 1132//1159 1131//1118 1130//1158
s 9
f 1134//1160 1135//1161 1136//1162
f 1133//1163 1134//1160 1136//1162
f 1137//1164 1138//1165 1139//1166
f 1137//1164 1139//1166 1140//1167
f 1144//1168 1141//1169 1142//1170
f 1142//1170 1143//1171 1144//1168
f 1145//1172 1146//1173 1140//1167
f 1140//1167 1141//1169 1145//1172
f 1133//1163 1148//1174 1149//1175
f 1147//1176 1133//1163 1149//1175
f 1137//1164 1140//1167 1146//1173
f 1133//1163 1136//1162 1148//1174
f 1147//1176 1150//1177 1134//1160
f 1134//1160 1133//1163 1147//1176
f 1140//1167 1139//1166 1142//1170
f 1142//1170 1141//1169 1140//1167
f 1146//1173 1145//1172 1149//1175
f 1149//1175 1148//1174 1146//1173
f 1143//1171 1151//1178 1152//1179
f 1143//1171 1152//1179 1144//1168
f 1149//1175 1152//1179 1147//1176
f 1141//1169 1144//1168 1145//1172
f 1146//1173 1148//1174 1136//1162
f 1136//1162 1137//1164 1146//1173
f 1149//1175 1145//1172 1144//1168
f 1144//1168 1152//1179 1149//1175
f 1150//1177 1147//1176 1152//1179
f 1152//1179 1151//1178 1150//1177
s 10
f 1154//1180 1155//1181 1156//1182
f 1153//1183 1154//1180 1156//1182
f 1157//1184 1158//1185 1159//1186
f 1157//1184 1159//1186 1160//1187
f 1164//1188 1161//1189 1162//1190
f 1162//1190 1163//1191 1164//1188
f 1165//1192 1166//1193 1160//1187
f 1160//1187 1161//1189 1165//1192
f 1153//1183 1168//1194 1169//1195
f 1167//1196 1153//1183 1169//1195
f 1157//1184 1160//1187 1166//1193
f 1153//1183 1156//1182 1168//1194
f 1170//1197 1154//1180 1153//1183
f 1170//1197 1153//1183 1167//1196
f 1160//1187 1159//1186 1162//1190
f 1162//1190 1161//1189 1160//1187
f 1165//1192 1169//1195 1168//1194
f 1168//1194 1166//1193 1165//1192
f 1164//1188 1163//1191 1171//1198
f 1171//1198 1172//1199 1164//1188
f 1169//1195 1172//1199 1167//1196
f 1161//1189 1164//1188 1165//1192
f 1166//1193 1168//1194 1156//1182
f 1156//1182 1157//1184 1166//1193
f 1169//1195 1165//1192 1164//1188
f 1164//1188 1172//1199 1169//1195
f 1170//1197 1167//1196 1172//1199
f 1172//1199 1171//1198 1170//1197
s 11
f 1174//1200 1175//1201 1176//1202
f 1173//1203 1174//1200 1176//1202
f 1177//1204 1178//1205 1179//1206
f 1177//1204 1179//1206 1180//1207
f 1184//1208 1181//1209 1182//1210
f 1182//1210 1183//1211 1184//1208
f 1185//1212 1186//1213 1180//1207
f 1180//1207 1181//1209 1185//1212
f 1173//1203 1188//1214 1189//1215
f 1187//1216 1173//1203 1189//1215
f 1177//1204 1180//1207 1186//1213
f 1173//1203 1176//1202 1188//1214
f 1187//1216 1190//1217 1174//1200
f 1174//1200 1173//1203 1187//1216
f 1179//1206 1182//1210 1181//1209
f 1179//1206 1181//1209 1180//1207
f 1186//1213 1185//1212 1189//1215
f 1189//1215 1188//1214 1186//1213
f 1183//1211 1191//1218 1192//1219
f 1183//1211 1192//1219 1184//1208
f 1189//1215 1192//1219 1187//1216
f 1181//1209 1184//1208 1185//1212
f 1176//1202 1177//1204 1186//1213
f 1176//1202 1186//1213 1188//1214
f 1189//1215 1185//1212 1184//1208
f 1184//1208 1192//1219 1189//1215
f 1190//1217 1187//1216 1192//1219
f 1192//1219 1191//1218 1190//1217
s 12
f 1194//1220 1195//1221 1196//1222
f 1193//1223 1194//1220 1196//1222
f 1197//1224 1198//1225 1199//1226
f 1197//1224 1199//1226 1200//1227
f 1204//1228 1201//1229 1202//1230
f 1202//1230 1203//1231 1204//1228
f 1205//1232 1206//1233 1200//1227
f 1200//1227 1201//1229 1205//1232
f 1193//1223 1208//1234 1209//1235
f 1207//1236 1193//1223 1209//1235
f 1197//1224 1200//1227 1206//1233
f 1193//1223 1196//1222 1208//1234
f 1194//1220 1193//1223 1207//1236
f 1210//1237 1194//1220 1207//1236
f 1201//1229 1200//1227 1199//1226
f 1199//1226 1202//1230 1201//1229
f 1205//1232 1209//1235 1208//1234
f 1208//1234 1206//1233 1205//1232
f 1204//1228 1203//1231 1211//1238
f 1211//1238 1212//1239 1204//1228
f 1209//1235 1212//1239 1207//1236
f 1201//1229 1204//1228 1205//1232
f 1197//1224 1206//1233 1208//1234
f 1196//1222 1197//1224 1208//1234
f 1212//1239 1209//1235 1205//1232
f 1204//1228 1212//1239 1205//1232
f 1210//1237 1207//1236 1212//1239
f 1212//1239 1211//1238 1210//1237
s 13
f 1215//1240 1216//1241 1213//1242
f 1213//1242 1214//1243 1215//1240
f 1217//1244 1218//1245 1219//1246
f 1217//1244 1219//1246 1220//1247
f 1224//1248 1221//1249 1222//1250
f 1222//1250 1223//1251 1224//1248
f 1225//1252 1226//1253 1220//1247
f 1220//1247 1221//1249 1225//1252
f 1213//1242 1228//1254 1229//1255
f 1227//1256 1213//1242 1229//1255
f 1217//1244 1220//1247 1226//1253
f 1213//1242 1216//1241 1228//1254
f 1227//1256 1230//1257 1214//1243
f 1214//1243 1213//1242 1227//1256
f 1220//1247 1219//1246 1222//1250
f 1222//1250 1221//1249 1220//1247
f 1226//1253 1225//1252 1229//1255
f 1229//1255 1228//1254 1226//1253
f 1223//1251 1231//1258 1232//1259
f 1223//1251 1232//1259 1224//1248
f 1229//1255 1232//1259 1227//1256
f 1221//1249 1224//1248 1225//1252
f 1226//1253 1228//1254 1216//1241
f 1216//1241 1217//1244 1226//1253
f 1229//1255 1225//1252 1224//1248
f 1224//1248 1232//1259 1229//1255
f 1230//1257 1227//1256 1232//1259
f 1232//1259 1231//1258 1230//1257
s 14
f 1234//1260 1235//1261 1236//1262
f 1233//1263 1234//1260 1236//1262
f 1237//1264 1238//1265 1239//1266
f 1237//1264 1239//1266 1240//1267
f 1244//1268 1241//1269 1242//1270
f 1242//1270 1243//1271 1244//1268
f 1245//1272 1246//1273 1240//1267
f 1240//1267 1241//1269 1245//1272
f 1233//1263 1248//1274 1249//1275
f 1247//1276 1233//1263 1249//1275
f 1237//1264 1240//1267 1246//1273
f 1233//1263 1236//1262 1248//1274
f 1250//1277 1234//1260 1233//1263
f 1250//1277 1233//1263 1247//1276
f 1239//1266 1242//1270 1241//1269
f 1239//1266 1241//1269 1240//1267
f 1246//1273 1245//1272 1249//1275
f 1249//1275 1248//1274 1246//1273
f 1252//1278 1244//1268 1243//1271
f 1243//1271 1251//1279 1252//1278
f 1249//1275 1252//1278 1247//1276
f 1241//1269 1244//1268 1245//1272
f 1248//1274 1236//1262 1237//1264
f 1237//1264 1246//1273 1248//1274
f 1252//1278 1249//1275 1245//1272
f 1244//1268 1252//1278 1245//1272
f 1250//1277 1247//1276 1252//1278
f 1252//1278 1251//1279 1250//1277
s 15
f 1254//1280 1255//1281 1256//1282
f 1253//1283 1254//1280 1256//1282
f 1257//1284 1258//1285 1259//1286
f 1257//1284 1259//1286 1260//1287
f 1264//1288 1261//1289 1262//1290
f 1262//1290 1263//1291 1264//1288
f 1265//1292 1266//1293 1260//1287
f 1260//1287 1261//1289 1265//1292
f 1253//1283 1268//1294 1269//1295
f 1267//1296 1253//1283 1269//1295
f 1257//1284 1260//1287 1266//1293
f 1253//1283 1256//1282 1268//1294
f 1270//1297 1254//1280 1253//1283
f 1270//1297 1253//1283 1267//1296
f 1260//1287 1259//1286 1262//1290
f 1262//1290 1261//1289 1260//1287
f 1266//1293 1265//1292 1269//1295
f 1269//1295 1268//1294 1266//1293
f 1264//1288 1263//1291 1271//1298
f 1271//1298 1272//1299 1264//1288
f 1269//1295 1272//1299 1267//1296
f 1261//1289 1264//1288 1265//1292
f 1256//1282 1257//1284 1266//1293
f 1256//1282 1266//1293 1268//1294
f 1272//1299 1269//1295 1265//1292
f 1264//1288 1272//1299 1265//1292
f 1270//1297 1267//1296 1272//1299
f 1272//1299 1271//1298 1270//1297
s 16
f 1274//1300 1275//1301 1276//1302
f 1273//1303 1274//1300 1276//1302
f 1277//1304 1278//1305 1279//1306
f 1277//1304 1279//1306 1280//1307
f 1284//1308 1281//1309 1282//1310
f 1282//1310 1283//1311 1284//1308
f 1285//1312 1286//1313 1280//1307
f 1280//1307 1281//1309 1285//1312
f 1273//1303 1288//1314 1289//1315
f 1287//1316 1273//1303 1289//1315
f 1277//1304 1280//1307 1286//1313
f 1273//1303 1276//1302 1288//1314
f 1274//1300 1273//1303 1287//1316
f 1290//1317 1274//1300 1287//1316
f 1281//1309 1280//1307 1279//1306
f 1279//1306 1282//1310 1281//1309
f 1285//1312 1289//1315 1288//1314
f 1288//1314 1286//1313 1285//1312
f 1291//1318 1292//1319 1284//1308
f 1283//1311 1291//1318 1284//1308
f 1289//1315 1292//1319 1287//1316
f 1281//1309 1284//1308 1285//1312
f 1288//1314 1276//1302 1277//1304
f 1277//1304 1286//1313 1288//1314
f 1289//1315 1285//1312 1284//1308
f 1284//1308 1292//1319 1289//1315
f 1290//1317 1287//1316 1292//1319
f 1292//1319 1291//1318 1290//1317
s 17
f 1294//1320 1295//1321 1296//1322
f 1293//1323 1294//1320 1296//1322
f 1297//1324 1298//1325 1299//1326
f 1297//1324 1299//1326 1300//1327
f 1304//1328 1301//1329 1302//1330
f 1302//1330 1303//1331 1304//1328
f 1305//1332 1306//1333 1300//1327
f 1300//1327 1301//1329 1305//1332
f 1293//1323 1308//1334 1309//1335
f 1307//1336 1293//1323 1309//1335
f 1297//1324 1300//1327 1306//1333
f 1293//1323 1296//1322 1308//1334
f 1307//1336 1310//1337 1294//1320
f 1294//1320 1293//1323 1307//1336
f 1299//1326 1302//1330 1301//1329
f 1299//1326 1301//1329 1300//1327
f 1306//1333 1305//1332 1309//1335
f 1309//1335 1308//1334 1306//1333
f 1304//1328 1303//1331 1311//1338
f 1311//1338 1312//1339 1304//1328
f 1309//1335 1312//1339 1307//1336
f 1301//1329 1304//1328 1305//1332
f 1296//1322 1297//1324 1306//1333
f 1296//1322 1306//1333 1308//1334
f 1309//1335 1305//1332 1304//1328
f 1304//1328 1312//1339 1309//1335
f 1310//1337 1307//1336 1312//1339
f 1312//1339 1311//1338 1310//1337
s 18
f 1314//1340 1315//1341 1316//1342
f 1313//1343 1314//1340 1316//1342
f 1317//1344 1318//1345 1319//1346
f 1317//1344 1319//1346 1320//1347
f 1324//1348 1321//1349 1322//1350
f 1322//1350 1323//1091 1324//1348
f 1325//1351 1326//1352 1320//1347
f 1320//1347 1321//1349 1325//1351
f 1313//1343 1328//1353 1329//1354
f 1327//1355 1313//1343 1329//1354
f 1317//1344 1320//1347 1326//1352
f 1313//1343 1316//1342 1328//1353
f 1330//1356 1314//1340 1313//1343
f 1330//1356 1313//1343 1327//1355
f 1322//1350 1321//1349 1320//1347
f 1319//1346 1322//1350 1320//1347
f 1325//1351 1329//1354 1328//1353
f 1328//1353 1326//1352 1325//1351
f 1324//1348 1323//1091 1331//1357
f 1331//1357 1332//1358 1324//1348
f 1329//1354 1332//1358 1327//1355
f 1321//1349 1324//1348 1325//1351
f 1326//1352 1328//1353 1316//1342
f 1316//1342 1317//1344 1326//1352
f 1332//1358 1329//1354 1325//1351
f 1324//1348 1332//1358 1325//1351
f 1330//1356 1327//1355 1332//1358
f 1332//1358 1331//1357 1330//1356
s 19
f 1334//1359 1335//1360 1336//1361
f 1333//1362 1334//1359 1336//1361
f 1337//1363 1338//1364 1339//1365
f 1337//1363 1339//1365 1340//1366
f 1344//1367 1341//1368 1342//1369
f 1342//1369 1343//1370 1344//1367
f 1345//1371 1346//1372 1340//1366
f 1340//1366 1341//1368 1345//1371
f 1333//1362 1348//1373 1349//1374
f 1347//1375 1333//1362 1349//1374
f 1337//1363 1340//1366 1346//1372
f 1333//1362 1336//1361 1348//1373
f 1333//1362 1347//1375 1350//1376
f 1350//1376 1334//1359 1333//1362
f 1340//1366 1339//1365 1342//1369
f 1342//1369 1341//1368 1340//1366
f 1345//1371 1349//1374 1348//1373
f 1348//1373 1346//1372 1345//1371
f 1343//1370 1351//1377 1352//1378
f 1343//1370 1352//1378 1344//1367
f 1349//1374 1352//1378 1347//1375
f 1341//1368 1344//1367 1345//1371
f 1337//1363 1346//1372 1348//1373
f 1336//1361 1337//1363 1348//1373
f 1349//1374 1345//1371 1344//1367
f 1344//1367 1352//1378 1349//1374
f 1350//1376 1347//1375 1352//1378
f 1352//1378 1351//1377 1350//1376
s 8
f 1115//1141 1118//1146 1117//1145
f 1115//1141 1117//1145 1116//1142
s 7
f 1096//1123 1095//1122 1098//1126
f 1098//1126 1097//1125 1096//1123
s 6
f 1075//1102 1078//1106 1077//1105
f 1075//1102 1077//1105 1076//1103
s 5
f 1055//1082 1058//1086 1057//1085
f 1055//1082 1057//1085 1056//1083
s 19
f 1335//1360 1338//1364 1337//1363
f 1335//1360 1337//1363 1336//1361
s 18
f 1316//1342 1315//1341 1318//1345
f 1318//1345 1317//1344 1316//1342
s 17
f 1297//1324 1296//1322 1295//1321
f 1295//1321 1298//1325 1297//1324
s 16
f 1275//1301 1278//1305 1277//1304
f 1275//1301 1277//1304 1276//1302
s 15
f 1255//1281 1258//1285 1257//1284
f 1255//1281 1257//1284 1256//1282
s 14
f 1238//1265 1237//1264 1236//1262
f 1235//1261 1238//1265 1236//1262
s 13
f 1215//1240 1218//1245 1217//1244
f 1215//1240 1217//1244 1216//1241
s 12
f 1195//1221 1198//1225 1197//1224
f 1195//1221 1197//1224 1196//1222
s 11
f 1175//1201 1178//1205 1177//1204
f 1175//1201 1177//1204 1176//1202
s 10
f 1156//1182 1155//1181 1158//1185
f 1158//1185 1157//1184 1156//1182
s 9
f 1137//1164 1136//1162 1135//1161
f 1135//1161 1138//1165 1137//1164
s 20
g LlantaDelanteraDer_rubber.005
usemtl rubber.005
f 1355//1379 1356//1380 1353//1381
f 1353//1381 1354//1382 1355//1379
f 1360//1383 1357//1384 1358//1385
f 1358//1385 1359//1386 1360//1383
f 1364//1387 1361//1388 1362//1389
f 1362//1389 1363//1390 1364//1387
f 1354//1382 1353//1381 1365//1391
f 1365//1391 1366//1392 1354//1382
f 1357//1384 1367//1393 1368//1394
f 1368//1394 1358//1385 1357//1384
f 1361//1388 1369//1395 1370//1396
f 1370//1396 1362//1389 1361//1388
f 1365//1391 1371//1397 1372//1398
f 1372//1398 1366//1392 1365//1391
f 1368//1394 1367//1393 1373//1399
f 1373//1399 1374//1400 1368//1394
f 1369//1395 1375//1401 1376//1402
f 1376//1402 1370//1396 1369//1395
f 1371//1397 1377//1403 1378//1404
f 1378//1404 1372//1398 1371//1397
f 1374//1400 1373//1399 1379//1405
f 1379//1405 1380//1406 1374//1400
f 1376//1402 1375//1401 1381//1407
f 1381//1407 1382//1408 1376//1402
f 1378//1404 1377//1403 1383//1409
f 1383//1409 1384//1410 1378//1404
f 1380//1406 1379//1405 1385//1411
f 1385//1411 1386//1412 1380//1406
f 1382//1408 1381//1407 1387//1413
f 1387//1413 1388//1414 1382//1408
f 1384//1410 1383//1409 1389//1415
f 1389//1415 1390//1416 1384//1410
f 1386//1412 1385//1411 1391//1417
f 1391//1417 1392//1418 1386//1412
f 1387//1413 1393//1419 1394//1420
f 1394//1420 1388//1414 1387//1413
f 1390//1416 1389//1415 1395//1421
f 1395//1421 1396//1422 1390//1416
f 1391//1417 1397//1423 1398//1424
f 1398//1424 1392//1418 1391//1417
f 1394//1420 1393//1419 1399//1425
f 1399//1425 1400//1426 1394//1420
f 1396//1422 1395//1421 1401//1427
f 1401//1427 1402//1428 1396//1422
f 1397//1423 1403//1429 1404//1430
f 1404//1430 1398//1424 1397//1423
f 1400//1426 1399//1425 1405//1431
f 1405//1431 1406//1432 1400//1426
f 1402//1428 1401//1427 1407//1433
f 1407//1433 1408//1434 1402//1428
f 1404//1430 1403//1429 1409//1435
f 1409//1435 1410//1436 1404//1430
f 1406//1432 1405//1431 1411//1437
f 1411//1437 1412//1438 1406//1432
f 1408//1434 1407//1433 1413//1439
f 1413//1439 1414//1440 1408//1434
f 1410//1436 1409//1435 1415//1441
f 1415//1441 1416//1442 1410//1436
f 1412//1438 1411//1437 1417//1443
f 1417//1443 1418//1444 1412//1438
f 1414//1440 1413//1439 1419//1445
f 1419//1445 1420//1446 1414//1440
f 1416//1442 1415//1441 1421//1447
f 1421//1447 1422//1448 1416//1442
f 1418//1444 1417//1443 1423//1449
f 1423//1449 1424//1450 1418//1444
f 1420//1446 1419//1445 1425//1451
f 1425//1451 1426//1452 1420//1446
f 1421//1447 1427//1453 1428//1454
f 1428//1454 1422//1448 1421//1447
f 1424//1450 1423//1449 1429//1455
f 1429//1455 1430//1456 1424//1450
f 1426//1452 1425//1451 1431//1457
f 1431//1457 1432//1458 1426//1452
f 1427//1453 1433//1459 1434//1460
f 1434//1460 1428//1454 1427//1453
f 1430//1456 1429//1455 1435//1461
f 1435//1461 1436//1462 1430//1456
f 1432//1458 1431//1457 1437//1463
f 1437//1463 1438//1464 1432//1458
f 1434//1460 1433//1459 1439//1465
f 1439//1465 1440//1466 1434//1460
f 1436//1462 1435//1461 1441//1467
f 1441//1467 1442//1468 1436//1462
f 1437//1463 1443//1469 1444//1470
f 1444//1470 1438//1464 1437//1463
f 1440//1466 1439//1465 1445//1471
f 1445//1471 1446//1472 1440//1466
f 1442//1468 1441//1467 1447//1473
f 1447//1473 1448//1474 1442//1468
f 1444//1470 1443//1469 1449//1475
f 1449//1475 1450//1476 1444//1470
f 1445//1471 1451//1477 1452//1478
f 1452//1478 1446//1472 1445//1471
f 1447//1473 1453//1479 1454//1480
f 1454//1480 1448//1474 1447//1473
f 1450//1476 1449//1475 1455//1481
f 1455//1481 1456//1482 1450//1476
f 1452//1478 1451//1477 1457//1483
f 1457//1483 1458//1484 1452//1478
f 1453//1479 1459//1485 1460//1486
f 1460//1486 1454//1480 1453//1479
f 1456//1482 1455//1481 1461//1487
f 1461//1487 1462//1488 1456//1482
f 1458//1484 1457//1483 1463//1489
f 1463//1489 1464//1490 1458//1484
f 1459//1485 1465//1491 1466//1492
f 1466//1492 1460//1486 1459//1485
f 1462//1488 1461//1487 1467//1493
f 1467//1493 1468//1494 1462//1488
f 1463//1489 1469//1495 1470//1496
f 1470//1496 1464//1490 1463//1489
f 1465//1491 1471//1497 1472//1498
f 1472//1498 1466//1492 1465//1491
f 1467//1493 1473//1499 1474//1500
f 1474//1500 1468//1494 1467//1493
f 1469//1495 1475//1501 1476//1502
f 1476//1502 1470//1496 1469//1495
f 1471//1497 1477//1503 1478//1504
f 1478//1504 1472//1498 1471//1497
f 1473//1499 1479//1505 1480//1506
f 1480//1506 1474//1500 1473//1499
f 1475//1501 1481//1507 1482//1508
f 1482//1508 1476//1502 1475//1501
f 1477//1503 1483//1509 1484//1510
f 1484//1510 1478//1504 1477//1503
f 1479//1505 1485//1511 1486//1512
f 1486//1512 1480//1506 1479//1505
f 1481//1507 1487//1513 1488//1514
f 1488//1514 1482//1508 1481//1507
f 1483//1509 1489//1515 1490//1516
f 1490//1516 1484//1510 1483//1509
f 1485//1511 1491//1517 1492//1518
f 1492//1518 1486//1512 1485//1511
f 1488//1514 1487//1513 1493//1519
f 1493//1519 1494//1520 1488//1514
f 1489//1515 1495//1521 1496//1522
f 1496//1522 1490//1516 1489//1515
f 1491//1517 1497//1523 1498//1524
f 1498//1524 1492//1518 1491//1517
f 1494//1520 1493//1519 1499//1525
f 1499//1525 1500//1526 1494//1520
f 1495//1521 1501//1527 1502//1528
f 1502//1528 1496//1522 1495//1521
f 1497//1523 1503//1529 1504//1530
f 1504//1530 1498//1524 1497//1523
f 1499//1525 1505//1531 1506//1532
f 1506//1532 1500//1526 1499//1525
f 1502//1528 1501//1527 1507//1533
f 1507//1533 1508//1534 1502//1528
f 1503//1529 1509//1535 1510//1536
f 1510//1536 1504//1530 1503//1529
f 1505//1531 1511//1537 1512//1538
f 1512//1538 1506//1532 1505//1531
f 1507//1533 1513//1539 1514//1540
f 1514//1540 1508//1534 1507//1533
f 1509//1535 1515//1541 1516//1542
f 1516//1542 1510//1536 1509//1535
f 1512//1538 1511//1537 1517//1543
f 1517//1543 1518//1544 1512//1538
f 1513//1539 1519//1545 1520//1546
f 1520//1546 1514//1540 1513//1539
f 1515//1541 1521//1547 1522//1548
f 1522//1548 1516//1542 1515//1541
f 1517//1543 1523//1549 1524//1550
f 1524//1550 1518//1544 1517//1543
f 1520//1546 1519//1545 1525//1551
f 1525//1551 1526//1552 1520//1546
f 1521//1547 1527//1553 1528//1554
f 1528//1554 1522//1548 1521//1547
f 1523//1549 1529//1555 1530//1556
f 1530//1556 1524//1550 1523//1549
f 1526//1552 1525//1551 1531//1557
f 1531//1557 1532//1558 1526//1552
f 1527//1553 1356//1380 1355//1379
f 1355//1379 1528//1554 1527//1553
f 1530//1556 1529//1555 1360//1383
f 1360//1383 1359//1386 1530//1556
f 1532//1558 1531//1557 1364//1387
f 1364//1387 1363//1390 1532//1558
f 1532//1558 1363//1390 1533//1559
f 1533//1559 1534//1560 1532//1558
f 1530//1556 1359//1386 1364//1387
f 1364//1387 1531//1557 1530//1556
f 1529//1555 1528//1554 1355//1379
f 1355//1379 1360//1383 1529//1555
f 1526//1552 1532//1558 1534//1560
f 1534//1560 1535//1561 1526//1552
f 1525//1551 1524//1550 1530//1556
f 1530//1556 1531//1557 1525//1551
f 1523//1549 1522//1548 1528//1554
f 1528//1554 1529//1555 1523//1549
f 1520//1546 1526//1552 1535//1561
f 1535//1561 1536//1562 1520//1546
f 1519//1545 1518//1544 1524//1550
f 1524//1550 1525//1551 1519//1545
f 1517//1543 1516//1542 1522//1548
f 1522//1548 1523//1549 1517//1543
f 1514//1540 1520//1546 1536//1562
f 1536//1562 1537//1563 1514//1540
f 1513//1539 1512//1538 1518//1544
f 1518//1544 1519//1545 1513//1539
f 1511//1537 1510//1536 1516//1542
f 1516//1542 1517//1543 1511//1537
f 1508//1534 1514//1540 1537//1563
f 1537//1563 1538//1564 1508//1534
f 1507//1533 1506//1532 1512//1538
f 1512//1538 1513//1539 1507//1533
f 1504//1530 1510//1536 1511//1537
f 1511//1537 1505//1531 1504//1530
f 1539//1565 1502//1528 1508//1534
f 1508//1534 1538//1564 1539//1565
f 1501//1527 1500//1526 1506//1532
f 1506//1532 1507//1533 1501//1527
f 1499//1525 1498//1524 1504//1530
f 1504//1530 1505//1531 1499//1525
f 1496//1522 1502//1528 1539//1565
f 1539//1565 1540//1566 1496//1522
f 1495//1521 1494//1520 1500//1526
f 1500//1526 1501//1527 1495//1521
f 1492//1518 1498//1524 1499//1525
f 1499//1525 1493//1519 1492//1518
f 1541//1567 1490//1516 1496//1522
f 1496//1522 1540//1566 1541//1567
f 1489//1515 1488//1514 1494//1520
f 1494//1520 1495//1521 1489//1515
f 1486//1512 1492//1518 1493//1519
f 1493//1519 1487//1513 1486//1512
f 1542//1568 1484//1510 1490//1516
f 1490//1516 1541//1567 1542//1568
f 1483//1509 1482//1508 1488//1514
f 1488//1514 1489//1515 1483//1509
f 1481//1507 1480//1506 1486//1512
f 1486//1512 1487//1513 1481//1507
f 1543//1569 1478//1504 1484//1510
f 1484//1510 1542//1568 1543//1569
f 1477//1503 1476//1502 1482//1508
f 1482//1508 1483//1509 1477//1503
f 1475//1501 1474//1500 1480//1506
f 1480//1506 1481//1507 1475//1501
f 1544//1570 1472//1498 1478//1504
f 1478//1504 1543//1569 1544//1570
f 1471//1497 1470//1496 1476//1502
f 1476//1502 1477//1503 1471//1497
f 1469//1495 1468//1494 1474//1500
f 1474//1500 1475//1501 1469//1495
f 1545//1571 1466//1492 1472//1498
f 1472//1498 1544//1570 1545//1571
f 1465//1491 1464//1490 1470//1496
f 1470//1496 1471//1497 1465//1491
f 1462//1488 1468//1494 1469//1495
f 1469//1495 1463//1489 1462//1488
f 1460//1486 1466//1492 1545//1571
f 1545//1571 1546//1572 1460//1486
f 1459//1485 1458//1484 1464//1490
f 1464//1490 1465//1491 1459//1485
f 1456//1482 1462//1488 1463//1489
f 1463//1489 1457//1483 1456//1482
f 1547//1573 1454//1480 1460//1486
f 1460//1486 1546//1572 1547//1573
f 1452//1478 1458//1484 1459//1485
f 1459//1485 1453//1479 1452//1478
f 1450//1476 1456//1482 1457//1483
f 1457//1483 1451//1477 1450//1476
f 1448//1474 1454//1480 1547//1573
f 1547//1573 1548//1574 1448//1474
f 1447//1473 1446//1472 1452//1478
f 1452//1478 1453//1479 1447//1473
f 1444//1470 1450//1476 1451//1477
f 1451//1477 1445//1471 1444//1470
f 1549//1575 1442//1468 1448//1474
f 1448//1474 1548//1574 1549//1575
f 1440//1466 1446//1472 1447//1473
f 1447//1473 1441//1467 1440//1466
f 1438//1464 1444//1470 1445//1471
f 1445//1471 1439//1465 1438//1464
f 1436//1462 1442//1468 1549//1575
f 1549//1575 1550//1576 1436//1462
f 1434//1460 1440//1466 1441//1467
f 1441//1467 1435//1461 1434//1460
f 1432//1458 1438//1464 1439//1465
f 1439//1465 1433//1459 1432//1458
f 1551//1577 1430//1456 1436//1462
f 1436//1462 1550//1576 1551//1577
f 1428//1454 1434//1460 1435//1461
f 1435//1461 1429//1455 1428//1454
f 1426//1452 1432//1458 1433//1459
f 1433//1459 1427//1453 1426//1452
f 1424//1450 1430//1456 1551//1577
f 1551//1577 1552//1578 1424//1450
f 1422//1448 1428//1454 1429//1455
f 1429//1455 1423//1449 1422//1448
f 1421//1447 1420//1446 1426//1452
f 1426//1452 1427//1453 1421//1447
f 1418//1444 1424//1450 1552//1578
f 1552//1578 1553//1579 1418//1444
f 1416//1442 1422//1448 1423//1449
f 1423//1449 1417//1443 1416//1442
f 1414//1440 1420//1446 1421//1447
f 1421//1447 1415//1441 1414//1440
f 1412//1438 1418//1444 1553//1579
f 1553//1579 1554//1580 1412//1438
f 1410//1436 1416//1442 1417//1443
f 1417//1443 1411//1437 1410//1436
f 1408//1434 1414//1440 1415//1441
f 1415//1441 1409//1435 1408//1434
f 1555//1581 1406//1432 1412//1438
f 1412//1438 1554//1580 1555//1581
f 1404//1430 1410//1436 1411//1437
f 1411//1437 1405//1431 1404//1430
f 1402//1428 1408//1434 1409//1435
f 1409//1435 1403//1429 1402//1428
f 1400//1426 1406//1432 1555//1581
f 1555//1581 1556//1582 1400//1426
f 1398//1424 1404//1430 1405//1431
f 1405//1431 1399//1425 1398//1424
f 1397//1423 1396//1422 1402//1428
f 1402//1428 1403//1429 1397//1423
f 1394//1420 1400//1426 1556//1582
f 1556//1582 1557//1583 1394//1420
f 1392//1418 1398//1424 1399//1425
f 1399//1425 1393//1419 1392//1418
f 1391//1417 1390//1416 1396//1422
f 1396//1422 1397//1423 1391//1417
f 1388//1414 1394//1420 1557//1583
f 1557//1583 1558//1584 1388//1414
f 1386//1412 1392//1418 1393//1419
f 1393//1419 1387//1413 1386//1412
f 1384//1410 1390//1416 1391//1417
f 1391//1417 1385//1411 1384//1410
f 1559//1585 1382//1408 1388//1414
f 1388//1414 1558//1584 1559//1585
f 1380//1406 1386//1412 1387//1413
f 1387//1413 1381//1407 1380//1406
f 1379//1405 1378//1404 1384//1410
f 1384//1410 1385//1411 1379//1405
f 1560//1586 1376//1402 1382//1408
f 1382//1408 1559//1585 1560//1586
f 1374//1400 1380//1406 1381//1407
f 1381//1407 1375//1401 1374//1400
f 1372//1398 1378//1404 1379//1405
f 1379//1405 1373//1399 1372//1398
f 1561//1587 1370//1396 1376//1402
f 1376//1402 1560//1586 1561//1587
f 1368//1394 1374//1400 1375//1401
f 1375//1401 1369//1395 1368//1394
f 1367//1393 1366//1392 1372//1398
f 1372//1398 1373//1399 1367//1393
f 1562//1588 1362//1389 1370//1396
f 1370//1396 1561//1587 1562//1588
f 1361//1388 1358//1385 1368//1394
f 1368//1394 1369//1395 1361//1388
f 1357//1384 1354//1382 1366//1392
f 1366//1392 1367//1393 1357//1384
f 1533//1559 1363//1390 1362//1389
f 1362//1389 1562//1588 1533//1559
f 1359//1386 1358//1385 1361//1388
f 1361//1388 1364//1387 1359//1386
f 1360//1383 1355//1379 1354//1382
f 1354//1382 1357//1384 1360//1383
f 1563//1589 1564//1590 1565//1591
f 1563//1589 1565//1591 1566//1592
f 1569//1593 1570//1594 1567//1595
f 1567//1595 1568//1596 1569//1593
f 1572//1597 1564//1590 1563//1589
f 1571//1598 1572//1597 1563//1589
f 1568//1596 1567//1595 1573//1599
f 1573//1599 1574//1600 1568//1596
f 1575//1601 1576//1602 1572//1597
f 1575//1601 1572//1597 1571//1598
f 1573//1599 1577//1603 1578//1604
f 1578//1604 1574//1600 1573//1599
f 1579//1605 1580//1606 1576//1602
f 1579//1605 1576//1602 1575//1601
f 1577//1603 1581//1607 1582//1608
f 1582//1608 1578//1604 1577//1603
f 1584//1609 1580//1606 1579//1605
f 1583//1610 1584//1609 1579//1605
f 1582//1608 1581//1607 1585//1611
f 1585//1611 1586//1612 1582//1608
f 1587//1613 1588//1614 1584//1609
f 1587//1613 1584//1609 1583//1610
f 1585//1611 1589//1615 1590//1616
f 1590//1616 1586//1612 1585//1611
f 1592//1617 1588//1614 1587//1613
f 1591//1618 1592//1617 1587//1613
f 1590//1616 1589//1615 1593//1619
f 1593//1619 1594//1620 1590//1616
f 1596//1621 1592//1617 1591//1618
f 1595//1622 1596//1621 1591//1618
f 1594//1620 1593//1619 1597//1623
f 1597//1623 1598//1624 1594//1620
f 1599//1625 1600//1626 1596//1621
f 1599//1625 1596//1621 1595//1622
f 1597//1623 1601//1627 1602//1628
f 1602//1628 1598//1624 1597//1623
f 1604//1629 1600//1626 1599//1625
f 1603//1630 1604//1629 1599//1625
f 1602//1628 1601//1627 1605//1631
f 1605//1631 1606//1632 1602//1628
f 1608//1633 1604//1629 1603//1630
f 1607//1634 1608//1633 1603//1630
f 1606//1632 1605//1631 1609//1635
f 1609//1635 1610//1636 1606//1632
f 1612//1637 1608//1633 1607//1634
f 1611//1638 1612//1637 1607//1634
f 1610//1636 1609//1635 1613//1639
f 1613//1639 1614//1640 1610//1636
f 1616//1641 1612//1637 1611//1638
f 1615//1642 1616//1641 1611//1638
f 1614//1640 1613//1639 1617//1643
f 1617//1643 1618//1644 1614//1640
f 1619//1645 1620//1646 1616//1641
f 1619//1645 1616//1641 1615//1642
f 1618//1644 1617//1643 1621//1647
f 1621//1647 1622//1648 1618//1644
f 1624//1649 1620//1646 1619//1645
f 1623//1650 1624//1649 1619//1645
f 1622//1648 1621//1647 1625//1651
f 1625//1651 1626//1652 1622//1648
f 1627//1653 1628//1654 1624//1649
f 1627//1653 1624//1649 1623//1650
f 1626//1652 1625//1651 1629//1655
f 1629//1655 1630//1656 1626//1652
f 1632//1657 1628//1654 1627//1653
f 1631//1658 1632//1657 1627//1653
f 1629//1655 1633//1659 1634//1660
f 1634//1660 1630//1656 1629//1655
f 1635//1661 1636//1662 1632//1657
f 1635//1661 1632//1657 1631//1658
f 1633//1659 1637//1663 1638//1664
f 1638//1664 1634//1660 1633//1659
f 1639//1665 1640//1666 1636//1662
f 1639//1665 1636//1662 1635//1661
f 1637//1663 1641//1667 1642//1668
f 1642//1668 1638//1664 1637//1663
f 1643//1669 1644//1670 1640//1666
f 1643//1669 1640//1666 1639//1665
f 1641//1667 1645//1671 1646//1672
f 1646//1672 1642//1668 1641//1667
f 1648//1673 1644//1670 1643//1669
f 1647//1674 1648//1673 1643//1669
f 1645//1671 1649//1675 1650//1676
f 1650//1676 1646//1672 1645//1671
f 1652//1677 1648//1673 1647//1674
f 1651//1678 1652//1677 1647//1674
f 1650//1676 1649//1675 1653//1679
f 1653//1679 1654//1680 1650//1676
f 1655//1681 1656//1682 1652//1677
f 1655//1681 1652//1677 1651//1678
f 1653//1679 1657//1683 1658//1684
f 1658//1684 1654//1680 1653//1679
f 1659//1685 1660//1686 1656//1682
f 1659//1685 1656//1682 1655//1681
f 1657//1683 1661//1687 1662//1688
f 1662//1688 1658//1684 1657//1683
f 1664//1689 1660//1686 1659//1685
f 1663//1690 1664//1689 1659//1685
f 1662//1688 1661//1687 1665//1691
f 1665//1691 1666//1692 1662//1688
f 1667//1693 1668//1694 1664//1689
f 1667//1693 1664//1689 1663//1690
f 1665//1691 1669//1695 1670//1696
f 1670//1696 1666//1692 1665//1691
f 1672//1697 1668//1694 1667//1693
f 1671//1698 1672//1697 1667//1693
f 1670//1696 1669//1695 1673//1699
f 1673//1699 1674//1700 1670//1696
f 1675//1701 1676//1702 1672//1697
f 1675//1701 1672//1697 1671//1698
f 1674//1700 1673//1699 1677//1703
f 1677//1703 1678//1704 1674//1700
f 1679//1705 1680//1706 1676//1702
f 1679//1705 1676//1702 1675//1701
f 1677//1703 1681//1707 1682//1708
f 1682//1708 1678//1704 1677//1703
f 1565//1591 1680//1706 1679//1705
f 1566//1592 1565//1591 1679//1705
f 1681//1707 1570//1594 1569//1593
f 1569//1593 1682//1708 1681//1707
f 1527//1553 1682//1708 1569//1593
f 1569//1593 1356//1380 1527//1553
f 1570//1594 1681//1707 1680//1706
f 1565//1591 1570//1594 1680//1706
f 1566//1592 1679//1705 1684//1709
f 1683//1710 1566//1592 1684//1709
f 1521//1547 1678//1704 1682//1708
f 1682//1708 1527//1553 1521//1547
f 1681//1707 1677//1703 1676//1702
f 1680//1706 1681//1707 1676//1702
f 1679//1705 1675//1701 1685//1711
f 1684//1709 1679//1705 1685//1711
f 1515//1541 1674//1700 1678//1704
f 1678//1704 1521//1547 1515//1541
f 1672//1697 1676//1702 1677//1703
f 1677//1703 1673//1699 1672//1697
f 1685//1711 1675//1701 1671//1698
f 1685//1711 1671//1698 1686//1712
f 1670//1696 1674//1700 1515//1541
f 1515//1541 1509//1535 1670//1696
f 1672//1697 1673//1699 1669//1695
f 1672//1697 1669//1695 1668//1694
f 1686//1712 1671//1698 1667//1693
f 1686//1712 1667//1693 1687//1713
f 1503//1529 1666//1692 1670//1696
f 1670//1696 1509//1535 1503//1529
f 1665//1691 1664//1689 1668//1694
f 1668//1694 1669//1695 1665//1691
f 1667//1693 1663//1690 1688//1714
f 1687//1713 1667//1693 1688//1714
f 1497//1523 1662//1688 1666//1692
f 1666//1692 1503//1529 1497//1523
f 1665//1691 1661//1687 1660//1686
f 1664//1689 1665//1691 1660//1686
f 1663//1690 1659//1685 1689//1715
f 1688//1714 1663//1690 1689//1715
f 1491//1517 1658//1684 1662//1688
f 1662//1688 1497//1523 1491//1517
f 1656//1682 1660//1686 1661//1687
f 1661//1687 1657//1683 1656//1682
f 1689//1715 1659//1685 1655//1681
f 1689//1715 1655//1681 1690//1716
f 1485//1511 1654//1680 1658//1684
f 1658//1684 1491//1517 1485//1511
f 1653//1679 1652//1677 1656//1682
f 1656//1682 1657//1683 1653//1679
f 1690//1716 1655//1681 1651//1678
f 1690//1716 1651//1678 1691//1717
f 1650//1676 1654//1680 1485//1511
f 1485//1511 1479//1505 1650//1676
f 1652//1677 1653//1679 1649//1675
f 1652//1677 1649//1675 1648//1673
f 1691//1717 1651//1678 1647//1674
f 1691//1717 1647//1674 1692//1718
f 1473//1499 1646//1672 1650//1676
f 1650//1676 1479//1505 1473//1499
f 1649//1675 1645//1671 1644//1670
f 1648//1673 1649//1675 1644//1670
f 1647//1674 1643//1669 1693//1719
f 1692//1718 1647//1674 1693//1719
f 1467//1493 1642//1668 1646//1672
f 1646//1672 1473//1499 1467//1493
f 1641//1667 1640//1666 1644//1670
f 1644//1670 1645//1671 1641//1667
f 1693//1719 1643//1669 1639//1665
f 1693//1719 1639//1665 1694//1720
f 1461//1487 1638//1664 1642//1668
f 1642//1668 1467//1493 1461//1487
f 1641//1667 1637//1663 1636//1662
f 1640//1666 1641//1667 1636//1662
f 1694//1720 1639//1665 1635//1661
f 1694//1720 1635//1661 1695//1721
f 1634//1660 1638//1664 1461//1487
f 1461//1487 1455//1481 1634//1660
f 1633//1659 1632//1657 1636//1662
f 1636//1662 1637//1663 1633//1659
f 1695//1721 1635//1661 1631//1658
f 1695//1721 1631//1658 1696//1722
f 1630//1656 1634//1660 1455//1481
f 1455//1481 1449//1475 1630//1656
f 1628//1654 1632//1657 1633//1659
f 1633//1659 1629//1655 1628//1654
f 1696//1722 1631//1658 1627//1653
f 1696//1722 1627//1653 1697//1723
f 1626//1652 1630//1656 1449//1475
f 1449//1475 1443//1469 1626//1652
f 1628//1654 1629//1655 1625//1651
f 1628//1654 1625//1651 1624//1649
f 1697//1723 1627//1653 1623//1650
f 1697//1723 1623//1650 1698//1724
f 1437//1463 1622//1648 1626//1652
f 1626//1652 1443//1469 1437//1463
f 1620//1646 1624//1649 1625//1651
f 1625//1651 1621//1647 1620//1646
f 1623//1650 1619//1645 1699//1725
f 1698//1724 1623//1650 1699//1725
f 1431//1457 1618//1644 1622//1648
f 1622//1648 1437//1463 1431//1457
f 1620//1646 1621//1647 1617//1643
f 1620//1646 1617//1643 1616//1641
f 1619//1645 1615//1642 1700//1726
f 1699//1725 1619//1645 1700//1726
f 1614//1640 1618//1644 1431//1457
f 1431//1457 1425//1451 1614//1640
f 1612//1637 1616//1641 1617//1643
f 1617//1643 1613//1639 1612//1637
f 1615//1642 1611//1638 1701//1727
f 1700//1726 1615//1642 1701//1727
f 1610//1636 1614//1640 1425//1451
f 1425//1451 1419//1445 1610//1636
f 1612//1637 1613//1639 1609//1635
f 1612//1637 1609//1635 1608//1633
f 1611//1638 1607//1634 1702//1728
f 1701//1727 1611//1638 1702//1728
f 1606//1632 1610//1636 1419//1445
f 1419//1445 1413//1439 1606//1632
f 1604//1629 1608//1633 1609//1635
f 1609//1635 1605//1631 1604//1629
f 1607//1634 1603//1630 1703//1729
f 1702//1728 1607//1634 1703//1729
f 1602//1628 1606//1632 1413//1439
f 1413//1439 1407//1433 1602//1628
f 1604//1629 1605//1631 1601//1627
f 1604//1629 1601//1627 1600//1626
f 1703//1729 1603//1630 1599//1625
f 1703//1729 1599//1625 1704//1730
f 1401//1427 1598//1624 1602//1628
f 1602//1628 1407//1433 1401//1427
f 1601//1627 1597//1623 1596//1621
f 1600//1626 1601//1627 1596//1621
f 1599//1625 1595//1622 1705//1731
f 1704//1730 1599//1625 1705//1731
f 1594//1620 1598//1624 1401//1427
f 1401//1427 1395//1421 1594//1620
f 1592//1617 1596//1621 1597//1623
f 1597//1623 1593//1619 1592//1617
f 1595//1622 1591//1618 1706//1732
f 1705//1731 1595//1622 1706//1732
f 1590//1616 1594//1620 1395//1421
f 1395//1421 1389//1415 1590//1616
f 1589//1615 1588//1614 1592//1617
f 1592//1617 1593//1619 1589//1615
f 1591//1618 1587//1613 1707//1733
f 1706//1732 1591//1618 1707//1733
f 1586//1612 1590//1616 1389//1415
f 1389//1415 1383//1409 1586//1612
f 1588//1614 1589//1615 1585//1611
f 1588//1614 1585//1611 1584//1609
f 1707//1733 1587//1613 1583//1610
f 1707//1733 1583//1610 1708//1734
f 1582//1608 1586//1612 1383//1409
f 1383//1409 1377//1403 1582//1608
f 1580//1606 1584//1609 1585//1611
f 1585//1611 1581//1607 1580//1606
f 1708//1734 1583//1610 1579//1605
f 1708//1734 1579//1605 1709//1735
f 1371//1397 1578//1604 1582//1608
f 1582//1608 1377//1403 1371//1397
f 1576//1602 1580//1606 1581//1607
f 1581//1607 1577//1603 1576//1602
f 1579//1605 1575//1601 1710//1736
f 1709//1735 1579//1605 1710//1736
f 1574//1600 1578//1604 1371//1397
f 1371//1397 1365//1391 1574//1600
f 1572//1597 1576//1602 1577//1603
f 1577//1603 1573//1599 1572//1597
f 1575//1601 1571//1598 1711//1737
f 1710//1736 1575//1601 1711//1737
f 1568//1596 1574//1600 1365//1391
f 1365//1391 1353//1381 1568//1596
f 1572//1597 1573//1599 1567//1595
f 1572//1597 1567//1595 1564//1590
f 1711//1737 1571//1598 1563//1589
f 1711//1737 1563//1589 1712//1738
f 1569//1593 1568//1596 1353//1381
f 1353//1381 1356//1380 1569//1593
f 1564//1590 1567//1595 1570//1594
f 1564//1590 1570//1594 1565//1591
f 1712//1738 1563//1589 1566//1592
f 1712//1738 1566//1592 1683//1710
f 1714//1739 1715//1740 1716//1741
f 1713//1742 1714//1739 1716//1741
f 1717//1743 1712//1738 1683//1710
f 1717//1743 1683//1710 1718//1744
f 1719//1745 1720//1746 1714//1739
f 1719//1745 1714//1739 1713//1742
f 1721//1747 1711//1737 1712//1738
f 1721//1747 1712//1738 1717//1743
f 1722//1748 1723//1749 1720//1746
f 1722//1748 1720//1746 1719//1745
f 1724//1750 1710//1736 1711//1737
f 1724//1750 1711//1737 1721//1747
f 1726//1751 1723//1749 1722//1748
f 1725//1752 1726//1751 1722//1748
f 1727//1753 1709//1735 1710//1736
f 1727//1753 1710//1736 1724//1750
f 1728//1754 1729//1755 1726//1751
f 1728//1754 1726//1751 1725//1752
f 1708//1734 1709//1735 1727//1753
f 1730//1756 1708//1734 1727//1753
f 1731//1757 1732//1758 1729//1755
f 1731//1757 1729//1755 1728//1754
f 1733//1759 1707//1733 1708//1734
f 1733//1759 1708//1734 1730//1756
f 1735//1760 1732//1758 1731//1757
f 1734//1761 1735//1760 1731//1757
f 1736//1762 1706//1732 1707//1733
f 1736//1762 1707//1733 1733//1759
f 1738//1763 1735//1760 1734//1761
f 1737//1764 1738//1763 1734//1761
f 1739//1765 1705//1731 1706//1732
f 1739//1765 1706//1732 1736//1762
f 1741//1766 1738//1763 1737//1764
f 1740//1767 1741//1766 1737//1764
f 1704//1730 1705//1731 1739//1765
f 1742//1768 1704//1730 1739//1765
f 1744//1769 1741//1766 1740//1767
f 1743//1770 1744//1769 1740//1767
f 1745//1771 1703//1729 1704//1730
f 1745//1771 1704//1730 1742//1768
f 1746//1772 1747//1773 1744//1769
f 1746//1772 1744//1769 1743//1770
f 1748//1774 1702//1728 1703//1729
f 1748//1774 1703//1729 1745//1771
f 1750//1775 1747//1773 1746//1772
f 1749//1776 1750//1775 1746//1772
f 1751//1777 1701//1727 1702//1728
f 1751//1777 1702//1728 1748//1774
f 1752//1778 1753//1779 1750//1775
f 1752//1778 1750//1775 1749//1776
f 1754//1780 1700//1726 1701//1727
f 1754//1780 1701//1727 1751//1777
f 1755//1781 1756//1782 1753//1779
f 1755//1781 1753//1779 1752//1778
f 1757//1783 1699//1725 1700//1726
f 1757//1783 1700//1726 1754//1780
f 1759//1784 1756//1782 1755//1781
f 1758//1785 1759//1784 1755//1781
f 1760//1786 1698//1724 1699//1725
f 1760//1786 1699//1725 1757//1783
f 1761//1787 1762//1788 1759//1784
f 1761//1787 1759//1784 1758//1785
f 1697//1723 1698//1724 1760//1786
f 1763//1789 1697//1723 1760//1786
f 1765//1790 1762//1788 1761//1787
f 1764//1791 1765//1790 1761//1787
f 1696//1722 1697//1723 1763//1789
f 1766//1792 1696//1722 1763//1789
f 1768//1793 1765//1790 1764//1791
f 1767//1794 1768//1793 1764//1791
f 1695//1721 1696//1722 1766//1792
f 1769//1795 1695//1721 1766//1792
f 1770//1796 1771//1797 1768//1793
f 1770//1796 1768//1793 1767//1794
f 1694//1720 1695//1721 1769//1795
f 1772//1798 1694//1720 1769//1795
f 1774//1799 1771//1797 1770//1796
f 1773//1800 1774//1799 1770//1796
f 1693//1719 1694//1720 1772//1798
f 1775//1801 1693//1719 1772//1798
f 1777//1802 1774//1799 1773//1800
f 1776//1803 1777//1802 1773//1800
f 1692//1718 1693//1719 1775//1801
f 1778//1804 1692//1718 1775//1801
f 1779//1805 1780//1806 1777//1802
f 1779//1805 1777//1802 1776//1803
f 1691//1717 1692//1718 1778//1804
f 1781//1807 1691//1717 1778//1804
f 1782//1808 1783//1809 1780//1806
f 1782//1808 1780//1806 1779//1805
f 1690//1716 1691//1717 1781//1807
f 1784//1810 1690//1716 1781//1807
f 1785//1811 1786//1812 1783//1809
f 1785//1811 1783//1809 1782//1808
f 1689//1715 1690//1716 1784//1810
f 1787//1813 1689//1715 1784//1810
f 1788//1814 1789//1815 1786//1812
f 1788//1814 1786//1812 1785//1811
f 1790//1816 1688//1714 1689//1715
f 1790//1816 1689//1715 1787//1813
f 1792//1817 1789//1815 1788//1814
f 1791//1818 1792//1817 1788//1814
f 1687//1713 1688//1714 1790//1816
f 1793//1819 1687//1713 1790//1816
f 1794//1820 1795//1821 1792//1817
f 1794//1820 1792//1817 1791//1818
f 1686//1712 1687//1713 1793//1819
f 1796//1822 1686//1712 1793//1819
f 1798//1823 1795//1821 1794//1820
f 1797//1824 1798//1823 1794//1820
f 1685//1711 1686//1712 1796//1822
f 1799//1825 1685//1711 1796//1822
f 1801//1826 1798//1823 1797//1824
f 1800//1827 1801//1826 1797//1824
f 1684//1709 1685//1711 1799//1825
f 1802//1828 1684//1709 1799//1825
f 1716//1741 1715//1740 1801//1826
f 1716//1741 1801//1826 1800//1827
f 1683//1710 1684//1709 1802//1828
f 1718//1744 1683//1710 1802//1828
f 1718//1744 1802//1828 1801//1826
f 1715//1740 1718//1744 1801//1826
f 1716//1741 1800//1827 1804//1829
f 1803//1830 1716//1741 1804//1829
f 1801//1826 1802//1828 1799//1825
f 1801//1826 1799//1825 1798//1823
f 1804//1829 1800//1827 1797//1824
f 1804//1829 1797//1824 1805//1831
f 1799//1825 1796//1822 1795//1821
f 1798//1823 1799//1825 1795//1821
f 1805//1831 1797//1824 1794//1820
f 1805//1831 1794//1820 1806//1832
f 1795//1821 1796//1822 1793//1819
f 1795//1821 1793//1819 1792//1817
f 1794//1820 1791//1818 1807//1833
f 1806//1832 1794//1820 1807//1833
f 1792//1817 1793//1819 1790//1816
f 1792//1817 1790//1816 1789//1815
f 1791//1818 1788//1814 1808//1834
f 1807//1833 1791//1818 1808//1834
f 1789//1815 1790//1816 1787//1813
f 1789//1815 1787//1813 1786//1812
f 1788//1814 1785//1811 1809//1835
f 1808//1834 1788//1814 1809//1835
f 1786//1812 1787//1813 1784//1810
f 1786//1812 1784//1810 1783//1809
f 1809//1835 1785//1811 1782//1808
f 1809//1835 1782//1808 1810//1836
f 1784//1810 1781//1807 1780//1806
f 1783//1809 1784//1810 1780//1806
f 1782//1808 1779//1805 1811//1837
f 1810//1836 1782//1808 1811//1837
f 1780//1806 1781//1807 1778//1804
f 1780//1806 1778//1804 1777//1802
f 1779//1805 1776//1803 1812//1838
f 1811//1837 1779//1805 1812//1838
f 1777//1802 1778//1804 1775//1801
f 1777//1802 1775//1801 1774//1799
f 1776//1803 1773//1800 1813//1839
f 1812//1838 1776//1803 1813//1839
f 1774//1799 1775//1801 1772//1798
f 1774//1799 1772//1798 1771//1797
f 1773//1800 1770//1796 1814//1840
f 1813//1839 1773//1800 1814//1840
f 1771//1797 1772//1798 1769//1795
f 1771//1797 1769//1795 1768//1793
f 1770//1796 1767//1794 1815//1841
f 1814//1840 1770//1796 1815//1841
f 1768//1793 1769//1795 1766//1792
f 1768//1793 1766//1792 1765//1790
f 1767//1794 1764//1791 1816//1842
f 1815//1841 1767//1794 1816//1842
f 1765//1790 1766//1792 1763//1789
f 1765//1790 1763//1789 1762//1788
f 1816//1842 1764//1791 1761//1787
f 1816//1842 1761//1787 1817//1843
f 1762//1788 1763//1789 1760//1786
f 1762//1788 1760//1786 1759//1784
f 1761//1787 1758//1785 1818//1844
f 1817//1843 1761//1787 1818//1844
f 1760//1786 1757//1783 1756//1782
f 1759//1784 1760//1786 1756//1782
f 1818//1844 1758//1785 1755//1781
f 1818//1844 1755//1781 1819//1845
f 1757//1783 1754//1780 1753//1779
f 1756//1782 1757//1783 1753//1779
f 1819//1845 1755//1781 1752//1778
f 1819//1845 1752//1778 1820//1846
f 1754//1780 1751//1777 1750//1775
f 1753//1779 1754//1780 1750//1775
f 1820//1846 1752//1778 1749//1776
f 1820//1846 1749//1776 1821//1847
f 1751//1777 1748//1774 1747//1773
f 1750//1775 1751//1777 1747//1773
f 1821//1847 1749//1776 1746//1772
f 1821//1847 1746//1772 1822//1848
f 1748//1774 1745//1771 1744//1769
f 1747//1773 1748//1774 1744//1769
f 1822//1848 1746//1772 1743//1770
f 1822//1848 1743//1770 1823//1849
f 1745//1771 1742//1768 1741//1766
f 1744//1769 1745//1771 1741//1766
f 1823//1849 1743//1770 1740//1767
f 1823//1849 1740//1767 1824//1850
f 1742//1768 1739//1765 1738//1763
f 1741//1766 1742//1768 1738//1763
f 1824//1850 1740//1767 1737//1764
f 1824//1850 1737//1764 1825//1851
f 1738//1763 1739//1765 1736//1762
f 1738//1763 1736//1762 1735//1760
f 1825//1851 1737//1764 1734//1761
f 1825//1851 1734//1761 1826//1852
f 1736//1762 1733//1759 1732//1758
f 1735//1760 1736//1762 1732//1758
f 1826//1852 1734//1761 1731//1757
f 1826//1852 1731//1757 1827//1853
f 1733//1759 1730//1756 1729//1755
f 1732//1758 1733//1759 1729//1755
f 1827//1853 1731//1757 1728//1754
f 1827//1853 1728//1754 1828//1854
f 1730//1756 1727//1753 1726//1751
f 1729//1755 1730//1756 1726//1751
f 1828//1854 1728//1754 1725//1752
f 1828//1854 1725//1752 1829//1855
f 1727//1753 1724//1750 1723//1749
f 1726//1751 1727//1753 1723//1749
f 1829//1855 1725//1752 1722//1748
f 1829//1855 1722//1748 1830//1856
f 1723//1749 1724//1750 1721//1747
f 1723//1749 1721//1747 1720//1746
f 1830//1856 1722//1748 1719//1745
f 1830//1856 1719//1745 1831//1857
f 1721//1747 1717//1743 1714//1739
f 1720//1746 1721//1747 1714//1739
f 1719//1745 1713//1742 1832//1858
f 1831//1857 1719//1745 1832//1858
f 1714//1739 1717//1743 1718//1744
f 1714//1739 1718//1744 1715//1740
f 1713//1742 1716//1741 1803//1830
f 1832//1858 1713//1742 1803//1830
