# Blender 5.0.1
# www.blender.org
mtllib LlantaDelIzq2.mtl
g LlantaDelanteraIzq_Mesh
v -1.760014 1.100186 -4.710316
v -1.764305 0.915270 -4.934103
v -1.764305 0.682763 -4.956151
v -1.760014 0.450321 -4.771947
v -1.760019 0.450321 -4.565636
v -1.724298 0.635234 -4.341848
v -1.724298 0.820208 -4.324306
v -1.764326 2.985147 -4.281171
v -1.764326 2.782677 -4.386637
v -1.760029 2.487297 -4.303654
v -1.760035 2.394294 -4.115187
v -1.760044 2.918794 -3.841962
v -1.724312 2.462343 -3.842894
v -1.724312 2.623414 -3.758977
v -1.764362 4.581733 -2.925051
v -1.764362 4.444318 -3.095713
v -1.760061 4.137068 -3.128314
v -1.760061 3.967147 -2.990263
v -1.724342 3.906564 -2.716527
v -1.724348 4.015879 -2.580760
v -1.760128 5.250238 -0.872405
v -1.764420 5.428974 -1.100245
v -1.764412 5.380369 -1.306586
v -1.760113 5.114373 -1.449114
v -1.760113 4.896909 -1.385375
v -1.760128 5.022833 -0.850844
v -1.724392 4.718173 -1.157538
v -1.724392 4.756845 -0.993380
v -1.760185 5.114373 1.020277
v -1.764477 5.380369 0.877729
v -1.764471 5.428974 0.671396
v -1.760162 5.250238 0.443567
v -1.760162 5.022833 0.421991
v -1.760180 4.896909 0.956514
v -1.724443 4.756845 0.564542
v -1.724443 4.718173 0.728681
v -1.760227 4.137069 2.699453
v -1.760214 4.323131 2.119318
v -1.760227 3.967147 2.561414
v -1.724483 4.015879 2.151922
v -1.724483 3.906564 2.287673
v -1.760263 2.487297 3.874818
v -1.764561 2.782678 3.957788
v -1.764561 2.985147 3.852313
v -1.760256 3.053195 3.580011
v -1.760250 2.918801 3.413106
v -1.760256 2.394295 3.686334
v -1.724522 2.623414 3.330125
v -1.724522 2.462343 3.414037
v -1.760277 0.450321 4.343100
v -1.764585 0.682763 4.527297
v -1.760269 0.450321 4.136789
v -1.724535 0.635235 3.913012
v -1.760269 -1.621644 4.023340
v -1.764574 -1.492339 4.276933
v -1.764574 -1.269988 4.342115
v -1.760263 -1.528640 3.834882
v -1.724527 -1.258833 3.698305
v -1.760233 -3.370339 2.970842
v -1.764547 -3.366528 3.249963
v -1.760242 -2.750338 3.198457
v -1.760233 -3.200424 2.832799
v -1.724508 -2.754156 2.919347
v -1.724508 -2.892369 2.807044
v -1.760193 -4.493406 1.367586
v -1.764498 -4.615736 1.623968
v -1.764507 -4.520643 1.816679
v -1.760206 -4.227625 1.906202
v -1.760206 -4.029598 1.803052
v -1.760193 -4.275934 1.303838
v -1.724470 -3.907269 1.546674
v -1.724463 -3.982917 1.393369
v -1.760132 -4.796644 -0.509226
v -1.764441 -5.023969 -0.319899
v -1.764450 -5.023969 -0.108954
v -1.760155 -4.796644 0.080369
v -1.760132 -4.569241 -0.487658
v -1.724413 -4.341901 -0.298335
v -1.760084 -4.227625 -2.335051
v -1.764383 -4.520643 -2.245528
v -1.764389 -4.615736 -2.052817
v -1.760098 -4.493406 -1.796439
v -1.760084 -4.029598 -2.231905
v -1.724363 -3.907269 -1.975508
v -1.760044 -2.884739 -3.794215
v -1.764339 -3.192787 -3.819963
v -1.764339 -3.366528 -3.678813
v -1.760048 -3.370339 -3.399694
v -1.760057 -3.200424 -3.261649
v -1.760048 -2.750338 -3.627306
v -1.760014 -1.000180 -4.634394
v -1.764313 -1.269989 -4.770971
v -1.764313 -1.492339 -4.705781
v -1.760019 -1.621645 -4.452199
v -1.760029 -1.528641 -4.263720
v -1.760019 -0.952638 -4.432590
v -1.724308 -1.258834 -4.127141
v -1.724298 -1.081952 -4.178998
v -1.568596 5.382170 -1.591616
v -1.568546 4.317476 -3.356768
v -1.568512 2.549121 -4.578578
v -1.568499 0.382869 -5.045783
v -1.568502 -1.806709 -4.677600
v -1.568539 -3.641015 -3.537694
v -1.568588 -4.802888 -1.823176
v -1.568647 -5.091420 0.169527
v -1.568705 -4.456730 2.095834
v -1.568775 -0.997309 4.486055
v -1.568754 3.286155 3.765790
v -1.568653 5.559118 0.411664
v -1.568674 5.382170 1.162778
v -1.568775 0.382869 4.616941
v -1.568768 -1.806709 4.248762
v -1.568731 -3.641015 3.108861
v -1.568684 -4.802888 1.394330
v -1.568623 -5.091420 -0.598368
v -1.568569 -4.456730 -2.524680
v -1.568525 -3.008562 -4.051524
v -1.568499 -0.997309 -4.914896
v -1.568499 1.229261 -4.965511
v -1.568520 3.286155 -4.194627
v -1.568560 4.817715 -2.735528
v -1.568617 5.559118 -0.840506
v 2.331154 0.247951 -4.961772
v 2.331146 -0.845999 -4.858030
v 2.331141 -1.892134 -4.551341
v 2.331123 -2.844741 -4.055098
v 2.331104 -3.662180 -3.390990
v 4.569155 -5.079858 -2.989707
v 2.331083 -4.308728 -2.588053
v 4.569128 -5.602972 -1.929587
v 2.331053 -4.756128 -1.681376
v 4.569090 -5.870375 -0.794505
v 2.331032 -4.984832 -0.710577
v 4.569057 -5.870375 0.365949
v 2.331003 -4.984832 0.281915
v 2.330969 -4.756128 1.252717
v 2.330948 -4.308728 2.159400
v 2.330904 -2.844741 3.626436
v 2.330891 -1.892133 4.122674
v 2.330885 -0.845998 4.429377
v 4.568913 0.247952 5.336587
v 2.330875 0.247951 4.533122
v 2.330885 1.341901 4.429377
v 2.330891 2.388036 4.122674
v 4.568943 3.864025 4.276460
v 2.330904 3.340644 3.626436
v 2.330929 4.158083 2.962339
v 2.330948 4.804631 2.159400
v 2.330969 5.252032 1.252717
v 2.331003 5.480728 0.281915
v 2.331032 5.480728 -0.710577
v 2.331053 5.252032 -1.681376
v 4.569155 5.575763 -2.989707
v 2.331083 4.804631 -2.588053
v 4.569185 4.819795 -3.928534
v 2.331104 4.158082 -3.390990
v 4.569204 3.864024 -4.705018
v 2.331123 3.340643 -4.055098
v 2.331141 2.388035 -4.551341
v 2.331146 1.341900 -4.858030
v 0.025267 1.308240 -4.715205
v 0.025267 0.247951 -4.815751
v 0.025261 2.322192 -4.417955
v 0.025248 3.245481 -3.936967
v 0.025225 4.037771 -3.293311
v 0.025202 4.664424 -2.515069
v 0.025175 5.098058 -1.636282
v 0.025148 5.319721 -0.695357
v 0.025118 5.319721 0.266592
v 0.025099 5.098058 1.207521
v 0.025068 4.664424 2.086309
v 0.025047 4.037772 2.864542
v 0.025024 3.245481 3.508207
v 0.025011 2.322193 3.989187
v 0.025003 1.308241 4.286439
v 0.025003 0.247951 4.386999
v 0.025003 -0.812336 4.286439
v 0.025011 -1.826289 3.989187
v 0.025024 -2.749585 3.508207
v 0.025047 -3.541875 2.864542
v 0.025068 -4.168528 2.086309
v 0.025099 -4.602162 1.207525
v 0.025118 -4.823817 0.266592
v 0.025148 -4.823817 -0.695357
v 0.025175 -4.602162 -1.636282
v 0.025202 -4.168528 -2.515069
v 0.025225 -3.541876 -3.293311
v 0.025248 -2.749585 -3.936967
v 0.025261 -1.826289 -4.417955
v 0.025267 -0.812337 -4.715205
v 0.025284 0.247951 -5.290504
v 0.025284 -0.921734 -5.179574
v 0.025267 -2.040300 -4.851645
v 0.025253 -3.058853 -4.321046
v 0.025232 -3.932883 -3.610963
v 0.025209 -4.624189 -2.752450
v 0.025183 -5.102567 -1.782992
v 0.025148 -5.347096 -0.744978
v 0.025118 -5.347096 0.316217
v 0.025087 -5.102567 1.354227
v 0.025061 -4.624189 2.323678
v 0.025040 -3.932883 3.182208
v 0.025017 -3.058852 3.892291
v 0.025003 -2.040300 4.422887
v 0.024990 -0.921733 4.750814
v 0.024990 0.247951 4.861742
v 0.024990 1.417635 4.750814
v 0.025003 2.536196 4.422887
v 0.025017 3.554756 3.892291
v 0.025040 4.428789 3.182208
v 0.025061 5.120094 2.323675
v 0.025087 5.598472 1.354227
v 0.025118 5.843001 0.316217
v 0.025148 5.843001 -0.744978
v 0.025183 5.598472 -1.782996
v 0.025209 5.120094 -2.752450
v 0.025232 4.428789 -3.610963
v 0.025253 3.554756 -4.321049
v 0.025267 2.536195 -4.851645
v 0.025284 1.417634 -5.179574
v 3.450199 0.247951 -5.619085
v 2.365078 0.247951 -5.400008
v 2.365070 -0.946976 -5.286685
v 3.450199 -0.997467 -5.500987
v 2.365063 -2.089680 -4.951680
v 2.365051 -3.130224 -4.409632
v 2.365021 -4.023117 -3.684222
v 2.365000 -4.729350 -2.807166
v 2.364973 -5.218050 -1.816790
v 3.450092 -5.449006 -1.884467
v 2.364943 -5.467854 -0.756384
v 3.450066 -5.709369 -0.779261
v 2.364906 -5.467854 0.327718
v 3.450031 -5.709369 0.350648
v 2.364878 -5.218050 1.388135
v 2.364822 -4.023116 3.255563
v 2.364801 -3.130224 3.980970
v 2.364784 -2.089679 4.523015
v 2.364779 -0.946975 4.858023
v 3.449894 -0.997466 5.072381
v 2.364771 0.247951 4.971343
v 3.449894 0.247951 5.190500
v 2.364779 1.442879 4.858023
v 3.449894 1.493371 5.072381
v 2.364784 2.585583 4.523015
v 2.364801 3.626127 3.980970
v 2.364822 4.519020 3.255563
v 2.364849 5.225247 2.378507
v 3.449974 5.435555 2.488092
v 2.364878 5.713947 1.388132
v 3.450005 5.944903 1.455873
v 2.364906 5.963758 0.327718
v 2.364943 5.963758 -0.756384
v 2.364973 5.713947 -1.816790
v 3.450092 5.944903 -1.884470
v 2.365000 5.225247 -2.807166
v 3.450123 5.435555 -2.916697
v 2.365021 4.519020 -3.684222
v 2.365051 3.626126 -4.409634
v 2.365063 2.585582 -4.951680
v 2.365070 1.442878 -5.286685
v -1.568499 1.392392 -5.072454
v -1.568489 0.247951 -5.180978
v -1.568502 2.486816 -4.751601
v -1.568539 4.338555 -3.537694
v -1.568520 1.058471 -4.240515
v -1.568520 0.382869 -4.304581
v -1.568520 0.247951 -4.194979
v -1.568533 2.042328 -3.850840
v -1.568560 3.526449 -2.877932
v -1.093874 0.247951 -0.908267
v -1.093901 -0.323530 0.249876
v -1.093906 -0.204065 0.346937
v -1.093906 -0.064834 0.419462
v -1.093906 0.407839 0.464288
v -1.093906 0.560729 0.419462
v -1.093906 0.699960 0.346937
v -1.093901 0.819433 0.249876
v -1.093874 0.560728 -0.848280
v -1.093874 0.407838 -0.893107
v -0.619141 0.357347 -0.678771
v -0.619141 0.247951 -0.689147
v -0.619141 0.461963 -0.648104
v -0.619162 0.638961 0.103261
v -0.619162 0.557217 0.169679
v -0.619162 0.461963 0.219297
v -0.619171 0.357347 0.249975
v -0.619171 0.247951 0.260343
v -0.619162 0.033940 0.219301
v -0.619162 -0.061317 0.169679
v -0.619162 -0.143067 0.103265
v -0.653065 0.247951 -0.214400
v -1.568668 4.600912 0.933736
v -1.568653 4.742145 0.334188
v -1.568710 3.707008 2.431966
v -1.568697 4.106298 1.936090
v -1.568741 2.215000 3.472623
v -1.568731 2.803305 3.166143
v -1.568754 0.382869 3.875753
v -1.568745 -1.472586 3.571650
v -1.568718 -3.030545 2.612909
v -1.568731 -2.525712 3.023042
v -1.568674 -4.021624 1.165285
v -1.568687 -3.745322 1.725236
v -1.568623 -4.274456 -0.520892
v -1.568583 -3.745322 -2.154078
v -1.568539 -2.525712 -3.451880
v -1.568552 -3.030545 -3.041743
v -1.568520 -0.826512 -4.189901
v -1.568525 -1.472587 -4.000486
v -1.568539 2.803304 -3.594992
v -1.568533 2.215000 -3.901453
v -1.568573 4.106298 -2.364928
v -1.568560 3.707008 -2.860812
v -1.568617 4.742145 -0.763030
v -1.568604 4.600912 -1.362574
v -1.760014 1.070386 -4.710310
v -1.764305 0.885471 -4.934097
v -2.071220 0.885471 -4.934104
v -2.071220 0.652963 -4.956155
v -2.075535 0.420522 -4.771952
v -1.764305 0.652963 -4.956149
v -1.760014 0.420522 -4.771945
v -1.760019 0.420522 -4.565631
v -1.764326 2.955347 -4.281168
v -2.071243 2.955347 -4.281171
v -2.071243 2.752878 -4.386639
v -2.075548 2.457498 -4.303661
v -1.764326 2.752878 -4.386631
v -2.075548 2.364496 -4.115187
v -1.760029 2.457498 -4.303649
v -1.760035 2.364496 -4.115182
v -1.764362 4.551935 -2.925046
v -2.071278 4.551935 -2.925051
v -2.071278 4.414520 -3.095713
v -2.075584 4.107269 -3.128314
v -1.764362 4.414520 -3.095706
v -2.075584 3.937348 -2.990267
v -1.760061 4.107269 -3.128310
v -1.760061 3.937348 -2.990260
v -1.764420 5.399173 -1.100241
v -2.071327 5.350569 -1.306590
v -2.075626 5.084573 -1.449122
v -1.764412 5.350569 -1.306582
v -2.075632 4.867110 -1.385375
v -1.760113 5.084573 -1.449111
v -1.760113 4.867110 -1.385371
v -1.724392 4.688373 -1.157534
v -2.071384 5.399173 0.671392
v -2.111420 4.727045 0.564535
v -2.111420 4.688373 0.728677
v -2.075684 5.220439 0.443559
v -1.764471 5.399173 0.671400
v -2.075684 4.993034 0.421991
v -1.760162 5.220439 0.443571
v -1.760162 4.993034 0.421998
v -1.724443 4.727045 0.564546
v -1.724443 4.688373 0.728685
v -2.075710 -4.523206 1.367586
v -1.760193 -4.523206 1.367589
v -1.764498 -4.645536 1.623971
v -2.071411 -4.645536 1.623968
v -2.111439 -4.012717 1.393362
v -2.075710 -4.305734 1.303831
v -1.760193 -4.305734 1.303842
v -1.724470 -3.937069 1.546678
v -1.724463 -4.012717 1.393373
v -2.075653 -4.826444 -0.509230
v -1.760132 -4.826444 -0.509223
v -1.764441 -5.053769 -0.319895
v -2.071358 -5.053769 -0.319903
v -2.111389 -4.371701 -0.298335
v -1.764450 -5.053769 -0.108946
v -2.075653 -4.599041 -0.487666
v -1.760132 -4.599041 -0.487650
v -1.724421 -4.371701 -0.130511
v -1.724413 -4.371701 -0.298327
v -2.075605 -4.257425 -2.335059
v -1.760084 -4.257425 -2.335042
v -1.764383 -4.550443 -2.245523
v -2.071297 -4.550443 -2.245528
v -1.764389 -4.645536 -2.052813
v -2.075605 -4.059399 -2.231905
v -1.760084 -4.059399 -2.231902
v -1.760044 -2.914539 -3.794210
v -1.764339 -3.222587 -3.819960
v -2.071257 -3.222587 -3.819963
v -2.071257 -3.396328 -3.678815
v -1.764339 -3.396328 -3.678809
v -2.075535 -1.029979 -4.634394
v -1.760014 -1.029979 -4.634389
v -1.764313 -1.299788 -4.770966
v -2.071226 -1.299788 -4.770971
v -1.760019 -0.982437 -4.432584
v -1.760010 1.105740 -4.710310
v -1.760014 1.058206 -4.508516
v -1.724295 0.825764 -4.324303
v -1.760031 3.058751 -4.008863
v -1.764322 2.990703 -4.281168
v -1.760038 2.924349 -3.841959
v -1.760075 4.526706 -2.651320
v -1.764359 4.587289 -2.925046
v -1.760075 4.328685 -2.548151
v -1.724344 4.021434 -2.580756
v -1.760124 5.255795 -0.872401
v -1.764406 5.385924 -1.306586
v -1.724388 4.762399 -0.993376
v -1.760181 5.119928 1.020280
v -1.764467 5.434528 0.671400
v -1.760223 4.142624 2.699457
v -1.764521 4.449873 2.666864
v -1.764515 4.587289 2.496206
v -1.760210 4.526706 2.222471
v -1.760210 4.328685 2.119321
v -1.724480 3.912120 2.287675
v -1.760260 2.492853 3.874822
v -1.764557 2.788233 3.957792
v -1.760250 3.058752 3.580011
v -1.760246 2.924357 3.413110
v -1.764582 0.688319 4.527299
v -1.764582 0.920826 4.505250
v -1.760273 1.105742 4.281476
v -1.760265 1.058206 4.079675
v -1.724531 0.825765 3.895472
v -1.724531 0.640791 3.913012
v -1.764570 -1.264432 4.342119
v -1.760265 -0.994624 4.205545
v -1.760260 -0.947082 4.003744
v -1.724524 -1.076395 3.750165
v -1.724524 -1.253278 3.698308
v -1.764544 -3.360971 3.249968
v -1.764544 -3.187230 3.391115
v -1.760246 -2.879182 3.365369
v -1.760237 -2.744782 3.198462
v -1.764502 -4.515087 1.816682
v -1.760189 -4.270379 1.303842
v -1.724459 -3.977361 1.393373
v -1.760151 -4.791088 0.080373
v -1.760151 -4.563685 0.058816
v -1.724417 -4.336345 -0.130515
v -1.724409 -4.336345 -0.298331
v -1.760094 -4.487851 -1.796435
v -1.760094 -4.270379 -1.732672
v -1.724369 -3.977362 -1.822199
v -1.724360 -3.901713 -1.975504
v -1.760052 -3.194868 -3.261649
v -1.760044 -2.744782 -3.627303
v -1.724325 -2.886813 -3.235896
v -1.724325 -2.748601 -3.348176
v -1.764309 -1.264432 -4.770966
v -1.764309 -1.486784 -4.705779
v -1.760014 -0.947082 -4.432584
v -1.724295 -1.076396 -4.178996
v 3.958870 0.253506 -6.349454
v 3.958870 -1.160211 -6.215377
v 3.958855 -2.512139 -5.819033
v 3.958841 -3.743204 -5.177729
v 3.958813 -4.799586 -4.319503
v 3.958782 -5.635126 -3.281863
v 3.958748 -6.213305 -2.110152
v 3.958712 -6.508849 -0.855582
v 3.958675 -6.508849 0.427011
v 3.958641 -6.213305 1.681589
v 3.958605 -5.635126 2.853307
v 3.958576 -4.799585 3.890947
v 3.958548 -3.743203 4.749170
v 3.958532 -2.512138 5.390479
v 3.958519 -1.160210 5.786813
v 3.958519 0.253507 5.920886
v 3.958519 1.667226 5.786813
v 3.958532 3.019154 5.390479
v 3.958548 4.250219 4.749170
v 3.958576 5.306602 3.890947
v 3.958605 6.142142 2.853307
v 3.958641 6.720319 1.681589
v 3.958675 7.015863 0.427011
v 3.958712 7.015863 -0.855582
v 3.958748 6.720319 -2.110152
v 3.958782 6.142141 -3.281863
v 3.958813 5.306600 -4.319506
v 3.958841 4.250217 -5.177729
v 3.958855 3.019153 -5.819033
v 3.958870 1.667225 -6.215377
v -3.738659 0.253506 -7.189568
v -3.738668 -1.353760 -7.037144
v -3.738682 -2.890775 -6.586538
v -3.738703 -4.290376 -5.857447
v -3.738726 -5.491381 -4.881721
v -3.738760 -6.441311 -3.702021
v -3.738804 -7.098641 -2.369895
v -3.738838 -7.434657 -0.943564
v -3.738880 -7.434657 0.514631
v -3.738924 -7.098641 1.940954
v -3.738968 -6.441310 3.273080
v -3.738995 -5.491380 4.452784
v -3.739025 -4.290375 5.428506
v -3.739046 -2.890774 6.157602
v -3.739059 -1.353759 6.608210
v -3.739067 0.253507 6.760633
v -3.739059 1.860767 6.608210
v -3.739046 3.397790 6.157602
v -3.739025 4.797389 5.428506
v -3.738995 5.998395 4.452784
v -3.738968 6.948326 3.273080
v -3.738924 7.605661 1.940954
v -3.738880 7.941666 0.514627
v -3.738838 7.941666 -0.943564
v -3.738804 7.605661 -2.369898
v -3.738760 6.948324 -3.702021
v -3.738726 5.998393 -4.881723
v -3.738703 4.797389 -5.857447
v -3.738682 3.397789 -6.586538
v -3.738668 1.860766 -7.037144
v -1.568592 5.387725 -1.591612
v -1.568499 -1.801154 -4.677596
v -1.568535 -3.635459 -3.537694
v -1.568584 -4.797333 -1.823172
v -1.568644 -5.085865 0.169530
v -1.568701 -4.451174 2.095838
v -1.568741 -3.003006 3.622686
v -1.568771 -0.991753 4.486060
v -1.568771 1.234818 4.536685
v -1.568748 3.291711 3.765794
v -1.568707 4.823270 2.306695
v -1.568649 5.564674 0.411668
v -1.568670 5.387725 1.162782
v -1.568720 4.323031 2.927934
v -1.568754 2.554677 4.149736
v -1.568771 0.388425 4.616941
v -1.568764 -1.801153 4.248765
v -1.568727 -3.635459 3.108865
v -1.568678 -4.797333 1.394334
v -1.568619 -5.085865 -0.598364
v -1.568565 -4.451174 -2.524676
v -1.568521 -3.003006 -4.051519
v -1.568493 -0.991754 -4.914893
v -1.568493 1.234816 -4.965508
v -1.568516 3.291711 -4.194623
v -1.568556 4.823270 -2.735526
v -1.568613 5.564674 -0.840502
v 2.364998 0.792065 -2.500456
v 2.364925 0.253506 -0.214324
v 2.364998 0.253506 -2.551531
v 2.364990 1.307085 -2.349471
v 2.364985 1.776061 -2.105165
v 2.364977 2.178497 -1.778224
v 2.364960 2.496794 -1.382929
v 2.364954 2.717056 -0.936564
v 2.364941 2.829639 -0.458628
v 2.364920 2.829639 0.029977
v 2.364910 2.717056 0.507913
v 2.364897 2.496794 0.954278
v 2.364883 2.178497 1.349569
v 2.364876 1.776061 1.676519
v 2.364870 1.307086 1.920816
v 2.364862 0.792067 2.071809
v 2.364862 0.253506 2.122880
v 2.364862 -0.285052 2.071809
v 2.364870 -0.800070 1.920816
v 2.364876 -1.269047 1.676519
v 2.364883 -1.671482 1.349569
v 2.364897 -1.989779 0.954278
v 2.364910 -2.210041 0.507913
v 2.364920 -2.322624 0.029977
v 2.364941 -2.322624 -0.458628
v 2.364954 -2.210041 -0.936564
v 2.364960 -1.989779 -1.382926
v 2.364977 -1.671482 -1.778224
v 2.364985 -1.269047 -2.105165
v 2.364990 -0.800070 -2.349471
v 2.364998 -0.285052 -2.500456
v 1.822437 0.253506 -2.843691
v 1.822437 -0.352375 -2.786238
v 1.822432 -0.931773 -2.616376
v 1.822424 -1.459366 -2.341536
v 1.822418 -1.912107 -1.973723
v 1.822405 -2.270186 -1.529013
v 1.822388 -2.517981 -1.026854
v 1.822374 -2.644646 -0.489180
v 1.822353 -2.644646 0.060506
v 1.822340 -2.517981 0.598176
v 1.822323 -2.270186 1.100343
v 1.822309 -1.912107 1.545042
v 1.822304 -1.459366 1.912855
v 1.822296 -0.931773 2.187692
v 1.822289 -0.352375 2.357553
v 1.822289 0.253506 2.415014
v 1.822289 0.859382 2.357553
v 1.822296 1.438780 2.187692
v 1.822304 1.966380 1.912855
v 1.822309 2.419121 1.545042
v 1.822323 2.777201 1.100343
v 1.822340 3.024996 0.598173
v 1.822353 3.151660 0.060506
v 1.822374 3.151660 -0.489180
v 1.822388 3.024996 -1.026854
v 1.822405 2.777201 -1.529013
v 1.822418 2.419121 -1.973727
v 1.822424 1.966379 -2.341536
v 1.822432 1.438780 -2.616376
v 1.822437 0.859382 -2.786238
v 1.822454 0.985607 -3.322042
v 1.822454 0.253506 -3.391478
v 1.822445 1.685722 -3.116801
v 1.822437 2.323233 -2.784697
v 1.822424 2.870283 -2.340261
v 1.822411 3.302979 -1.802905
v 1.822388 3.602392 -1.196131
v 1.822374 3.755439 -0.546443
v 1.822353 3.755439 0.117765
v 1.822340 3.602392 0.767461
v 1.822317 3.302979 1.374227
v 1.822304 2.870283 1.911581
v 1.822289 2.323233 2.356023
v 1.822283 1.685722 2.688123
v 1.822275 0.985608 2.893369
v 1.822275 0.253506 2.962804
v 1.822275 -0.478594 2.893369
v 1.822283 -1.178706 2.688123
v 1.822289 -1.816218 2.356023
v 1.822304 -2.363276 1.911581
v 1.822317 -2.795963 1.374231
v 1.822340 -3.095377 0.767461
v 1.822353 -3.248425 0.117765
v 1.822374 -3.248425 -0.546439
v 1.822388 -3.095377 -1.196131
v 1.822411 -2.795963 -1.802905
v 1.822424 -2.363276 -2.340258
v 1.822437 -1.816219 -2.784697
v 1.822445 -1.178707 -3.116801
v 1.822454 -0.478595 -3.322042
v 4.501398 0.253506 -5.180833
v 4.501390 -0.890935 -5.072311
v 4.501385 -1.985359 -4.751448
v 4.501371 -2.981926 -4.232306
v 4.501348 -3.837097 -3.537547
v 4.501326 -4.513488 -2.697554
v 4.501299 -4.981530 -1.749033
v 4.501270 -5.220783 -0.733420
v 4.501242 -5.220783 0.304872
v 4.501205 -4.981530 1.320478
v 4.501177 -4.513488 2.269002
v 4.501156 -3.837096 3.109010
v 4.501135 -2.981925 3.803771
v 4.501120 -1.985358 4.322912
v 4.501114 -0.890934 4.643763
v 4.501106 0.253506 4.752290
v 4.501114 1.397942 4.643763
v 4.501120 2.492373 4.322912
v 4.501135 3.488942 3.803766
v 4.501156 4.344110 3.109010
v 4.501177 5.020494 2.269002
v 4.501205 5.488544 1.320474
v 4.501242 5.727798 0.304872
v 4.501270 5.727798 -0.733420
v 4.501299 5.488544 -1.749033
v 4.501326 5.020494 -2.697557
v 4.501348 4.344110 -3.537547
v 4.501371 3.488941 -4.232306
v 4.501385 2.492371 -4.751448
v 4.501390 1.397941 -5.072311
v 5.111774 1.389530 -5.036568
v 5.111774 0.253506 -5.144297
v 5.111769 2.475900 -4.718074
v 5.111755 3.465148 -4.202745
v 5.111732 4.314029 -3.513098
v 5.111704 4.985441 -2.679274
v 5.111683 5.450052 -1.737731
v 5.111656 5.687547 -0.729590
v 5.111618 5.687547 0.301076
v 5.111589 5.450052 1.309213
v 5.111561 4.985441 2.250768
v 5.111542 4.314030 3.084589
v 5.111519 3.465149 3.774232
v 5.111506 2.475900 4.289564
v 5.111500 1.389530 4.608054
v 5.111492 0.253506 4.715787
v 5.111500 -0.882515 4.608054
v 5.111506 -1.968893 4.289564
v 5.111519 -2.958133 3.774232
v 5.111542 -3.807015 3.084589
v 5.111561 -4.478434 2.250772
v 5.111589 -4.943038 1.309213
v 5.111618 -5.180526 0.301080
v 5.111656 -5.180526 -0.729586
v 5.111683 -4.943038 -1.737731
v 5.111704 -4.478434 -2.679274
v 5.111732 -3.807016 -3.513098
v 5.111755 -2.958133 -4.202742
v 5.111769 -1.968894 -4.718074
v 5.111774 -0.882515 -5.036568
v 5.383070 0.253506 -5.582516
v 5.383070 -0.983500 -5.465216
v 5.383055 -2.166440 -5.118402
v 5.383041 -3.243617 -4.557271
v 5.383018 -4.167954 -3.806323
v 5.382990 -4.899049 -2.898386
v 5.382963 -5.404952 -1.873126
v 5.382935 -5.663562 -0.775389
v 5.382898 -5.663562 0.346891
v 5.382870 -5.404952 1.444631
v 5.382841 -4.899049 2.469888
v 5.382812 -4.167953 3.377829
v 5.382792 -3.243616 4.128774
v 5.382778 -2.166440 4.689912
v 5.382763 -0.983499 5.036715
v 5.382763 0.253506 5.154025
v 5.382763 1.490507 5.036715
v 5.382778 2.673456 4.689912
v 5.382792 3.750633 4.128774
v 5.382812 4.674966 3.377829
v 5.382841 5.406064 2.469884
v 5.382870 5.911968 1.444631
v 5.382898 6.170570 0.346891
v 5.382935 6.170570 -0.775393
v 5.382963 5.911968 -1.873126
v 5.382990 5.406064 -2.898386
v 5.383018 4.674966 -3.806323
v 5.383041 3.750632 -4.557271
v 5.383055 2.673455 -5.118402
v 5.383070 1.490507 -5.465216
v 2.331158 0.253506 -4.961770
v 4.569239 0.253506 -5.765142
v 4.569239 -1.025573 -5.643836
v 2.331152 -0.840443 -4.858027
v 4.569225 -2.248749 -5.285236
v 2.331144 -1.886577 -4.551336
v 4.569210 -3.362565 -4.705011
v 2.331131 -2.839185 -4.055093
v 4.569191 -4.318345 -3.928530
v 2.331108 -3.656624 -3.390990
v 4.569160 -5.074302 -2.989703
v 2.331087 -4.303172 -2.588048
v 4.569132 -5.597416 -1.929583
v 4.569096 -5.864819 -0.794501
v 4.569061 -5.864819 0.365949
v 2.331009 -4.979276 0.281919
v 4.569033 -5.597416 1.501039
v 2.330973 -4.750573 1.252721
v 4.568998 -5.074302 2.561159
v 2.330952 -4.303172 2.159402
v 4.568975 -4.318344 3.499971
v 2.330933 -3.656624 2.962343
v 4.568947 -3.362564 4.276464
v 2.330908 -2.839184 3.626441
v 4.568933 -2.248748 4.856691
v 2.330894 -1.886576 4.122678
v 4.568926 -1.025572 5.215289
v 2.330889 -0.840442 4.429377
v 4.568918 0.253506 5.336587
v 4.568926 1.532586 5.215289
v 2.330889 1.347456 4.429377
v 4.568933 2.755763 4.856691
v 2.330894 2.393592 4.122678
v 4.568947 3.869580 4.276460
v 4.568975 4.825351 3.499971
v 2.330933 4.163639 2.962343
v 4.568998 5.581318 2.561155
v 2.330952 4.810186 2.159402
v 4.569033 6.104433 1.501039
v 2.330973 5.257587 1.252721
v 4.569061 6.371835 0.365949
v 2.331009 5.486283 0.281919
v 4.569096 6.371835 -0.794501
v 2.331038 5.486283 -0.710574
v 4.569132 6.104433 -1.929583
v 2.331057 5.257587 -1.681372
v 4.569160 5.581318 -2.989703
v 2.331087 4.810186 -2.588048
v 4.569191 4.825351 -3.928530
v 4.569210 3.869579 -4.705014
v 2.331131 3.346199 -4.055093
v 4.569225 2.755763 -5.285236
v 2.331144 2.393591 -4.551336
v 4.569239 1.532586 -5.643836
v 2.331152 1.347455 -4.858027
v 0.025253 3.251036 -3.936965
v 0.025122 5.325277 0.266595
v 0.025051 -3.536319 2.864545
v 0.025122 -4.818262 0.266595
v 0.025206 -4.162972 -2.515067
v 0.025253 -2.744029 -3.936965
v 0.025257 -3.053297 -4.321043
v 0.025091 -5.097011 1.354230
v 0.025064 -4.618633 2.323682
v 0.025021 -3.053296 3.892291
v 0.025007 -2.034744 4.422892
v 0.025152 5.848557 -0.744975
v 3.450207 0.253506 -5.619081
v 2.365082 0.253506 -5.400003
v 3.450207 -0.991911 -5.500982
v 2.365068 -2.084124 -4.951675
v 3.450197 -2.182897 -5.151812
v 2.365055 -3.124668 -4.409627
v 3.450180 -3.267409 -4.586863
v 2.365025 -4.017561 -3.684217
v 3.450157 -4.198033 -3.830798
v 2.365004 -4.723794 -2.807162
v 3.450127 -4.934102 -2.916693
v 2.364977 -5.212494 -1.816786
v 3.450098 -5.443450 -1.884467
v 3.450069 -5.703813 -0.779257
v 2.364910 -5.462297 0.327722
v 3.450035 -5.703813 0.350652
v 2.364883 -5.212494 1.388139
v 3.450008 -5.443450 1.455877
v 2.364855 -4.723794 2.378511
v 3.449978 -4.934102 2.488101
v 2.364826 -4.017561 3.255568
v 3.449947 -4.198032 3.402224
v 2.364805 -3.124668 3.980974
v 3.449928 -3.267408 4.158267
v 2.364792 -2.084123 4.523019
v 3.449907 -2.182897 4.723230
v 2.364782 -0.941419 4.858027
v 3.449900 -0.991911 5.072381
v 3.449900 0.253506 5.190500
v 2.364782 1.448434 4.858027
v 3.449900 1.498927 5.072381
v 2.364792 2.591138 4.523019
v 3.449907 2.689912 4.723230
v 2.364805 3.631683 3.980974
v 3.449928 3.774417 4.158267
v 2.364826 4.524576 3.255568
v 3.449947 4.705039 3.402219
v 3.449978 5.441110 2.488096
v 2.364883 5.719502 1.388135
v 3.450008 5.950459 1.455877
v 2.364910 5.969312 0.327722
v 3.450035 6.210827 0.350652
v 2.364946 5.969312 -0.756381
v 3.450069 6.210827 -0.779257
v 3.450098 5.950459 -1.884467
v 2.365004 5.230803 -2.807166
v 3.450127 5.441110 -2.916693
v 2.365025 4.524574 -3.684217
v 3.450157 4.705039 -3.830801
v 2.365055 3.631682 -4.409627
v 3.450180 3.774417 -4.586863
v 2.365068 2.591138 -4.951675
v 3.450197 2.689912 -5.151812
v 2.365074 1.448434 -5.286683
v 3.450207 1.498926 -5.500982
v -2.043217 0.253506 -5.400106
v -3.196146 0.253506 -5.619246
v -3.196146 -0.991911 -5.501144
v -2.043224 -0.941420 -5.286784
v -3.467419 0.253506 -5.984437
v -3.670862 0.253506 -6.532228
v -3.670862 -1.202285 -6.394170
v -3.467419 -1.076065 -5.858348
v -3.196159 -2.182897 -5.151976
v -2.043230 -2.084132 -4.951777
v -3.670876 -2.594455 -5.986032
v -3.467430 -2.347522 -5.485603
v -3.196173 -3.267409 -4.587022
v -2.043245 -3.124668 -4.409735
v -3.670898 -3.862152 -5.325645
v -3.467445 -3.505306 -4.882474
v -3.196194 -4.198033 -3.830973
v -2.043264 -4.017561 -3.684320
v -3.670919 -4.949979 -4.441874
v -3.467474 -4.498811 -4.075331
v -3.196224 -4.934102 -2.916850
v -2.043295 -4.723794 -2.807265
v -3.670956 -5.810388 -3.373351
v -3.467505 -5.284617 -3.099452
v -3.196255 -5.443450 -1.884631
v -2.043325 -5.212494 -1.816893
v -3.670990 -6.405769 -2.166761
v -3.467531 -5.828381 -1.997485
v -3.196281 -5.703813 -0.779410
v -2.043352 -5.462297 -0.756480
v -3.671024 -6.710113 -0.874846
v -3.467567 -6.106335 -0.817587
v -3.196316 -5.703813 0.350500
v -2.043386 -5.462297 0.327615
v -3.671061 -6.710113 0.445920
v -3.467602 -6.106335 0.388666
v -3.196344 -5.443450 1.455713
v -2.043417 -5.212494 1.388036
v -3.671099 -6.405769 1.737825
v -3.467638 -5.828381 1.568567
v -3.196379 -4.934102 2.487939
v -2.043444 -4.723794 2.378408
v -3.671135 -5.810387 2.944414
v -3.467667 -5.284617 2.670530
v -3.196404 -4.198032 3.402060
v -2.043474 -4.017561 3.255456
v -3.671169 -4.949978 4.012945
v -3.467695 -4.498810 3.646413
v -3.196423 -3.267408 4.158117
v -2.043488 -3.124668 3.980875
v -3.671192 -3.862151 4.896708
v -3.467716 -3.505305 4.453550
v -3.196445 -2.182897 4.723071
v -2.043510 -2.084131 4.522921
v -3.671211 -2.594454 5.557093
v -3.467739 -2.347521 5.056674
v -3.196453 -0.991911 5.072229
v -2.043514 -0.941419 4.857920
v -3.671223 -1.202284 5.965234
v -3.467743 -1.076064 5.429433
v -3.196453 0.253506 5.190341
v -2.043514 0.253506 4.971251
v -3.671223 0.253507 6.103289
v -3.467752 0.253506 5.555513
v -3.196453 1.498927 5.072229
v -2.043514 1.448434 4.857920
v -3.671223 1.709298 5.965234
v -3.467743 1.583080 5.429433
v -3.196445 2.689912 4.723071
v -2.043510 2.591138 4.522921
v -3.671211 3.101470 5.557093
v -3.467739 2.854536 5.056674
v -3.196423 3.774424 4.158117
v -2.043488 3.631683 3.980875
v -3.671192 4.369166 4.896708
v -3.467716 4.012321 4.453547
v -3.196404 4.705039 3.402060
v -2.043474 4.524576 3.255456
v -3.671169 5.456994 4.012945
v -3.467695 5.005825 3.646410
v -3.196379 5.441110 2.487939
v -2.043444 5.230803 2.378408
v -3.671135 6.317403 2.944414
v -3.467667 5.791625 2.670530
v -3.196344 5.950459 1.455713
v -2.043417 5.719502 1.388036
v -3.671099 6.912782 1.737825
v -3.467638 6.335388 1.568563
v -3.196316 6.210827 0.350500
v -2.043386 5.969312 0.327615
v -3.671061 7.217128 0.445917
v -3.467602 6.613349 0.388666
v -3.196281 6.210827 -0.779410
v -2.043352 5.969312 -0.756480
v -3.671024 7.217128 -0.874850
v -3.467567 6.613349 -0.817587
v -3.196255 5.950459 -1.884631
v -2.043325 5.719502 -1.816893
v -3.670990 6.912782 -2.166766
v -3.467531 6.335388 -1.997485
v -3.196224 5.441110 -2.916850
v -2.043295 5.230803 -2.807265
v -3.670956 6.317403 -3.373351
v -3.467505 5.791625 -3.099452
v -3.196194 4.705039 -3.830976
v -2.043264 4.524574 -3.684320
v -3.670919 5.456993 -4.441874
v -3.467474 5.005824 -4.075331
v -3.196173 3.774424 -4.587022
v -2.043245 3.631682 -4.409735
v -3.670898 4.369165 -5.325647
v -3.467445 4.012321 -4.882476
v -3.196159 2.689912 -5.151976
v -2.043230 2.591138 -4.951777
v -3.670876 3.101469 -5.986032
v -3.467430 2.854536 -5.485603
v -3.196146 1.498926 -5.501144
v -2.043224 1.448434 -5.286784
v -3.670862 1.709297 -6.394170
v -3.467419 1.583079 -5.858348
v -1.568493 1.397949 -5.072451
v -1.568485 0.253506 -5.180974
v -1.568499 2.492371 -4.751596
v -1.568516 3.488941 -4.232450
v -1.568535 4.344110 -3.537694
v -1.568556 5.020494 -2.697702
v -1.568584 5.488552 -1.749175
v -1.568613 5.727798 -0.733561
v -1.568644 5.727798 0.304731
v -1.568678 5.488552 1.320337
v -1.568707 5.020494 2.268861
v -1.568727 4.344110 3.108865
v -1.568748 3.488942 3.803621
v -1.568764 2.492373 4.322767
v -1.568771 1.397949 4.643613
v -1.568779 0.253506 4.752145
v -1.568771 -0.890934 4.643613
v -1.568764 -1.985358 4.322767
v -1.568748 -2.981925 3.803621
v -1.568727 -3.837096 3.108865
v -1.568707 -4.513488 2.268865
v -1.568678 -4.981536 1.320337
v -1.568644 -5.220783 0.304731
v -1.568613 -5.220783 -0.733561
v -1.568584 -4.981536 -1.749175
v -1.568556 -4.513488 -2.697702
v -1.568535 -3.837097 -3.537694
v -1.568516 -2.981926 -4.232450
v -1.568499 -1.985359 -4.751596
v -1.568493 -0.890935 -5.072451
v -1.568516 1.064026 -4.240510
v -1.568516 0.388424 -4.304576
v -1.297235 1.137078 -3.965097
v -1.568521 1.170738 -4.107988
v -1.568516 0.253506 -4.194974
v -1.297235 0.253506 -4.048892
v -1.297243 1.982040 -3.717382
v -1.568529 2.047884 -3.850835
v -1.297256 2.751449 -3.316569
v -1.568535 2.846612 -3.434756
v -1.297270 3.411693 -2.780177
v -1.568556 3.532005 -2.877928
v -1.297293 3.933902 -2.131655
v -1.568569 4.074110 -2.204695
v -1.297314 4.295268 -1.399333
v -1.568600 4.449235 -1.444476
v -1.297333 4.479982 -0.615222
v -1.568619 4.640991 -0.630496
v -1.297356 4.479982 0.186403
v -1.568644 4.640991 0.201669
v -1.297379 4.295268 0.970506
v -1.568670 4.449235 1.015642
v -1.297398 3.933902 1.702833
v -1.568691 4.074110 1.775861
v -1.297421 3.411693 2.351358
v -1.568707 3.532005 2.449102
v -1.297434 2.751450 2.887754
v -1.568720 2.846612 3.005926
v -1.297447 1.982041 3.288564
v -1.568735 2.047884 3.422002
v -1.297455 1.137079 3.536283
v -1.568741 1.170739 3.679147
v -1.297455 0.253506 3.620065
v -1.568748 0.253506 3.766134
v -1.297455 -0.630070 3.536283
v -1.568741 -0.663724 3.679147
v -1.297447 -1.475027 3.288564
v -1.568735 -1.540878 3.422002
v -1.297434 -2.244442 2.887754
v -1.568720 -2.339598 3.005926
v -1.297421 -2.904677 2.351358
v -1.568707 -3.024989 2.449102
v -1.297398 -3.426893 1.702833
v -1.568691 -3.567094 1.775865
v -1.297379 -3.788254 0.970506
v -1.568670 -3.942229 1.015645
v -1.297356 -3.972969 0.186403
v -1.568644 -4.133983 0.201669
v -1.297333 -3.972969 -0.615222
v -1.568619 -4.133983 -0.630496
v -1.297314 -3.788254 -1.399329
v -1.568600 -3.942229 -1.444476
v -1.297293 -3.426893 -2.131655
v -1.568569 -3.567095 -2.204695
v -1.297270 -2.904677 -2.780177
v -1.568556 -3.024989 -2.877928
v -1.297256 -2.244443 -3.316569
v -1.568535 -2.339599 -3.434752
v -1.297243 -1.475027 -3.717382
v -1.568529 -1.540878 -3.850835
v -1.297235 -0.630071 -3.965097
v -1.568521 -0.663725 -4.107988
v -1.704195 0.253506 -2.661189
v -1.704182 0.253506 -3.282000
v -1.704182 -0.453352 -3.214976
v -1.704203 -0.310295 -2.607722
v -1.331152 0.253506 -3.720217
v -1.331152 -0.554329 -3.643607
v -1.704189 -1.129320 -3.016798
v -1.704203 -0.849465 -2.449645
v -1.331160 -1.326867 -3.417124
v -1.704195 -1.744849 -2.696146
v -1.704212 -1.340425 -2.193900
v -1.331173 -2.030331 -3.050669
v -1.704212 -2.273044 -2.267039
v -1.704226 -1.761715 -1.851630
v -1.331186 -2.633980 -2.560256
v -1.704226 -2.690809 -1.748206
v -1.704231 -2.094940 -1.437808
v -1.331200 -3.111425 -1.967314
v -1.704239 -2.979902 -1.162352
v -1.704245 -2.325523 -0.970503
v -1.331223 -3.441814 -1.297770
v -1.704260 -3.127674 -0.535075
v -1.704260 -2.443389 -0.470175
v -1.331244 -3.610696 -0.580866
v -1.704283 -3.127674 0.106225
v -1.704273 -2.443389 0.041337
v -1.331266 -3.610696 0.152051
v -1.704296 -2.979902 0.733522
v -1.704296 -2.325523 0.541681
v -1.331287 -3.441814 0.868948
v -1.704317 -2.690809 1.319376
v -1.704304 -2.094940 1.008962
v -1.331310 -3.111425 1.538496
v -1.704330 -2.273043 1.838186
v -1.704317 -1.761715 1.422781
v -1.331324 -2.633979 2.131425
v -1.704340 -1.744848 2.267313
v -1.704327 -1.340425 1.765058
v -1.331337 -2.030330 2.621854
v -1.704353 -1.129319 2.587949
v -1.704340 -0.849464 2.020814
v -1.331345 -1.326866 2.988302
v -1.704361 -0.453351 2.786123
v -1.704340 -0.310295 2.178874
v -1.331350 -0.554329 3.214792
v -1.704361 0.253506 2.853170
v -1.704340 0.253506 2.232337
v -1.331358 0.253506 3.291395
v -1.704361 0.960368 2.786123
v -1.704340 0.817315 2.178874
v -1.331350 1.061343 3.214792
v -1.704353 1.636336 2.587949
v -1.704340 1.356479 2.020814
v -1.331345 1.833882 2.988302
v -1.704340 2.251863 2.267313
v -1.704327 1.847431 1.765058
v -1.331337 2.537345 2.621854
v -1.704330 2.780058 1.838186
v -1.704317 2.268730 1.422781
v -1.331324 3.140988 2.131425
v -1.704317 3.197824 1.319376
v -1.704304 2.601955 1.008962
v -1.331310 3.618440 1.538496
v -1.704296 3.486916 0.733522
v -1.704296 2.832531 0.541681
v -1.331287 3.948831 0.868944
v -1.704283 3.634683 0.106225
v -1.704273 2.950404 0.041337
v -1.331266 4.117718 0.152051
v -1.704260 3.634683 -0.535079
v -1.704260 2.950404 -0.470175
v -1.331244 4.117718 -0.580866
v -1.704239 3.486916 -1.162352
v -1.704245 2.832531 -0.970503
v -1.331223 3.948831 -1.297774
v -1.704226 3.197824 -1.748209
v -1.704231 2.601955 -1.437808
v -1.331200 3.618440 -1.967314
v -1.704212 2.780057 -2.267039
v -1.704226 2.268730 -1.851630
v -1.331186 3.140988 -2.560256
v -1.704195 2.251863 -2.696146
v -1.704212 1.847431 -2.193900
v -1.331173 2.537345 -3.050669
v -1.704189 1.636335 -3.016802
v -1.704203 1.356479 -2.449645
v -1.331160 1.833882 -3.417124
v -1.704182 0.960367 -3.214976
v -1.704203 0.817315 -2.607722
v -1.331152 1.061342 -3.643607
v -1.059923 0.253506 -2.295977
v -1.365097 0.253506 -2.551615
v -1.365097 -0.285052 -2.500540
v -1.059923 -0.226149 -2.250494
v -1.365103 -0.800070 -2.349555
v -1.059931 -0.684840 -2.116019
v -1.365112 -1.269054 -2.105249
v -1.059937 -1.102520 -1.898428
v -1.365120 -1.671482 -1.778307
v -1.059944 -1.460938 -1.607249
v -1.365133 -1.989787 -1.383013
v -1.059950 -1.744425 -1.255190
v -1.365139 -2.210041 -0.936648
v -1.059967 -1.940594 -0.857646
v -1.365154 -2.322631 -0.458712
v -1.059980 -2.040867 -0.431986
v -1.365170 -2.322631 0.029893
v -1.059986 -2.040867 0.003179
v -1.365183 -2.210041 0.507829
v -1.060001 -1.940593 0.428834
v -1.365198 -1.989787 0.954195
v -1.060015 -1.744425 0.826387
v -1.365211 -1.671482 1.349485
v -1.060020 -1.460938 1.178442
v -1.365217 -1.269054 1.676431
v -1.060030 -1.102520 1.469629
v -1.365227 -0.800070 1.920732
v -1.060038 -0.684840 1.687215
v -1.365234 -0.285052 2.071729
v -1.060045 -0.226149 1.821683
v -1.365234 0.253506 2.122797
v -1.060045 0.253506 1.867174
v -1.365234 0.792067 2.071729
v -1.060045 0.733163 1.821683
v -1.365227 1.307093 1.920732
v -1.060038 1.191854 1.687215
v -1.365217 1.776061 1.676431
v -1.060030 1.609534 1.469629
v -1.365211 2.178497 1.349485
v -1.060020 1.967951 1.178442
v -1.365198 2.496794 0.954195
v -1.060015 2.251439 0.826387
v -1.365183 2.717056 0.507829
v -1.060001 2.447601 0.428834
v -1.365170 2.829646 0.029893
v -1.059986 2.547881 0.003179
v -1.365154 2.829646 -0.458712
v -1.059980 2.547881 -0.431986
v -1.365139 2.717056 -0.936648
v -1.059967 2.447601 -0.857646
v -1.365133 2.496794 -1.383013
v -1.059950 2.251439 -1.255190
v -1.365120 2.178497 -1.778307
v -1.059944 1.967951 -1.607249
v -1.365112 1.776061 -2.105249
v -1.059937 1.609534 -1.898432
v -1.365103 1.307092 -2.349555
v -1.059931 1.191854 -2.116019
v -1.365097 0.792065 -2.500540
v -1.059923 0.733163 -2.250494
v -1.093870 0.253506 -0.908263
v -1.059937 0.253506 -1.748194
v -1.059937 -0.099922 -1.714674
v -1.093870 0.093619 -0.893103
v -1.059944 -0.437906 -1.615588
v -1.093870 -0.059278 -0.848277
v -1.059944 -0.745674 -1.455271
v -1.093870 -0.198509 -0.775748
v -1.059950 -1.009769 -1.240710
v -1.093876 -0.317974 -0.678687
v -1.059959 -1.218655 -0.981299
v -1.093876 -0.412471 -0.561335
v -1.059973 -1.363198 -0.688376
v -1.093884 -0.477863 -0.428820
v -1.059980 -1.437088 -0.374724
v -1.093884 -0.511286 -0.286932
v -1.059986 -1.437088 -0.054080
v -1.093889 -0.511286 -0.141879
v -1.059994 -1.363198 0.259565
v -1.093889 -0.477863 0.000009
v -1.060007 -1.218655 0.552492
v -1.093897 -0.412471 0.132524
v -1.060015 -1.009768 0.811906
v -1.093897 -0.317974 0.249879
v -1.060015 -0.745674 1.026460
v -1.093903 -0.198509 0.346941
v -1.060020 -0.437906 1.186784
v -1.093903 -0.059278 0.419462
v -1.060020 -0.099922 1.285867
v -1.093903 0.093619 0.464292
v -1.060030 0.253506 1.319391
v -1.093903 0.253506 0.479455
v -1.060020 0.606936 1.285867
v -1.093903 0.413394 0.464292
v -1.060020 0.944920 1.186784
v -1.093903 0.566284 0.419462
v -1.060015 1.252681 1.026460
v -1.093903 0.705516 0.346941
v -1.060015 1.516782 0.811906
v -1.093897 0.824989 0.249879
v -1.060007 1.725670 0.552492
v -1.093897 0.919484 0.132524
v -1.059994 1.870212 0.259565
v -1.093889 0.984877 0.000009
v -1.059986 1.944095 -0.054080
v -1.093889 1.018301 -0.141879
v -1.059980 1.944095 -0.374728
v -1.093884 1.018301 -0.286932
v -1.059973 1.870212 -0.688376
v -1.093884 0.984877 -0.428820
v -1.059959 1.725670 -0.981299
v -1.093876 0.919484 -0.561335
v -1.059950 1.516782 -1.240710
v -1.093876 0.824989 -0.678687
v -1.059944 1.252681 -1.455271
v -1.093870 0.705516 -0.775748
v -1.059944 0.944920 -1.615588
v -1.093870 0.566284 -0.848277
v -1.059937 0.606935 -1.714674
v -1.093870 0.413394 -0.893103
v -0.619137 0.253506 -0.689143
v -0.619137 0.467519 -0.648097
v -0.619137 0.562774 -0.598475
v -0.619137 0.644516 -0.532065
v -0.619144 0.709176 -0.451769
v -0.619144 0.753912 -0.361102
v -0.619144 0.776786 -0.264018
v -0.619152 0.776786 -0.164771
v -0.619152 0.753912 -0.067690
v -0.619158 0.709176 0.022977
v -0.619158 0.644517 0.103265
v -0.619167 0.253506 0.260343
v -0.619167 0.144111 0.249979
v -0.619158 0.039495 0.219301
v -0.619158 -0.137510 0.103265
v -0.619158 -0.202163 0.022977
v -0.619152 -0.246905 -0.067690
v -0.619152 -0.269772 -0.164771
v -0.619144 -0.269772 -0.264018
v -0.619144 -0.246905 -0.361102
v -0.619144 -0.202163 -0.451769
v -0.619137 -0.137510 -0.532065
v -0.619137 -0.055761 -0.598475
v -0.619137 0.039495 -0.648097
v -0.619137 0.144111 -0.678767
v -0.653061 0.253506 -0.214396
v -1.568665 4.606466 0.933740
v -1.568649 4.747701 0.334192
v -1.568707 3.712564 2.431971
v -1.568691 4.111854 1.936094
v -1.568735 2.220556 3.472627
v -1.568727 2.808861 3.166147
v -1.568748 0.388425 3.875753
v -1.568748 1.064027 3.811686
v -1.568741 -1.467031 3.571653
v -1.568748 -0.820956 3.761060
v -1.568714 -3.024989 2.612909
v -1.568727 -2.520156 3.023046
v -1.568670 -4.016069 1.165288
v -1.568684 -3.739766 1.725240
v -1.568619 -4.268900 -0.520888
v -1.568644 -4.268900 0.092050
v -1.568579 -3.739766 -2.154074
v -1.568592 -4.016069 -1.594130
v -1.568535 -2.520156 -3.451880
v -1.568548 -3.024989 -3.041739
v -1.568516 -0.820956 -4.189898
v -1.568521 -1.467031 -4.000483
v -1.568535 2.808860 -3.594987
v -1.568529 2.220556 -3.901453
v -1.568569 4.111854 -2.364928
v -1.568556 3.712564 -2.860807
v -1.568613 4.747701 -0.763026
v -1.568600 4.606466 -1.362570
v -2.075531 1.075941 -4.710313
v -1.760010 1.075941 -4.710307
v -2.071217 0.891027 -4.934102
v -2.267046 0.618319 -4.785552
v -2.267046 0.891027 -4.759694
v -2.071217 0.658519 -4.956151
v -2.267054 0.817554 -4.509607
v -2.267054 0.632573 -4.527150
v -2.111271 0.610991 -4.341853
v -2.111271 0.795965 -4.324308
v -2.075531 0.426077 -4.771947
v -2.075535 0.426077 -4.565638
v -1.760014 0.426077 -4.565627
v -2.075535 1.028406 -4.508521
v -1.760014 1.028406 -4.508512
v -1.724295 0.610991 -4.341838
v -1.724295 0.795965 -4.324296
v -2.075550 3.028951 -4.008868
v -1.760031 3.028951 -4.008860
v -1.764322 2.960903 -4.281163
v -2.071239 2.960903 -4.281168
v -2.267059 2.644811 -4.245528
v -2.267067 2.882278 -4.121825
v -2.071239 2.758434 -4.386634
v -2.267075 2.702423 -3.920343
v -2.267067 2.541351 -4.004255
v -2.111286 2.438098 -3.842894
v -2.111286 2.599170 -3.758977
v -2.075544 2.463053 -4.303658
v -2.075544 2.370051 -4.115182
v -1.760031 2.370051 -4.115180
v -2.075558 2.894557 -3.841956
v -1.760038 2.894550 -3.841956
v -1.724308 2.438098 -3.842885
v -1.724308 2.599170 -3.758971
v -2.075584 4.496907 -2.651320
v -1.760075 4.496907 -2.651316
v -1.764359 4.557490 -2.925044
v -2.071274 4.557490 -2.925046
v -2.267094 4.252666 -3.008498
v -2.267103 4.413830 -2.808341
v -2.071274 4.420074 -3.095713
v -2.267103 4.158700 -2.690279
v -2.267103 4.049385 -2.826047
v -2.111315 3.882320 -2.716525
v -2.111320 3.991636 -2.580763
v -2.075579 4.112825 -3.128310
v -2.075579 3.942904 -2.990263
v -1.760057 3.942904 -2.990256
v -2.075592 4.298887 -2.548159
v -1.760075 4.298887 -2.548148
v -1.724339 3.882320 -2.716521
v -1.724344 3.991636 -2.580751
v -2.075645 5.225995 -0.872408
v -1.760124 5.225995 -0.872397
v -1.764416 5.404729 -1.100237
v -2.071327 5.404729 -1.100241
v -2.267147 5.163874 -1.288348
v -2.267155 5.220884 -1.046351
v -2.071323 5.356124 -1.306586
v -2.267155 4.934583 -1.032122
v -2.267155 4.895913 -1.196269
v -2.111364 4.693929 -1.157538
v -2.111364 4.732601 -0.993384
v -2.075623 5.090128 -1.449118
v -2.075628 4.872665 -1.385371
v -1.760109 5.090128 -1.449107
v -2.075645 4.998590 -0.850844
v -1.760124 4.998590 -0.850836
v -1.724388 4.693929 -1.157530
v -1.724388 4.732601 -0.993372
v -2.075693 5.090128 1.020273
v -1.760181 5.090128 1.020284
v -1.764473 5.356124 0.877737
v -2.071388 5.356124 0.877729
v -2.267204 5.220884 0.617490
v -2.267208 5.163874 0.859495
v -2.071381 5.404729 0.671396
v -2.267204 4.895913 0.767416
v -2.267204 4.934583 0.603277
v -2.111416 4.732601 0.564538
v -2.111416 4.693929 0.728681
v -2.075680 5.225995 0.443563
v -1.764467 5.404729 0.671403
v -2.075680 4.998590 0.421995
v -2.075693 4.872665 0.956518
v -1.760176 4.872665 0.956522
v -1.724440 4.693929 0.728689
v -2.075743 4.112825 2.699457
v -1.760223 4.112825 2.699461
v -1.764521 4.420074 2.666868
v -2.071438 4.420074 2.666864
v -2.267252 4.413830 2.379491
v -2.267262 4.252666 2.579652
v -2.071428 4.557490 2.496206
v -2.267252 4.049385 2.397192
v -2.267252 4.158700 2.261430
v -2.111458 3.991636 2.151922
v -2.111465 3.882321 2.287675
v -2.075729 4.496907 2.222463
v -1.764515 4.557490 2.496211
v -2.075729 4.298887 2.119314
v -1.760210 4.496907 2.222476
v -1.760210 4.298887 2.119325
v -2.075743 3.942904 2.561414
v -1.760223 3.942904 2.561422
v -1.724480 3.991636 2.151929
v -1.724480 3.882321 2.287683
v -2.075777 2.463054 3.874815
v -1.760260 2.463054 3.874826
v -1.764557 2.758434 3.957797
v -2.071472 2.758434 3.957784
v -2.267288 2.882278 3.692979
v -2.267296 2.644811 3.816679
v -2.071472 2.960904 3.852315
v -2.267288 2.541351 3.575399
v -2.267288 2.702424 3.491483
v -2.111492 2.599170 3.330129
v -2.111492 2.438099 3.414042
v -2.075771 3.028951 3.580011
v -1.764557 2.960904 3.852319
v -2.075764 2.894557 3.413106
v -1.760250 3.028951 3.580019
v -1.760246 2.894557 3.413115
v -2.075771 2.370052 3.686338
v -1.760250 2.370052 3.686342
v -1.724518 2.599170 3.330137
v -1.724518 2.438099 3.414045
v -2.075794 0.426077 4.343100
v -1.760273 0.426077 4.343107
v -1.764582 0.658520 4.527304
v -2.071495 0.658520 4.527299
v -2.267309 0.891027 4.330835
v -2.267309 0.618319 4.356699
v -2.071495 0.891027 4.505250
v -2.267303 0.632574 4.098300
v -2.267303 0.817554 4.080760
v -2.111506 0.795966 3.895463
v -2.111506 0.610991 3.913003
v -2.075794 1.075942 4.281473
v -1.764582 0.891027 4.505259
v -2.075787 1.028407 4.079675
v -1.760273 1.075942 4.281480
v -1.760265 1.028407 4.079679
v -2.075787 0.426077 4.136789
v -1.760265 0.426077 4.136796
v -1.724531 0.795966 3.895479
v -1.724531 0.610991 3.913019
v -2.075787 -1.645887 4.023345
v -1.760265 -1.645887 4.023347
v -1.764570 -1.516583 4.276941
v -2.071486 -1.516583 4.276933
v -2.267309 -1.215604 4.182783
v -2.267303 -1.476390 4.106328
v -2.071486 -1.294231 4.342119
v -2.267296 -1.346897 3.875497
v -2.267296 -1.170007 3.927362
v -2.111500 -1.106195 3.750163
v -2.111500 -1.283077 3.698298
v -2.075787 -1.024423 4.205545
v -1.764570 -1.294231 4.342126
v -2.075777 -0.976881 4.003744
v -1.760265 -1.024423 4.205549
v -1.760260 -0.976881 4.003747
v -2.075777 -1.552884 3.834878
v -1.760260 -1.552884 3.834890
v -1.724524 -1.106195 3.750169
v -1.724524 -1.283077 3.698312
v -2.075750 -3.394582 2.970846
v -1.760229 -3.394582 2.970853
v -1.764544 -3.390771 3.249975
v -2.071459 -3.390771 3.249968
v -2.267281 -3.073371 3.274400
v -2.267275 -3.277141 3.108859
v -2.071459 -3.217031 3.391115
v -2.267265 -3.054789 2.945505
v -2.267275 -2.916569 3.057802
v -2.111479 -2.778400 2.919340
v -2.111479 -2.916613 2.807046
v -2.075764 -2.908982 3.365369
v -1.764544 -3.217031 3.391119
v -2.075758 -2.774581 3.198457
v -1.760246 -2.908982 3.365373
v -1.760237 -2.774581 3.198465
v -2.075750 -3.224668 2.832803
v -1.760229 -3.224668 2.832808
v -1.724504 -2.778400 2.919355
v -1.724504 -2.916613 2.807050
v -2.075706 -4.517651 1.367589
v -1.764494 -4.639980 1.623975
v -2.071407 -4.639980 1.623971
v -2.267231 -4.361043 1.762781
v -2.267231 -4.472569 1.536756
v -2.071415 -4.544888 1.816679
v -2.267225 -4.195808 1.469144
v -2.267231 -4.120159 1.622449
v -2.111443 -3.931513 1.546667
v -2.111435 -4.007161 1.393365
v -2.075722 -4.251870 1.906198
v -1.764502 -4.544888 1.816690
v -2.075722 -4.053843 1.803056
v -1.760202 -4.251870 1.906209
v -1.760202 -4.053843 1.803064
v -2.075706 -4.300179 1.303834
v -1.724466 -3.931513 1.546682
v -2.075649 -4.820888 -0.509226
v -2.071352 -5.048213 -0.319899
v -2.267181 -4.855964 -0.090727
v -2.267174 -4.855964 -0.338126
v -2.071358 -5.048213 -0.108950
v -2.267174 -4.572650 -0.298331
v -2.267181 -4.572650 -0.130522
v -2.111391 -4.366145 -0.130515
v -2.111385 -4.366145 -0.298331
v -2.075672 -4.820888 0.080373
v -1.764444 -5.048213 -0.108943
v -2.075665 -4.593485 0.058809
v -1.760151 -4.820888 0.080381
v -1.760151 -4.593485 0.058820
v -2.075649 -4.593485 -0.487662
v -1.760128 -4.593485 -0.487647
v -1.724417 -4.366145 -0.130507
v -2.075602 -4.251870 -2.335055
v -2.071293 -4.544888 -2.245528
v -2.267124 -4.472569 -1.965621
v -2.267124 -4.361043 -2.191626
v -2.071301 -4.639980 -2.052817
v -2.267124 -4.120159 -2.051301
v -2.267130 -4.195808 -1.897990
v -2.111343 -4.007162 -1.822207
v -2.111334 -3.931513 -1.975512
v -2.075615 -4.517651 -1.796435
v -1.764385 -4.639980 -2.052809
v -2.075615 -4.300179 -1.732680
v -1.760094 -4.517651 -1.796427
v -1.760094 -4.300179 -1.732665
v -2.075602 -4.053843 -2.231902
v -1.760080 -4.053843 -2.231898
v -1.724369 -4.007162 -1.822196
v -1.724360 -3.931513 -1.975501
v -2.075558 -2.908983 -3.794215
v -1.760038 -2.908983 -3.794207
v -2.071253 -3.217031 -3.819963
v -2.267080 -3.277142 -3.537703
v -2.267075 -3.073372 -3.703252
v -2.071253 -3.390772 -3.678813
v -2.267080 -2.916570 -3.486661
v -2.267090 -3.054790 -3.374362
v -2.111300 -2.916614 -3.235896
v -2.111300 -2.778400 -3.348185
v -2.075565 -3.394583 -3.399694
v -1.764336 -3.390772 -3.678804
v -2.075571 -3.224669 -3.261649
v -1.760044 -3.394583 -3.399687
v -1.760052 -3.224669 -3.261641
v -2.075565 -2.774582 -3.627306
v -1.760044 -2.774582 -3.627298
v -1.724325 -2.916614 -3.235888
v -1.724325 -2.778400 -3.348174
v -2.075531 -1.024424 -4.634389
v -1.764309 -1.294231 -4.770959
v -2.071222 -1.294231 -4.770966
v -2.267054 -1.476391 -4.535180
v -2.267054 -1.215604 -4.611628
v -2.071222 -1.516583 -4.705781
v -2.267059 -1.170008 -4.356211
v -2.267059 -1.346898 -4.304351
v -2.111280 -1.283078 -4.127145
v -2.111271 -1.106195 -4.179002
v -2.075535 -1.645888 -4.452199
v -1.764309 -1.516583 -4.705772
v -2.075544 -1.552885 -4.263723
v -1.760014 -1.645888 -4.452190
v -1.760025 -1.552885 -4.263709
v -2.075535 -0.976882 -4.432589
v -1.760014 -0.976882 -4.432580
v -1.724302 -1.283078 -4.127134
v -1.724295 -1.106195 -4.178991
v 3.416426 -0.056917 -10.110903
v 3.653778 -0.056917 -9.818743
v 3.653778 -2.270065 -9.608862
v 3.416418 -2.337381 -9.894627
v 3.992865 -0.056917 -9.270952
v 4.162376 -0.056917 -8.029308
v 4.162376 -1.857725 -7.858532
v 3.992857 -2.143833 -9.073042
v 4.162363 -0.056917 -7.335454
v 3.958870 -0.056917 -6.349450
v 3.958870 -1.470635 -6.215373
v 4.162357 -1.697838 -7.179837
v 3.653757 -4.386481 -8.988394
v 3.416395 -4.518176 -9.255287
v 4.162363 -3.579836 -7.353662
v 3.992844 -4.139547 -8.487965
v 3.958855 -2.822563 -5.819026
v 4.162342 -3.267044 -6.719793
v 3.653730 -6.313673 -7.984455
v 3.416368 -6.503991 -8.220819
v 4.162336 -5.147965 -6.536774
v 3.992813 -5.956826 -7.541278
v 3.958841 -4.053628 -5.177722
v 4.162323 -4.695956 -5.975426
v 3.653694 -7.967421 -6.640924
v 3.416325 -8.208045 -6.836419
v 4.162306 -6.493599 -5.443553
v 3.992777 -7.516250 -6.274374
v 3.958813 -5.110011 -4.319499
v 4.162292 -5.922118 -4.979270
v 3.653643 -9.275436 -5.016516
v 3.416281 -9.555843 -5.162584
v 4.162262 -7.557914 -4.121789
v 3.992735 -8.749668 -4.742617
v 3.958782 -5.945551 -3.281858
v 4.162256 -6.891937 -3.774862
v 3.653593 -10.180552 -3.182227
v 3.416225 -10.488500 -3.272512
v 4.162222 -8.294409 -2.629256
v 3.992685 -9.603164 -3.012946
v 3.958748 -6.523728 -2.110147
v 4.162222 -7.563038 -2.414839
v 3.653528 -10.643234 -1.218222
v 3.416168 -10.965248 -1.248774
v 4.162178 -8.670876 -1.031168
v 3.992628 -10.039448 -1.160952
v 3.958712 -6.819274 -0.855578
v 4.162178 -7.906089 -0.958636
v 3.653475 -10.643234 0.789651
v 3.416105 -10.965248 0.820188
v 4.162128 -8.670876 0.602621
v 3.992579 -10.039448 0.732400
v 3.958675 -6.819274 0.427015
v 4.162136 -7.906089 0.530092
v 3.653418 -10.180552 2.753653
v 3.416044 -10.488500 2.843924
v 4.162085 -8.294409 2.200700
v 3.992521 -9.603164 2.584390
v 3.958641 -6.523728 1.681596
v 4.162094 -7.563038 1.986288
v 3.653366 -9.275436 4.587934
v 3.415997 -9.555843 4.734004
v 4.162043 -7.557913 3.693235
v 3.992474 -8.749668 4.314058
v 3.958605 -5.945550 2.853312
v 4.162050 -6.891936 3.346319
v 3.653316 -7.967420 6.212350
v 3.415947 -8.208043 6.407827
v 4.162001 -6.493598 5.015001
v 3.992430 -7.516249 5.845819
v 3.958576 -5.110010 3.890954
v 4.162014 -5.922117 4.550723
v 3.653280 -6.313672 7.555880
v 3.415903 -6.503990 7.792231
v 4.161972 -5.147964 6.108218
v 3.992393 -5.956825 7.112722
v 3.958548 -4.053627 4.749177
v 4.161987 -4.695955 5.546880
v 3.653254 -4.386480 8.559820
v 3.415876 -4.518175 8.826708
v 4.161949 -3.579835 6.925116
v 3.992365 -4.139546 8.059404
v 3.958532 -2.822562 5.390481
v 4.161963 -3.267043 6.291243
v 3.653229 -2.270063 9.180288
v 3.415855 -2.337380 9.466063
v 4.161928 -1.857724 7.429984
v 3.992346 -2.143832 8.644484
v 3.958519 -1.470634 5.786818
v 4.161949 -1.697837 6.751291
v 3.653229 -0.056916 9.390165
v 3.415846 -0.056916 9.682306
v 4.161928 -0.056916 7.600760
v 3.992346 -0.056916 8.842398
v 3.958519 -0.056916 5.920888
v 4.161949 -0.056916 6.906900
v 3.653229 2.156226 9.180288
v 3.415855 2.223549 9.466063
v 4.161928 1.743893 7.429984
v 3.992346 2.030000 8.644484
v 3.958519 1.356802 5.786818
v 4.161949 1.584005 6.751291
v 3.653254 4.272640 8.559820
v 3.415876 4.404341 8.826708
v 4.161949 3.465995 6.925116
v 3.992365 4.025712 8.059404
v 3.958532 2.708730 5.390481
v 4.161963 3.153212 6.291238
v 3.653280 6.199840 7.555880
v 3.415903 6.390160 7.792226
v 4.161972 5.034131 6.108218
v 3.992393 5.842987 7.112719
v 3.958548 3.939794 4.749175
v 4.161987 4.582121 5.546880
v 3.653316 7.853588 6.212350
v 3.415947 8.094212 6.407827
v 4.162001 6.379768 5.015001
v 3.992430 7.402419 5.845819
v 3.958576 4.996177 3.890951
v 4.162014 5.808284 4.550723
v 3.653366 9.161604 4.587934
v 3.415997 9.442011 4.734004
v 4.162043 7.444082 3.693235
v 3.992474 8.635836 4.314058
v 3.958605 5.831718 2.853312
v 4.162050 6.778104 3.346315
v 3.653418 10.066719 2.753653
v 3.416044 10.374666 2.843924
v 4.162085 8.180573 2.200700
v 3.992521 9.489330 2.584386
v 3.958641 6.409898 1.681592
v 4.162094 7.449207 1.986288
v 3.653475 10.529402 0.789651
v 3.416105 10.851416 0.820184
v 4.162128 8.557043 0.602621
v 3.992579 9.925615 0.732397
v 3.958675 6.705441 0.427015
v 4.162136 7.792249 0.530092
v 3.653528 10.529402 -1.218222
v 3.416168 10.851416 -1.248774
v 4.162178 8.557043 -1.031172
v 3.992628 9.925615 -1.160952
v 3.958712 6.705441 -0.855578
v 4.162178 7.792249 -0.958636
v 3.653593 10.066719 -3.182230
v 3.416225 10.374666 -3.272517
v 4.162222 8.180573 -2.629260
v 3.992685 9.489330 -3.012946
v 3.958748 6.409898 -2.110147
v 4.162222 7.449207 -2.414839
v 3.653643 9.161604 -5.016516
v 3.416281 9.442011 -5.162587
v 4.162262 7.444080 -4.121789
v 3.992735 8.635836 -4.742617
v 3.958782 5.831718 -3.281858
v 4.162256 6.778103 -3.774862
v 3.653694 7.853586 -6.640924
v 3.416325 8.094210 -6.836421
v 4.162306 6.379766 -5.443555
v 3.992777 7.402418 -6.274375
v 3.958813 4.996177 -4.319499
v 4.162292 5.808283 -4.979272
v 3.653730 6.199840 -7.984455
v 3.416368 6.390159 -8.220819
v 4.162336 5.034130 -6.536776
v 3.992813 5.842985 -7.541281
v 3.958841 3.939794 -5.177724
v 4.162323 4.582120 -5.975428
v 3.653757 4.272638 -8.988394
v 3.416395 4.404340 -9.255287
v 4.162363 3.465994 -7.353662
v 3.992844 4.025712 -8.487965
v 3.958855 2.708729 -5.819026
v 4.162342 3.153211 -6.719793
v 3.653778 2.156225 -9.608862
v 3.416418 2.223548 -9.894627
v 4.162376 1.743892 -7.858532
v 3.992857 2.029998 -9.073042
v 3.958870 1.356801 -6.215373
v 4.162357 1.584004 -7.179837
v 3.348604 2.307693 -10.251844
v 3.348612 -0.056917 -10.476088
v 3.348591 4.568958 -9.588911
v 3.348555 6.628055 -8.516264
v 3.348511 8.394987 -7.080777
v 3.348461 9.792528 -5.345195
v 3.348406 10.759598 -3.385371
v 3.348349 11.253939 -1.286952
v 3.348286 11.253939 0.858358
v 3.348221 10.759598 2.956773
v 3.348171 9.792528 4.916602
v 3.348114 8.394987 6.652182
v 3.348076 6.628057 8.087671
v 3.348042 4.568960 9.160327
v 3.348026 2.307695 9.823259
v 3.348022 -0.056916 10.047503
v 3.348026 -2.421526 9.823259
v 3.348042 -4.682799 9.160327
v 3.348076 -6.741895 8.087675
v 3.348114 -8.508821 6.652182
v 3.348171 -9.906360 4.916605
v 3.348221 -10.873430 2.956778
v 3.348286 -11.367771 0.858358
v 3.348349 -11.367771 -1.286948
v 3.348406 -10.873430 -3.385371
v 3.348461 -9.906360 -5.345193
v 3.348511 -8.508821 -7.080774
v 3.348555 -6.741896 -8.516262
v 3.348591 -4.682801 -9.588911
v 3.348604 -2.421527 -10.251844
v -2.789093 -0.056917 -10.439726
v -1.568319 -0.056917 -10.585764
v -1.568329 -2.446776 -10.359125
v -2.789099 -2.413116 -10.216269
v -0.483208 -0.056917 -10.658777
v 1.144478 -0.056917 -10.658739
v 1.144470 -2.463607 -10.430502
v -0.483212 -2.463607 -10.430540
v 2.161774 -0.056917 -10.585674
v 2.161766 -2.446776 -10.359035
v -1.568350 -4.732187 -9.689112
v -2.789120 -4.666336 -9.555693
v 1.144447 -4.765109 -9.755770
v -0.483234 -4.765109 -9.755810
v 2.161743 -4.732187 -9.689018
v -1.568384 -6.813260 -8.605015
v -2.789148 -6.718104 -8.486860
v 1.144421 -6.860845 -8.664030
v -0.483261 -6.860845 -8.664068
v 2.161716 -6.813260 -8.604923
v -1.568420 -8.599052 -7.154195
v -2.789190 -8.478742 -7.056480
v 1.144377 -8.659213 -7.203009
v -0.483305 -8.659213 -7.203044
v 2.161673 -8.599052 -7.154109
v -1.568470 -10.011514 -5.400087
v -2.789242 -9.871306 -5.327085
v 1.144327 -10.081621 -5.436541
v -0.483356 -10.081621 -5.436579
v 2.161625 -10.011514 -5.400000
v -1.568529 -10.988913 -3.419337
v -2.789297 -10.834939 -3.374224
v 1.144270 -11.065895 -3.441840
v -0.483410 -11.065895 -3.441882
v 2.161568 -10.988905 -3.419245
v -1.568592 -11.488527 -1.298510
v -2.789354 -11.327519 -1.283267
v 1.144205 -11.569027 -1.306086
v -0.483477 -11.569027 -1.306124
v 2.161503 -11.488527 -1.298422
v -1.568657 -11.488527 0.869691
v -2.789419 -11.327519 0.854394
v 1.144142 -11.569027 0.877389
v -0.483541 -11.569027 0.877351
v 2.161440 -11.488527 0.869779
v -1.568714 -10.988913 2.990510
v -2.789476 -10.834939 2.945348
v 1.144077 -11.065895 3.013151
v -0.483604 -11.065895 3.013109
v 2.161379 -10.988905 2.990602
v -1.568779 -10.011514 4.971262
v -2.789534 -9.871306 4.898202
v 1.144020 -10.081621 5.007844
v -0.483662 -10.081621 5.007811
v 2.161325 -10.011514 4.971354
v -1.568829 -8.599052 6.725379
v -2.789583 -8.478740 6.627612
v 1.143972 -8.659211 6.774310
v -0.483713 -8.659211 6.774271
v 2.161268 -8.599052 6.725465
v -1.568869 -6.813259 8.176188
v -2.789627 -6.718103 8.057985
v 1.143929 -6.860844 8.235342
v -0.483753 -6.860844 8.235303
v 2.161224 -6.813259 8.176282
v -1.568899 -4.732185 9.260293
v -2.789654 -4.666334 9.126822
v 1.143898 -4.765107 9.327078
v -0.483780 -4.765107 9.327040
v 2.161194 -4.732185 9.260386
v -1.568920 -2.446775 9.930307
v -2.789679 -2.413115 9.787397
v 1.143877 -2.463606 10.001802
v -0.483805 -2.463606 10.001768
v 2.161180 -2.446775 9.930391
v -1.568930 -0.056916 10.156942
v -2.789684 -0.056916 10.010839
v 1.143871 -0.056916 10.230047
v -0.483810 -0.056916 10.230013
v 2.161175 -0.056916 10.157030
v -1.568920 2.332945 9.930307
v -2.789679 2.299282 9.787397
v 1.143877 2.349775 10.001802
v -0.483805 2.349775 10.001768
v 2.161180 2.332945 9.930391
v -1.568899 4.618352 9.260293
v -2.789654 4.552502 9.126822
v 1.143898 4.651275 9.327078
v -0.483780 4.651275 9.327040
v 2.161194 4.618352 9.260386
v -1.568869 6.699426 8.176188
v -2.789627 6.604270 8.057985
v 1.143929 6.747005 8.235342
v -0.483753 6.747005 8.235300
v 2.161224 6.699426 8.176279
v -1.568829 8.485220 6.725379
v -2.789583 8.364908 6.627612
v 1.143972 8.545382 6.774310
v -0.483713 8.545382 6.774271
v 2.161268 8.485220 6.725465
v -1.568779 9.897680 4.971262
v -2.789534 9.757471 4.898202
v 1.144020 9.967783 5.007842
v -0.483662 9.967783 5.007806
v 2.161325 9.897680 4.971350
v -1.568714 10.875080 2.990510
v -2.789476 10.721106 2.945348
v 1.144077 10.952065 3.013147
v -0.483604 10.952065 3.013109
v 2.161379 10.875071 2.990598
v -1.568657 11.374697 0.869688
v -2.789419 11.213682 0.854391
v 1.144142 11.455194 0.877386
v -0.483541 11.455194 0.877347
v 2.161440 11.374697 0.869779
v -1.568592 11.374697 -1.298510
v -2.789354 11.213682 -1.283267
v 1.144205 11.455194 -1.306086
v -0.483477 11.455194 -1.306124
v 2.161503 11.374697 -1.298422
v -1.568529 10.875080 -3.419341
v -2.789297 10.721106 -3.374224
v 1.144270 10.952065 -3.441840
v -0.483410 10.952065 -3.441882
v 2.161568 10.875071 -3.419245
v -1.568470 9.897680 -5.400090
v -2.789242 9.757471 -5.327087
v 1.144327 9.967783 -5.436543
v -0.483356 9.967783 -5.436583
v 2.161625 9.897680 -5.400000
v -1.568420 8.485220 -7.154198
v -2.789190 8.364908 -7.056482
v 1.144377 8.545378 -7.203009
v -0.483305 8.545378 -7.203046
v 2.161673 8.485220 -7.154109
v -1.568384 6.699425 -8.605017
v -2.789148 6.604269 -8.486860
v 1.144421 6.747003 -8.664030
v -0.483261 6.747003 -8.664070
v 2.161716 6.699425 -8.604925
v -1.568350 4.618351 -9.689112
v -2.789120 4.552501 -9.555693
v 1.144447 4.651273 -9.755770
v -0.483234 4.651273 -9.755810
v 2.161743 4.618351 -9.689018
v -1.568329 2.332943 -10.359125
v -2.789099 2.299281 -10.216269
v 1.144470 2.349774 -10.430502
v -0.483212 2.349774 -10.430540
v 2.161766 2.332943 -10.359035
v -3.738659 -0.056917 -7.189561
v -3.636896 -0.056917 -8.467726
v -3.636902 -1.958703 -8.287371
v -3.738668 -1.664184 -7.037138
v -3.297768 -0.056917 -9.453730
v -2.924738 -0.056917 -10.038008
v -2.924746 -2.320551 -9.823347
v -3.297775 -2.185913 -9.251822
v -3.636915 -3.777376 -7.754187
v -3.738682 -3.201199 -6.586533
v -2.924767 -4.485254 -9.188721
v -3.297789 -4.221855 -8.654943
v -3.636938 -5.433446 -6.891490
v -3.738703 -4.600801 -5.857440
v -2.924795 -6.456413 -8.161882
v -3.297815 -6.075776 -7.689177
v -3.636972 -6.854535 -5.736970
v -3.738726 -5.801806 -4.881715
v -2.924839 -8.147891 -6.787701
v -3.297853 -7.666643 -6.396725
v -3.637016 -7.978530 -4.341090
v -3.738760 -6.751735 -3.702013
v -2.924881 -9.485744 -5.126228
v -3.297903 -8.924921 -4.834082
v -3.637060 -8.756321 -2.764861
v -3.738804 -7.409065 -2.369891
v -2.924938 -10.411516 -3.250098
v -3.297953 -9.795629 -3.069541
v -3.637108 -9.153903 -1.077162
v -3.738838 -7.745081 -0.943556
v -2.924994 -10.884742 -1.241286
v -3.298012 -10.240711 -1.180220
v -3.637157 -9.153903 0.648237
v -3.738880 -7.745081 0.514635
v -2.925058 -10.884742 0.812402
v -3.298061 -10.240711 0.751317
v -3.637209 -8.756321 2.335939
v -3.738924 -7.409065 1.940958
v -2.925116 -10.411516 2.821208
v -3.298119 -9.795629 2.640642
v -3.637253 -7.978529 3.912169
v -3.738968 -6.751734 3.273088
v -2.925167 -9.485744 4.697343
v -3.298166 -8.924921 4.405183
v -3.637295 -6.854534 5.308046
v -3.738995 -5.801805 4.452787
v -2.925217 -8.147890 6.358805
v -3.298216 -7.666642 5.967833
v -3.637333 -5.433445 6.462564
v -3.739025 -4.600800 5.428511
v -2.925257 -6.456412 7.732988
v -3.298252 -6.075775 7.260274
v -3.637352 -3.777375 7.325270
v -3.739046 -3.201198 6.157609
v -2.925287 -4.485253 8.759836
v -3.298281 -4.221854 8.226049
v -3.637367 -1.958702 7.858438
v -3.739059 -1.664183 6.608213
v -2.925303 -2.320549 9.394457
v -3.298294 -2.185911 8.822927
v -3.637373 -0.056916 8.038801
v -3.739067 -0.056916 6.760637
v -2.925308 -0.056916 9.609125
v -3.298302 -0.056916 9.024820
v -3.637367 1.844869 7.858438
v -3.739059 1.550344 6.608213
v -2.925303 2.206718 9.394457
v -3.298294 2.072080 8.822927
v -3.637352 3.663542 7.325270
v -3.739046 3.087367 6.157609
v -2.925287 4.371419 8.759836
v -3.298281 4.108022 8.226049
v -3.637333 5.319606 6.462564
v -3.739025 4.486967 5.428511
v -2.925257 6.342582 7.732988
v -3.298252 5.961936 7.260274
v -3.637295 6.740703 5.308046
v -3.738995 5.687971 4.452787
v -2.925217 8.034052 6.358805
v -3.298216 7.552808 5.967828
v -3.637253 7.864706 3.912169
v -3.738968 6.637903 3.273084
v -2.925167 9.371912 4.697343
v -3.298166 8.811090 4.405183
v -3.637209 8.642488 2.335939
v -3.738924 7.295240 1.940958
v -2.925116 10.297682 2.821208
v -3.298119 9.681797 2.640642
v -3.637157 9.040064 0.648237
v -3.738880 7.631242 0.514635
v -2.925058 10.770908 0.812402
v -3.298061 10.126879 0.751317
v -3.637108 9.040064 -1.077162
v -3.738838 7.631242 -0.943560
v -2.924994 10.770908 -1.241286
v -3.298012 10.126879 -1.180220
v -3.637060 8.642488 -2.764861
v -3.738804 7.295240 -2.369891
v -2.924938 10.297682 -3.250098
v -3.297953 9.681797 -3.069541
v -3.637016 7.864706 -4.341092
v -3.738760 6.637902 -3.702016
v -2.924881 9.371912 -5.126231
v -3.297903 8.811090 -4.834082
v -3.636972 6.740702 -5.736972
v -3.738726 5.687971 -4.881718
v -2.924839 8.034052 -6.787703
v -3.297853 7.552808 -6.396725
v -3.636938 5.319606 -6.891490
v -3.738703 4.486965 -5.857442
v -2.924795 6.342582 -8.161882
v -3.297815 5.961935 -7.689178
v -3.636915 3.663541 -7.754189
v -3.738682 3.087366 -6.586533
v -2.924767 4.371418 -9.188721
v -3.297789 4.108022 -8.654943
v -3.636902 1.844868 -8.287371
v -3.738668 1.550342 -7.037138
v -2.924746 2.206716 -9.823347
v -3.297775 2.072078 -9.251822
vn 0.6218 -0.6591 0.4231
vn 0.5003 0.0999 0.8601
vn 0.4874 -0.2900 0.8236
vn 0.6059 -0.4353 0.6659
vn 0.5094 0.4143 0.7542
vn 0.8634 -0.1711 0.4746
vn 0.5948 -0.1503 0.7897
vn 0.5251 0.6754 0.5177
vn 0.8605 0.0178 0.5091
vn 0.4968 0.0657 0.8654
vn 0.5373 0.8256 0.1724
vn 0.9421 0.2118 0.2600
vn 0.8224 0.5021 0.2675
vn 0.5364 0.8163 -0.2144
vn 0.5615 0.8273 -0.0183
vn 0.5202 0.6537 0.5497
vn 0.5233 0.6508 -0.5501
vn 0.5864 0.8033 -0.1038
vn 0.6320 0.7699 0.0885
vn 0.8188 0.5052 -0.2726
vn 0.6001 0.7822 -0.1673
vn 0.6284 0.7315 -0.2647
vn 0.8074 0.3565 -0.4702
vn 0.5878 0.6398 -0.4951
vn 0.6140 0.5579 -0.5584
vn 0.5036 -0.2608 -0.8237
vn 0.4837 0.1282 -0.8658
vn 0.6141 -0.5595 -0.5566
vn 0.8236 -0.5566 -0.1091
vn 0.6375 -0.7310 -0.2432
vn 0.6320 -0.7696 0.0909
vn 0.5026 -0.2255 0.8346
vn 0.5350 -0.5907 0.6040
vn 0.5290 -0.7692 -0.3585
vn 0.5465 -0.6601 -0.5153
vn 0.8020 -0.2587 -0.5384
vn 0.8112 0.3556 -0.4643
vn 0.6200 0.6368 -0.4583
vn 0.5372 0.8256 -0.1723
vn 0.5049 0.3837 -0.7732
vn 0.5755 0.6851 -0.4466
vn 0.5363 0.8163 0.2145
vn 0.8861 0.4368 -0.1550
vn 0.6113 0.7814 0.1254
vn 0.5233 0.6508 0.5501
vn 0.5332 0.8188 -0.2126
vn 0.6082 0.7378 0.2930
vn 0.5080 0.3811 0.7725
vn 0.5339 0.8272 0.1751
vn 0.5680 0.5873 0.5766
vn 0.5000 0.0636 0.8637
vn 0.5218 0.6757 0.5207
vn 0.5531 0.3164 0.7707
vn 0.5036 -0.2607 0.8237
vn 0.5992 0.2974 0.7433
vn 0.5408 -0.1984 0.8174
vn 0.5170 -0.5549 0.6518
vn 0.8683 -0.0952 0.4867
vn 0.5178 -0.6869 0.5099
vn 0.5323 -0.7682 0.3556
vn 0.5992 -0.2994 0.7425
vn 0.8036 -0.2462 0.5418
vn 0.8152 -0.4637 0.3471
vn 0.5354 -0.8444 0.0194
vn 0.6025 -0.7801 -0.1686
vn 0.8133 -0.4401 -0.3806
vn -0.4012 -0.8228 -0.4025
vn -0.4210 -0.8569 -0.2974
vn -0.2203 -0.9177 -0.3305
vn -0.2183 -0.8758 -0.4305
vn -0.3852 -0.9196 -0.0776
vn -0.2525 -0.9634 -0.0902
vn -0.3687 -0.9283 -0.0473
vn -0.2553 -0.9666 -0.0208
vn -0.1806 -0.1524 0.9717
vn -0.3738 -0.0124 0.9274
vn -0.1555 -0.0000 0.9878
vn -0.1649 0.1277 0.9780
vn -0.1472 0.4143 0.8982
vn -0.3841 0.4951 0.7793
vn -0.1800 0.5563 0.8112
vn -0.1645 0.6716 0.7224
vn -0.3934 0.7099 -0.5842
vn -0.4081 0.6531 -0.6379
vn -0.2125 0.6917 -0.6902
vn -0.1677 0.8098 -0.5623
vn -0.3497 0.5918 -0.7263
vn -0.1863 0.5846 -0.7897
vn -0.0640 0.1859 -0.9805
vn -0.0632 -0.0021 -0.9980
vn -0.0632 -0.0000 -0.9980
vn -0.0635 0.1882 -0.9801
vn -0.0642 0.3724 -0.9259
vn -0.0657 0.3705 -0.9265
vn -0.0655 0.5750 -0.8155
vn -0.0667 0.7064 -0.7047
vn -0.0681 0.8404 -0.5377
vn -0.0699 0.9377 -0.3403
vn -0.0693 0.9386 -0.3379
vn -0.0699 0.9909 -0.1152
vn -0.1018 0.9904 -0.0938
vn -0.0904 0.9952 -0.0384
vn -0.0359 0.9994 0.0002
vn -0.0693 0.9386 0.3379
vn -0.0711 0.9150 0.3972
vn -0.0693 0.9619 0.2644
vn -0.0681 0.8403 0.5378
vn -0.0697 0.8412 0.5362
vn -0.0670 0.6811 0.7291
vn -0.0656 0.5187 0.8524
vn -0.0642 0.3724 0.9259
vn -0.0635 0.1882 0.9801
vn -0.0632 -0.0000 0.9980
vn -0.0635 -0.1882 0.9801
vn -0.0654 -0.3699 0.9268
vn -0.0644 -0.4020 0.9134
vn -0.0900 -0.4561 0.8854
vn -0.0654 -0.5471 0.8345
vn -0.0657 -0.6292 0.7745
vn -0.0684 -0.8596 0.5064
vn -0.1076 -0.8750 0.4719
vn -0.0671 -0.7771 0.6258
vn -0.0689 -0.9139 0.4001
vn -0.0693 -0.9386 0.3379
vn -0.0691 -0.9619 0.2644
vn -0.0699 -0.9909 -0.1152
vn -0.0359 -0.9994 0.0001
vn -0.0693 -0.9386 -0.3380
vn -0.0684 -0.8947 -0.4415
vn -0.0667 -0.7065 -0.7046
vn -0.0688 -0.7067 -0.7041
vn -0.0671 -0.7771 -0.6258
vn -0.0657 -0.6546 -0.7531
vn -0.0642 -0.3721 -0.9260
vn -0.0657 -0.3734 -0.9253
vn -0.0723 -0.4320 -0.8990
vn -0.0332 -0.4619 -0.8863
vn -0.0640 -0.1900 -0.9797
vn -0.0635 -0.1882 -0.9801
vn 0.7862 0.1357 0.6029
vn 0.4501 -0.0000 0.8930
vn 1.0000 -0.0000 -0.0000
vn 0.6993 0.2880 0.6542
vn 0.7727 0.4508 0.4469
vn 0.8316 0.3931 0.3923
vn 0.7182 0.5720 0.3963
vn 0.7244 0.6393 0.2580
vn 0.7287 0.6802 0.0793
vn 0.7282 0.6772 -0.1055
vn 0.9159 0.3312 -0.2269
vn 0.9073 0.4133 -0.0771
vn 0.7108 0.4802 -0.5140
vn 0.7462 0.4537 -0.4872
vn 0.7721 0.1525 -0.6169
vn 0.5926 0.1517 -0.7911
vn 0.8173 -0.0000 -0.5762
vn 0.6938 -0.1131 -0.7112
vn 0.6976 -0.2453 -0.6732
vn 0.7935 -0.3164 -0.5199
vn 0.7108 -0.4802 -0.5140
vn 0.7182 -0.5720 -0.3962
vn 0.5831 -0.7534 -0.3040
vn 0.7282 -0.6772 -0.1055
vn 0.7592 -0.6488 0.0513
vn 0.7244 -0.6393 0.2580
vn 0.5762 -0.6719 0.4654
vn 0.8316 -0.3931 0.3923
vn 0.6038 -0.4370 0.6667
vn 0.6975 -0.2453 0.6733
vn 0.8831 -0.0883 0.4607
vn 0.1228 0.1559 0.9801
vn 0.1943 0.1807 0.9642
vn 0.1946 0.0811 0.9775
vn 0.0981 0.0308 0.9947
vn 0.0505 0.3389 0.9395
vn 0.1632 0.9800 0.1141
vn 0.1705 0.9732 0.1545
vn 0.2020 0.9523 0.2288
vn 0.1067 0.9475 0.3014
vn 0.1910 0.9792 -0.0683
vn 0.0811 0.9934 -0.0812
vn 0.1224 -0.0000 -0.9925
vn 0.1263 0.0657 -0.9898
vn 0.1203 0.1208 -0.9854
vn 0.1167 0.1706 -0.9784
vn 0.1632 -0.1671 -0.9723
vn 0.1100 -0.1849 -0.9766
vn 0.0528 -0.7337 -0.6774
vn 0.1323 -0.8540 -0.5032
vn 0.1851 -0.8289 -0.5279
vn 0.2067 -0.8836 -0.4202
vn 0.1200 -0.9331 -0.3390
vn 0.0764 -0.9706 0.2284
vn 0.1345 -0.9324 0.3354
vn 0.2015 -0.9089 0.3650
vn 0.2062 -0.8712 0.4456
vn 0.1049 -0.8566 0.5052
vn 0.0314 -0.1813 0.9829
vn 0.0400 -0.3864 0.9215
vn 0.0476 -0.5476 0.8354
vn 0.0330 -0.7019 0.7115
vn 0.0337 -0.9871 -0.1564
vn 0.0260 -0.5667 -0.8235
vn 0.0255 -0.3927 -0.9193
vn 0.0258 0.2943 -0.9554
vn 0.0481 0.6294 -0.7756
vn 0.0332 0.6876 -0.7253
vn 0.0192 0.9696 -0.2438
vn 0.0495 0.8414 0.5381
vn 0.0372 0.7374 0.6744
vn 0.0179 0.4733 0.8807
vn 0.9534 -0.0012 -0.3018
vn 0.6162 0.7435 -0.2599
vn 0.4212 0.1225 -0.8987
vn 0.4223 0.2050 -0.8830
vn 0.7117 0.1323 -0.6899
vn 0.8264 0.0853 -0.5566
vn 0.4239 0.2145 -0.8800
vn 0.8534 0.0615 -0.5176
vn 0.4207 0.4420 0.7922
vn 0.4305 0.4637 0.7744
vn 0.7218 0.3795 0.5788
vn 0.8497 0.3121 0.4249
vn 0.4247 0.3007 0.8539
vn 0.8516 0.1954 0.4865
vn 0.5858 0.1881 0.7883
vn 0.7699 0.1411 0.6223
vn 0.9428 0.0790 0.3239
vn 0.4158 -0.6648 0.6206
vn 0.5364 -0.4632 0.7055
vn 0.7219 -0.3794 0.5788
vn 0.8473 -0.2675 0.4589
vn 0.5668 -0.5135 0.6442
vn 0.8229 -0.3415 0.4540
vn 0.9976 0.0377 -0.0577
vn 0.9977 -0.0256 -0.0635
vn 0.9975 -0.0133 0.0697
vn 0.9974 0.0106 -0.0719
vn 0.9997 0.0166 0.0205
vn 0.9903 0.1223 -0.0667
vn 0.9939 -0.0076 0.1097
vn 0.8115 0.3607 -0.4598
vn 0.9523 0.2161 -0.2155
vn 0.9781 -0.0960 0.1845
vn 0.7726 0.5814 -0.2551
vn 0.4393 -0.7611 0.4772
vn 0.4245 -0.5028 0.7530
vn 0.9885 -0.1505 0.0129
vn 0.6195 0.7788 0.0983
vn 0.3216 -0.4571 0.8293
vn 0.6092 0.6641 0.4335
vn 0.3336 -0.7491 0.5723
vn 0.5564 0.4670 -0.6873
vn 0.5820 0.1469 -0.7998
vn 0.3053 -0.1102 -0.9459
vn 0.3954 0.7395 0.5448
vn 0.5930 0.4358 0.6771
vn 0.4306 0.8680 -0.2473
vn 0.5932 0.4358 -0.6769
vn 0.3070 0.2478 -0.9189
vn 0.4268 0.5032 0.7514
vn 0.5820 0.1469 0.7998
vn 0.5822 0.8092 -0.0787
vn 0.6092 0.6641 -0.4334
vn 0.3163 0.5809 -0.7500
vn 0.4211 0.7306 0.5375
vn 0.6194 0.7789 -0.0982
vn 0.3283 0.8363 -0.4392
vn 0.3052 -0.4141 -0.8575
vn 0.4976 0.6239 0.6026
vn 0.6162 0.7435 0.2600
vn 0.5277 0.3807 0.7593
vn 0.6018 0.5701 0.5593
vn 0.2725 0.0778 -0.9590
vn 0.4144 0.1069 -0.9038
vn 0.4173 -0.2001 0.8865
vn 0.5868 0.3079 0.7489
vn 0.2627 0.0293 0.9644
vn 0.4339 0.0934 0.8961
vn 0.4016 -0.8386 -0.3681
vn 0.6012 -0.5608 -0.5693
vn 0.4963 -0.6044 0.6232
vn 0.5864 -0.2959 0.7540
vn 0.5108 -0.8036 0.3055
vn 0.6011 -0.5608 0.5694
vn 0.2698 -0.9245 0.2691
vn 0.4633 -0.7904 0.4009
vn 0.2108 0.3743 -0.9030
vn 0.4421 0.4222 -0.7914
vn 0.2709 -0.9472 -0.1717
vn 0.4704 -0.8824 0.0102
vn 0.4397 0.3995 -0.8044
vn 0.6018 0.5702 -0.5592
vn 0.5634 0.8250 0.0439
vn 0.6305 0.6749 0.3834
vn 0.4325 0.2676 0.8610
vn 0.6145 0.4640 0.6380
vn 0.3853 0.7219 0.5748
vn 0.8000 0.5995 -0.0248
vn 0.8604 -0.0279 0.5088
vn 0.5389 0.5000 0.6780
vn 0.4526 0.0034 0.8917
vn 0.6024 0.1859 0.7762
vn 0.8648 -0.2133 0.4546
vn 0.7836 0.4092 0.4674
vn 0.7725 0.1995 0.6028
vn 0.5250 -0.8007 0.2886
vn 0.5469 -0.6256 0.5563
vn 0.6074 -0.3302 0.7225
vn 0.8813 -0.4646 -0.0859
vn 0.6383 -0.7586 0.1311
vn 0.3914 -0.8228 0.4120
vn 0.7878 -0.4646 0.4044
vn 0.7981 -0.5804 0.1620
vn 0.6002 -0.0361 -0.7990
vn 0.3672 -0.2661 -0.8913
vn 0.1673 -0.2106 -0.9632
vn 0.5264 0.2030 -0.8256
vn 0.4396 -0.0228 -0.8979
vn 0.5287 0.2745 -0.8032
vn 0.3870 0.1175 -0.9146
vn 0.6188 0.5276 -0.5820
vn 0.8648 -0.2133 -0.4546
vn 0.2239 0.5649 -0.7942
vn 0.5548 0.7264 -0.4056
vn 0.4579 0.6113 -0.6454
vn 0.6392 0.7676 0.0466
vn 0.3961 0.8925 -0.2157
vn 0.7814 0.3755 -0.4984
vn 0.5062 0.4134 -0.7569
vn 0.5170 -0.5549 -0.6518
vn 0.9375 -0.0333 -0.3465
vn 0.8684 -0.0953 -0.4867
vn 0.5324 -0.7682 -0.3556
vn 0.9274 -0.1489 -0.3432
vn 0.5993 -0.2994 -0.7424
vn 0.5387 -0.8422 0.0217
vn 0.9044 -0.2473 -0.3478
vn 0.6286 -0.7322 -0.2623
vn 0.5152 -0.5251 0.6774
vn 0.9146 -0.4033 -0.0295
vn 0.5137 -0.5545 -0.6547
vn 0.9104 -0.0386 -0.4118
vn 0.5316 0.3946 -0.7495
vn 0.5228 -0.2431 -0.8170
vn 0.9116 0.1161 -0.3942
vn 0.5473 0.6544 -0.5218
vn 0.8262 -0.5439 0.1467
vn 0.9625 -0.2172 -0.1623
vn 0.5309 -0.7504 -0.3937
vn 0.8270 -0.5511 -0.1113
vn 0.9595 -0.1384 -0.2455
vn 0.5152 -0.5251 -0.6774
vn 0.7812 0.1371 -0.6090
vn 0.7796 0.0198 -0.6260
vn 0.7851 0.2495 -0.5669
vn 0.7906 0.3529 -0.5005
vn 0.7968 0.4425 -0.4114
vn 0.8649 0.4228 -0.2705
vn 0.7607 0.6107 -0.2199
vn 0.8706 0.4887 -0.0569
vn 0.7637 0.6412 0.0747
vn 0.8059 0.5490 0.2216
vn 0.8649 0.4228 0.2705
vn 0.7483 0.4695 0.4686
vn 0.7886 0.3196 0.5254
vn 0.8515 0.1955 0.4866
vn 0.7812 0.1371 0.6090
vn 0.7796 0.0198 0.6260
vn 0.7315 -0.1284 0.6696
vn 0.8515 -0.1955 0.4866
vn 0.7886 -0.3196 0.5254
vn 0.7483 -0.4696 0.4685
vn 0.8649 -0.4228 0.2705
vn 0.8059 -0.5490 0.2216
vn 0.7637 -0.6412 0.0748
vn 0.8706 -0.4887 -0.0569
vn 0.7607 -0.6107 -0.2200
vn 0.8649 -0.4228 -0.2705
vn 0.7968 -0.4425 -0.4114
vn 0.7906 -0.3529 -0.5005
vn 0.7355 -0.2526 -0.6287
vn 0.7804 -0.0982 -0.6175
vn 0.7812 -0.1371 -0.6090
vn 0.8899 -0.0144 -0.4559
vn 0.9076 -0.1565 -0.3895
vn 0.8547 -0.2699 -0.4435
vn 0.8989 -0.2991 -0.3201
vn 0.7552 -0.5522 -0.3533
vn 0.9459 -0.3053 -0.1099
vn 0.8279 -0.5571 -0.0649
vn 0.8706 -0.4887 0.0570
vn 0.9062 -0.4029 0.1280
vn 0.8209 -0.4810 0.3078
vn 0.8603 -0.3608 0.3601
vn 0.8562 -0.2977 0.4223
vn 0.8046 -0.2214 0.5511
vn 0.9058 -0.0798 0.4162
vn 0.8899 -0.0144 0.4559
vn 0.7804 0.0982 0.6175
vn 0.8045 0.2214 0.5511
vn 0.8965 0.2553 0.3621
vn 0.8603 0.3608 0.3601
vn 0.8209 0.4810 0.3078
vn 0.9062 0.4029 0.1280
vn 0.9205 0.3880 0.0452
vn 0.7638 0.6412 -0.0747
vn 0.9459 0.3053 -0.1099
vn 0.7552 0.5522 -0.3533
vn 0.8594 0.3491 -0.3736
vn 0.8953 0.2315 -0.3805
vn 0.8508 0.1799 -0.4937
vn 0.7804 0.0982 -0.6175
vn 0.8741 -0.0000 0.4858
vn 0.8749 -0.0912 0.4756
vn 0.9232 -0.1433 0.3566
vn 0.7870 -0.3383 0.5160
vn 0.9283 -0.2632 0.2627
vn 0.9194 -0.3234 0.2240
vn 0.8411 -0.5016 0.2024
vn 0.9234 -0.3793 0.0591
vn 0.8591 -0.5083 -0.0592
vn 0.8411 -0.5016 -0.2024
vn 0.9309 -0.3076 -0.1968
vn 0.9173 -0.2915 -0.2711
vn 0.7870 -0.3383 -0.5159
vn 0.9232 -0.1433 -0.3566
vn 0.8749 -0.0912 -0.4756
vn 0.8741 -0.0000 -0.4857
vn 0.8359 0.1034 -0.5391
vn 0.9232 0.1433 -0.3566
vn 0.8431 0.2948 -0.4497
vn 0.9173 0.2915 -0.2711
vn 0.9309 0.3076 -0.1968
vn 0.8411 0.5016 -0.2024
vn 0.8937 0.4457 -0.0519
vn 0.9342 0.3544 0.0413
vn 0.8422 0.5139 0.1633
vn 0.8888 0.3860 0.2470
vn 0.8849 0.3297 0.3291
vn 0.8431 0.2948 0.4498
vn 0.9232 0.1433 0.3566
vn 0.8749 0.0912 0.4756
vn 0.1924 0.2048 0.9597
vn 0.2568 -0.0000 0.9665
vn 0.3075 0.3685 0.8773
vn 0.1981 0.5553 0.8077
vn 0.3806 0.6546 0.6532
vn 0.2054 0.8116 0.5470
vn 0.2788 0.8906 0.3594
vn 0.3317 0.9349 0.1266
vn 0.2112 0.9734 -0.0886
vn 0.2800 0.9149 -0.2906
vn 0.3245 0.8056 -0.4956
vn 0.2211 0.6811 -0.6980
vn 0.2648 0.5287 -0.8065
vn 0.3075 0.3685 -0.8773
vn 0.1487 0.1863 -0.9712
vn 0.3633 -0.0000 -0.9317
vn 0.1487 -0.1862 -0.9712
vn 0.3075 -0.3685 -0.8773
vn 0.2648 -0.5287 -0.8065
vn 0.2211 -0.6811 -0.6980
vn 0.3245 -0.8056 -0.4956
vn 0.2800 -0.9149 -0.2907
vn 0.2112 -0.9734 -0.0886
vn 0.2820 -0.9525 0.1149
vn 0.2795 -0.9021 0.3289
vn 0.2752 -0.8078 0.5213
vn 0.3805 -0.6546 0.6532
vn 0.1981 -0.5553 0.8077
vn 0.3075 -0.3685 0.8773
vn 0.1924 -0.2048 0.9597
vn 0.5186 -0.1449 0.8426
vn 0.4425 -0.0000 0.8968
vn 0.3383 -0.3293 0.8815
vn 0.5292 -0.4507 0.7189
vn 0.2756 -0.6782 0.6812
vn 0.4700 -0.7494 0.4664
vn 0.4761 -0.8311 0.2872
vn 0.5564 -0.8274 0.0769
vn 0.4788 -0.8674 -0.1352
vn 0.4748 -0.8162 -0.3293
vn 0.4682 -0.7264 -0.5032
vn 0.4621 -0.6278 -0.6264
vn 0.4545 -0.4884 -0.7450
vn 0.4471 -0.3063 -0.8404
vn 0.4440 -0.1688 -0.8800
vn 0.3654 -0.0079 -0.9308
vn 0.5478 0.1464 -0.8237
vn 0.5228 0.3022 -0.7971
vn 0.3763 0.5150 -0.7702
vn 0.5678 0.5913 -0.5726
vn 0.3563 0.7729 -0.5251
vn 0.4748 0.8162 -0.3293
vn 0.4788 0.8674 -0.1352
vn 0.5564 0.8274 0.0769
vn 0.4761 0.8311 0.2872
vn 0.3579 0.8002 0.4813
vn 0.3831 0.6600 0.6462
vn 0.5292 0.4507 0.7189
vn 0.3383 0.3293 0.8815
vn 0.5186 0.1449 0.8426
vn 0.8512 0.0989 0.5154
vn 0.8503 -0.0000 0.5264
vn 0.8539 0.1940 0.4829
vn 0.8579 0.2817 0.4297
vn 0.8617 0.3464 0.3708
vn 0.8672 0.4195 0.2684
vn 0.8711 0.4680 0.1487
vn 0.8728 0.4848 0.0564
vn 0.8728 0.4866 -0.0376
vn 0.8711 0.4680 -0.1486
vn 0.8672 0.4195 -0.2684
vn 0.8617 0.3464 -0.3708
vn 0.8570 0.2679 -0.4401
vn 0.8539 0.1939 -0.4830
vn 0.8514 0.1152 -0.5117
vn 0.8502 0.0166 -0.5263
vn 0.8512 -0.0988 -0.5154
vn 0.8544 -0.2094 -0.4756
vn 0.8579 -0.2817 -0.4296
vn 0.8626 -0.3581 -0.3573
vn 0.8677 -0.4282 -0.2523
vn 0.8711 -0.4680 -0.1486
vn 0.8728 -0.4866 -0.0376
vn 0.8728 -0.4848 0.0565
vn 0.8711 -0.4680 0.1487
vn 0.8677 -0.4282 0.2523
vn 0.8626 -0.3581 0.3573
vn 0.8579 -0.2817 0.4297
vn 0.8539 -0.1940 0.4829
vn 0.8512 -0.0988 0.5154
vn -0.1570 -0.0000 -0.9876
vn -0.0031 -0.1692 -0.9856
vn -0.3386 -0.1751 -0.9245
vn -0.3379 0.0021 -0.9412
vn -0.1038 -0.3575 -0.9281
vn -0.3410 -0.3490 -0.8729
vn -0.0630 -0.5467 -0.8350
vn -0.2816 -0.5727 -0.7699
vn -0.0032 -0.6925 -0.7214
vn -0.2389 -0.6862 -0.6871
vn 0.0441 -0.8499 -0.5251
vn -0.2170 -0.7594 -0.6134
vn -0.0089 -0.9873 0.1586
vn -0.0034 -0.9485 0.3169
vn -0.2934 -0.9097 0.2939
vn -0.1896 -0.9511 0.2437
vn -0.1104 -0.8457 0.5221
vn -0.2487 -0.8026 0.5421
vn -0.0033 -0.7229 0.6910
vn -0.2607 -0.6834 0.6819
vn -0.1059 -0.5575 0.8234
vn -0.2797 -0.5918 0.7560
vn -0.0620 -0.3727 0.9259
vn -0.3416 -0.3524 0.8713
vn 0.0354 -0.1882 0.9815
vn -0.2969 -0.2439 0.9232
vn -0.0342 0.0395 0.9986
vn -0.0031 0.2074 0.9783
vn -0.3048 0.2564 0.9172
vn -0.0620 0.3729 0.9258
vn -0.3236 0.2867 0.9017
vn -0.0355 0.5829 0.8118
vn -0.0033 0.7229 0.6910
vn -0.3347 0.7116 0.6177
vn -0.1104 0.8457 0.5221
vn -0.3593 0.7851 0.5045
vn -0.0034 0.9485 0.3169
vn -0.2911 0.9091 0.2980
vn -0.1132 0.9887 0.0982
vn -0.2708 0.9433 0.1922
vn -0.0674 0.9858 -0.1537
vn -0.3396 0.9315 -0.1305
vn -0.0034 0.9328 -0.3605
vn -0.3658 0.8765 -0.3130
vn 0.0653 0.8361 -0.5446
vn -0.3613 0.8372 -0.4106
vn -0.3197 0.4172 -0.8507
vn 0.0365 0.5196 -0.8536
vn -0.1594 0.3680 -0.9161
vn -0.3411 0.3519 -0.8717
vn 0.0355 0.1882 -0.9815
vn -0.3386 0.1793 -0.9237
vn 0.2190 -0.0000 -0.9757
vn 0.2198 0.1836 -0.9581
vn 0.2222 0.3631 -0.9048
vn 0.2265 0.5613 -0.7960
vn 0.2859 0.6713 -0.6838
vn 0.2311 0.7125 -0.6625
vn 0.2357 0.8373 -0.4933
vn 0.2392 0.9254 -0.2940
vn 0.2411 0.9676 -0.0749
vn 0.2407 0.9590 0.1495
vn 0.2382 0.9007 0.3634
vn -0.0389 0.9689 0.2442
vn 0.2342 0.7992 0.5536
vn 0.2295 0.6644 0.7113
vn 0.2251 0.5065 0.8324
vn 0.2215 0.3339 0.9162
vn 0.2193 0.1532 0.9635
vn 0.2188 -0.0308 0.9753
vn 0.2197 -0.1836 0.9581
vn 0.2215 -0.3339 0.9162
vn 0.2251 -0.5065 0.8324
vn 0.2295 -0.6644 0.7113
vn -0.0667 -0.7062 0.7049
vn 0.2342 -0.7992 0.5536
vn 0.2382 -0.9007 0.3634
vn 0.2407 -0.9590 0.1495
vn -0.0388 -0.9690 0.2442
vn 0.2572 -0.9560 -0.1413
vn 0.2410 -0.9676 -0.0749
vn 0.2961 -0.8950 -0.3336
vn 0.2397 -0.9253 -0.2940
vn 0.2358 -0.8373 -0.4933
vn 0.2312 -0.7125 -0.6625
vn 0.2266 -0.5613 -0.7960
vn -0.0368 -0.6409 -0.7668
vn 0.2228 -0.3928 -0.8922
vn 0.2203 -0.2142 -0.9516
vn 0.2310 0.3960 0.8887
vn 0.4766 0.3471 0.8077
vn 0.7259 0.1219 0.6769
vn 0.1834 0.5770 0.7959
vn 0.5997 0.4517 0.6605
vn 0.1755 0.6899 0.7023
vn 0.4911 0.6323 0.5992
vn 0.2132 0.8228 0.5268
vn 0.5680 0.6979 0.4362
vn 0.2141 0.8762 0.4317
vn 0.6949 0.6573 0.2916
vn 0.1927 0.9045 -0.3804
vn 0.5739 0.7674 -0.2859
vn 0.6749 0.7364 -0.0470
vn 0.2391 0.9486 -0.2073
vn 0.1323 0.8540 -0.5032
vn 0.5673 0.6889 -0.4512
vn 0.1668 0.6928 -0.7016
vn 0.5592 0.5808 -0.5916
vn 0.1532 0.5137 -0.8442
vn 0.6181 0.4410 -0.6508
vn 0.5448 0.3126 -0.7781
vn 0.1758 0.3941 -0.9021
vn 0.2037 0.2527 -0.9459
vn 0.7138 0.2207 -0.6647
vn 0.5917 -0.2864 -0.7535
vn 0.6356 -0.0883 -0.7669
vn 0.2105 -0.2466 -0.9460
vn 0.2219 -0.3430 -0.9127
vn 0.4815 -0.4623 -0.7446
vn 0.2255 -0.5150 -0.8270
vn 0.5580 -0.5665 -0.6064
vn 0.2381 -0.6596 -0.7130
vn 0.7742 -0.5440 -0.3236
vn 0.5284 -0.8443 -0.0887
vn 0.6900 -0.6875 -0.2263
vn 0.2291 -0.9388 -0.2572
vn 0.1869 -0.9761 -0.1110
vn 0.1716 -0.9848 0.0250
vn 0.6433 -0.7588 0.1019
vn 0.7739 -0.6046 0.1884
vn 0.5600 -0.5924 0.5792
vn 0.6824 -0.6050 0.4102
vn 0.2099 -0.7617 0.6130
vn 0.2245 -0.6953 0.6827
vn 0.5021 -0.4670 0.7279
vn 0.2051 -0.5366 0.8185
vn 0.2077 -0.3506 0.9132
vn 0.5448 -0.3126 0.7781
vn 0.5407 -0.1847 0.8207
vn 0.2139 -0.1910 0.9580
vn 0.6470 -0.0250 0.7620
vn 0.1974 -0.0919 0.9760
vn 0.8206 -0.0000 0.5715
vn 0.8212 -0.0896 0.5636
vn 0.8248 -0.2108 0.5247
vn 0.8301 -0.3213 0.4558
vn 0.8355 -0.4024 0.3742
vn 0.8406 -0.4667 0.2750
vn 0.8445 -0.5104 0.1622
vn 0.8464 -0.5309 0.0411
vn 0.0979 -0.9950 0.0183
vn 0.8460 -0.5268 -0.0821
vn 0.8434 -0.4983 -0.2010
vn 0.8400 -0.4571 -0.2925
vn 0.8355 -0.4024 -0.3742
vn 0.8294 -0.3063 -0.4672
vn 0.8248 -0.2108 -0.5247
vn 0.8217 -0.1073 -0.5597
vn 0.8206 -0.0000 -0.5715
vn 0.8612 -0.0758 -0.5026
vn 0.8217 0.1073 -0.5597
vn 0.8248 0.2108 -0.5247
vn 0.2335 0.3728 -0.8980
vn 0.3025 0.5371 -0.7874
vn 0.8283 0.2913 -0.4786
vn 0.8336 0.3770 -0.4036
vn 0.1528 0.7408 -0.6541
vn 0.8390 0.4473 -0.3098
vn 0.1215 0.9668 -0.2248
vn 0.8434 0.4983 -0.2010
vn 0.8460 0.5268 -0.0821
vn 0.8464 0.5309 0.0411
vn 0.8700 0.4928 0.0131
vn 0.8445 0.5104 0.1622
vn 0.8406 0.4667 0.2750
vn 0.8347 0.3898 0.3890
vn 0.2415 0.5495 0.7999
vn 0.8293 0.3063 0.4673
vn 0.8248 0.2108 0.5247
vn 0.8212 0.0896 0.5636
vn 0.5225 -0.1339 -0.8421
vn 0.5217 -0.0000 -0.8532
vn 0.2652 -0.0000 -0.9642
vn 0.3055 -0.1807 -0.9349
vn 0.9738 -0.0357 -0.2245
vn 0.9792 0.0020 -0.2029
vn 0.8782 -0.0000 -0.4783
vn 0.8792 -0.1046 -0.4649
vn 0.5739 -0.2912 -0.7654
vn 0.3088 -0.3559 -0.8820
vn 0.9744 -0.0771 -0.2114
vn 0.8945 -0.1729 -0.4123
vn 0.4200 -0.4975 -0.7590
vn 0.3369 -0.5008 -0.7973
vn 0.9790 -0.1077 -0.1733
vn 0.8755 -0.2691 -0.4015
vn 0.3197 -0.6707 -0.6693
vn 0.6069 -0.5534 -0.5705
vn 0.9725 -0.1660 -0.1635
vn 0.8762 -0.3498 -0.3316
vn 0.5965 -0.6669 -0.4465
vn 0.3264 -0.8144 -0.4798
vn 0.9121 -0.3453 -0.2209
vn 0.9821 -0.1600 -0.0999
vn 0.4872 -0.8132 -0.3183
vn 0.3059 -0.9031 -0.3013
vn 0.9744 -0.2121 -0.0747
vn 0.8747 -0.4561 -0.1642
vn 0.5114 -0.8523 -0.1094
vn 0.3582 -0.9247 -0.1287
vn 0.8973 -0.4390 -0.0464
vn 0.9784 -0.2061 -0.0159
vn 0.3155 -0.9442 0.0950
vn 0.6257 -0.7763 0.0764
vn 0.9055 -0.4204 0.0584
vn 0.9829 -0.1826 0.0235
vn 0.5081 -0.8136 0.2825
vn 0.3718 -0.8734 0.3145
vn 0.9729 -0.2199 0.0714
vn 0.8950 -0.4136 0.1669
vn 0.3014 -0.8147 0.4954
vn 0.5965 -0.6669 0.4465
vn 0.9773 -0.1786 0.1143
vn 0.8926 -0.3798 0.2431
vn 0.3205 -0.6937 0.6450
vn 0.5407 -0.5743 0.6147
vn 0.8979 -0.3178 0.3047
vn 0.9812 -0.1350 0.1377
vn 0.3144 -0.5470 0.7758
vn 0.5328 -0.4399 0.7229
vn 0.9713 -0.1293 0.1998
vn 0.8718 -0.2785 0.4030
vn 0.3092 -0.3832 0.8704
vn 0.5264 -0.2911 0.7988
vn 0.8817 -0.1901 0.4319
vn 0.9743 -0.0771 0.2115
vn 0.3053 -0.1794 0.9352
vn 0.5880 -0.1406 0.7965
vn 0.8792 -0.1046 0.4649
vn 0.9738 -0.0357 0.2245
vn 0.4086 -0.0000 0.9127
vn 0.3044 -0.0000 0.9525
vn 0.8782 -0.0000 0.4783
vn 0.9792 0.0020 0.2030
vn 0.3049 0.1496 0.9406
vn 0.5233 0.1677 0.8355
vn 0.9739 0.0389 0.2238
vn 0.8792 0.1046 0.4649
vn 0.2914 0.3448 0.8923
vn 0.5923 0.2891 0.7521
vn 0.9684 0.0866 0.2338
vn 0.8817 0.1901 0.4319
vn 0.5328 0.4399 0.7229
vn 0.3311 0.5293 0.7812
vn 0.9713 0.1293 0.1998
vn 0.8718 0.2785 0.4030
vn 0.5407 0.5743 0.6147
vn 0.3204 0.6937 0.6450
vn 0.8979 0.3177 0.3047
vn 0.9812 0.1350 0.1377
vn 0.5965 0.6669 0.4465
vn 0.3014 0.8147 0.4954
vn 0.9773 0.1786 0.1143
vn 0.8925 0.3799 0.2431
vn 0.5081 0.8136 0.2825
vn 0.3718 0.8734 0.3145
vn 0.8950 0.4136 0.1669
vn 0.9781 0.1986 0.0631
vn 0.3155 0.9442 0.0950
vn 0.6257 0.7763 0.0764
vn 0.9055 0.4204 0.0584
vn 0.9784 0.2054 0.0240
vn 0.5114 0.8524 -0.1093
vn 0.3582 0.9247 -0.1287
vn 0.9784 0.2061 -0.0159
vn 0.8973 0.4390 -0.0464
vn 0.3059 0.9031 -0.3013
vn 0.4872 0.8132 -0.3183
vn 0.9780 0.1963 -0.0707
vn 0.8747 0.4561 -0.1642
vn 0.3264 0.8144 -0.4798
vn 0.5966 0.6669 -0.4465
vn 0.9121 0.3453 -0.2209
vn 0.9820 0.1580 -0.1036
vn 0.3374 0.6768 -0.6542
vn 0.5407 0.5743 -0.6147
vn 0.9668 0.1809 -0.1805
vn 0.8762 0.3498 -0.3316
vn 0.2961 0.5127 -0.8059
vn 0.5343 0.4634 -0.7069
vn 0.8755 0.2691 -0.4015
vn 0.9790 0.1077 -0.1733
vn 0.5750 0.3190 -0.7534
vn 0.3079 0.3258 -0.8939
vn 0.8945 0.1729 -0.4123
vn 0.9744 0.0771 -0.2114
vn 0.4749 0.1575 -0.8658
vn 0.3286 0.1608 -0.9307
vn 0.8792 0.1046 -0.4649
vn 0.9678 0.0408 -0.2485
vn 0.9947 -0.0031 -0.1026
vn 0.9948 0.0192 -0.1004
vn 0.6627 -0.0193 -0.7486
vn 0.8528 0.1895 -0.4867
vn 0.9949 0.0405 -0.0923
vn 0.6250 0.3396 -0.7029
vn 0.9951 0.0542 -0.0831
vn 0.8842 0.2692 -0.3818
vn 0.9953 0.0690 -0.0686
vn 0.5703 0.6667 -0.4798
vn 0.9955 0.0818 -0.0483
vn 0.8908 0.3735 -0.2587
vn 0.9956 0.0881 -0.0316
vn 0.8521 0.4924 -0.1773
vn 0.9957 0.0918 -0.0143
vn 0.8963 0.4421 -0.0342
vn 0.9957 0.0922 0.0106
vn 0.8539 0.5142 0.0802
vn 0.9956 0.0872 0.0352
vn 0.9398 0.3216 0.1158
vn 0.9954 0.0802 0.0515
vn 0.8481 0.4463 0.2856
vn 0.9953 0.0710 0.0661
vn 0.8868 0.3155 0.3377
vn 0.9951 0.0570 0.0810
vn 0.9330 0.1973 0.3010
vn 0.9949 0.0381 0.0936
vn 0.8806 0.1909 0.4338
vn 0.9947 0.0161 0.1012
vn 0.8780 0.1051 0.4669
vn 0.9947 -0.0032 0.1027
vn 0.8671 -0.0000 0.4982
vn 0.9948 -0.0224 0.0997
vn 0.8948 -0.0841 0.4384
vn 0.9949 -0.0406 0.0923
vn 0.8796 -0.1629 0.4470
vn 0.9951 -0.0570 0.0810
vn 0.8829 -0.2441 0.4012
vn 0.9953 -0.0710 0.0661
vn 0.9156 -0.2745 0.2938
vn 0.9954 -0.0803 0.0514
vn 0.8481 -0.4463 0.2856
vn 0.9956 -0.0881 0.0317
vn 0.9095 -0.3911 0.1408
vn 0.9957 -0.0925 0.0074
vn 0.8960 -0.4388 0.0684
vn 0.9957 -0.0918 -0.0143
vn 0.9230 -0.3838 -0.0297
vn 0.9956 -0.0871 -0.0351
vn 0.8030 -0.5607 -0.2019
vn 0.9954 -0.0786 -0.0544
vn 0.8908 -0.3736 -0.2587
vn 0.9952 -0.0667 -0.0714
vn 0.9541 -0.2119 -0.2116
vn 0.9951 -0.0545 -0.0829
vn 0.8385 -0.3140 -0.4453
vn 0.9949 -0.0406 -0.0923
vn 0.9107 -0.1664 -0.3781
vn 0.9948 -0.0224 -0.0996
vn 0.8307 -0.1222 -0.5432
vn 0.3445 -0.9179 -0.1968
vn 0.9683 0.0441 -0.2457
vn 0.8568 -0.4975 0.1352
vn 0.6098 -0.6715 -0.4211
vn 0.8282 0.0506 -0.5581
vn 0.9545 0.0562 -0.2928
vn 0.8240 0.1083 -0.5561
vn 0.8728 -0.0154 -0.4879
vn 0.7713 0.1518 -0.6181
vn 0.8766 0.1974 -0.4389
vn 0.8876 0.2526 -0.3853
vn 0.9344 0.1973 -0.2966
vn 0.7291 0.6082 -0.3138
vn 0.8370 0.3886 -0.3853
vn 0.9645 0.2226 -0.1424
vn 0.9712 0.2242 -0.0807
vn 0.8462 0.5008 -0.1822
vn 0.9073 0.4155 -0.0648
vn 0.8291 0.5576 -0.0414
vn 0.8998 0.4333 0.0505
vn 0.9420 0.3331 0.0414
vn 0.9456 0.3017 0.1218
vn 0.8911 0.4324 0.1374
vn 0.9602 0.2353 0.1506
vn 0.8877 0.3878 0.2482
vn 0.9253 0.2776 0.2582
vn 0.8829 0.3205 0.3432
vn 0.8556 0.2838 0.4330
vn 0.9344 0.1973 0.2966
vn 0.9667 0.0954 0.2376
vn 0.8271 0.2110 0.5210
vn 0.8488 0.0996 0.5193
vn 0.8737 0.0916 0.4778
vn 0.9541 -0.0000 0.2995
vn 0.8728 -0.0000 0.4880
vn 0.9057 -0.0798 0.4163
vn 0.9307 -0.0666 0.3596
vn 0.9555 -0.1100 0.2738
vn 0.7533 -0.2452 0.6103
vn 0.8953 -0.2315 0.3805
vn 0.8802 -0.2766 0.3856
vn 0.8914 -0.3208 0.3201
vn 0.9368 -0.2492 0.2454
vn 0.9444 -0.2832 0.1669
vn 0.9254 -0.3102 0.2177
vn 0.9614 -0.2588 0.0932
vn 0.8461 -0.5008 0.1823
vn 0.8706 -0.4887 0.0569
vn 0.9420 -0.3331 0.0414
vn 0.9309 -0.3610 -0.0562
vn 0.8291 -0.5576 -0.0414
vn 0.9615 -0.2587 -0.0931
vn 0.8909 -0.4274 -0.1539
vn 0.9167 -0.3365 -0.2153
vn 0.9392 -0.2906 -0.1830
vn 0.8989 -0.2990 -0.3201
vn 0.8844 -0.3445 -0.3148
vn 0.9393 -0.1783 -0.2931
vn 0.8803 -0.2767 -0.3855
vn 0.8923 -0.1546 -0.4241
vn 0.8064 -0.2397 -0.5407
vn 0.9362 -0.0552 -0.3470
vn 0.8739 -0.1068 -0.4743
vn 0.9151 -0.0759 -0.3960
vn 0.9083 0.0657 0.4131
vn 0.9722 -0.0000 0.2343
vn 0.6283 -0.0000 -0.7780
vn 0.9180 0.0838 0.3876
vn 0.8988 -0.0014 0.4383
vn 0.9376 0.1191 0.3267
vn 0.7294 -0.2550 -0.6348
vn 0.9361 0.1399 0.3226
vn 0.9558 0.1528 0.2511
vn 0.8005 -0.3286 -0.5013
vn 0.9224 0.2225 0.3157
vn 0.8616 -0.3465 -0.3709
vn 0.8967 0.3133 0.3127
vn 0.9460 0.2309 0.2274
vn 0.9597 0.2422 0.1427
vn 0.7210 -0.5696 -0.3946
vn 0.9273 0.3098 0.2102
vn 0.8169 -0.5427 -0.1954
vn 0.9219 0.3692 0.1173
vn 0.9064 0.3922 0.1567
vn 0.9666 0.2546 0.0297
vn 0.8913 -0.4503 -0.0524
vn 0.9310 0.3626 0.0423
vn 0.9470 0.3203 -0.0248
vn 0.7580 -0.6479 0.0755
vn 0.9308 0.3612 -0.0563
vn 0.9291 0.3480 -0.1253
vn 0.8896 -0.4298 0.1548
vn 0.9496 0.2943 -0.1083
vn 0.9439 0.2714 -0.1880
vn 0.8130 -0.5017 0.2956
vn 0.9045 0.3667 -0.2177
vn 0.9749 0.1575 -0.1572
vn 0.7161 -0.5108 0.4757
vn 0.9079 0.2978 -0.2950
vn 0.8004 -0.3286 0.5013
vn 0.8930 0.2468 -0.3764
vn 0.9439 0.1828 -0.2750
vn 0.9607 0.1035 -0.2576
vn 0.8746 -0.1807 0.4499
vn 0.9196 0.1465 -0.3645
vn 0.9366 0.0660 -0.3440
vn 0.6976 -0.1573 0.6990
vn 0.9407 0.0619 -0.3334
vn 0.7908 -0.0000 0.6121
vn 0.9362 -0.0000 -0.3515
vn 0.8718 -0.0000 -0.4898
vn 0.9171 -0.0751 -0.3915
vn 0.7922 0.1340 0.5954
vn 0.9540 -0.0565 -0.2944
vn 0.9730 -0.0860 -0.2142
vn 0.7953 0.2259 0.5625
vn 0.9016 -0.1626 -0.4009
vn 0.8004 0.3286 0.5013
vn 0.8930 -0.2468 -0.3764
vn 0.9439 -0.1828 -0.2750
vn 0.9749 -0.1575 -0.1572
vn 0.7161 0.5108 0.4757
vn 0.9079 -0.2978 -0.2950
vn 0.8130 0.5017 0.2956
vn 0.9439 -0.2714 -0.1880
vn 0.9045 -0.3667 -0.2177
vn 0.9273 0.3522 0.1268
vn 0.9032 -0.4039 -0.1454
vn 0.9496 -0.2943 -0.1083
vn 0.9614 -0.2742 -0.0212
vn 0.6664 0.7406 0.0863
vn 0.9308 -0.3612 -0.0563
vn 0.8913 0.4503 -0.0525
vn 0.9468 -0.3179 0.0496
vn 0.9453 -0.3252 0.0273
vn 0.8169 0.5426 -0.1954
vn 0.9460 -0.3049 0.1098
vn 0.9137 -0.3818 0.1392
vn 0.9443 -0.2771 0.1773
vn 0.7210 0.5696 -0.3946
vn 0.9276 -0.3146 0.2013
vn 0.8616 0.3465 -0.3709
vn 0.9421 -0.2372 0.2368
vn 0.9079 -0.2978 0.2950
vn 0.9399 -0.1872 0.2856
vn 0.8005 0.3286 -0.5013
vn 0.9439 -0.1828 0.2751
vn 0.7294 0.2550 -0.6348
vn 0.9376 -0.1191 0.3267
vn 0.9199 -0.1580 0.3590
vn 0.9151 0.0759 -0.3960
vn 0.9083 -0.0657 0.4131
vn 0.9180 -0.0871 0.3868
vn 0.4825 -0.1650 -0.8602
vn 0.4812 -0.0000 -0.8766
vn 0.9010 -0.0000 -0.4338
vn 0.9017 -0.0814 -0.4246
vn 0.9031 -0.1471 -0.4034
vn 0.5214 -0.3320 -0.7861
vn 0.9065 -0.2315 -0.3531
vn 0.4353 -0.4936 -0.7529
vn 0.5265 -0.6121 -0.5900
vn 0.9435 -0.2346 -0.2341
vn 0.8854 -0.3915 -0.2505
vn 0.4747 -0.7526 -0.4563
vn 0.5725 -0.7714 -0.2778
vn 0.9156 -0.3783 -0.1362
vn 0.9168 -0.3947 -0.0615
vn 0.4941 -0.8649 -0.0882
vn 0.9400 -0.3401 0.0264
vn 0.5535 -0.8251 0.1136
vn 0.9158 -0.3827 0.1216
vn 0.4901 -0.8159 0.3068
vn 0.8436 -0.4523 0.2894
vn 0.4731 -0.7304 0.4926
vn 0.5011 -0.6099 0.6139
vn 0.9092 -0.2843 0.3043
vn 0.5282 -0.4784 0.7015
vn 0.9316 -0.1889 0.3105
vn 0.4869 -0.3256 0.8105
vn 0.9036 -0.1597 0.3975
vn 0.9017 -0.0814 0.4247
vn 0.4478 -0.1500 0.8815
vn 0.5371 -0.0000 0.8435
vn 0.9010 -0.0000 0.4339
vn 0.9017 0.0814 0.4247
vn 0.4478 0.1500 0.8815
vn 0.4869 0.3256 0.8105
vn 0.9036 0.1597 0.3975
vn 0.9316 0.1889 0.3105
vn 0.5282 0.4784 0.7015
vn 0.8813 0.3344 0.3338
vn 0.4654 0.6119 0.6395
vn 0.5077 0.7082 0.4906
vn 0.8740 0.4187 0.2467
vn 0.4900 0.8159 0.3068
vn 0.9391 0.3274 0.1040
vn 0.5535 0.8251 0.1136
vn 0.8788 0.4757 0.0368
vn 0.4940 0.8650 -0.0882
vn 0.9168 0.3947 -0.0615
vn 0.5505 0.7911 -0.2667
vn 0.9386 0.3199 -0.1290
vn 0.5344 0.7200 -0.4427
vn 0.9131 0.3435 -0.2198
vn 0.9103 0.3032 -0.2819
vn 0.5015 0.6150 -0.6085
vn 0.9324 0.2082 -0.2954
vn 0.4682 0.4752 -0.7450
vn 0.8736 0.1814 -0.4516
vn 0.4869 0.3256 -0.8105
vn 0.4825 0.1650 -0.8602
vn 0.9017 0.0814 -0.4246
vn 0.9998 0.0027 0.0172
vn 0.9998 -0.0000 0.0199
vn 0.9571 -0.0423 -0.2866
vn 0.9056 -0.0790 -0.4167
vn 0.9997 0.0085 0.0211
vn 0.7104 -0.2624 -0.6530
vn 0.8946 -0.2582 -0.3646
vn 0.9998 0.0106 0.0161
vn 0.9998 0.0154 0.0154
vn 0.8530 -0.3695 -0.3687
vn 0.8070 -0.4974 -0.3183
vn 0.9998 0.0161 0.0095
vn 0.9191 -0.3711 -0.1325
vn 0.9999 0.0150 0.0048
vn 0.8144 -0.5764 -0.0671
vn 0.9998 0.0181 0.0014
vn 0.9494 -0.3119 0.0364
vn 0.9998 0.0182 -0.0021
vn 0.9998 0.0197 -0.0071
vn 0.7366 -0.6363 0.2292
vn 0.9469 -0.2708 0.1733
vn 0.9999 0.0105 -0.0067
vn 0.9998 0.0140 -0.0130
vn 0.9500 -0.1451 0.2764
vn 0.9997 0.0134 -0.0190
vn 0.9961 -0.0481 0.0745
vn 0.9998 0.0074 -0.0185
vn 0.9977 -0.0008 0.0683
vn 0.8405 -0.0836 0.5354
vn 0.9997 0.0038 -0.0238
vn 0.9391 0.0001 0.3437
vn 0.9999 -0.0000 -0.0134
vn 0.9996 -0.0050 -0.0262
vn 0.9526 0.1838 0.2425
vn 0.9981 0.0200 -0.0591
vn 0.9999 -0.0049 -0.0122
vn 0.9997 -0.0143 -0.0217
vn 0.9982 0.0054 -0.0593
vn 0.9841 0.1455 0.1021
vn 0.9998 -0.0140 -0.0130
vn 0.9469 0.2708 0.1734
vn 0.9999 -0.0105 -0.0067
vn 0.9998 -0.0205 -0.0082
vn 0.8118 0.5494 0.1979
vn 0.9999 -0.0157 -0.0024
vn 0.9204 0.3882 0.0462
vn 0.9998 -0.0207 0.0024
vn 0.7398 0.6683 -0.0778
vn 0.9485 0.2979 -0.1073
vn 0.9998 -0.0172 0.0062
vn 0.9999 -0.0139 0.0083
vn 0.8071 0.4974 -0.3182
vn 0.9998 -0.0154 0.0154
vn 0.8530 0.3695 -0.3687
vn 0.8480 0.2905 -0.4432
vn 0.9998 -0.0106 0.0161
vn 0.9998 -0.0080 0.0181
vn 0.9605 0.1463 -0.2369
vn 0.9998 -0.0038 0.0194
vn 0.9984 -0.0434 0.0353
vn 0.7947 0.3479 -0.4974
vn 0.8557 0.2838 -0.4328
vn 0.7291 0.4844 -0.4835
vn 0.8650 0.4227 -0.2704
vn 0.7419 0.6309 -0.2272
vn 0.8707 0.4885 -0.0569
vn 0.7451 0.6624 0.0772
vn 0.8687 0.4661 0.1679
vn 0.7362 0.5701 0.3648
vn 0.8305 0.4472 0.3320
vn 0.6691 -0.0150 0.7430
vn 0.7700 -0.1411 0.6222
vn 0.8141 -0.1438 0.5626
vn 0.7362 -0.5701 0.3648
vn 0.8570 -0.4175 0.3020
vn 0.8687 -0.4661 0.1679
vn 0.7450 -0.6626 0.0772
vn 0.8707 -0.4885 -0.0569
vn 0.7419 -0.6309 -0.2272
vn 0.8650 -0.4227 -0.2704
vn 0.7291 -0.4845 -0.4834
vn 0.7775 -0.3260 -0.5378
vn 0.8516 -0.1954 -0.4864
vn 0.7117 -0.1323 -0.6899
vn 0.8264 -0.0853 -0.5566
vn 0.9986 0.0470 0.0233
vn 0.9975 0.0133 -0.0697
vn 0.9984 -0.0542 0.0132
vn 0.9509 0.1333 -0.2793
vn 0.9011 -0.2142 -0.3769
vn 0.9744 -0.1375 -0.1780
vn 0.9467 -0.1753 -0.2703
vn 0.9490 0.1096 -0.2956
vn 0.9488 -0.0628 -0.3097
vn 0.8977 0.1090 -0.4270
vn 0.9623 -0.1324 -0.2376
vn 0.9653 0.0237 -0.2601
vn 0.9783 0.1681 -0.1214
vn 0.9432 0.2925 -0.1575
vn 0.8252 -0.3092 0.4727
vn 0.9839 0.1341 0.1182
vn 0.9727 0.2318 0.0096
vn 0.7767 -0.5302 0.3401
vn 0.9403 0.3356 0.0561
vn 0.9237 0.3806 0.0441
vn 0.9842 0.1730 0.0378
vn 0.9923 0.0068 0.1236
vn 0.8959 -0.0690 0.4388
vn 0.9613 0.2697 0.0560
vn 0.9353 0.3290 0.1303
vn 0.9823 -0.0599 0.1775
vn 0.9354 0.1099 0.3361
vn 0.9814 0.1908 -0.0205
vn 0.8307 -0.3944 -0.3929
vn 0.9835 -0.1200 0.1354
vn 0.9342 -0.0229 0.3561
vn 0.9810 0.1818 0.0673
vn 0.8206 -0.2135 -0.5301
vn 0.9742 0.1315 0.1835
vn 0.8650 -0.4914 0.1013
vn 0.9826 0.0790 0.1682
vn 0.9855 0.1448 0.0881
vn 0.9323 0.0887 0.3506
vn 0.8645 -0.4859 -0.1289
vn 0.9499 0.0403 0.3099
vn 0.9589 -0.1238 0.2553
vn 0.8921 -0.4398 0.1038
vn 0.9094 -0.3432 -0.2350
vn 0.9693 0.0081 -0.2457
vn 0.9494 -0.1250 -0.2882
vn 0.9603 -0.2533 -0.1168
vn 0.9332 -0.2967 -0.2028
vn 0.9286 -0.2109 0.3053
vn 0.9434 -0.0321 0.3300
vn 0.9618 0.2236 0.1579
vn 0.4493 -0.5703 -0.6877
vn 0.5823 -0.1594 -0.7972
vn 0.3195 -0.1010 -0.9422
vn 0.3216 0.2550 -0.9119
vn 0.4368 -0.2612 0.8608
vn 0.3349 -0.7449 0.5770
vn 0.4492 -0.5704 0.6876
vn 0.6098 -0.6714 0.4212
vn 0.3144 -0.0684 -0.9468
vn 0.6197 -0.7804 0.0834
vn 0.4633 -0.7903 -0.4010
vn 0.4355 0.6861 -0.5828
vn 0.3157 -0.0739 -0.9460
vn 0.5864 -0.2959 -0.7541
vn 0.3184 0.2820 -0.9051
vn 0.5806 0.0063 -0.8142
vn 0.3171 0.2875 0.9038
vn 0.4144 0.1068 0.9038
vn 0.3884 0.7196 0.5756
vn 0.3669 0.0914 0.9258
vn 0.6010 -0.1148 0.7910
vn 0.3693 -0.2580 0.8928
vn 0.6111 -0.4017 0.6821
vn 0.5676 -0.6560 0.4975
vn 0.8608 -0.0683 0.5043
vn 0.4001 -0.9164 0.0044
vn 0.6364 -0.7389 -0.2215
vn 0.3941 -0.8261 -0.4029
vn 0.6228 -0.5810 -0.5240
vn 0.5470 -0.6255 -0.5563
vn 0.6076 -0.3302 -0.7224
vn 0.8813 -0.4646 0.0860
vn 0.8619 0.1228 -0.4920
vn 0.5498 -0.3661 -0.7508
vn 0.8805 -0.4556 -0.1307
vn 0.8251 -0.1803 -0.5355
vn 0.8274 0.2392 -0.5081
vn 0.3994 0.8916 -0.2133
vn 0.0016 0.6820 -0.7313
vn -0.0000 0.4568 -0.8896
vn 0.0870 0.3467 -0.9339
vn -0.0000 -0.1468 -0.9892
vn 0.0175 -0.3340 -0.9424
vn 0.0618 -0.7688 -0.6365
vn -0.0000 -0.8124 -0.5831
vn -0.0000 -0.9999 -0.0115
vn -0.0000 0.1000 -0.9950
vn 0.0149 0.0606 -0.9980
vn 0.0108 0.4554 -0.8902
vn -0.0000 0.4606 -0.8876
vn 0.0035 -0.8912 -0.4536
vn 0.0931 -0.5500 -0.8300
vn -0.0000 -0.7350 -0.6781
vn -0.0000 -0.8918 -0.4524
vn -0.0000 0.5852 -0.8109
vn 0.0861 0.3839 -0.9193
vn 0.0112 0.7738 -0.6333
vn -0.0000 0.7778 -0.6285
vn 0.0034 -0.6216 -0.7833
vn 0.0176 -0.2399 -0.9706
vn -0.0000 -0.2759 -0.9612
vn -0.0000 -0.6226 -0.7825
vn 0.0890 0.7391 -0.6677
vn -0.0000 0.9330 -0.3598
vn -0.0000 0.7829 -0.6222
vn -0.0000 -0.4626 -0.8865
vn 0.0523 -0.4450 -0.8940
vn 0.0355 -0.3228 -0.9458
vn -0.1174 -0.2767 -0.9538
vn 0.0016 0.5770 -0.8168
vn 0.0014 -0.7776 -0.6288
vn 0.0651 0.4519 -0.8897
vn -0.0000 0.5890 -0.8081
vn -0.0000 -0.0951 -0.9955
vn 0.0462 -0.2303 -0.9720
vn 0.0102 0.7809 -0.6246
vn -0.0016 0.7868 -0.6172
vn -0.0000 -0.7829 -0.6222
vn 0.0818 -0.7288 -0.6798
vn 0.0076 -0.8971 -0.4418
vn 0.0264 -0.6829 -0.7300
vn -0.0000 -0.7433 -0.6689
vn -0.0017 -0.9025 -0.4306
vn 0.1063 0.0327 -0.9938
vn -0.0000 0.0056 -1.0000
vn 0.0778 0.3865 -0.9190
vn -0.0000 0.6353 -0.7723
vn 0.0404 -0.7439 -0.6671
vn 0.0355 -0.2618 -0.9645
vn -0.0000 -0.2868 -0.9580
vn -0.0000 -0.8997 -0.4365
vn -0.0000 -0.9904 -0.1384
vn 0.0017 0.4000 -0.9165
vn -0.0000 0.3781 -0.9258
vn 0.0653 0.7470 -0.6616
vn -0.0000 0.8226 -0.5686
vn 0.0104 -0.4812 -0.8766
vn 0.0353 0.1141 -0.9928
vn -0.0000 0.0888 -0.9960
vn -0.0000 -0.6352 -0.7723
vn -0.0000 -0.8304 -0.5571
vn 0.0595 0.4407 -0.8957
vn -0.0804 0.4562 -0.8862
vn 0.0015 -0.0324 -0.9995
vn -0.0000 -0.4126 -0.9109
vn 0.1035 -0.3587 -0.9277
vn 0.0087 -0.6225 -0.7826
vn -0.0000 -0.6294 -0.7771
vn 0.0527 0.4563 -0.8883
vn 0.0171 0.5884 -0.8084
vn -0.0000 0.6708 -0.7416
vn -0.1164 0.4486 -0.8861
vn -0.0000 0.9707 -0.2404
vn -0.0140 0.9999 -0.0039
vn -0.0138 0.8950 -0.4458
vn 0.0830 -0.9526 -0.2927
vn -0.0140 -0.9739 -0.2265
vn -0.5806 0.3728 -0.7238
vn -0.2809 0.9493 -0.1411
vn -0.1110 0.9782 -0.1753
vn -0.6495 -0.1030 -0.7533
vn -0.8377 -0.4300 -0.3367
vn -0.8846 0.3607 -0.2957
vn -0.4046 0.1618 0.9001
vn -0.8616 0.3177 0.3959
vn -0.9045 -0.2688 0.3311
vn -0.3155 -0.5378 0.7818
vn -0.5776 -0.7955 -0.1832
vn -0.4570 -0.8524 0.2540
vn -0.0094 -0.8736 0.4865
vn -0.3767 0.7679 0.5181
vn -0.0000 0.8964 0.4432
vn -0.0000 -0.3326 0.9431
vn -0.0000 0.4020 0.9156
vn -0.4501 0.7736 -0.4460
vn -0.2792 0.9131 0.2971
vn -0.0000 0.9982 0.0593
vn -0.0017 0.9702 -0.2424
vn -0.8735 -0.1333 -0.4682
vn -0.8467 0.5320 0.0077
vn -0.6462 0.1648 -0.7452
vn -0.5085 -0.6506 0.5641
vn -0.2547 -0.0725 0.9643
vn -0.8973 0.0416 0.4394
vn -0.8733 -0.4734 0.1149
vn -0.7303 -0.5203 -0.4427
vn -0.4366 0.5301 0.7269
vn -0.0000 0.5432 0.8396
vn -0.4550 -0.8904 0.0125
vn -0.0000 -0.7749 0.6321
vn -0.0104 -0.9701 0.2424
vn -0.0000 -0.1000 0.9950
vn -0.4585 0.8867 -0.0597
vn -0.3418 0.7484 0.5684
vn -0.0000 0.7829 0.6222
vn -0.0016 0.9764 0.2161
vn -0.8228 0.0580 -0.5654
vn -0.8934 0.4000 0.2044
vn -0.7129 0.4399 -0.5462
vn -0.8531 -0.1469 0.5007
vn -0.9210 -0.3798 -0.0868
vn -0.4349 -0.8429 0.3168
vn -0.3941 -0.3951 0.8298
vn -0.6597 -0.2848 -0.6955
vn -0.3037 0.2072 0.9300
vn -0.0000 0.1829 0.9831
vn -0.4487 -0.8066 -0.3847
vn -0.0000 -0.9969 0.0782
vn -0.0104 -0.9763 -0.2161
vn -0.0000 -0.4673 0.8841
vn -0.3657 0.8990 0.2410
vn -0.3295 0.4579 0.8257
vn -0.0000 0.4672 0.8842
vn -0.1184 0.9358 0.3321
vn -0.8289 0.2624 -0.4940
vn -0.8858 0.2880 0.3639
vn -0.5020 0.7434 -0.4420
vn -0.9110 -0.3698 -0.1824
vn -0.4196 -0.8741 -0.2448
vn -0.3672 -0.7397 0.5640
vn -0.8574 -0.2404 0.4550
vn -0.4407 0.2812 -0.8525
vn -0.3522 -0.0892 0.9317
vn -0.0000 -0.2915 0.9566
vn -0.5739 -0.4765 -0.6660
vn -0.0832 0.5467 -0.8332
vn -0.0114 -0.9982 -0.0589
vn -0.0000 -0.7828 0.6222
vn -0.2649 0.6849 0.6788
vn -0.3224 0.1128 0.9399
vn -0.0000 0.1000 0.9950
vn -0.0000 0.8676 0.4972
vn -0.4510 0.8915 0.0420
vn -0.8316 0.3445 -0.4355
vn -0.8768 0.2256 0.4246
vn -0.8165 -0.4976 -0.2929
vn -0.6209 -0.6746 0.3993
vn -0.8698 -0.4426 0.2182
vn -0.9100 -0.1937 -0.3665
vn -0.6939 0.3035 -0.6530
vn -0.0000 0.9729 0.2311
vn -0.3592 -0.4319 0.8273
vn -0.0000 -0.6394 0.7689
vn -0.6987 -0.0471 -0.7139
vn 0.0010 -0.7777 0.6287
vn -0.2555 0.3633 0.8960
vn -0.2591 -0.3361 0.9055
vn -0.0000 -0.1426 0.9898
vn -0.0000 0.5852 0.8109
vn -0.3134 0.9119 0.2650
vn -0.8934 0.4000 -0.2045
vn -0.8228 0.0580 0.5653
vn -0.9139 -0.4060 -0.0001
vn -0.8521 -0.0524 -0.5208
vn -0.3542 -0.4521 -0.8186
vn -0.3349 -0.9384 -0.0852
vn -0.2698 0.7009 -0.6603
vn -0.0000 0.9718 0.2359
vn -0.0000 0.1828 -0.9831
vn -0.4254 0.2120 -0.8798
vn -0.0000 0.8701 -0.4929
vn -0.4480 -0.7261 0.5216
vn -0.0000 -0.8458 0.5335
vn -0.0000 -0.4672 -0.8842
vn -0.0000 -0.9227 -0.3854
vn -0.2879 0.1309 0.9487
vn -0.3338 -0.5744 0.7474
vn -0.0003 -0.6258 0.7800
vn -0.8909 0.4411 0.1082
vn -0.8272 -0.2658 0.4950
vn -0.2699 0.8092 0.5219
vn -0.3656 -0.7093 -0.6027
vn -0.9209 -0.3788 -0.0920
vn -0.8512 0.0494 -0.5225
vn -0.3873 -0.0554 -0.9203
vn -0.3514 0.9173 -0.1871
vn -0.0000 0.6744 0.7384
vn -0.3122 0.5459 -0.7775
vn -0.0000 0.9749 -0.2228
vn -0.0000 0.5432 -0.8396
vn -0.3829 -0.8994 0.2108
vn -0.0000 -0.9999 -0.0128
vn -0.0000 -0.1000 -0.9950
vn -0.0000 -0.7749 -0.6321
vn -0.2891 -0.2295 0.9294
vn -0.3462 -0.8288 0.4396
vn -0.0000 -0.8938 0.4484
vn -0.0000 -0.2759 0.9612
vn -0.8846 0.3607 0.2956
vn -0.8377 -0.4300 0.3366
vn -0.2596 0.5267 0.8094
vn -0.9045 -0.2688 -0.3311
vn -0.8615 0.3177 -0.3960
vn -0.4882 0.2180 -0.8451
vn -0.3124 -0.3803 -0.8705
vn -0.3507 0.9047 0.2421
vn -0.0000 0.3326 0.9431
vn -0.0000 0.8388 -0.5444
vn -0.3242 0.8140 -0.4820
vn -0.3289 -0.8994 -0.2880
vn -0.0000 -0.9386 -0.3451
vn -0.0000 0.2759 -0.9612
vn -0.0000 -0.5754 -0.8179
vn -0.2647 -0.6802 0.6836
vn -0.3526 -0.9353 0.0285
vn -0.0000 -1.0000 0.0068
vn -0.0000 -0.5105 0.8599
vn -0.2874 0.0498 0.9565
vn -0.8323 0.3551 0.4256
vn -0.8883 -0.4100 0.2069
vn -0.4056 -0.1344 -0.9041
vn -0.8572 -0.2352 -0.4582
vn -0.9080 0.3263 -0.2629
vn -0.3176 0.5442 -0.7765
vn -0.3402 0.7155 0.6102
vn -0.0000 0.0888 0.9960
vn -0.3313 0.9405 -0.0750
vn -0.0000 0.7749 0.6321
vn -0.0000 0.9925 -0.1225
vn -0.3722 -0.7223 -0.5829
vn -0.0000 -0.6218 -0.7832
vn -0.0001 0.7315 -0.6818
vn -0.0000 0.0418 -0.9991
vn -0.2309 -0.8815 -0.4120
vn -0.0000 -0.8997 -0.4366
vn -0.3423 -0.8468 0.4072
vn -0.2905 -0.3087 0.9057
vn -0.8795 0.1394 0.4550
vn -0.8484 -0.5293 0.0050
vn -0.8973 0.0418 -0.4395
vn -0.8744 0.4852 -0.0034
vn -0.4288 0.7544 -0.4971
vn -0.3895 0.2281 -0.8923
vn -0.3282 0.4145 0.8488
vn 0.0001 -0.2868 0.9580
vn -0.0000 0.4568 0.8896
vn -0.0000 0.9431 0.3325
vn -0.3276 0.8770 0.3516
vn -0.3580 -0.3293 -0.8737
vn -0.0000 -0.4614 -0.8872
vn -0.0000 0.9527 -0.3038
vn -0.0000 0.2868 -0.9580
vn -0.8250 -0.1632 0.5410
vn -0.8898 -0.3515 -0.2910
vn -0.4384 -0.8627 0.2522
vn -0.3296 -0.5885 0.7383
vn -0.8565 0.2385 -0.4578
vn -0.9191 0.3545 0.1720
vn -0.5241 0.8510 -0.0336
vn -0.6251 0.6590 -0.4183
vn -0.2130 0.0748 0.9742
vn -0.6729 -0.3830 -0.6329
vn -0.0000 -0.8960 0.4441
vn 0.0002 -0.6353 0.7723
vn -0.0000 0.6311 0.7757
vn -0.3715 0.6724 0.6403
vn -0.7419 -0.0798 -0.6657
vn 0.0009 0.9657 0.2597
vn -0.3611 -0.8237 0.4372
vn -0.8266 -0.2537 0.5023
vn -0.8807 -0.3017 -0.3651
vn -0.5113 -0.8541 -0.0955
vn -0.5183 0.7808 0.3489
vn -0.6453 0.7460 -0.1646
vn -0.8656 0.3901 -0.3140
vn -0.9131 0.2591 0.3149
vn -0.3250 -0.2889 0.9005
vn -0.6687 -0.1871 -0.7196
vn -0.1165 -0.8390 0.5315
vn -0.3059 0.3277 0.8939
vn -0.0000 -0.2868 0.9580
vn -0.0000 0.3781 0.9258
vn -0.6694 0.2019 -0.7150
vn 0.0008 0.7602 0.6497
vn -0.8441 -0.4829 0.2329
vn -0.8777 -0.0395 -0.4776
vn -0.5099 -0.6721 -0.5369
vn -0.2767 -0.9549 0.1075
vn -0.8726 0.4754 -0.1119
vn -0.9077 0.1204 0.4020
vn -0.5032 0.5682 0.6511
vn -0.2800 0.9597 -0.0229
vn -0.3355 -0.6136 0.7148
vn -0.6666 0.0929 -0.7396
vn -0.1195 -0.9867 0.1102
vn -0.0000 -0.6353 0.7723
vn -0.0000 0.0055 1.0000
vn -0.3022 -0.0283 0.9528
vn -0.5163 0.6494 -0.5583
vn -0.0000 0.6353 0.7723
vn -0.0000 1.0000 0.0069
vn 0.0046 0.9387 -0.3447
vn -0.5620 -0.2919 -0.7739
vn -0.2632 0.5065 -0.8211
vn -0.1034 0.5002 -0.8597
vn -0.4483 -0.8574 -0.2527
vn -0.8454 -0.5181 0.1300
vn -0.8719 0.0425 -0.4878
vn -0.4355 0.8307 0.3468
vn -0.8744 0.4851 0.0033
vn -0.8973 0.0418 0.4394
vn -0.2564 0.2535 0.9327
vn -0.2750 -0.8250 0.4936
vn -0.0000 -0.3674 0.9301
vn -0.4301 -0.3765 0.8206
vn -0.0000 -0.9583 0.2859
vn -0.4546 0.8199 -0.3479
vn -0.0000 0.9431 -0.3325
vn -0.0016 -0.9999 -0.0137
vn -0.0000 0.2868 0.9580
vn -0.0000 0.8153 0.5791
vn -0.8438 -0.4791 -0.2419
vn -0.8863 0.2967 -0.3556
vn -0.4394 -0.0568 -0.8965
vn -0.2189 -0.6182 -0.7550
vn -0.8656 0.3899 0.3141
vn -0.9099 -0.1895 0.3690
vn -0.4858 -0.0545 0.8724
vn -0.2657 0.6237 0.7352
vn -0.2813 -0.9562 0.0808
vn -0.4884 0.8034 -0.3407
vn -0.0000 -0.3906 -0.9206
vn -0.0000 -0.6259 -0.7799
vn -0.0000 -0.9852 -0.1715
vn -0.0000 -0.7784 0.6278
vn -0.3699 -0.6422 0.6714
vn -0.4597 0.8865 0.0524
vn -0.0095 0.9603 0.2788
vn -0.0000 -0.0888 0.9960
vn -0.0000 0.6258 0.7800
vn 0.8909 -0.0880 -0.4456
vn 0.9208 0.0090 -0.3899
vn 0.8199 -0.0086 -0.5724
vn 0.8233 -0.1167 -0.5555
vn 0.9504 -0.0513 -0.3066
vn 0.9403 -0.0000 -0.3404
vn 0.9977 -0.0000 -0.0678
vn 0.9985 -0.0102 -0.0531
vn 0.9948 0.0159 0.1003
vn 0.9948 -0.0000 0.1017
vn 0.9794 -0.0000 0.2021
vn 0.9795 0.0442 0.1963
vn 0.8110 -0.2066 -0.5473
vn 0.8868 -0.1840 -0.4240
vn 0.9971 -0.0285 -0.0707
vn 0.9163 -0.1493 -0.3715
vn 0.9949 0.0344 0.0944
vn 0.9801 0.0801 0.1819
vn 0.8181 -0.3091 -0.4850
vn 0.9306 -0.1977 -0.3082
vn 0.9534 -0.1718 -0.2482
vn 0.9978 -0.0360 -0.0549
vn 0.9964 0.0440 0.0724
vn 0.9808 0.1125 0.1596
vn 0.9145 -0.2864 -0.2858
vn 0.8355 -0.3813 -0.3956
vn 0.9979 -0.0441 -0.0472
vn 0.9462 -0.2369 -0.2202
vn 0.9953 0.0661 0.0708
vn 0.9815 0.1401 0.1303
vn 0.8335 -0.4542 -0.3146
vn 0.9180 -0.3418 -0.2013
vn 0.9980 -0.0531 -0.0339
vn 0.9348 -0.3051 -0.1819
vn 0.9935 0.0935 0.0648
vn 0.9822 0.1616 0.0953
vn 0.8387 -0.5123 -0.1845
vn 0.9377 -0.3281 -0.1140
vn 0.9681 -0.2357 -0.0848
vn 0.9981 -0.0582 -0.0209
vn 0.9957 0.0873 0.0315
vn 0.9827 0.1740 0.0627
vn 0.9016 -0.4278 -0.0640
vn 0.8411 -0.5393 -0.0417
vn 0.9981 -0.0607 -0.0094
vn 0.9504 -0.3081 -0.0431
vn 0.9830 0.1813 0.0283
vn 0.9958 0.0917 0.0071
vn 0.9340 -0.3558 0.0313
vn 0.8341 -0.5461 0.0775
vn 0.9981 -0.0609 0.0071
vn 0.9282 -0.3697 0.0431
vn 0.9831 0.1820 -0.0214
vn 0.9958 0.0914 -0.0106
vn 0.9005 -0.4137 0.1342
vn 0.8432 -0.5024 0.1913
vn 0.9681 -0.2357 0.0849
vn 0.9981 -0.0582 0.0210
vn 0.9968 0.0757 -0.0240
vn 0.9826 0.1720 -0.0694
vn 0.9179 -0.3418 0.2014
vn 0.8335 -0.4542 0.3147
vn 0.9980 -0.0541 0.0319
vn 0.9481 -0.2715 0.1654
vn 0.9956 0.0812 -0.0478
vn 0.9820 0.1551 -0.1074
vn 0.9149 -0.2956 0.2749
vn 0.8213 -0.3946 0.4120
vn 0.9973 -0.0521 0.0519
vn 0.9218 -0.2744 0.2738
vn 0.9954 0.0704 -0.0654
vn 0.9813 0.1315 -0.1407
vn 0.9113 -0.2257 0.3444
vn 0.8354 -0.3013 0.4597
vn 0.9567 -0.1618 0.2419
vn 0.9978 -0.0342 0.0563
vn 0.9952 0.0566 -0.0802
vn 0.9805 0.1021 -0.1678
vn 0.8119 -0.2290 0.5370
vn 0.8860 -0.1610 0.4349
vn 0.9315 -0.1373 0.3368
vn 0.9977 -0.0230 0.0630
vn 0.9934 0.0427 -0.1062
vn 0.9800 0.0742 -0.1847
vn 0.8160 -0.1269 0.5640
vn 0.9066 -0.0721 0.4159
vn 0.9504 -0.0513 0.3067
vn 0.9985 -0.0102 0.0531
vn 0.9795 0.0378 -0.1977
vn 0.9967 0.0153 -0.0796
vn 0.8199 -0.0086 0.5724
vn 0.9208 0.0090 0.3899
vn 0.9977 -0.0000 0.0678
vn 0.9403 -0.0000 0.3404
vn 0.9908 -0.0000 -0.1355
vn 0.9794 -0.0000 -0.2021
vn 0.8080 0.0991 0.5808
vn 0.9068 0.0925 0.4112
vn 0.9407 0.0639 0.3332
vn 0.9985 0.0102 0.0531
vn 0.9795 -0.0379 -0.1977
vn 0.9967 -0.0153 -0.0796
vn 0.8181 0.1969 0.5404
vn 0.9089 0.1680 0.3818
vn 0.9960 0.0332 0.0826
vn 0.9273 0.1492 0.3433
vn 0.9950 -0.0374 -0.0929
vn 0.9800 -0.0741 -0.1847
vn 0.8283 0.2996 0.4735
vn 0.9117 0.2367 0.3358
vn 0.9643 0.1451 0.2214
vn 0.9990 0.0240 0.0366
vn 0.9805 -0.1022 -0.1678
vn 0.9930 -0.0679 -0.0962
vn 0.8213 0.3946 0.4120
vn 0.9149 0.2956 0.2748
vn 0.9973 0.0521 0.0519
vn 0.9218 0.2744 0.2738
vn 0.9813 -0.1315 -0.1407
vn 0.9954 -0.0704 -0.0654
vn 0.8335 0.4542 0.3147
vn 0.9179 0.3418 0.2014
vn 0.9481 0.2715 0.1654
vn 0.9980 0.0541 0.0319
vn 0.9820 -0.1551 -0.1074
vn 0.9956 -0.0812 -0.0478
vn 0.8432 0.5024 0.1913
vn 0.9005 0.4137 0.1342
vn 0.9681 0.2357 0.0849
vn 0.9981 0.0582 0.0210
vn 0.9827 -0.1739 -0.0629
vn 0.8341 0.5461 0.0775
vn 0.9340 0.3558 0.0313
vn 0.9981 0.0609 0.0071
vn 0.9282 0.3697 0.0431
vn 0.9939 -0.1093 -0.0170
vn 0.9831 -0.1827 -0.0142
vn 0.8411 0.5393 -0.0417
vn 0.9016 0.4278 -0.0640
vn 0.9504 0.3081 -0.0431
vn 0.9981 0.0607 -0.0094
vn 0.9945 -0.1044 0.0122
vn 0.9831 -0.1820 0.0215
vn 0.8387 0.5124 -0.1845
vn 0.9377 0.3281 -0.1140
vn 0.9681 0.2357 -0.0848
vn 0.9981 0.0582 -0.0209
vn 0.9828 -0.1760 0.0560
vn 0.9968 -0.0740 0.0299
vn 0.9180 0.3418 -0.2013
vn 0.8335 0.4542 -0.3146
vn 0.9980 0.0531 -0.0339
vn 0.9348 0.3052 -0.1819
vn 0.9823 -0.1616 0.0952
vn 0.9935 -0.0935 0.0648
vn 0.9145 0.2864 -0.2858
vn 0.8291 0.3958 -0.3949
vn 0.9362 0.2502 -0.2469
vn 0.9979 0.0441 -0.0471
vn 0.9815 -0.1401 0.1303
vn 0.9953 -0.0661 0.0708
vn 0.8236 0.3109 -0.4744
vn 0.9113 0.2257 -0.3443
vn 0.9643 0.1451 -0.2213
vn 0.9978 0.0360 -0.0549
vn 0.9808 -0.1125 0.1596
vn 0.9964 -0.0440 0.0724
vn 0.9089 0.1680 -0.3817
vn 0.8181 0.1969 -0.5403
vn 0.9971 0.0285 -0.0707
vn 0.9273 0.1492 -0.3432
vn 0.9801 -0.0801 0.1819
vn 0.9949 -0.0344 0.0944
vn 0.9068 0.0925 -0.4112
vn 0.8080 0.0991 -0.5808
vn 0.9407 0.0639 -0.3331
vn 0.9985 0.0102 -0.0531
vn 0.9795 -0.0442 0.1963
vn 0.9948 -0.0159 0.1003
vn 0.6493 -0.0000 -0.7605
vn 0.6502 0.1193 -0.7504
vn 0.6541 0.2590 -0.7107
vn 0.7380 0.3543 -0.5743
vn 0.5498 0.5724 -0.6084
vn 0.6758 0.6060 -0.4197
vn 0.6823 0.6780 -0.2735
vn 0.7610 0.6417 -0.0954
vn 0.4863 0.8679 0.1011
vn 0.8420 0.5076 0.1828
vn 0.6779 0.6294 0.3799
vn 0.6703 0.5383 0.5108
vn 0.5776 0.4450 0.6844
vn 0.6540 0.2590 0.7108
vn 0.6501 0.1193 0.7504
vn 0.6493 -0.0000 0.7605
vn 0.6501 -0.1193 0.7504
vn 0.6552 -0.2816 0.7010
vn 0.5440 -0.4812 0.6874
vn 0.6703 -0.5383 0.5108
vn 0.6779 -0.6294 0.3799
vn 0.8420 -0.5075 0.1828
vn 0.4863 -0.8679 0.1011
vn 0.7610 -0.6417 -0.0954
vn 0.6823 -0.6780 -0.2735
vn 0.6758 -0.6060 -0.4197
vn 0.6695 -0.5258 -0.5247
vn 0.6628 -0.4315 -0.6120
vn 0.6552 -0.2816 -0.7010
vn 0.6502 -0.1193 -0.7504
vn -0.0967 0.0135 -0.9952
vn -0.0847 -0.1877 -0.9786
vn -0.5391 -0.1538 -0.8281
vn -0.6105 -0.0000 -0.7920
vn -0.0288 -0.0135 -0.9995
vn 0.0430 -0.0189 -0.9989
vn 0.0288 -0.1695 -0.9851
vn -0.0270 -0.2070 -0.9780
vn 0.0807 -0.2011 -0.9762
vn 0.0832 0.0135 -0.9964
vn -0.0995 -0.3529 -0.9304
vn -0.6857 -0.2870 -0.6689
vn 0.0363 -0.3727 -0.9273
vn -0.0455 -0.3724 -0.9270
vn 0.0830 -0.3715 -0.9247
vn -0.0957 -0.5174 -0.8504
vn -0.6242 -0.4502 -0.6385
vn -0.0298 -0.5600 -0.8279
vn 0.0445 -0.5645 -0.8242
vn 0.0847 -0.5179 -0.8512
vn -0.1018 -0.6935 -0.7132
vn -0.6311 -0.5491 -0.5479
vn 0.0252 -0.7076 -0.7061
vn -0.0426 -0.7220 -0.6906
vn 0.0862 -0.7054 -0.7035
vn -0.1000 -0.8380 -0.5364
vn -0.6376 -0.6333 -0.4387
vn 0.0442 -0.8499 -0.5251
vn -0.0361 -0.8418 -0.5385
vn 0.0904 -0.8505 -0.5181
vn -0.0924 -0.9368 -0.3374
vn -0.6454 -0.7186 -0.2588
vn -0.0246 -0.9406 -0.3387
vn 0.0395 -0.9402 -0.3384
vn 0.0881 -0.9426 -0.3222
vn -0.1026 -0.9881 -0.1148
vn -0.6491 -0.7585 -0.0587
vn 0.0396 -0.9873 -0.1539
vn -0.0371 -0.9926 -0.1153
vn 0.0905 -0.9929 -0.0768
vn -0.1086 -0.9898 0.0921
vn -0.5461 -0.8285 0.1237
vn 0.0453 -0.9941 0.0990
vn -0.0425 -0.9903 0.1321
vn 0.0904 -0.9893 0.1149
vn -0.1020 -0.9481 0.3012
vn -0.7118 -0.6541 0.2558
vn 0.0262 -0.9405 0.3387
vn -0.0441 -0.9320 0.3597
vn 0.0895 -0.9372 0.3372
vn -0.0963 -0.8467 0.5233
vn -0.6376 -0.6333 0.4387
vn -0.0242 -0.8421 0.5388
vn 0.0464 -0.8531 0.5197
vn 0.0877 -0.8189 0.5672
vn -0.0980 -0.7044 0.7030
vn -0.6295 -0.5304 0.5678
vn 0.0379 -0.7318 0.6805
vn -0.0354 -0.7074 0.7059
vn 0.0859 -0.6801 0.7281
vn -0.0998 -0.5334 0.8400
vn -0.7169 -0.3761 0.5870
vn 0.0318 -0.5600 0.8279
vn -0.0418 -0.5646 0.8243
vn 0.0842 -0.5179 0.8513
vn -0.0891 -0.3531 0.9313
vn -0.5435 -0.3083 0.7807
vn -0.0293 -0.3855 0.9222
vn 0.0485 -0.3723 0.9268
vn 0.0830 -0.3715 0.9247
vn -0.0934 -0.1877 0.9778
vn -0.6113 -0.1243 0.7816
vn 0.0288 -0.2070 0.9779
vn -0.0337 -0.1882 0.9816
vn 0.0807 -0.2011 0.9762
vn -0.1017 -0.0000 0.9948
vn -0.6105 -0.0000 0.7920
vn 0.0307 -0.0135 0.9994
vn -0.0448 -0.0000 0.9990
vn 0.0832 0.0135 0.9964
vn -0.0935 0.1875 0.9778
vn -0.6113 0.1243 0.7816
vn -0.0337 0.1881 0.9816
vn 0.0358 0.1882 0.9815
vn 0.0821 0.2188 0.9723
vn -0.0857 0.3714 0.9245
vn -0.5435 0.3083 0.7807
vn -0.0227 0.3727 0.9277
vn 0.0485 0.3723 0.9268
vn 0.0852 0.3894 0.9171
vn -0.1050 0.5452 0.8317
vn -0.7169 0.3761 0.5870
vn 0.0318 0.5600 0.8279
vn -0.0463 0.5477 0.8354
vn 0.0822 0.5294 0.8444
vn -0.0980 0.7044 0.7030
vn -0.6295 0.5304 0.5678
vn 0.0379 0.7318 0.6805
vn -0.0354 0.7074 0.7059
vn 0.0865 0.6801 0.7280
vn -0.0963 0.8467 0.5233
vn -0.6376 0.6333 0.4387
vn -0.0241 0.8421 0.5388
vn 0.0464 0.8531 0.5197
vn 0.0883 0.8188 0.5672
vn -0.1020 0.9481 0.3012
vn -0.6443 0.7092 0.2862
vn 0.0262 0.9405 0.3387
vn -0.0441 0.9320 0.3597
vn 0.0895 0.9372 0.3372
vn -0.1086 0.9898 0.0921
vn -0.6485 0.7522 0.1172
vn 0.0453 0.9940 0.0991
vn -0.0425 0.9903 0.1321
vn 0.0904 0.9893 0.1149
vn -0.1030 0.9880 -0.1149
vn -0.6491 0.7585 -0.0587
vn -0.0371 0.9926 -0.1153
vn 0.0396 0.9873 -0.1539
vn 0.0907 0.9929 -0.0768
vn -0.0924 0.9368 -0.3374
vn -0.6454 0.7186 -0.2588
vn -0.0246 0.9406 -0.3387
vn 0.0392 0.9401 -0.3385
vn 0.0881 0.9426 -0.3222
vn -0.1059 0.8492 -0.5174
vn -0.5352 0.6973 -0.4768
vn 0.0442 0.8499 -0.5251
vn -0.0413 0.8330 -0.5517
vn 0.0904 0.8505 -0.5181
vn -0.0979 0.7044 -0.7030
vn -0.7249 0.4928 -0.4813
vn 0.0252 0.7076 -0.7061
vn -0.0354 0.7074 -0.7060
vn 0.0849 0.7158 -0.6931
vn -0.0957 0.5174 -0.8504
vn -0.6242 0.4502 -0.6385
vn -0.0298 0.5600 -0.8279
vn 0.0494 0.5476 -0.8353
vn 0.0868 0.5630 -0.8219
vn -0.0995 0.3529 -0.9304
vn -0.6172 0.3170 -0.7201
vn 0.0312 0.3596 -0.9326
vn -0.0455 0.3724 -0.9270
vn 0.0832 0.4015 -0.9121
vn -0.0882 0.2064 -0.9745
vn -0.6120 0.1490 -0.7767
vn 0.0359 0.1569 -0.9870
vn -0.0336 0.1882 -0.9816
vn 0.0823 0.2188 -0.9723
vn -0.9968 -0.0000 -0.0794
vn -0.9694 -0.0000 -0.2454
vn -0.9839 -0.0322 -0.1760
vn -0.9969 -0.0173 -0.0771
vn -0.9014 -0.0000 -0.4330
vn -0.9123 -0.0831 -0.4009
vn -0.9008 -0.0818 -0.4264
vn -0.9001 -0.0000 -0.4356
vn -0.9829 -0.0645 -0.1726
vn -0.9969 -0.0291 -0.0725
vn -0.8861 -0.1728 -0.4301
vn -0.9129 -0.1580 -0.3765
vn -0.9801 -0.1054 -0.1682
vn -0.9970 -0.0401 -0.0658
vn -0.9164 -0.2141 -0.3382
vn -0.8987 -0.2443 -0.3643
vn -0.9759 -0.1498 -0.1589
vn -0.9972 -0.0529 -0.0535
vn -0.9167 -0.2773 -0.2878
vn -0.9095 -0.3044 -0.2830
vn -0.9847 -0.1440 -0.0979
vn -0.9973 -0.0618 -0.0401
vn -0.9133 -0.3410 -0.2229
vn -0.9127 -0.3521 -0.2075
vn -0.9776 -0.1955 -0.0777
vn -0.9974 -0.0680 -0.0248
vn -0.9062 -0.3939 -0.1541
vn -0.9151 -0.3843 -0.1221
vn -0.9826 -0.1834 -0.0286
vn -0.9974 -0.0715 -0.0056
vn -0.9171 -0.3939 -0.0614
vn -0.9163 -0.3993 -0.0309
vn -0.9827 -0.1848 0.0143
vn -0.9974 -0.0710 0.0109
vn -0.9237 -0.3814 0.0360
vn -0.9161 -0.3963 0.0617
vn -0.9824 -0.1780 0.0565
vn -0.9974 -0.0673 0.0272
vn -0.9067 -0.4006 0.1320
vn -0.9144 -0.3753 0.1514
vn -0.9849 -0.1485 0.0892
vn -0.9973 -0.0618 0.0400
vn -0.9138 -0.3500 0.2062
vn -0.9117 -0.3378 0.2339
vn -0.9811 -0.1400 0.1338
vn -0.9972 -0.0549 0.0510
vn -0.9106 -0.3026 0.2813
vn -0.9084 -0.2854 0.3055
vn -0.9803 -0.1118 0.1630
vn -0.9971 -0.0441 0.0625
vn -0.9073 -0.2423 0.3437
vn -0.9051 -0.2210 0.3633
vn -0.9743 -0.0899 0.2066
vn -0.9969 -0.0288 0.0726
vn -0.9043 -0.1720 0.3907
vn -0.9023 -0.1476 0.4050
vn -0.9790 -0.0384 0.2000
vn -0.9969 -0.0147 0.0776
vn -0.9022 -0.0947 0.4208
vn -0.8901 -0.0756 0.4494
vn -0.9789 -0.0000 0.2044
vn -0.9969 -0.0000 0.0793
vn -0.9014 -0.0000 0.4330
vn -0.9168 -0.0000 0.3994
vn -0.9790 0.0384 0.2000
vn -0.9969 0.0147 0.0776
vn -0.9022 0.0947 0.4208
vn -0.8901 0.0756 0.4495
vn -0.9743 0.0899 0.2066
vn -0.9969 0.0288 0.0726
vn -0.9043 0.1720 0.3907
vn -0.9023 0.1476 0.4050
vn -0.9875 0.0865 0.1319
vn -0.9970 0.0417 0.0644
vn -0.9073 0.2423 0.3437
vn -0.9123 0.2180 0.3466
vn -0.9775 0.1500 0.1481
vn -0.9972 0.0515 0.0551
vn -0.9106 0.3026 0.2813
vn -0.8988 0.3025 0.3174
vn -0.9771 0.1828 0.1089
vn -0.9973 0.0618 0.0400
vn -0.9138 0.3500 0.2062
vn -0.9117 0.3377 0.2339
vn -0.9824 0.1773 0.0592
vn -0.9974 0.0689 0.0219
vn -0.9162 0.3820 0.1213
vn -0.9144 0.3753 0.1514
vn -0.9856 0.1685 0.0146
vn -0.9974 0.0712 0.0084
vn -0.9173 0.3969 0.0307
vn -0.9160 0.3963 0.0618
vn -0.9826 0.1834 -0.0286
vn -0.9974 0.0715 -0.0056
vn -0.9171 0.3939 -0.0614
vn -0.9163 0.3993 -0.0309
vn -0.9822 0.1740 -0.0702
vn -0.9974 0.0689 -0.0219
vn -0.9062 0.3939 -0.1541
vn -0.9151 0.3843 -0.1221
vn -0.9768 0.1765 -0.1210
vn -0.9973 0.0618 -0.0401
vn -0.9197 0.3263 -0.2184
vn -0.9127 0.3521 -0.2074
vn -0.9809 0.1347 -0.1403
vn -0.9971 0.0516 -0.0552
vn -0.9095 0.2838 -0.3038
vn -0.9095 0.3044 -0.2830
vn -0.9875 0.0865 -0.1319
vn -0.9970 0.0417 -0.0645
vn -0.9164 0.2141 -0.3382
vn -0.9057 0.2324 -0.3545
vn -0.9758 0.0806 -0.2035
vn -0.9970 0.0314 -0.0714
vn -0.8963 0.1612 -0.4131
vn -0.9028 0.1603 -0.3991
vn -0.9839 0.0321 -0.1760
vn -0.9969 0.0172 -0.0771
vn -0.9021 0.0813 -0.4239
vn -0.9008 0.0818 -0.4264
s 1
g off
g LlantaDelanteraIzq_flgrey.010
usemtl flgrey.010
f 23//1 24//2 99//3
s 2
f 16//4 17//5 100//6
s 3
f 9//7 10//8 101//9
s 4
f 3//10 4//11 102//12
s 5
f 93//13 94//14 103//15
s 6
f 87//16 88//17 104//18
s 7
f 81//19 82//20 105//21
s 8
f 75//22 76//23 106//24
s 9
f 67//25 68//26 107//27
s 10
f 44//28 45//29 109//30
s 11
f 31//31 32//32 110//33
f 30//34 111//35 29//36
s 12
f 51//37 112//38 50//39
s 13
f 55//40 113//41 54//42
s 14
f 60//43 114//44 59//45
s 9
f 66//46 115//47 65//48
s 8
f 74//49 116//50 73//51
s 7
f 80//52 117//53 79//54
s 6
f 86//55 118//56 85//57
s 15
f 92//58 119//59 91//60
s 4
f 2//61 120//62 1//63
s 1
f 22//64 123//65 21//66
s 16
f 129//67 131//68 132//69
f 130//70 129//67 132//69
f 132//69 131//68 133//71
f 132//69 133//71 134//72
f 134//72 133//71 135//73
f 134//72 135//73 136//74
s 17
f 141//75 142//76 143//77
f 143//77 142//76 144//78
f 145//79 146//80 147//81
f 147//81 146//80 148//82
s 18
f 154//83 156//84 157//85
f 155//86 154//83 157//85
f 157//85 156//84 158//87
f 157//85 158//87 159//88
f 161//89 124//90 163//91
f 162//92 161//89 163//91
f 164//93 160//94 161//89
f 164//93 161//89 162//92
f 159//88 160//94 164//93
f 165//95 159//88 164//93
f 157//85 159//88 165//95
f 166//96 157//85 165//95
f 167//97 155//86 157//85
f 167//97 157//85 166//96
f 153//98 155//86 167//97
f 168//99 153//98 167//97
f 169//100 152//101 153//98
f 169//100 153//98 168//99
f 151//102 152//101 169//100
f 170//103 151//102 169//100
s 17
f 171//104 150//105 170//106
f 172//107 149//108 150//105
f 172//107 150//105 171//104
f 148//82 149//108 172//107
f 173//109 148//82 172//107
f 147//81 148//82 173//109
f 174//110 147//81 173//109
f 145//79 147//81 174//110
f 175//111 145//79 174//110
f 176//112 144//78 145//79
f 176//112 145//79 175//111
f 143//77 144//78 176//112
f 177//113 143//77 176//112
f 178//114 141//75 143//77
f 178//114 143//77 177//113
f 140//115 141//75 178//114
f 179//116 140//115 178//114
f 139//117 140//115 179//116
f 180//118 139//117 179//116
f 181//119 139//117 180//118
s 19
f 182//120 138//121 181//122
f 137//123 138//121 182//120
f 183//124 137//123 182//120
f 184//125 137//123 183//124
s 16
f 185//126 134//72 136//74
f 185//126 136//74 184//127
f 132//69 134//72 185//126
f 186//128 132//69 185//126
f 187//129 130//70 132//69
f 187//129 132//69 186//128
s 20
f 188//130 128//131 187//132
f 189//133 128//131 188//130
s 18
f 190//134 126//135 127//136
f 190//134 127//136 189//137
f 125//138 126//135 190//134
f 191//139 125//138 190//134
f 163//91 124//90 125//138
f 163//91 125//138 191//139
s 21
f 193//140 192//141 163//142
f 163//142 191//142 193//140
f 190//142 194//143 193//140
f 193//140 191//142 190//142
f 189//142 195//144 194//143
f 194//143 190//142 189//142
f 196//145 195//144 189//142
f 189//142 188//142 196//145
f 197//146 196//145 188//142
f 188//142 187//142 197//146
f 198//147 197//146 187//142
f 187//142 186//142 198//147
f 199//148 198//147 186//142
f 186//142 185//142 199//148
f 184//142 200//149 199//148
f 199//148 185//142 184//142
f 183//142 201//150 200//149
f 200//149 184//142 183//142
f 202//151 201//150 183//142
f 183//142 182//142 202//151
f 181//142 203//152 202//151
f 202//151 182//142 181//142
f 180//142 204//153 203//152
f 203//152 181//142 180//142
f 179//142 205//154 204//153
f 204//153 180//142 179//142
f 206//155 205//154 179//142
f 179//142 178//142 206//155
f 207//156 206//155 178//142
f 178//142 177//142 207//156
f 208//157 207//156 177//142
f 177//142 176//142 208//157
f 209//158 208//157 176//142
f 176//142 175//142 209//158
f 210//159 209//158 175//142
f 175//142 174//142 210//159
f 173//142 211//160 210//159
f 210//159 174//142 173//142
f 172//142 212//161 211//160
f 211//160 173//142 172//142
f 171//142 213//162 212//161
f 212//161 172//142 171//142
f 214//163 213//162 171//142
f 171//142 170//142 214//163
f 215//164 214//163 170//142
f 170//142 169//142 215//164
f 168//142 216//165 215//164
f 215//164 169//142 168//142
f 167//142 217//166 216//165
f 216//165 168//142 167//142
f 218//167 217//166 167//142
f 167//142 166//142 218//167
f 219//168 218//167 166//142
f 166//142 165//142 219//168
f 220//169 219//168 165//142
f 165//142 164//142 220//169
f 221//170 220//169 164//142
f 164//142 162//142 221//170
f 163//142 192//141 221//170
f 221//170 162//142 163//142
f 224//171 225//172 222//173
f 222//173 223//174 224//171
f 225//172 224//171 226//175
f 232//176 233//177 231//178
f 231//178 230//179 232//176
f 235//180 233//177 232//176
f 232//176 234//181 235//180
f 242//182 243//183 241//184
f 241//184 240//185 242//182
f 245//186 243//183 242//182
f 242//182 244//187 245//186
f 248//188 249//189 250//190
f 252//191 250//190 249//189
f 249//189 251//192 252//191
f 254//193 255//194 256//195
f 258//196 256//195 255//194
f 255//194 257//197 258//196
f 192//141 223//174 262//198
f 262//198 221//170 192//141
f 262//198 261//199 220//169
f 220//169 221//170 262//198
f 261//199 260//200 219//168
f 219//168 220//169 261//199
f 219//168 260//200 259//201
f 259//201 218//167 219//168
f 259//201 257//197 217//166
f 217//166 218//167 259//201
f 257//197 255//194 216//165
f 216//165 217//166 257//197
f 255//194 254//193 215//164
f 215//164 216//165 255//194
f 253//202 214//163 215//164
f 214//163 253//202 251//192
f 251//192 213//162 214//163
f 213//162 251//192 249//189
f 249//189 212//161 213//162
f 212//161 249//189 248//188
f 248//188 211//160 212//161
f 211//160 248//188 247//203
f 247//203 210//159 211//160
f 210//159 247//203 246//204
f 246//204 209//158 210//159
f 209//158 246//204 244//187
f 244//187 208//157 209//158
f 208//157 244//187 242//182
f 242//182 207//156 208//157
f 242//182 240//185 206//155
f 206//155 207//156 242//182
f 206//155 240//185 239//205
f 239//205 205//154 206//155
f 238//206 237//207 203//152
f 203//152 204//153 238//206
f 202//151 203//152 237//207
f 236//208 234//181 200//149
f 200//149 201//150 236//208
f 234//181 232//176 199//148
f 199//148 200//149 234//181
f 199//148 232//176 230//179
f 230//179 198//147 199//148
f 198//147 230//179 229//209
f 229//209 197//146 198//147
f 197//146 229//209 228//210
f 228//210 196//145 197//146
f 195//144 196//145 228//210
f 227//211 226//175 194//143
f 194//143 195//144 227//211
f 226//175 224//171 193//140
f 193//140 194//143 226//175
f 224//171 223//174 192//141
f 192//141 193//140 224//171
s 4
f 268//212 102//12 4//11
f 268//212 4//11 5//213
f 3//10 102//12 120//62
f 120//62 2//61 3//10
s 22
f 272//214 281//215 282//216
f 283//217 272//214 282//216
f 282//216 281//215 280//218
f 282//216 280//218 284//219
s 23
f 279//220 278//221 286//222
f 285//223 279//220 286//222
f 286//222 278//221 277//224
f 286//222 277//224 287//225
f 277//224 276//226 288//227
f 287//225 277//224 288//227
f 288//227 276//226 289//228
s 24
f 275//229 274//230 291//231
f 290//232 275//229 291//231
f 291//231 274//230 273//233
f 291//231 273//233 292//234
f 293//235 291//231 292//234
f 293//235 290//232 291//231
s 23
f 293//236 288//227 289//228
f 293//236 287//225 288//227
f 293//236 286//222 287//225
f 293//236 285//223 286//222
s 22
f 293//237 282//216 284//219
f 293//237 283//217 282//216
s 4
f 269//238 264//239 102//12
f 269//238 102//12 268//212
s 3
f 270//240 265//241 101//9
f 270//240 101//9 313//242
s 2
f 271//243 266//244 100//6
f 271//243 100//6 315//245
f 266//244 122//246 100//6
s 3
f 265//241 121//247 101//9
s 4
f 102//12 264//239 263//248
f 263//248 120//62 102//12
s 3
f 313//242 101//9 10//8
f 313//242 10//8 11//249
f 101//9 121//247 8//250
f 101//9 8//250 9//7
s 2
f 315//245 100//6 17//5
f 315//245 17//5 18//251
f 100//6 122//246 15//252
f 100//6 15//252 16//4
s 25
f 316//253 26//254 21//255
s 1
f 317//256 99//3 24//2
f 317//256 24//2 25//257
f 99//3 123//65 22//64
f 99//3 22//64 23//1
s 11
f 294//258 34//259 29//260
f 295//261 110//33 32//32
f 295//261 32//32 33//262
f 110//33 111//35 30//34
f 110//33 30//34 31//31
s 26
f 296//263 39//264 37//265
s 27
f 298//266 47//267 42//268
s 10
f 109//30 43//269 44//28
s 12
f 50//39 112//38 300//270
f 300//270 52//271 50//39
s 13
f 54//42 113//41 301//272
f 301//272 57//273 54//42
f 108//274 113//41 55//40
f 108//274 55//40 56//275
s 14
f 59//45 114//44 302//276
f 302//276 62//277 59//45
s 9
f 65//48 115//47 304//278
f 304//278 70//279 65//48
f 305//280 107//27 68//26
f 305//280 68//26 69//281
f 107//27 115//47 66//46
f 107//27 66//46 67//25
s 8
f 73//51 116//50 306//282
f 306//282 77//283 73//51
f 106//24 116//50 74//49
f 106//24 74//49 75//22
s 7
f 79//54 117//53 307//284
f 307//284 83//285 79//54
f 105//21 117//53 80//52
f 105//21 80//52 81//19
s 6
f 85//57 118//56 308//286
f 308//286 90//287 85//57
f 309//288 104//18 88//17
f 309//288 88//17 89//289
f 87//16 104//18 118//56
f 118//56 86//55 87//16
s 15
f 91//60 119//59 310//290
f 310//290 96//291 91//60
s 5
f 311//292 103//15 94//14
f 311//292 94//14 95//293
s 11
f 36//294 294//258 295//261
f 295//261 35//295 36//294
f 36//294 34//259 294//258
f 33//262 35//295 295//261
s 28
f 297//296 40//297 41//298
s 26
f 41//299 39//264 296//263
s 28
f 38//300 40//297 297//296
s 27
f 49//301 298//266 299//302
f 299//302 48//303 49//301
f 49//301 47//267 298//266
f 46//304 48//303 299//302
s 12
f 53//305 52//271 300//270
s 13
f 58//306 57//273 301//272
s 14
f 302//276 303//307 63//308
f 302//276 63//308 64//309
f 64//309 62//277 302//276
f 61//310 63//308 303//307
s 9
f 305//280 71//311 72//312
f 69//281 71//311 305//280
s 8
f 78//313 77//283 306//282
s 7
f 84//314 83//285 307//284
s 5
f 311//292 97//315 98//316
f 95//293 97//315 311//292
s 4
f 267//317 268//212 6//318
f 267//317 6//318 7//319
f 5//213 6//318 268//212
s 3
f 14//320 312//321 313//242
f 313//242 13//322 14//320
f 14//320 12//323 312//321
f 11//249 13//322 313//242
s 2
f 314//324 315//245 19//325
f 314//324 19//325 20//326
f 18//251 19//325 315//245
s 1
f 317//256 27//327 28//328
s 25
f 28//329 26//254 316//253
s 1
f 25//257 27//327 317//256
s 29
f 433//330 434//331 521//332
f 427//333 428//334 522//335
f 422//336 423//337 523//338
f 413//339 414//340 525//341
f 412//342 528//343 411//344
f 418//345 529//346 417//347
f 400//348 539//349 399//350
f 403//351 540//352 402//353
s 30
f 542//354 543//142 544//355
f 545//356 543//142 542//354
f 546//357 543//142 545//356
f 547//358 543//142 546//357
f 548//359 543//142 547//358
f 549//360 543//142 548//359
f 550//361 543//142 549//360
f 551//362 543//142 550//361
f 552//363 543//142 551//362
f 553//364 543//142 552//363
f 554//365 543//142 553//364
f 555//366 543//142 554//365
f 556//367 543//142 555//366
f 557//368 543//142 556//367
f 558//369 543//142 557//368
f 559//370 543//142 558//369
f 560//371 543//142 559//370
f 561//372 543//142 560//371
f 562//373 543//142 561//372
f 563//374 543//142 562//373
f 564//375 543//142 563//374
f 565//376 543//142 564//375
f 566//377 543//142 565//376
f 567//378 543//142 566//377
f 568//379 543//142 567//378
f 569//380 543//142 568//379
f 570//381 543//142 569//380
f 571//382 543//142 570//381
f 572//383 543//142 571//382
f 544//355 543//142 572//383
f 572//383 574//384 573//385
f 573//385 544//355 572//383
f 571//382 575//386 574//384
f 574//384 572//383 571//382
f 576//387 575//386 571//382
f 571//382 570//381 576//387
f 577//388 576//387 570//381
f 570//381 569//380 577//388
f 578//389 577//388 569//380
f 569//380 568//379 578//389
f 567//378 579//390 578//389
f 578//389 568//379 567//378
f 580//391 579//390 567//378
f 567//378 566//377 580//391
f 565//376 581//392 580//391
f 580//391 566//377 565//376
f 582//393 581//392 565//376
f 565//376 564//375 582//393
f 583//394 582//393 564//375
f 564//375 563//374 583//394
f 562//373 584//395 583//394
f 583//394 563//374 562//373
f 585//396 584//395 562//373
f 562//373 561//372 585//396
f 586//397 585//396 561//372
f 561//372 560//371 586//397
f 559//370 587//398 586//397
f 586//397 560//371 559//370
f 588//399 587//398 559//370
f 559//370 558//369 588//399
f 589//400 588//399 558//369
f 558//369 557//368 589//400
f 590//401 589//400 557//368
f 557//368 556//367 590//401
f 555//366 591//402 590//401
f 590//401 556//367 555//366
f 554//365 592//403 591//402
f 591//402 555//366 554//365
f 593//404 592//403 554//365
f 554//365 553//364 593//404
f 552//363 594//405 593//404
f 593//404 553//364 552//363
f 551//362 595//406 594//405
f 594//405 552//363 551//362
f 596//407 595//406 551//362
f 551//362 550//361 596//407
f 549//360 597//408 596//407
f 596//407 550//361 549//360
f 598//409 597//408 549//360
f 549//360 548//359 598//409
f 547//358 599//410 598//409
f 598//409 548//359 547//358
f 546//357 600//411 599//410
f 599//410 547//358 546//357
f 545//356 601//412 600//411
f 600//411 546//357 545//356
f 542//354 602//413 601//412
f 601//412 545//356 542//354
f 544//355 573//385 602//413
f 602//413 542//354 544//355
f 573//385 604//414 603//415
f 603//415 602//413 573//385
f 603//415 605//416 601//412
f 601//412 602//413 603//415
f 605//416 606//417 600//411
f 600//411 601//412 605//416
f 600//411 606//417 607//418
f 607//418 599//410 600//411
f 599//410 607//418 608//419
f 608//419 598//409 599//410
f 608//419 609//420 597//408
f 597//408 598//409 608//419
f 597//408 609//420 610//421
f 610//421 596//407 597//408
f 610//421 611//422 595//406
f 595//406 596//407 610//421
f 611//422 612//423 594//405
f 594//405 595//406 611//422
f 594//405 612//423 613//424
f 613//424 593//404 594//405
f 593//404 613//424 614//425
f 614//425 592//403 593//404
f 614//425 615//426 591//402
f 591//402 592//403 614//425
f 591//402 615//426 616//427
f 616//427 590//401 591//402
f 590//401 616//427 617//428
f 617//428 589//400 590//401
f 617//428 618//429 588//399
f 588//399 589//400 617//428
f 588//399 618//429 619//430
f 619//430 587//398 588//399
f 587//398 619//430 620//431
f 620//431 586//397 587//398
f 586//397 620//431 621//432
f 621//432 585//396 586//397
f 585//396 621//432 622//433
f 622//433 584//395 585//396
f 622//433 623//434 583//394
f 583//394 584//395 622//433
f 623//434 624//435 582//393
f 582//393 583//394 623//434
f 582//393 624//435 625//436
f 625//436 581//392 582//393
f 625//436 626//437 580//391
f 580//391 581//392 625//436
f 626//437 627//438 579//390
f 579//390 580//391 626//437
f 579//390 627//438 628//439
f 628//439 578//389 579//390
f 628//439 629//440 577//388
f 577//388 578//389 628//439
f 577//388 629//440 630//441
f 630//441 576//387 577//388
f 576//387 630//441 631//442
f 631//442 575//386 576//387
f 575//386 631//442 632//443
f 632//443 574//384 575//386
f 632//443 604//414 573//385
f 573//385 574//384 632//443
f 632//443 634//444 633//445
f 633//445 604//414 632//443
f 635//446 634//444 632//443
f 632//443 631//442 635//446
f 630//441 636//447 635//446
f 635//446 631//442 630//441
f 637//448 636//447 630//441
f 630//441 629//440 637//448
f 628//439 638//449 637//448
f 637//448 629//440 628//439
f 639//450 638//449 628//439
f 628//439 627//438 639//450
f 640//451 639//450 627//438
f 627//438 626//437 640//451
f 625//436 641//452 640//451
f 640//451 626//437 625//436
f 642//453 641//452 625//436
f 625//436 624//435 642//453
f 643//454 642//453 624//435
f 624//435 623//434 643//454
f 622//433 644//455 643//454
f 643//454 623//434 622//433
f 621//432 645//456 644//455
f 644//455 622//433 621//432
f 646//457 645//456 621//432
f 621//432 620//431 646//457
f 619//430 647//458 646//457
f 646//457 620//431 619//430
f 648//459 647//458 619//430
f 619//430 618//429 648//459
f 617//428 649//460 648//459
f 648//459 618//429 617//428
f 650//461 649//460 617//428
f 617//428 616//427 650//461
f 615//426 651//462 650//461
f 650//461 616//427 615//426
f 652//463 651//462 615//426
f 615//426 614//425 652//463
f 653//464 652//463 614//425
f 614//425 613//424 653//464
f 612//423 654//465 653//464
f 653//464 613//424 612//423
f 611//422 655//466 654//465
f 654//465 612//423 611//422
f 656//467 655//466 611//422
f 611//422 610//421 656//467
f 657//468 656//467 610//421
f 610//421 609//420 657//468
f 658//469 657//468 609//420
f 609//420 608//419 658//469
f 659//470 658//469 608//419
f 608//419 607//418 659//470
f 606//417 660//471 659//470
f 659//470 607//418 606//417
f 661//472 660//471 606//417
f 606//417 605//416 661//472
f 603//415 662//473 661//472
f 661//472 605//416 603//415
f 633//445 662//473 603//415
f 603//415 604//414 633//445
f 663//474 662//473 633//445
f 663//474 633//445 664//475
f 665//476 661//472 662//473
f 665//476 662//473 663//474
f 666//477 660//471 661//472
f 666//477 661//472 665//476
f 667//478 659//470 660//471
f 667//478 660//471 666//477
f 658//469 659//470 667//478
f 668//479 658//469 667//478
f 657//468 658//469 668//479
f 669//480 657//468 668//479
f 656//467 657//468 669//480
f 670//481 656//467 669//480
f 655//466 656//467 670//481
f 671//482 655//466 670//481
f 654//465 655//466 671//482
f 672//483 654//465 671//482
f 653//464 654//465 672//483
f 673//484 653//464 672//483
f 652//463 653//464 673//484
f 674//485 652//463 673//484
f 675//486 651//462 652//463
f 675//486 652//463 674//485
f 650//461 651//462 675//486
f 676//487 650//461 675//486
f 649//460 650//461 676//487
f 677//488 649//460 676//487
f 678//489 648//459 649//460
f 678//489 649//460 677//488
f 647//458 648//459 678//489
f 679//490 647//458 678//489
f 680//491 646//457 647//458
f 680//491 647//458 679//490
f 681//492 645//456 646//457
f 681//492 646//457 680//491
f 644//455 645//456 681//492
f 682//493 644//455 681//492
f 683//494 643//454 644//455
f 683//494 644//455 682//493
f 684//495 642//453 643//454
f 684//495 643//454 683//494
f 685//496 641//452 642//453
f 685//496 642//453 684//495
f 686//497 640//451 641//452
f 686//497 641//452 685//496
f 687//498 639//450 640//451
f 687//498 640//451 686//497
f 688//499 638//449 639//450
f 688//499 639//450 687//498
f 689//500 637//448 638//449
f 689//500 638//449 688//499
f 636//447 637//448 689//500
f 690//501 636//447 689//500
f 635//446 636//447 690//501
f 691//502 635//446 690//501
f 634//444 635//446 691//502
f 692//503 634//444 691//502
f 633//445 634//444 692//503
f 664//475 633//445 692//503
f 692//503 694//504 693//505
f 693//505 664//475 692//503
f 695//506 694//504 692//503
f 692//503 691//502 695//506
f 690//501 696//507 695//506
f 695//506 691//502 690//501
f 697//508 696//507 690//501
f 690//501 689//500 697//508
f 698//509 697//508 689//500
f 689//500 688//499 698//509
f 687//498 699//510 698//509
f 698//509 688//499 687//498
f 686//497 700//511 699//510
f 699//510 687//498 686//497
f 701//512 700//511 686//497
f 686//497 685//496 701//512
f 702//513 701//512 685//496
f 685//496 684//495 702//513
f 703//514 702//513 684//495
f 684//495 683//494 703//514
f 682//493 704//515 703//514
f 703//514 683//494 682//493
f 681//492 705//516 704//515
f 704//515 682//493 681//492
f 680//491 706//517 705//516
f 705//516 681//492 680//491
f 707//518 706//517 680//491
f 680//491 679//490 707//518
f 708//519 707//518 679//490
f 679//490 678//489 708//519
f 709//520 708//519 678//489
f 678//489 677//488 709//520
f 676//487 710//521 709//520
f 709//520 677//488 676//487
f 675//486 711//522 710//521
f 710//521 676//487 675//486
f 712//523 711//522 675//486
f 675//486 674//485 712//523
f 673//484 713//524 712//523
f 712//523 674//485 673//484
f 672//483 714//525 713//524
f 713//524 673//484 672//483
f 671//482 715//526 714//525
f 714//525 672//483 671//482
f 670//481 716//527 715//526
f 715//526 671//482 670//481
f 717//528 716//527 670//481
f 670//481 669//480 717//528
f 718//529 717//528 669//480
f 669//480 668//479 718//529
f 719//530 718//529 668//479
f 668//479 667//478 719//530
f 666//477 720//531 719//530
f 719//530 667//478 666//477
f 721//532 720//531 666//477
f 666//477 665//476 721//532
f 663//474 722//533 721//532
f 721//532 665//476 663//474
f 693//505 722//533 663//474
f 663//474 664//475 693//505
s 31
f 724//534 725//535 726//536
f 723//537 724//534 726//536
f 726//536 725//535 727//538
f 726//536 727//538 728//539
f 727//538 729//540 730//541
f 728//539 727//538 730//541
f 729//540 731//542 732//543
f 730//541 729//540 732//543
f 732//543 731//542 733//544
f 732//543 733//544 734//545
f 737//546 739//547 740//548
f 738//549 737//546 740//548
f 740//548 739//547 741//550
f 740//548 741//550 742//551
f 741//550 743//552 744//553
f 742//551 741//550 744//553
f 744//553 743//552 745//554
f 744//553 745//554 746//555
f 745//554 747//556 748//557
f 746//555 745//554 748//557
f 747//556 749//558 750//559
f 748//557 747//556 750//559
f 750//559 749//558 751//560
f 751//560 752//561 753//562
f 753//562 752//561 754//563
f 753//562 754//563 755//564
f 755//564 754//563 756//565
f 756//565 757//566 758//567
f 758//567 757//566 759//568
f 758//567 759//568 760//569
f 759//568 761//570 762//571
f 760//569 759//568 762//571
f 762//571 761//570 763//572
f 762//571 763//572 764//573
f 763//572 765//574 766//575
f 764//573 763//572 766//575
f 765//574 767//576 768//577
f 766//575 765//574 768//577
f 768//577 767//576 769//578
f 768//577 769//578 770//579
f 773//580 772//581 774//582
f 773//580 774//582 775//583
f 774//582 776//584 777//585
f 775//583 774//582 777//585
f 777//585 776//584 724//534
f 777//585 724//534 723//537
f 693//586 724//534 776//584
f 776//584 722//587 693//586
f 776//584 774//582 721//588
f 721//588 722//587 776//584
f 721//588 774//582 772//581
f 772//581 720//589 721//588
f 720//589 772//581 771//590
f 771//590 719//591 720//589
f 719//591 771//590 769//578
f 769//578 718//592 719//591
f 718//592 769//578 767//576
f 767//576 717//593 718//592
f 717//593 767//576 765//574
f 765//574 716//594 717//593
f 716//594 765//574 763//572
f 763//572 715//595 716//594
f 715//595 763//572 761//570
f 761//570 714//596 715//595
f 762//571 764//573 779//597
f 714//596 761//570 759//568
f 759//568 713//598 714//596
f 713//598 759//568 757//566
f 757//566 712//599 713//598
f 712//599 757//566 756//565
f 756//565 711//600 712//599
f 711//600 756//565 754//563
f 754//563 710//601 711//600
f 710//601 754//563 752//561
f 752//561 709//602 710//601
f 709//602 752//561 751//560
f 751//560 708//603 709//602
f 708//603 751//560 749//558
f 749//558 707//604 708//603
f 749//558 747//556 706//605
f 706//605 707//604 749//558
f 747//556 745//554 705//606
f 705//606 706//605 747//556
f 745//554 743//552 704//607
f 704//607 705//606 745//554
f 780//608 744//553 746//555
f 743//552 741//550 703//609
f 703//609 704//607 743//552
f 742//551 744//553 780//608
f 741//550 739//547 702//610
f 702//610 703//609 741//550
f 739//547 737//546 701//611
f 701//611 702//610 739//547
f 781//612 738//549 740//548
f 737//546 736//613 700//614
f 700//614 701//611 737//546
f 736//613 735//615 699//616
f 699//616 700//614 736//613
f 735//615 733//544 698//617
f 698//617 699//616 735//615
f 733//544 731//542 697//618
f 697//618 698//617 733//544
f 732//543 734//545 782//132
f 731//542 729//540 696//619
f 696//619 697//618 731//542
f 783//620 730//541 732//543
f 729//540 727//538 695//621
f 695//621 696//619 729//540
f 727//538 725//535 694//622
f 694//622 695//621 727//538
f 725//535 724//534 693//586
f 693//586 694//622 725//535
s 32
f 793//623 794//624 792//625
f 795//626 796//627 794//624
f 794//624 793//623 795//626
f 797//628 798//629 796//627
f 796//627 795//626 797//628
f 799//630 800//631 798//629
f 798//629 797//628 799//630
f 801//632 802//633 800//631
f 800//631 799//630 801//632
f 806//634 807//635 805//636
f 805//636 804//637 806//634
f 808//638 809//639 807//635
f 807//635 806//634 808//638
f 810//640 811//641 809//639
f 809//639 808//638 810//640
f 812//642 813//643 811//641
f 811//641 810//640 812//642
f 815//644 813//643 812//642
f 812//642 814//645 815//644
f 816//646 817//647 815//644
f 815//644 814//645 816//646
f 822//648 820//649 819//650
f 819//650 821//651 822//648
f 824//652 822//648 821//651
f 821//651 823//653 824//652
f 826//654 824//652 823//653
f 823//653 825//655 826//654
f 827//656 826//654 825//655
f 831//657 829//658 828//659
f 828//659 830//660 831//657
f 832//661 833//662 831//657
f 831//657 830//660 832//661
f 834//663 833//662 832//661
f 838//664 836//665 835//666
f 835//666 837//667 838//664
f 840//668 838//664 837//667
f 837//667 839//669 840//668
f 841//670 842//671 840//668
f 840//668 839//669 841//670
f 844//672 842//671 841//670
f 841//670 843//673 844//672
f 790//674 844//672 843//673
f 843//673 791//675 790//674
f 790//674 455//676 484//677
f 484//677 844//672 790//674
f 844//672 484//677 483//678
f 483//678 842//671 844//672
f 483//678 482//679 840//668
f 840//668 842//671 483//678
f 482//679 481//680 838//664
f 838//664 840//668 482//679
f 481//680 480//681 836//665
f 836//665 838//664 481//680
f 480//681 479//682 834//663
f 834//663 836//665 480//681
f 479//682 478//683 833//662
f 833//662 834//663 479//682
f 789//684 832//661 830//660
f 478//683 477//685 831//657
f 831//657 833//662 478//683
f 477//685 476//686 829//658
f 829//658 831//657 477//685
f 476//686 475//687 827//656
f 827//656 829//658 476//686
f 827//656 475//687 474//688
f 474//688 826//654 827//656
f 826//654 474//688 473//689
f 473//689 824//652 826//654
f 473//689 472//690 822//648
f 822//648 824//652 473//689
f 822//648 472//690 471//691
f 471//691 820//649 822//648
f 471//691 470//692 818//693
f 818//693 820//649 471//691
f 818//693 470//692 469//694
f 469//694 817//647 818//693
f 469//694 468//695 815//644
f 815//644 817//647 469//694
f 788//696 814//645 812//642
f 812//642 787//697 788//696
f 815//644 468//695 467//698
f 467//698 813//643 815//644
f 813//643 467//698 466//699
f 466//699 811//641 813//643
f 810//640 808//638 786//700
f 811//641 466//699 465//701
f 465//701 809//639 811//641
f 808//638 806//634 785//702
f 785//702 786//700 808//638
f 809//639 465//701 464//703
f 464//703 807//635 809//639
f 807//635 464//703 463//704
f 463//704 805//636 807//635
f 805//636 463//704 462//705
f 462//705 803//706 805//636
f 803//706 462//705 461//707
f 461//707 802//633 803//706
f 802//633 461//707 460//708
f 460//708 800//631 802//633
f 800//631 460//708 459//709
f 459//709 798//629 800//631
f 797//628 795//626 784//710
f 459//709 458//711 796//627
f 796//627 798//629 459//709
f 796//627 458//711 457//712
f 457//712 794//624 796//627
f 457//712 456//713 792//625
f 792//625 794//624 457//712
f 456//713 455//676 790//674
f 790//674 792//625 456//713
s 29
f 847//714 846//715 845//716
f 848//717 847//714 845//716
f 851//718 850//719 849//720
f 852//721 851//718 849//720
f 853//722 847//714 848//717
f 854//723 853//722 848//717
f 855//724 851//718 852//721
f 856//725 855//724 852//721
f 857//726 853//722 854//723
f 858//727 857//726 854//723
f 859//728 855//724 856//725
f 860//729 859//728 856//725
f 862//730 861//731 857//726
f 862//730 857//726 858//727
f 863//732 859//728 860//729
f 864//733 863//732 860//729
f 865//734 861//731 862//730
f 866//735 865//734 862//730
f 868//736 867//737 863//732
f 868//736 863//732 864//733
f 869//738 865//734 866//735
f 870//739 869//738 866//735
f 871//740 867//737 868//736
f 872//741 871//740 868//736
f 873//742 869//738 870//739
f 874//743 873//742 870//739
f 876//744 875//745 871//740
f 876//744 871//740 872//741
f 878//746 877//747 873//742
f 878//746 873//742 874//743
f 880//748 879//749 875//745
f 880//748 875//745 876//744
f 881//750 877//747 878//746
f 882//751 881//750 878//746
f 883//752 879//749 880//748
f 884//753 883//752 880//748
f 886//754 885//755 881//750
f 886//754 881//750 882//751
f 887//756 883//752 884//753
f 888//757 887//756 884//753
f 890//758 889//759 885//755
f 890//758 885//755 886//754
f 892//760 891//761 887//756
f 892//760 887//756 888//757
f 894//762 893//763 889//759
f 894//762 889//759 890//758
f 895//764 891//761 892//760
f 896//765 895//764 892//760
f 898//766 897//767 893//763
f 898//766 893//763 894//762
f 900//768 899//769 895//764
f 900//768 895//764 896//765
f 902//770 901//771 897//767
f 902//770 897//767 898//766
f 904//772 903//773 899//769
f 904//772 899//769 900//768
f 905//774 901//771 902//770
f 906//775 905//774 902//770
f 908//776 907//777 903//773
f 908//776 903//773 904//772
f 910//778 909//779 905//774
f 910//778 905//774 906//775
f 911//780 907//777 908//776
f 912//781 911//780 908//776
f 914//782 913//783 909//779
f 914//782 909//779 910//778
f 915//784 911//780 912//781
f 916//785 915//784 912//781
f 917//786 913//783 914//782
f 918//787 917//786 914//782
f 919//788 915//784 916//785
f 920//789 919//788 916//785
f 921//790 917//786 918//787
f 922//791 921//790 918//787
f 924//792 923//793 919//788
f 924//792 919//788 920//789
f 925//794 921//790 922//791
f 926//795 925//794 922//791
f 927//796 923//793 924//792
f 928//797 927//796 924//792
f 929//798 925//794 926//795
f 930//799 929//798 926//795
f 932//800 931//801 927//796
f 932//800 927//796 928//797
f 934//802 933//803 929//798
f 934//802 929//798 930//799
f 936//804 935//805 931//801
f 936//804 931//801 932//800
f 937//806 933//803 934//802
f 938//807 937//806 934//802
f 939//808 935//805 936//804
f 940//809 939//808 936//804
f 942//810 941//811 937//806
f 942//810 937//806 938//807
f 943//812 939//808 940//809
f 944//813 943//812 940//809
f 946//814 945//815 941//811
f 946//814 941//811 942//810
f 948//816 947//817 943//812
f 948//816 943//812 944//813
f 950//818 949//819 945//815
f 950//818 945//815 946//814
f 951//820 947//817 948//816
f 952//821 951//820 948//816
f 954//822 953//823 949//819
f 954//822 949//819 950//818
f 956//824 955//825 951//820
f 956//824 951//820 952//821
f 957//826 953//823 954//822
f 958//827 957//826 954//822
f 960//828 959//829 955//825
f 960//828 955//825 956//824
f 961//830 957//826 958//827
f 962//831 961//830 958//827
f 964//832 963//833 959//829
f 964//832 959//829 960//828
f 845//716 846//715 961//830
f 845//716 961//830 962//831
f 849//720 850//719 963//833
f 849//720 963//833 964//832
f 850//719 485//834 514//835
f 850//719 514//835 963//833
f 849//720 964//832 961//830
f 846//715 849//720 961//830
f 966//836 845//716 962//831
f 966//836 962//831 965//837
f 514//835 513//838 959//829
f 963//833 514//835 959//829
f 964//832 960//828 957//826
f 961//830 964//832 957//826
f 965//837 962//831 958//827
f 965//837 958//827 967//839
f 513//838 512//840 955//825
f 959//829 513//838 955//825
f 957//826 960//828 956//824
f 957//826 956//824 953//823
f 967//839 958//827 954//822
f 967//839 954//822 968//841
f 955//825 512//840 511//842
f 955//825 511//842 951//820
f 956//824 952//821 949//819
f 953//823 956//824 949//819
f 968//841 954//822 950//818
f 968//841 950//818 969//843
f 511//842 510//844 947//817
f 951//820 511//842 947//817
f 952//821 948//816 945//815
f 949//819 952//821 945//815
f 950//818 946//814 970//845
f 969//843 950//818 970//845
f 510//844 509//846 943//812
f 947//817 510//844 943//812
f 945//815 948//816 944//813
f 945//815 944//813 941//811
f 946//814 942//810 971//847
f 970//845 946//814 971//847
f 943//812 509//846 508//848
f 943//812 508//848 939//808
f 944//813 940//809 937//806
f 941//811 944//813 937//806
f 971//847 942//810 938//807
f 971//847 938//807 972//849
f 939//808 508//848 507//850
f 939//808 507//850 935//805
f 940//809 936//804 933//803
f 937//806 940//809 933//803
f 972//849 938//807 934//802
f 972//849 934//802 973//851
f 507//850 506//852 931//801
f 935//805 507//850 931//801
f 936//804 932//800 929//798
f 933//803 936//804 929//798
f 973//851 934//802 930//799
f 973//851 930//799 974//853
f 506//852 505//854 927//796
f 931//801 506//852 927//796
f 932//800 928//797 925//794
f 929//798 932//800 925//794
f 930//799 926//795 975//855
f 974//853 930//799 975//855
f 927//796 505//854 504//856
f 927//796 504//856 923//793
f 925//794 928//797 924//792
f 925//794 924//792 921//790
f 975//855 926//795 922//791
f 975//855 922//791 976//857
f 923//793 504//856 503//858
f 923//793 503//858 919//788
f 921//790 924//792 920//789
f 921//790 920//789 917//786
f 976//857 922//791 918//787
f 976//857 918//787 977//859
f 919//788 503//858 502//860
f 919//788 502//860 915//784
f 917//786 920//789 916//785
f 917//786 916//785 913//783
f 918//787 914//782 978//861
f 977//859 918//787 978//861
f 502//860 501//862 911//780
f 915//784 502//860 911//780
f 913//783 916//785 912//781
f 913//783 912//781 909//779
f 914//782 910//778 979//863
f 978//861 914//782 979//863
f 501//862 500//864 907//777
f 911//780 501//862 907//777
f 909//779 912//781 908//776
f 909//779 908//776 905//774
f 910//778 906//775 980//865
f 979//863 910//778 980//865
f 500//864 499//866 903//773
f 907//777 500//864 903//773
f 908//776 904//772 901//771
f 905//774 908//776 901//771
f 980//865 906//775 902//770
f 980//865 902//770 981//867
f 499//866 498//868 899//769
f 903//773 499//866 899//769
f 904//772 900//768 897//767
f 901//771 904//772 897//767
f 902//770 898//766 982//869
f 981//867 902//770 982//869
f 498//868 497//870 895//764
f 899//769 498//868 895//764
f 900//768 896//765 893//763
f 897//767 900//768 893//763
f 898//766 894//762 983//871
f 982//869 898//766 983//871
f 497//870 496//872 891//761
f 895//764 497//870 891//761
f 896//765 892//760 889//759
f 893//763 896//765 889//759
f 894//762 890//758 984//873
f 983//871 894//762 984//873
f 496//872 495//874 887//756
f 891//761 496//872 887//756
f 892//760 888//757 885//755
f 889//759 892//760 885//755
f 890//758 886//754 985//875
f 984//873 890//758 985//875
f 887//756 495//874 494//876
f 887//756 494//876 883//752
f 885//755 888//757 884//753
f 885//755 884//753 881//750
f 985//875 886//754 882//751
f 985//875 882//751 986//877
f 494//876 493//878 879//749
f 883//752 494//876 879//749
f 881//750 884//753 880//748
f 881//750 880//748 877//747
f 882//751 878//746 987//879
f 986//877 882//751 987//879
f 493//878 492//880 875//745
f 879//749 493//878 875//745
f 877//747 880//748 876//744
f 877//747 876//744 873//742
f 878//746 874//743 988//881
f 987//879 878//746 988//881
f 492//880 491//882 871//740
f 875//745 492//880 871//740
f 873//742 876//744 872//741
f 873//742 872//741 869//738
f 874//743 870//739 989//883
f 988//881 874//743 989//883
f 491//882 490//884 867//737
f 871//740 491//882 867//737
f 872//741 868//736 865//734
f 869//738 872//741 865//734
f 989//883 870//739 866//735
f 989//883 866//735 990//885
f 490//884 489//886 863//732
f 867//737 490//884 863//732
f 865//734 868//736 864//733
f 865//734 864//733 861//731
f 990//885 866//735 862//730
f 990//885 862//730 991//887
f 489//886 488//888 859//728
f 863//732 489//886 859//728
f 861//731 864//733 860//729
f 861//731 860//729 857//726
f 862//730 858//727 992//889
f 991//887 862//730 992//889
f 859//728 488//888 487//890
f 859//728 487//890 855//724
f 860//729 856//725 853//722
f 857//726 860//729 853//722
f 858//727 854//723 993//891
f 992//889 858//727 993//891
f 855//724 487//890 486//892
f 855//724 486//892 851//718
f 853//722 856//725 852//721
f 853//722 852//721 847//714
f 854//723 848//717 994//893
f 993//891 854//723 994//893
f 851//718 486//892 485//834
f 851//718 485//834 850//719
f 847//714 852//721 849//720
f 847//714 849//720 846//715
f 848//717 845//716 966//836
f 994//893 848//717 966//836
f 396//894 538//895 995//896
f 995//896 397//897 396//894
f 999//898 998//899 997//900
f 1000//901 999//898 997//900
f 997//900 998//899 1002//902
f 997//900 1002//902 1001//903
f 1001//903 1002//902 1004//904
f 1001//903 1004//904 1003//905
f 1004//904 1006//906 1005//907
f 1003//905 1004//904 1005//907
f 1005//907 1006//906 1008//359
f 1005//907 1008//359 1007//908
f 1008//359 1010//909 1009//910
f 1007//908 1008//359 1009//910
f 1009//910 1010//909 1012//911
f 1009//910 1012//911 1011//912
f 1011//912 1012//911 1014//913
f 1011//912 1014//913 1013//914
f 1014//913 1016//915 1015//916
f 1013//914 1014//913 1015//916
f 1016//915 1018//917 1017//918
f 1015//916 1016//915 1017//918
f 1017//918 1018//917 1020//919
f 1017//918 1020//919 1019//920
f 1019//920 1020//919 1022//921
f 1019//920 1022//921 1021//922
f 1022//921 1024//923 1023//924
f 1021//922 1022//921 1023//924
f 1023//924 1024//923 1026//925
f 1023//924 1026//925 1025//926
f 1026//925 1028//927 1027//928
f 1025//926 1026//925 1027//928
f 1027//928 1028//927 1030//929
f 1027//928 1030//929 1029//930
f 1030//929 1032//931 1031//932
f 1029//930 1030//929 1031//932
f 1031//932 1032//931 1034//933
f 1031//932 1034//933 1033//934
f 1033//934 1034//933 1036//935
f 1033//934 1036//935 1035//936
f 1036//935 1038//937 1037//938
f 1035//936 1036//935 1037//938
f 1038//937 1040//939 1039//940
f 1037//938 1038//937 1039//940
f 1039//940 1040//939 1042//941
f 1039//940 1042//941 1041//942
f 1042//941 1044//943 1043//944
f 1041//942 1042//941 1043//944
f 1044//943 1046//945 1045//946
f 1043//944 1044//943 1045//946
f 1045//946 1046//945 1048//947
f 1045//946 1048//947 1047//948
f 1048//947 1050//949 1049//950
f 1047//948 1048//947 1049//950
f 1050//949 1052//951 1051//952
f 1049//950 1050//949 1051//952
f 1052//951 1054//953 1053//954
f 1051//952 1052//951 1053//954
f 1054//953 1056//955 1055//956
f 1053//954 1054//953 1055//956
f 1056//955 999//898 1000//901
f 1055//956 1056//955 1000//901
f 1060//957 1059//958 1058//959
f 1060//957 1058//959 1057//960
f 1062//961 1055//956 1000//901
f 1062//961 1000//901 1061//962
f 1063//963 1059//958 1060//957
f 1064//964 1063//963 1060//957
f 1065//965 1053//954 1055//956
f 1065//965 1055//956 1062//961
f 1066//966 1063//963 1064//964
f 1067//967 1066//966 1064//964
f 1051//952 1053//954 1065//965
f 1068//968 1051//952 1065//965
f 1070//969 1069//970 1066//966
f 1070//969 1066//966 1067//967
f 1049//950 1051//952 1068//968
f 1071//971 1049//950 1068//968
f 1072//972 1069//970 1070//969
f 1073//973 1072//972 1070//969
f 1047//948 1049//950 1071//971
f 1074//974 1047//948 1071//971
f 1076//975 1075//976 1072//972
f 1076//975 1072//972 1073//973
f 1045//946 1047//948 1074//974
f 1077//977 1045//946 1074//974
f 1078//978 1075//976 1076//975
f 1079//979 1078//978 1076//975
f 1080//980 1043//944 1045//946
f 1080//980 1045//946 1077//977
f 1081//981 1078//978 1079//979
f 1082//982 1081//981 1079//979
f 1041//942 1043//944 1080//980
f 1083//983 1041//942 1080//980
f 1084//984 1081//981 1082//982
f 1085//985 1084//984 1082//982
f 1039//940 1041//942 1083//983
f 1086//986 1039//940 1083//983
f 1087//987 1084//984 1085//985
f 1088//988 1087//987 1085//985
f 1037//938 1039//940 1086//986
f 1089//989 1037//938 1086//986
f 1090//990 1087//987 1088//988
f 1091//991 1090//990 1088//988
f 1092//992 1035//936 1037//938
f 1092//992 1037//938 1089//989
f 1094//993 1093//994 1090//990
f 1094//993 1090//990 1091//991
f 1095//995 1033//934 1035//936
f 1095//995 1035//936 1092//992
f 1096//996 1093//994 1094//993
f 1097//997 1096//996 1094//993
f 1098//998 1031//932 1033//934
f 1098//998 1033//934 1095//995
f 1099//999 1096//996 1097//997
f 1100//1000 1099//999 1097//997
f 1029//930 1031//932 1098//998
f 1101//1001 1029//930 1098//998
f 1103//1002 1102//1003 1099//999
f 1103//1002 1099//999 1100//1000
f 1027//928 1029//930 1101//1001
f 1104//1004 1027//928 1101//1001
f 1105//1005 1102//1003 1103//1002
f 1106//1006 1105//1005 1103//1002
f 1107//1007 1025//926 1027//928
f 1107//1007 1027//928 1104//1004
f 1108//1008 1105//1005 1106//1006
f 1109//1009 1108//1008 1106//1006
f 1023//924 1025//926 1107//1007
f 1110//1010 1023//924 1107//1007
f 1112//1011 1111//1012 1108//1008
f 1112//1011 1108//1008 1109//1009
f 1021//922 1023//924 1110//1010
f 1113//1013 1021//922 1110//1010
f 1114//1014 1111//1012 1112//1011
f 1115//1015 1114//1014 1112//1011
f 1019//920 1021//922 1113//1013
f 1116//1016 1019//920 1113//1013
f 1118//1017 1117//1018 1114//1014
f 1118//1017 1114//1014 1115//1015
f 1017//918 1019//920 1116//1016
f 1119//1019 1017//918 1116//1016
f 1121//1020 1120//1021 1117//1018
f 1121//1020 1117//1018 1118//1017
f 1122//1022 1015//916 1017//918
f 1122//1022 1017//918 1119//1019
f 1123//1023 1120//1021 1121//1020
f 1124//1024 1123//1023 1121//1020
f 1125//1025 1013//914 1015//916
f 1125//1025 1015//916 1122//1022
f 1127//1026 1126//1027 1123//1023
f 1127//1026 1123//1023 1124//1024
f 1128//1028 1011//912 1013//914
f 1128//1028 1013//914 1125//1025
f 1130//1029 1129//1030 1126//1027
f 1130//1029 1126//1027 1127//1026
f 1009//910 1011//912 1128//1028
f 1131//1031 1009//910 1128//1028
f 1132//1032 1129//1030 1130//1029
f 1133//1033 1132//1032 1130//1029
f 1007//908 1009//910 1131//1031
f 1134//1034 1007//908 1131//1031
f 1136//1035 1135//1036 1132//1032
f 1136//1035 1132//1032 1133//1033
f 1137//1037 1005//907 1007//908
f 1137//1037 1007//908 1134//1034
f 1138//1038 1135//1036 1136//1035
f 1139//1039 1138//1038 1136//1035
f 1140//1040 1003//905 1005//907
f 1140//1040 1005//907 1137//1037
f 1142//1041 1141//1042 1138//1038
f 1142//1041 1138//1038 1139//1039
f 1143//1043 1001//903 1003//905
f 1143//1043 1003//905 1140//1040
f 1145//1044 1144//1045 1141//1042
f 1145//1044 1141//1042 1142//1041
f 1146//1046 997//900 1001//903
f 1146//1046 1001//903 1143//1043
f 1058//959 1144//1045 1145//1044
f 1057//960 1058//959 1145//1044
f 1061//962 1000//901 997//900
f 1061//962 997//900 1146//1046
f 1061//962 1146//1046 1144//1045
f 1058//959 1061//962 1144//1045
f 1146//1046 1143//1043 1141//1042
f 1144//1045 1146//1046 1141//1042
f 1143//1043 1140//1040 1138//1038
f 1141//1042 1143//1043 1138//1038
f 1138//1038 1140//1040 1137//1037
f 1138//1038 1137//1037 1135//1036
f 1137//1037 1134//1034 1132//1032
f 1135//1036 1137//1037 1132//1032
f 1132//1032 1134//1034 1131//1031
f 1132//1032 1131//1031 1129//1030
f 1131//1031 1128//1028 1126//1027
f 1129//1030 1131//1031 1126//1027
f 1128//1028 1125//1025 1123//1023
f 1126//1027 1128//1028 1123//1023
f 1125//1025 1122//1022 1120//1021
f 1123//1023 1125//1025 1120//1021
f 1120//1021 1122//1022 1119//1019
f 1120//1021 1119//1019 1117//1018
f 1117//1018 1119//1019 1116//1016
f 1117//1018 1116//1016 1114//1014
f 1116//1016 1113//1013 1111//1012
f 1114//1014 1116//1016 1111//1012
f 1111//1012 1113//1013 1110//1010
f 1111//1012 1110//1010 1108//1008
f 1110//1010 1107//1007 1105//1005
f 1108//1008 1110//1010 1105//1005
f 1105//1005 1107//1007 1104//1004
f 1105//1005 1104//1004 1102//1003
f 1104//1004 1101//1001 1099//999
f 1102//1003 1104//1004 1099//999
f 1099//999 1101//1001 1098//998
f 1099//999 1098//998 1096//996
f 1098//998 1095//995 1093//994
f 1096//996 1098//998 1093//994
f 1093//994 1095//995 1092//992
f 1093//994 1092//992 1090//990
f 1092//992 1089//989 1087//987
f 1090//990 1092//992 1087//987
f 1089//989 1086//986 1084//984
f 1087//987 1089//989 1084//984
f 1084//984 1086//986 1083//983
f 1084//984 1083//983 1081//981
f 1081//981 1083//983 1080//980
f 1081//981 1080//980 1078//978
f 1080//980 1077//977 1075//976
f 1078//978 1080//980 1075//976
f 1077//977 1074//974 1072//972
f 1075//976 1077//977 1072//972
f 1074//974 1071//971 1069//970
f 1072//972 1074//974 1069//970
f 1069//970 1071//971 1068//968
f 1069//970 1068//968 1066//966
f 1066//966 1068//968 1065//965
f 1066//966 1065//965 1063//963
f 1063//963 1065//965 1062//961
f 1063//963 1062//961 1059//958
f 1059//958 1062//961 1061//962
f 1059//958 1061//962 1058//959
f 1149//1047 1148//1048 1147//1049
f 1150//1050 1149//1047 1147//1049
f 1152//1051 1151//1052 1149//1047
f 1152//1051 1149//1047 1150//1050
f 1154//1053 1153//1054 1151//1052
f 1154//1053 1151//1052 1152//1051
f 1155//1055 1153//1054 1154//1053
f 1156//1056 1155//1055 1154//1053
f 1158//1057 1157//1058 1155//1055
f 1158//1057 1155//1055 1156//1056
f 1159//1059 1157//1058 1158//1057
f 1160//1060 1159//1059 1158//1057
f 1162//1061 1161//1062 1159//1059
f 1162//1061 1159//1059 1160//1060
f 1164//1063 1163//1064 1161//1062
f 1164//1063 1161//1062 1162//1061
f 1166//1065 1165//1066 1163//1064
f 1166//1065 1163//1064 1164//1063
f 1168//1067 1167//1068 1165//1066
f 1168//1067 1165//1066 1166//1065
f 1169//1069 1167//1068 1168//1067
f 1170//1070 1169//1069 1168//1067
f 1171//1071 1169//1069 1170//1070
f 1172//1072 1171//1071 1170//1070
f 1173//1073 1171//1071 1172//1072
f 1174//1074 1173//1073 1172//1072
f 1176//1075 1175//1076 1173//1073
f 1176//1075 1173//1073 1174//1074
f 1177//1077 1175//1076 1176//1075
f 1178//1078 1177//1077 1176//1075
f 1180//1079 1179//1080 1177//1077
f 1180//1079 1177//1077 1178//1078
f 1181//1081 1179//1080 1180//1079
f 1182//1082 1181//1081 1180//1079
f 1184//1083 1183//1084 1181//1081
f 1184//1083 1181//1081 1182//1082
f 1186//1085 1185//1086 1183//1084
f 1186//1085 1183//1084 1184//1083
f 1187//1087 1185//1086 1186//1085
f 1188//1088 1187//1087 1186//1085
f 1189//1089 1187//1087 1188//1088
f 1190//1090 1189//1089 1188//1088
f 1191//1091 1189//1089 1190//1090
f 1192//1092 1191//1091 1190//1090
f 1193//1093 1191//1091 1192//1092
f 1194//1094 1193//1093 1192//1092
f 1195//1095 1193//1093 1194//1094
f 1196//1096 1195//1095 1194//1094
f 1197//1097 1195//1095 1196//1096
f 1198//1098 1197//1097 1196//1096
f 1200//1099 1199//1100 1197//1097
f 1200//1099 1197//1097 1198//1098
f 1202//1101 1201//1102 1199//1100
f 1202//1101 1199//1100 1200//1099
f 1204//1103 1203//1104 1201//1102
f 1204//1103 1201//1102 1202//1101
f 1205//1105 1203//1104 1204//1103
f 1206//1106 1205//1105 1204//1103
f 1147//1049 1148//1048 1205//1105
f 1147//1049 1205//1105 1206//1106
f 1057//960 1145//1044 1205//1105
f 1148//1048 1057//960 1205//1105
f 1205//1105 1145//1044 1142//1041
f 1205//1105 1142//1041 1203//1104
f 1142//1041 1139//1039 1201//1102
f 1203//1104 1142//1041 1201//1102
f 1201//1102 1139//1039 1136//1035
f 1201//1102 1136//1035 1199//1100
f 1199//1100 1136//1035 1133//1033
f 1199//1100 1133//1033 1197//1097
f 1197//1097 1133//1033 1130//1029
f 1197//1097 1130//1029 1195//1095
f 1130//1029 1127//1026 1193//1093
f 1195//1095 1130//1029 1193//1093
f 1193//1093 1127//1026 1124//1024
f 1193//1093 1124//1024 1191//1091
f 1124//1024 1121//1020 1189//1089
f 1191//1091 1124//1024 1189//1089
f 1189//1089 1121//1020 1118//1017
f 1189//1089 1118//1017 1187//1087
f 1187//1087 1118//1017 1115//1015
f 1187//1087 1115//1015 1185//1086
f 1185//1086 1115//1015 1112//1011
f 1185//1086 1112//1011 1183//1084
f 1112//1011 1109//1009 1181//1081
f 1183//1084 1112//1011 1181//1081
f 1181//1081 1109//1009 1106//1006
f 1181//1081 1106//1006 1179//1080
f 1179//1080 1106//1006 1103//1002
f 1179//1080 1103//1002 1177//1077
f 1103//1002 1100//1000 1175//1076
f 1177//1077 1103//1002 1175//1076
f 1100//1000 1097//997 1173//1073
f 1175//1076 1100//1000 1173//1073
f 1173//1073 1097//997 1094//993
f 1173//1073 1094//993 1171//1071
f 1094//993 1091//991 1169//1069
f 1171//1071 1094//993 1169//1069
f 1091//991 1088//988 1167//1068
f 1169//1069 1091//991 1167//1068
f 1088//988 1085//985 1165//1066
f 1167//1068 1088//988 1165//1066
f 1165//1066 1085//985 1082//982
f 1165//1066 1082//982 1163//1064
f 1082//982 1079//979 1161//1062
f 1163//1064 1082//982 1161//1062
f 1161//1062 1079//979 1076//975
f 1161//1062 1076//975 1159//1059
f 1076//975 1073//973 1157//1058
f 1159//1059 1076//975 1157//1058
f 1073//973 1070//969 1155//1055
f 1157//1058 1073//973 1155//1055
f 1070//969 1067//967 1153//1054
f 1155//1055 1070//969 1153//1054
f 1153//1054 1067//967 1064//964
f 1153//1054 1064//964 1151//1052
f 1064//964 1060//957 1149//1047
f 1151//1052 1064//964 1149//1047
f 1149//1047 1060//957 1057//960
f 1149//1047 1057//960 1148//1048
f 1209//1107 1208//1108 1207//1109
f 1210//1110 1209//1107 1207//1109
f 1211//1111 1209//1107 1210//1110
f 1212//1112 1211//1111 1210//1110
f 1214//1113 1213//1114 1211//1111
f 1214//1113 1211//1111 1212//1112
f 1215//1115 1213//1114 1214//1113
f 1216//1116 1215//1115 1214//1113
f 1218//1117 1217//1118 1215//1115
f 1218//1117 1215//1115 1216//1116
f 1220//1119 1219//1120 1217//1118
f 1220//1119 1217//1118 1218//1117
f 1222//1121 1221//1122 1219//1120
f 1222//1121 1219//1120 1220//1119
f 1224//1123 1223//1124 1221//1122
f 1224//1123 1221//1122 1222//1121
f 1225//1125 1223//1124 1224//1123
f 1226//1126 1225//1125 1224//1123
f 1228//1127 1227//1128 1225//1125
f 1228//1127 1225//1125 1226//1126
f 1229//1129 1227//1128 1228//1127
f 1230//1130 1229//1129 1228//1127
f 1231//1131 1229//1129 1230//1130
f 1232//1132 1231//1131 1230//1130
f 1233//1133 1231//1131 1232//1132
f 1234//1134 1233//1133 1232//1132
f 1236//1135 1235//1136 1233//1133
f 1236//1135 1233//1133 1234//1134
f 1238//1137 1237//1138 1235//1136
f 1238//1137 1235//1136 1236//1135
f 1239//1139 1237//1138 1238//1137
f 1240//1140 1239//1139 1238//1137
f 1242//1141 1241//1142 1239//1139
f 1242//1141 1239//1139 1240//1140
f 1243//1143 1241//1142 1242//1141
f 1244//1144 1243//1143 1242//1141
f 1246//1145 1245//1146 1243//1143
f 1246//1145 1243//1143 1244//1144
f 1248//1147 1247//1148 1245//1146
f 1248//1147 1245//1146 1246//1145
f 1249//1149 1247//1148 1248//1147
f 1250//1150 1249//1149 1248//1147
f 1251//1151 1249//1149 1250//1150
f 1252//1152 1251//1151 1250//1150
f 1253//1153 1251//1151 1252//1152
f 1254//1154 1253//1153 1252//1152
f 1256//1155 1255//1156 1253//1153
f 1256//1155 1253//1153 1254//1154
f 1257//1157 1255//1156 1256//1155
f 1258//1158 1257//1157 1256//1155
f 1259//1159 1257//1157 1258//1158
f 1260//1160 1259//1159 1258//1158
f 1262//1161 1261//1162 1259//1159
f 1262//1161 1259//1159 1260//1160
f 1263//1163 1261//1162 1262//1161
f 1264//1164 1263//1163 1262//1161
f 1265//1165 1263//1163 1264//1164
f 1266//1166 1265//1165 1264//1164
f 1207//1109 1208//1108 1265//1165
f 1207//1109 1265//1165 1266//1166
f 1147//1049 1206//1106 1265//1165
f 1208//1108 1147//1049 1265//1165
f 1265//1165 1206//1106 1204//1103
f 1265//1165 1204//1103 1263//1163
f 1263//1163 1204//1103 1202//1101
f 1263//1163 1202//1101 1261//1162
f 1202//1101 1200//1099 1259//1159
f 1261//1162 1202//1101 1259//1159
f 1200//1099 1198//1098 1257//1157
f 1259//1159 1200//1099 1257//1157
f 1257//1157 1198//1098 1196//1096
f 1257//1157 1196//1096 1255//1156
f 1196//1096 1194//1094 1253//1153
f 1255//1156 1196//1096 1253//1153
f 1194//1094 1192//1092 1251//1151
f 1253//1153 1194//1094 1251//1151
f 1251//1151 1192//1092 1190//1090
f 1251//1151 1190//1090 1249//1149
f 1190//1090 1188//1088 1247//1148
f 1249//1149 1190//1090 1247//1148
f 1247//1148 1188//1088 1186//1085
f 1247//1148 1186//1085 1245//1146
f 1245//1146 1186//1085 1184//1083
f 1245//1146 1184//1083 1243//1143
f 1184//1083 1182//1082 1241//1142
f 1243//1143 1184//1083 1241//1142
f 1241//1142 1182//1082 1180//1079
f 1241//1142 1180//1079 1239//1139
f 1180//1079 1178//1078 1237//1138
f 1239//1139 1180//1079 1237//1138
f 1237//1138 1178//1078 1176//1075
f 1237//1138 1176//1075 1235//1136
f 1176//1075 1174//1074 1233//1133
f 1235//1136 1176//1075 1233//1133
f 1233//1133 1174//1074 1172//1072
f 1233//1133 1172//1072 1231//1131
f 1172//1072 1170//1070 1229//1129
f 1231//1131 1172//1072 1229//1129
f 1170//1070 1168//1067 1227//1128
f 1229//1129 1170//1070 1227//1128
f 1227//1128 1168//1067 1166//1065
f 1227//1128 1166//1065 1225//1125
f 1225//1125 1166//1065 1164//1063
f 1225//1125 1164//1063 1223//1124
f 1164//1063 1162//1061 1221//1122
f 1223//1124 1164//1063 1221//1122
f 1162//1061 1160//1060 1219//1120
f 1221//1122 1162//1061 1219//1120
f 1219//1120 1160//1060 1158//1057
f 1219//1120 1158//1057 1217//1118
f 1217//1118 1158//1057 1156//1056
f 1217//1118 1156//1056 1215//1115
f 1215//1115 1156//1056 1154//1053
f 1215//1115 1154//1053 1213//1114
f 1154//1053 1152//1051 1211//1111
f 1213//1114 1154//1053 1211//1111
f 1152//1051 1150//1050 1209//1107
f 1211//1111 1152//1051 1209//1107
f 1209//1107 1150//1050 1147//1049
f 1209//1107 1147//1049 1208//1108
f 1268//1167 1264//1164 1262//1161
f 1268//1167 1262//1161 1269//1168
f 1262//1161 1260//1160 1270//1169
f 1269//1168 1262//1161 1270//1169
f 1270//1169 1260//1160 1258//1158
f 1270//1169 1258//1158 1271//1170
f 1258//1158 1256//1155 1272//1171
f 1271//1170 1258//1158 1272//1171
f 1272//1171 1256//1155 1254//1154
f 1272//1171 1254//1154 1273//1172
f 1254//1154 1252//1152 1274//1173
f 1273//1172 1254//1154 1274//1173
f 1274//1173 1252//1152 1250//1150
f 1274//1173 1250//1150 1275//1174
f 1250//1150 1248//1147 1276//1175
f 1275//1174 1250//1150 1276//1175
f 1276//1175 1248//1147 1246//1145
f 1276//1175 1246//1145 1277//1176
f 1240//1140 1238//1137 1278//1177
f 1278//1177 1238//1137 1236//1135
f 1278//1177 1236//1135 1279//1178
f 1279//1178 1236//1135 1234//1134
f 1279//1178 1234//1134 1280//1179
f 1230//1130 1228//1127 1282//1180
f 1281//1181 1230//1130 1282//1180
f 1282//1180 1228//1127 1226//1126
f 1282//1180 1226//1126 1283//1182
f 1226//1126 1224//1123 1284//1183
f 1283//1182 1226//1126 1284//1183
f 1284//1183 1224//1123 1222//1121
f 1284//1183 1222//1121 1285//1184
f 1222//1121 1220//1119 1286//1185
f 1285//1184 1222//1121 1286//1185
f 1286//1185 1220//1119 1218//1117
f 1286//1185 1218//1117 1287//1186
f 1218//1117 1216//1116 1288//1187
f 1287//1186 1218//1117 1288//1187
f 1288//1187 1216//1116 1214//1113
f 1288//1187 1214//1113 1289//1188
f 1289//1188 1214//1113 1212//1112
f 1289//1188 1212//1112 1290//1189
f 1212//1112 1210//1110 1291//1190
f 1290//1189 1212//1112 1291//1190
f 1291//1190 1210//1110 1207//1109
f 1291//1190 1207//1109 1267//1191
f 1292//1192 1291//1190 1267//1191
f 1292//1192 1290//1189 1291//1190
f 1292//1192 1289//1188 1290//1189
f 1292//1192 1288//1187 1289//1188
f 1292//1192 1287//1186 1288//1187
f 1292//1192 1286//1185 1287//1186
f 1292//1192 1285//1184 1286//1185
f 1292//1192 1284//1183 1285//1184
f 1292//1192 1283//1182 1284//1183
f 1292//1192 1282//1180 1283//1182
f 1292//1192 1281//1181 1282//1180
f 1292//1193 1279//1178 1280//1179
f 1292//1193 1278//1177 1279//1178
f 1292//1194 1276//1175 1277//1176
f 1292//1194 1275//1174 1276//1175
f 1292//1194 1274//1173 1275//1174
f 1292//1194 1273//1172 1274//1173
f 1292//1194 1272//1171 1273//1172
f 1292//1194 1271//1170 1272//1171
f 1292//1194 1270//1169 1271//1170
f 1292//1194 1269//1168 1270//1169
f 1292//1194 1268//1167 1269//1168
f 527//1195 974//853 1016//915
f 1016//915 1293//1196 527//1195
f 1014//913 973//851 526//1197
f 1014//913 526//1197 1294//1198
f 528//343 976//857 1020//919
f 1020//919 1295//1199 528//343
f 1018//917 975//855 525//341
f 1018//917 525//341 1296//1200
f 529//346 978//861 1024//923
f 1024//923 1297//1201 529//346
f 1022//921 977//859 524//1202
f 1022//921 524//1202 1298//1203
f 530//1204 980//865 1028//927
f 1028//927 1299//1205 530//1204
f 1026//925 979//863 523//338
f 1026//925 523//338 1300//1206
f 531//1207 982//869 1032//931
f 1032//931 1301//1208 531//1207
f 1030//929 981//867 522//335
f 1030//929 522//335 1302//1209
f 532//1210 984//873 1036//935
f 1036//935 1303//1211 532//1210
f 1034//933 983//871 521//332
f 1034//933 521//332 1304//1212
f 533//1213 986//877 1040//939
f 1040//939 1305//1214 533//1213
f 1038//937 985//875 520//1215
f 1038//937 520//1215 1306//1216
f 534//1217 988//881 1044//943
f 1044//943 1307//1218 534//1217
f 1042//941 987//879 519//1219
f 1042//941 519//1219 1308//1220
f 535//1221 990//885 1048//947
f 1048//947 1309//1222 535//1221
f 1046//945 989//883 518//1223
f 1046//945 518//1223 1310//1224
f 536//1225 992//889 1052//951
f 1052//951 1311//1226 536//1225
f 1050//949 991//887 517//1227
f 1050//949 517//1227 1312//1228
f 537//1229 994//893 1056//955
f 1056//955 1313//1230 537//1229
f 1054//953 993//891 516//1231
f 1054//953 516//1231 1314//1232
f 538//895 965//837 998//899
f 998//899 995//896 538//895
f 539//349 968//841 1004//904
f 1004//904 1315//1233 539//349
f 540//352 970//845 1008//359
f 1008//359 1317//1234 540//352
f 541//1235 972//849 1012//911
f 1012//911 1319//1236 541//1235
f 1010//909 971//847 515//1237
f 1010//909 515//1237 1320//1238
f 1056//955 994//893 966//836
f 1056//955 966//836 999//898
f 1052//951 992//889 993//891
f 1052//951 993//891 1054//953
f 1048//947 990//885 991//887
f 1048//947 991//887 1050//949
f 988//881 989//883 1046//945
f 1044//943 988//881 1046//945
f 1040//939 986//877 987//879
f 1040//939 987//879 1042//941
f 984//873 985//875 1038//937
f 1036//935 984//873 1038//937
f 1032//931 982//869 983//871
f 1032//931 983//871 1034//933
f 980//865 981//867 1030//929
f 1028//927 980//865 1030//929
f 1024//923 978//861 979//863
f 1024//923 979//863 1026//925
f 1020//919 976//857 977//859
f 1020//919 977//859 1022//921
f 1016//915 974//853 975//855
f 1016//915 975//855 1018//917
f 972//849 973//851 1014//913
f 1012//911 972//849 1014//913
f 970//845 971//847 1010//909
f 1008//359 970//845 1010//909
f 968//841 969//843 1006//906
f 1004//904 968//841 1006//906
f 965//837 967//839 1002//902
f 998//899 965//837 1002//902
f 1319//1236 1012//911 1010//909
f 1010//909 1320//1238 1319//1236
f 971//847 972//849 541//1235
f 971//847 541//1235 515//1237
f 1317//1234 1008//359 1006//906
f 1006//906 1318//1239 1317//1234
f 969//843 970//845 540//352
f 1004//904 1002//902 1316//1240
f 1004//904 1316//1240 1315//1233
f 967//839 968//841 539//349
f 998//899 999//898 996//1241
f 998//899 996//1241 995//896
f 1056//955 1054//953 1314//1232
f 1056//955 1314//1232 1313//1230
f 993//891 994//893 537//1229
f 993//891 537//1229 516//1231
f 1052//951 1050//949 1312//1228
f 1052//951 1312//1228 1311//1226
f 991//887 992//889 536//1225
f 991//887 536//1225 517//1227
f 1048//947 1046//945 1310//1224
f 1048//947 1310//1224 1309//1222
f 518//1223 989//883 990//885
f 990//885 535//1221 518//1223
f 1044//943 1042//941 1308//1220
f 1044//943 1308//1220 1307//1218
f 519//1219 987//879 988//881
f 988//881 534//1217 519//1219
f 1305//1214 1040//939 1038//937
f 1038//937 1306//1216 1305//1214
f 985//875 986//877 533//1213
f 985//875 533//1213 520//1215
f 1036//935 1034//933 1304//1212
f 1036//935 1304//1212 1303//1211
f 521//332 983//871 984//873
f 984//873 532//1210 521//332
f 1301//1208 1032//931 1030//929
f 1030//929 1302//1209 1301//1208
f 522//335 981//867 982//869
f 982//869 531//1207 522//335
f 1028//927 1026//925 1300//1206
f 1028//927 1300//1206 1299//1205
f 523//338 979//863 980//865
f 980//865 530//1204 523//338
f 1024//923 1022//921 1298//1203
f 1024//923 1298//1203 1297//1201
f 524//1202 977//859 978//861
f 978//861 529//346 524//1202
f 1295//1199 1020//919 1018//917
f 1018//917 1296//1200 1295//1199
f 525//341 975//855 976//857
f 976//857 528//343 525//341
f 1016//915 1014//913 1294//1198
f 1016//915 1294//1198 1293//1196
f 526//1197 973//851 974//853
f 974//853 527//1195 526//1197
f 399//350 539//349 1315//1233
f 1315//1233 401//1242 399//350
f 402//353 540//352 1317//1234
f 1317//1234 404//1243 402//353
f 406//1244 541//1235 1319//1236
f 409//1245 527//1195 1293//1196
f 411//344 528//343 1295//1199
f 1296//1200 525//341 414//340
f 1296//1200 414//340 415//1246
f 525//341 528//343 412//342
f 525//341 412//342 413//339
f 417//347 529//346 1297//1201
f 1298//1203 524//1202 419//1247
f 1298//1203 419//1247 420//1248
f 524//1202 529//346 418//345
f 1300//1206 523//338 423//337
f 1300//1206 423//337 424//1249
f 523//338 530//1204 421//1250
f 523//338 421//1250 422//336
f 1302//1209 522//335 428//334
f 1302//1209 428//334 429//1251
f 1304//1212 521//332 434//331
f 1304//1212 434//331 435//1252
f 433//330 521//332 532//1210
f 532//1210 432//1253 433//330
f 1308//1220 519//1219 439//1254
f 1308//1220 439//1254 440//1255
f 1310//1224 518//1223 443//1256
f 1310//1224 443//1256 444//1257
f 452//1258 516//1231 537//1229
f 537//1229 451//1259 452//1258
f 416//1260 1295//1199 1296//1200
f 426//1261 1299//1205 1300//1206
f 1300//1206 425//1262 426//1261
f 424//1249 425//1262 1300//1206
f 431//1263 1301//1208 1302//1209
f 1302//1209 430//1264 431//1263
f 429//1251 430//1264 1302//1209
f 438//1265 1305//1214 1306//1216
f 438//1265 437//1266 1305//1214
f 442//1267 1307//1218 1308//1220
f 1308//1220 441//1268 442//1267
f 440//1255 441//1268 1308//1220
f 446//1269 1309//1222 1310//1224
f 1310//1224 445//1270 446//1269
f 444//1257 445//1270 1310//1224
f 450//1271 1311//1226 1312//1228
f 1312//1228 449//1272 450//1271
f 450//1271 448//1273 1311//1226
f 447//1274 449//1272 1312//1228
f 454//1275 1313//1230 1314//1232
f 454//1275 453//1276 1313//1230
f 398//1277 397//897 995//896
f 405//1278 404//1243 1317//1234
f 408//1279 1319//1236 1320//1238
s 33
g LlantaDelanteraIzq_grey.007
usemtl grey.007
f 318//1280 319//1281 320//1282
f 323//1283 321//1284 320//1282
f 320//1282 319//1281 323//1283
f 322//1285 324//1286 325//1287
f 324//1286 322//1285 321//1284
f 321//1284 323//1283 324//1286
s 34
f 330//1288 328//1289 327//1290
f 327//1290 326//1291 330//1288
f 331//1292 329//1293 332//1294
f 331//1292 332//1294 333//1295
f 330//1288 332//1294 329//1293
f 328//1289 330//1288 329//1293
s 35
f 338//1296 336//1297 335//1298
f 335//1298 334//1299 338//1296
f 339//1300 337//1301 340//1302
f 339//1300 340//1302 341//1303
f 340//1302 337//1301 336//1297
f 336//1297 338//1296 340//1302
s 36
f 343//1304 342//1305 345//1306
s 37
f 348//1307 346//1308 344//1309
f 344//1309 347//1310 348//1307
s 36
f 343//1304 345//1306 347//1311
s 37
f 346//1308 348//1307 349//1312
s 38
f 353//1313 356//1314 357//1315
f 355//1316 353//1313 357//1315
f 356//1314 353//1313 350//1317
f 350//1317 354//1318 356//1314
f 358//1319 351//1320 355//1316
f 355//1316 357//1315 358//1319
s 39
f 363//1321 360//1322 361//1323
f 361//1323 362//1324 363//1321
f 360//1322 365//1325 366//1326
f 360//1322 366//1326 361//1323
f 364//1327 368//1328 366//1326
f 364//1327 366//1326 365//1325
s 40
f 372//1329 369//1330 370//1331
f 370//1331 371//1332 372//1329
f 372//1329 371//1332 374//1333
f 375//1334 376//1335 370//1331
f 369//1330 375//1334 370//1331
f 375//1334 373//1336 378//1337
f 378//1337 376//1335 375//1334
s 41
f 382//1338 379//1339 380//1340
f 380//1340 381//1341 382//1338
f 382//1338 381//1341 383//1342
f 380//1340 379//1339 384//1343
f 384//1343 385//1344 380//1340
s 42
f 386//1345 387//1346 388//1347
f 389//1348 388//1347 387//1346
f 389//1348 387//1346 390//1349
s 43
f 394//1350 391//1351 392//1352
f 392//1352 393//1353 394//1350
f 395//1354 392//1352 391//1351
s 40
f 377//1355 378//1337 373//1336
s 39
f 367//1356 368//1328 364//1327
s 38
f 352//1357 351//1320 358//1319
f 352//1357 358//1319 359//1358
s 44
f 1323//1359 1321//1360 1322//1361
f 1326//1362 1324//1363 1325//1364
f 1325//1364 1323//1359 1326//1362
f 1330//1365 1327//1366 1328//1367
f 1328//1367 1329//1368 1330//1365
f 1324//1363 1326//1362 1331//1369
f 1321//1360 1323//1359 1325//1364
f 1325//1364 1324//1363 1328//1367
f 1328//1367 1327//1366 1325//1364
f 1332//1370 1331//1369 1333//1371
f 1321//1360 1334//1372 1335//1373
f 1321//1360 1335//1373 1322//1361
f 1327//1366 1330//1365 1334//1372
f 1328//1367 1332//1370 1329//1368
f 1325//1364 1327//1366 1334//1372
f 1325//1364 1334//1372 1321//1360
f 1332//1370 1328//1367 1324//1363
f 1324//1363 1331//1369 1332//1370
f 1333//1371 1336//1374 1329//1368
f 1332//1370 1333//1371 1329//1368
f 1334//1372 1330//1365 1337//1375
f 1337//1375 1335//1373 1334//1372
s 45
f 1341//1376 1338//1377 1339//1378
f 1339//1378 1340//1379 1341//1376
f 1342//1380 1343//1381 1341//1376
f 1342//1380 1341//1376 1344//1382
f 1347//1383 1348//1384 1345//1385
f 1345//1385 1346//1386 1347//1383
f 1342//1380 1344//1382 1349//1387
f 1338//1377 1341//1376 1343//1381
f 1345//1385 1343//1381 1342//1380
f 1342//1380 1346//1386 1345//1385
f 1338//1377 1352//1388 1353//1389
f 1338//1377 1353//1389 1339//1378
f 1345//1385 1348//1384 1352//1388
f 1346//1386 1350//1390 1347//1383
f 1343//1381 1345//1385 1352//1388
f 1343//1381 1352//1388 1338//1377
f 1350//1390 1346//1386 1342//1380
f 1342//1380 1349//1387 1350//1390
f 1354//1391 1347//1383 1350//1390
f 1350//1390 1351//1392 1354//1391
f 1348//1384 1355//1393 1353//1389
f 1348//1384 1353//1389 1352//1388
s 46
f 1359//1394 1356//1395 1357//1396
f 1357//1396 1358//1397 1359//1394
f 1360//1398 1361//1399 1359//1394
f 1360//1398 1359//1394 1362//1400
f 1363//1401 1364//1402 1365//1403
f 1363//1401 1365//1403 1366//1404
f 1360//1398 1362//1400 1367//1405
f 1356//1395 1359//1394 1361//1399
f 1361//1399 1360//1398 1364//1402
f 1364//1402 1363//1401 1361//1399
f 1370//1406 1371//1407 1357//1396
f 1356//1395 1370//1406 1357//1396
f 1363//1401 1366//1404 1370//1406
f 1364//1402 1368//1408 1365//1403
f 1361//1399 1363//1401 1370//1406
f 1361//1399 1370//1406 1356//1395
f 1368//1408 1364//1402 1360//1398
f 1360//1398 1367//1405 1368//1408
f 1372//1409 1365//1403 1368//1408
f 1368//1408 1369//1410 1372//1409
f 1370//1406 1366//1404 1373//1411
f 1373//1411 1371//1407 1370//1406
s 47
f 1377//1412 1374//1413 1375//1414
f 1375//1414 1376//1415 1377//1412
f 1378//1416 1379//1417 1377//1412
f 1378//1416 1377//1412 1380//1418
f 1382//1419 1383//1420 1384//1421
f 1381//1422 1382//1419 1384//1421
f 1378//1416 1380//1418 1385//1423
f 1374//1413 1377//1412 1379//1417
f 1380//1418 1377//1412 1376//1415
f 1379//1417 1378//1416 1382//1419
f 1382//1419 1381//1422 1379//1417
f 1375//1414 1374//1413 1388//1424
f 1388//1424 1389//1425 1375//1414
f 1381//1422 1384//1421 1388//1424
f 1382//1419 1386//1426 1383//1420
f 1379//1417 1381//1422 1388//1424
f 1379//1417 1388//1424 1374//1413
f 1386//1426 1382//1419 1378//1416
f 1378//1416 1385//1423 1386//1426
f 1387//1427 1385//1423 1380//1418
f 1390//1428 1383//1420 1386//1426
f 1384//1421 1391//1429 1389//1425
f 1384//1421 1389//1425 1388//1424
s 48
f 1395//1430 1392//1431 1393//1432
f 1393//1432 1394//1433 1395//1430
f 1398//1434 1396//1435 1397//1436
f 1397//1436 1395//1430 1398//1434
f 1401//1437 1402//1438 1399//1439
f 1399//1439 1400//1440 1401//1437
f 1396//1435 1398//1434 1403//1441
f 1392//1431 1395//1430 1397//1436
f 1398//1434 1395//1430 1394//1433
f 1398//1434 1394//1433 1404//1442
f 1397//1436 1396//1435 1400//1440
f 1400//1440 1399//1439 1397//1436
f 1406//1443 1407//1444 1393//1432
f 1392//1431 1406//1443 1393//1432
f 1399//1439 1402//1438 1406//1443
f 1400//1440 1405//1445 1401//1437
f 1397//1436 1399//1439 1406//1443
f 1397//1436 1406//1443 1392//1431
f 1405//1445 1400//1440 1396//1435
f 1396//1435 1403//1441 1405//1445
f 1402//1438 1408//1446 1407//1444
f 1402//1438 1407//1444 1406//1443
s 49
f 1412//1447 1409//1448 1410//1449
f 1410//1449 1411//1450 1412//1447
f 1415//1451 1413//1452 1414//1453
f 1414//1453 1412//1447 1415//1451
f 1416//1454 1417//1455 1418//1456
f 1416//1454 1418//1456 1419//1457
f 1413//1452 1415//1451 1420//1458
f 1409//1448 1412//1447 1414//1453
f 1415//1451 1412//1447 1411//1450
f 1415//1451 1411//1450 1421//1459
f 1416//1454 1414//1453 1413//1452
f 1413//1452 1417//1455 1416//1454
f 1424//1460 1422//1461 1420//1458
f 1420//1458 1423//1462 1424//1460
f 1409//1448 1425//1463 1426//1464
f 1409//1448 1426//1464 1410//1449
f 1416//1454 1419//1457 1425//1463
f 1417//1455 1422//1461 1418//1456
f 1414//1453 1416//1454 1425//1463
f 1414//1453 1425//1463 1409//1448
f 1422//1461 1417//1455 1413//1452
f 1413//1452 1420//1458 1422//1461
f 1423//1462 1420//1458 1415//1451
f 1415//1451 1421//1459 1423//1462
f 1424//1460 1427//1465 1418//1456
f 1422//1461 1424//1460 1418//1456
f 1419//1457 1428//1466 1426//1464
f 1419//1457 1426//1464 1425//1463
s 50
f 1432//1467 1429//1468 1430//1469
f 1430//1469 1431//1432 1432//1467
f 1433//1470 1434//1471 1432//1467
f 1433//1470 1432//1467 1435//1472
f 1439//1473 1436//1474 1437//1475
f 1437//1475 1438//1476 1439//1473
f 1433//1470 1435//1472 1440//1477
f 1429//1468 1432//1467 1434//1471
f 1432//1467 1431//1432 1441//1478
f 1435//1472 1432//1467 1441//1478
f 1436//1474 1434//1471 1433//1470
f 1433//1470 1437//1475 1436//1474
f 1442//1479 1440//1477 1443//1480
f 1442//1479 1443//1480 1444//1481
f 1445//1482 1446//1483 1430//1469
f 1429//1468 1445//1482 1430//1469
f 1436//1474 1439//1473 1445//1482
f 1437//1475 1442//1479 1438//1476
f 1434//1471 1436//1474 1445//1482
f 1434//1471 1445//1482 1429//1468
f 1442//1479 1437//1475 1433//1470
f 1433//1470 1440//1477 1442//1479
f 1443//1480 1440//1477 1435//1472
f 1435//1472 1441//1478 1443//1480
f 1447//1484 1438//1476 1442//1479
f 1442//1479 1444//1481 1447//1484
f 1439//1473 1448//1485 1446//1483
f 1439//1473 1446//1483 1445//1482
s 51
f 1452//1486 1449//1487 1450//1488
f 1450//1488 1451//1489 1452//1486
f 1453//1490 1454//1491 1452//1486
f 1453//1490 1452//1486 1455//1492
f 1456//1493 1457//1494 1458//1495
f 1456//1493 1458//1495 1459//1496
f 1453//1490 1455//1492 1460//1497
f 1449//1487 1452//1486 1454//1491
f 1461//1498 1455//1492 1452//1486
f 1452//1486 1451//1489 1461//1498
f 1456//1493 1454//1491 1453//1490
f 1453//1490 1457//1494 1456//1493
f 1463//1459 1464//1499 1462//1500
f 1462//1500 1460//1497 1463//1459
f 1450//1488 1449//1487 1465//1501
f 1465//1501 1466//1502 1450//1488
f 1456//1493 1459//1496 1465//1501
f 1457//1494 1462//1500 1458//1495
f 1454//1491 1456//1493 1465//1501
f 1454//1491 1465//1501 1449//1487
f 1462//1500 1457//1494 1453//1490
f 1453//1490 1460//1497 1462//1500
f 1463//1459 1460//1497 1455//1492
f 1455//1492 1461//1498 1463//1459
f 1467//1503 1458//1495 1462//1500
f 1462//1500 1464//1499 1467//1503
f 1465//1501 1459//1496 1468//1504
f 1468//1504 1466//1502 1465//1501
s 52
f 1472//1505 1469//1506 1470//1507
f 1470//1507 1471//1508 1472//1505
f 1475//1509 1473//1510 1474//1511
f 1474//1511 1472//1505 1475//1509
f 1479//1512 1476//1513 1477//1514
f 1477//1514 1478//1515 1479//1512
f 1473//1510 1475//1509 1480//1516
f 1469//1506 1472//1505 1474//1511
f 1475//1509 1472//1505 1471//1508
f 1475//1509 1471//1508 1481//1517
f 1474//1511 1473//1510 1477//1514
f 1477//1514 1476//1513 1474//1511
f 1482//1518 1480//1516 1483//1519
f 1482//1518 1483//1519 1484//1520
f 1470//1507 1469//1506 1485//1521
f 1485//1521 1486//1522 1470//1507
f 1476//1513 1479//1512 1485//1521
f 1477//1514 1482//1518 1478//1515
f 1474//1511 1476//1513 1485//1521
f 1474//1511 1485//1521 1469//1506
f 1482//1518 1477//1514 1473//1510
f 1473//1510 1480//1516 1482//1518
f 1483//1519 1480//1516 1475//1509
f 1475//1509 1481//1517 1483//1519
f 1487//1523 1478//1515 1482//1518
f 1482//1518 1484//1520 1487//1523
f 1479//1512 1488//1524 1486//1522
f 1479//1512 1486//1522 1485//1521
s 53
f 1489//1525 1490//1526 1491//1488
f 1489//1525 1491//1488 1492//1527
f 1495//1528 1493//1529 1494//1530
f 1494//1530 1492//1527 1495//1528
f 1496//1531 1497//1532 1498//1533
f 1496//1531 1498//1533 1499//1534
f 1493//1529 1495//1528 1500//1535
f 1489//1525 1492//1527 1494//1530
f 1495//1528 1492//1527 1491//1488
f 1495//1528 1491//1488 1501//1536
f 1496//1531 1494//1530 1493//1529
f 1493//1529 1497//1532 1496//1531
f 1503//1537 1504//1538 1502//1539
f 1502//1539 1500//1535 1503//1537
f 1489//1525 1505//1540 1506//1541
f 1489//1525 1506//1541 1490//1526
f 1496//1531 1499//1534 1505//1540
f 1497//1532 1502//1539 1498//1533
f 1494//1530 1496//1531 1505//1540
f 1494//1530 1505//1540 1489//1525
f 1502//1539 1497//1532 1493//1529
f 1493//1529 1500//1535 1502//1539
f 1503//1537 1500//1535 1495//1528
f 1495//1528 1501//1536 1503//1537
f 1507//1542 1498//1533 1502//1539
f 1502//1539 1504//1538 1507//1542
f 1505//1540 1499//1534 1508//1543
f 1508//1543 1506//1541 1505//1540
s 54
f 1512//1544 1513//1545 1511//1546
f 1512//1544 1511//1546 1514//1547
f 1515//1548 1516//1549 1517//1550
f 1515//1548 1517//1550 1518//1551
f 1512//1544 1514//1547 1519//1552
f 1509//1553 1511//1546 1513//1545
f 1511//1546 1510//1554 1520//1555
f 1514//1547 1511//1546 1520//1555
f 1513//1545 1512//1544 1516//1549
f 1516//1549 1515//1548 1513//1545
f 1519//1552 1522//1517 1523//1556
f 1521//1557 1519//1552 1523//1556
f 1515//1548 1518//1551 1524//1558
f 1516//1549 1521//1557 1517//1550
f 1513//1545 1515//1548 1524//1558
f 1513//1545 1524//1558 1509//1553
f 1521//1557 1516//1549 1512//1544
f 1512//1544 1519//1552 1521//1557
f 1520//1555 1522//1517 1519//1552
f 1514//1547 1520//1555 1519//1552
f 1525//1559 1517//1550 1521//1557
f 1521//1557 1523//1556 1525//1559
s 55
f 1530//1560 1528//1561 1529//1562
f 1529//1562 1527//1563 1530//1560
f 1533//1564 1534//1565 1531//1566
f 1531//1566 1532//1567 1533//1564
f 1528//1561 1530//1560 1535//1568
f 1526//1569 1527//1563 1529//1562
f 1536//1570 1530//1560 1527//1563
f 1529//1562 1528//1561 1532//1567
f 1532//1567 1531//1566 1529//1562
f 1537//1571 1535//1568 1538//1572
f 1537//1571 1538//1572 1539//1573
f 1531//1566 1534//1565 1540//1574
f 1532//1567 1537//1571 1533//1564
f 1529//1562 1531//1566 1540//1574
f 1529//1562 1540//1574 1526//1569
f 1537//1571 1532//1567 1528//1561
f 1528//1561 1535//1568 1537//1571
f 1538//1572 1535//1568 1530//1560
f 1530//1560 1536//1570 1538//1572
f 1542//1575 1533//1564 1537//1571
f 1537//1571 1539//1573 1542//1575
s 56
f 1545//1576 1546//1577 1544//1578
f 1545//1576 1544//1578 1547//1579
f 1548//1580 1549//1581 1550//1582
f 1548//1580 1550//1582 1551//1583
f 1545//1576 1547//1579 1552//1584
f 1543//1585 1544//1578 1546//1577
f 1553//1586 1547//1579 1544//1578
f 1546//1577 1545//1576 1549//1581
f 1549//1581 1548//1580 1546//1577
f 1555//1587 1556//1588 1554//1589
f 1554//1589 1552//1584 1555//1587
f 1548//1580 1551//1583 1557//1590
f 1549//1581 1554//1589 1550//1582
f 1546//1577 1548//1580 1557//1590
f 1546//1577 1557//1590 1543//1585
f 1554//1589 1549//1581 1545//1576
f 1545//1576 1552//1584 1554//1589
f 1555//1587 1552//1584 1547//1579
f 1547//1579 1553//1586 1555//1587
f 1559//1591 1550//1582 1554//1589
f 1554//1589 1556//1588 1559//1591
f 1551//1583 1560//1592 1558//1593
f 1551//1583 1558//1593 1557//1590
s 57
f 1563//1594 1561//1595 1562//1596
f 1566//1597 1564//1598 1565//1599
f 1565//1599 1563//1594 1566//1597
f 1570//1600 1567//1601 1568//1602
f 1568//1602 1569//1603 1570//1600
f 1564//1598 1566//1597 1571//1604
f 1561//1595 1563//1594 1565//1599
f 1565//1599 1564//1598 1568//1602
f 1568//1602 1567//1601 1565//1599
f 1575//1605 1573//1606 1571//1604
f 1571//1604 1574//1607 1575//1605
f 1561//1595 1576//1608 1577//1609
f 1561//1595 1577//1609 1562//1596
f 1567//1601 1570//1600 1576//1608
f 1568//1602 1573//1606 1569//1603
f 1565//1599 1567//1601 1576//1608
f 1565//1599 1576//1608 1561//1595
f 1573//1606 1568//1602 1564//1598
f 1564//1598 1571//1604 1573//1606
f 1574//1607 1571//1604 1566//1597
f 1566//1597 1572//1610 1574//1607
f 1575//1605 1578//1611 1569//1603
f 1573//1606 1575//1605 1569//1603
f 1570//1600 1579//1612 1577//1609
f 1570//1600 1577//1609 1576//1608
s 58
f 1583//1613 1584//1614 1582//1615
f 1583//1613 1582//1615 1585//1616
f 1586//1617 1587//1618 1588//1619
f 1586//1617 1588//1619 1589//1620
f 1583//1613 1585//1616 1590//1621
f 1580//1622 1582//1615 1584//1614
f 1585//1616 1582//1615 1581//1623
f 1585//1616 1581//1623 1591//1624
f 1584//1614 1583//1613 1587//1618
f 1587//1618 1586//1617 1584//1614
f 1590//1621 1593//1625 1594//1626
f 1592//1627 1590//1621 1594//1626
f 1580//1622 1595//1628 1596//1629
f 1586//1617 1589//1620 1595//1628
f 1587//1618 1592//1627 1588//1619
f 1584//1614 1586//1617 1595//1628
f 1584//1614 1595//1628 1580//1622
f 1592//1627 1587//1618 1583//1613
f 1583//1613 1590//1621 1592//1627
f 1593//1625 1590//1621 1585//1616
f 1585//1616 1591//1624 1593//1625
f 1597//1630 1588//1619 1592//1627
f 1592//1627 1594//1626 1597//1630
f 1589//1620 1598//1631 1596//1629
f 1589//1620 1596//1629 1595//1628
s 47
f 1390//1428 1391//1429 1384//1421
f 1384//1421 1383//1420 1390//1428
s 46
f 1365//1403 1372//1409 1373//1411
f 1366//1404 1365//1403 1373//1411
s 45
f 1348//1384 1347//1383 1354//1391
f 1348//1384 1354//1391 1355//1393
s 44
f 1330//1365 1329//1368 1336//1374
f 1330//1365 1336//1374 1337//1375
s 58
f 1589//1620 1588//1619 1597//1630
f 1589//1620 1597//1630 1598//1631
s 57
f 1579//1612 1570//1600 1569//1603
f 1569//1603 1578//1611 1579//1612
s 56
f 1551//1583 1550//1582 1559//1591
f 1551//1583 1559//1591 1560//1592
s 55
f 1534//1565 1533//1564 1542//1575
s 54
f 1518//1551 1517//1550 1525//1559
s 53
f 1498//1533 1507//1542 1508//1543
f 1499//1534 1498//1533 1508//1543
s 52
f 1488//1524 1479//1512 1478//1515
f 1478//1515 1487//1523 1488//1524
s 51
f 1459//1496 1458//1495 1467//1503
f 1459//1496 1467//1503 1468//1504
s 50
f 1439//1473 1438//1476 1447//1484
f 1439//1473 1447//1484 1448//1485
s 49
f 1428//1466 1419//1457 1418//1456
f 1418//1456 1427//1465 1428//1466
s 59
g LlantaDelanteraIzq_rubber.006
usemtl rubber.006
f 1602//1632 1599//1633 1600//1634
f 1600//1634 1601//1635 1602//1632
f 1606//1636 1603//1637 1604//1638
f 1604//1638 1605//1639 1606//1636
f 1610//1640 1607//1641 1608//1642
f 1608//1642 1609//1643 1610//1640
f 1611//1644 1612//1645 1602//1632
f 1602//1632 1601//1635 1611//1644
f 1613//1646 1614//1647 1606//1636
f 1606//1636 1605//1639 1613//1646
f 1616//1648 1610//1640 1609//1643
f 1609//1643 1615//1649 1616//1648
f 1617//1650 1618//1651 1612//1645
f 1612//1645 1611//1644 1617//1650
f 1620//1652 1614//1647 1613//1646
f 1613//1646 1619//1653 1620//1652
f 1622//1654 1616//1648 1615//1649
f 1615//1649 1621//1655 1622//1654
f 1624//1656 1618//1651 1617//1650
f 1617//1650 1623//1657 1624//1656
f 1625//1658 1626//1659 1620//1652
f 1620//1652 1619//1653 1625//1658
f 1628//1660 1622//1654 1621//1655
f 1621//1655 1627//1661 1628//1660
f 1629//1662 1630//1663 1624//1656
f 1624//1656 1623//1657 1629//1662
f 1631//1664 1632//1665 1626//1659
f 1626//1659 1625//1658 1631//1664
f 1634//1666 1628//1660 1627//1661
f 1627//1661 1633//1667 1634//1666
f 1635//1668 1636//1669 1630//1663
f 1630//1663 1629//1662 1635//1668
f 1638//1670 1632//1665 1631//1664
f 1631//1664 1637//1671 1638//1670
f 1640//1672 1634//1666 1633//1667
f 1633//1667 1639//1673 1640//1672
f 1642//1674 1636//1669 1635//1668
f 1635//1668 1641//1675 1642//1674
f 1643//1676 1644//1677 1638//1670
f 1638//1670 1637//1671 1643//1676
f 1645//1678 1646//1679 1640//1672
f 1640//1672 1639//1673 1645//1678
f 1648//1680 1642//1674 1641//1675
f 1641//1675 1647//1681 1648//1680
f 1649//1682 1650//1683 1644//1677
f 1644//1677 1643//1676 1649//1682
f 1651//1684 1652//1685 1646//1679
f 1646//1679 1645//1678 1651//1684
f 1654//1686 1648//1680 1647//1681
f 1647//1681 1653//1687 1654//1686
f 1656//1688 1650//1683 1649//1682
f 1649//1682 1655//1689 1656//1688
f 1658//1690 1652//1685 1651//1684
f 1651//1684 1657//1691 1658//1690
f 1660//1692 1654//1686 1653//1687
f 1653//1687 1659//1693 1660//1692
f 1661//1694 1662//1695 1656//1688
f 1656//1688 1655//1689 1661//1694
f 1664//1696 1658//1690 1657//1691
f 1657//1691 1663//1697 1664//1696
f 1666//1698 1660//1692 1659//1693
f 1659//1693 1665//1699 1666//1698
f 1667//1700 1668//1701 1662//1695
f 1662//1695 1661//1694 1667//1700
f 1670//1702 1664//1696 1663//1697
f 1663//1697 1669//1703 1670//1702
f 1672//1704 1666//1698 1665//1699
f 1665//1699 1671//1705 1672//1704
f 1674//1706 1668//1701 1667//1700
f 1667//1700 1673//1707 1674//1706
f 1676//1708 1670//1702 1669//1703
f 1669//1703 1675//1709 1676//1708
f 1677//1710 1678//1711 1672//1704
f 1672//1704 1671//1705 1677//1710
f 1680//1712 1674//1706 1673//1707
f 1673//1707 1679//1713 1680//1712
f 1682//1714 1676//1708 1675//1709
f 1675//1709 1681//1715 1682//1714
f 1683//1716 1684//1717 1678//1711
f 1678//1711 1677//1710 1683//1716
f 1686//1718 1680//1712 1679//1713
f 1679//1713 1685//1719 1686//1718
f 1687//1720 1688//1721 1682//1714
f 1682//1714 1681//1715 1687//1720
f 1689//1722 1690//1723 1684//1717
f 1684//1717 1683//1716 1689//1722
f 1691//1724 1692//1725 1686//1718
f 1686//1718 1685//1719 1691//1724
f 1694//1726 1688//1721 1687//1720
f 1687//1720 1693//1727 1694//1726
f 1695//1728 1696//1729 1690//1723
f 1690//1723 1689//1722 1695//1728
f 1698//1730 1692//1725 1691//1724
f 1691//1724 1697//1731 1698//1730
f 1699//1732 1700//1733 1694//1726
f 1694//1726 1693//1727 1699//1732
f 1701//1734 1702//1735 1696//1729
f 1696//1729 1695//1728 1701//1734
f 1703//1736 1704//1737 1698//1730
f 1698//1730 1697//1731 1703//1736
f 1706//1738 1700//1733 1699//1732
f 1699//1732 1705//1739 1706//1738
f 1707//1740 1708//1741 1702//1735
f 1702//1735 1701//1734 1707//1740
f 1710//1742 1704//1737 1703//1736
f 1703//1736 1709//1743 1710//1742
f 1711//1744 1712//1745 1706//1738
f 1706//1738 1705//1739 1711//1744
f 1713//1746 1714//1747 1708//1741
f 1708//1741 1707//1740 1713//1746
f 1715//1748 1716//1749 1710//1742
f 1710//1742 1709//1743 1715//1748
f 1717//1750 1718//1751 1712//1745
f 1712//1745 1711//1744 1717//1750
f 1719//1752 1720//1753 1714//1747
f 1714//1747 1713//1746 1719//1752
f 1722//1754 1716//1749 1715//1748
f 1715//1748 1721//1755 1722//1754
f 1723//1756 1724//1757 1718//1751
f 1718//1751 1717//1750 1723//1756
f 1725//1758 1726//1759 1720//1753
f 1720//1753 1719//1752 1725//1758
f 1728//1760 1722//1754 1721//1755
f 1721//1755 1727//1761 1728//1760
f 1729//1762 1730//1671 1724//1757
f 1724//1757 1723//1756 1729//1762
f 1731//1763 1732//1764 1726//1759
f 1726//1759 1725//1758 1731//1763
f 1733//1765 1734//1766 1728//1760
f 1728//1760 1727//1761 1733//1765
f 1736//1767 1730//1671 1729//1762
f 1729//1762 1735//1768 1736//1767
f 1737//1769 1738//1770 1732//1764
f 1732//1764 1731//1763 1737//1769
f 1740//1771 1734//1766 1733//1765
f 1733//1765 1739//1772 1740//1771
f 1742//1773 1736//1767 1735//1768
f 1735//1768 1741//1774 1742//1773
f 1743//1775 1744//1776 1738//1770
f 1738//1770 1737//1769 1743//1775
f 1746//1777 1740//1771 1739//1772
f 1739//1772 1745//1778 1746//1777
f 1747//1779 1748//1780 1742//1773
f 1742//1773 1741//1774 1747//1779
f 1750//1781 1744//1776 1743//1775
f 1743//1775 1749//1782 1750//1781
f 1751//1783 1752//1784 1746//1777
f 1746//1777 1745//1778 1751//1783
f 1753//1785 1754//1786 1748//1780
f 1748//1780 1747//1779 1753//1785
f 1756//1787 1750//1781 1749//1782
f 1749//1782 1755//1788 1756//1787
f 1758//1789 1752//1784 1751//1783
f 1751//1783 1757//1790 1758//1789
f 1759//1791 1760//1792 1754//1786
f 1754//1786 1753//1785 1759//1791
f 1761//1793 1762//1794 1756//1787
f 1756//1787 1755//1788 1761//1793
f 1764//1795 1758//1789 1757//1790
f 1757//1790 1763//1796 1764//1795
f 1765//1797 1766//1798 1760//1792
f 1760//1792 1759//1791 1765//1797
f 1768//1799 1762//1794 1761//1793
f 1761//1793 1767//1800 1768//1799
f 1769//1801 1770//1802 1764//1795
f 1764//1795 1763//1796 1769//1801
f 1771//1803 1772//1804 1766//1798
f 1766//1798 1765//1797 1771//1803
f 1774//1805 1768//1799 1767//1800
f 1767//1800 1773//1806 1774//1805
f 1776//1807 1770//1802 1769//1801
f 1769//1801 1775//1808 1776//1807
f 1777//1809 1778//1810 1772//1804
f 1772//1804 1771//1803 1777//1809
f 1599//1633 1774//1805 1773//1806
f 1773//1806 1600//1634 1599//1633
f 1604//1638 1603//1637 1776//1807
f 1776//1807 1775//1808 1604//1638
f 1608//1642 1607//1641 1778//1810
f 1778//1810 1777//1809 1608//1642
f 1604//1638 1775//1808 1778//1810
f 1778//1810 1607//1641 1604//1638
f 1600//1634 1773//1806 1776//1807
f 1776//1807 1603//1637 1600//1634
f 1599//1633 1780//1811 1779//1812
f 1779//1812 1774//1805 1599//1633
f 1775//1808 1769//1801 1772//1804
f 1772//1804 1778//1810 1775//1808
f 1776//1807 1773//1806 1767//1800
f 1767//1800 1770//1802 1776//1807
f 1774//1805 1779//1812 1781//1813
f 1781//1813 1768//1799 1774//1805
f 1769//1801 1763//1796 1766//1798
f 1766//1798 1772//1804 1769//1801
f 1770//1802 1767//1800 1761//1793
f 1761//1793 1764//1795 1770//1802
f 1768//1799 1781//1813 1782//1814
f 1782//1814 1762//1794 1768//1799
f 1766//1798 1763//1796 1757//1790
f 1757//1790 1760//1792 1766//1798
f 1761//1793 1755//1788 1758//1789
f 1758//1789 1764//1795 1761//1793
f 1782//1814 1783//1815 1756//1787
f 1756//1787 1762//1794 1782//1814
f 1760//1792 1757//1790 1751//1783
f 1751//1783 1754//1786 1760//1792
f 1758//1789 1755//1788 1749//1782
f 1749//1782 1752//1784 1758//1789
f 1756//1787 1783//1815 1784//1816
f 1784//1816 1750//1781 1756//1787
f 1751//1783 1745//1778 1748//1780
f 1748//1780 1754//1786 1751//1783
f 1752//1784 1749//1782 1743//1775
f 1743//1775 1746//1777 1752//1784
f 1750//1781 1784//1816 1785//1817
f 1785//1817 1744//1776 1750//1781
f 1748//1780 1745//1778 1739//1772
f 1739//1772 1742//1773 1748//1780
f 1743//1775 1737//1769 1740//1771
f 1740//1771 1746//1777 1743//1775
f 1744//1776 1785//1817 1786//1818
f 1786//1818 1738//1770 1744//1776
f 1742//1773 1739//1772 1733//1765
f 1733//1765 1736//1767 1742//1773
f 1737//1769 1731//1763 1734//1766
f 1734//1766 1740//1771 1737//1769
f 1786//1818 1787//1819 1732//1764
f 1732//1764 1738//1770 1786//1818
f 1733//1765 1727//1761 1730//1671
f 1730//1671 1736//1767 1733//1765
f 1734//1766 1731//1763 1725//1758
f 1725//1758 1728//1760 1734//1766
f 1732//1764 1787//1819 1788//1820
f 1788//1820 1726//1759 1732//1764
f 1730//1671 1727//1761 1721//1755
f 1721//1755 1724//1757 1730//1671
f 1725//1758 1719//1752 1722//1754
f 1722//1754 1728//1760 1725//1758
f 1788//1820 1789//1821 1720//1753
f 1720//1753 1726//1759 1788//1820
f 1724//1757 1721//1755 1715//1748
f 1715//1748 1718//1751 1724//1757
f 1719//1752 1713//1746 1716//1749
f 1716//1749 1722//1754 1719//1752
f 1789//1821 1790//1822 1714//1747
f 1714//1747 1720//1753 1789//1821
f 1718//1751 1715//1748 1709//1743
f 1709//1743 1712//1745 1718//1751
f 1716//1749 1713//1746 1707//1740
f 1707//1740 1710//1742 1716//1749
f 1790//1822 1791//1823 1708//1741
f 1708//1741 1714//1747 1790//1822
f 1709//1743 1703//1736 1706//1738
f 1706//1738 1712//1745 1709//1743
f 1707//1740 1701//1734 1704//1737
f 1704//1737 1710//1742 1707//1740
f 1791//1823 1792//1824 1702//1735
f 1702//1735 1708//1741 1791//1823
f 1706//1738 1703//1736 1697//1731
f 1697//1731 1700//1733 1706//1738
f 1701//1734 1695//1728 1698//1730
f 1698//1730 1704//1737 1701//1734
f 1792//1824 1793//1825 1696//1729
f 1696//1729 1702//1735 1792//1824
f 1700//1733 1697//1731 1691//1724
f 1691//1724 1694//1726 1700//1733
f 1698//1730 1695//1728 1689//1722
f 1689//1722 1692//1725 1698//1730
f 1793//1825 1794//1826 1690//1723
f 1690//1723 1696//1729 1793//1825
f 1691//1724 1685//1719 1688//1721
f 1688//1721 1694//1726 1691//1724
f 1689//1722 1683//1716 1686//1718
f 1686//1718 1692//1725 1689//1722
f 1690//1723 1794//1826 1795//1827
f 1795//1827 1684//1717 1690//1723
f 1685//1719 1679//1713 1682//1714
f 1682//1714 1688//1721 1685//1719
f 1683//1716 1677//1710 1680//1712
f 1680//1712 1686//1718 1683//1716
f 1684//1717 1795//1827 1796//1828
f 1796//1828 1678//1711 1684//1717
f 1679//1713 1673//1707 1676//1708
f 1676//1708 1682//1714 1679//1713
f 1680//1712 1677//1710 1671//1705
f 1671//1705 1674//1706 1680//1712
f 1796//1828 1797//1829 1672//1704
f 1672//1704 1678//1711 1796//1828
f 1673//1707 1667//1700 1670//1702
f 1670//1702 1676//1708 1673//1707
f 1671//1705 1665//1699 1668//1701
f 1668//1701 1674//1706 1671//1705
f 1672//1704 1797//1829 1798//1830
f 1798//1830 1666//1698 1672//1704
f 1667//1700 1661//1694 1664//1696
f 1664//1696 1670//1702 1667//1700
f 1668//1701 1665//1699 1659//1693
f 1659//1693 1662//1695 1668//1701
f 1666//1698 1798//1830 1799//1831
f 1799//1831 1660//1692 1666//1698
f 1661//1694 1655//1689 1658//1690
f 1658//1690 1664//1696 1661//1694
f 1662//1695 1659//1693 1653//1687
f 1653//1687 1656//1688 1662//1695
f 1660//1692 1799//1831 1800//1832
f 1800//1832 1654//1686 1660//1692
f 1658//1690 1655//1689 1649//1682
f 1649//1682 1652//1685 1658//1690
f 1653//1687 1647//1681 1650//1683
f 1650//1683 1656//1688 1653//1687
f 1800//1832 1801//1833 1648//1680
f 1648//1680 1654//1686 1800//1832
f 1649//1682 1643//1676 1646//1679
f 1646//1679 1652//1685 1649//1682
f 1650//1683 1647//1681 1641//1675
f 1641//1675 1644//1677 1650//1683
f 1648//1680 1801//1833 1802//1834
f 1802//1834 1642//1674 1648//1680
f 1643//1676 1637//1671 1640//1672
f 1640//1672 1646//1679 1643//1676
f 1644//1677 1641//1675 1635//1668
f 1635//1668 1638//1670 1644//1677
f 1802//1834 1803//1835 1636//1669
f 1636//1669 1642//1674 1802//1834
f 1640//1672 1637//1671 1631//1664
f 1631//1664 1634//1666 1640//1672
f 1635//1668 1629//1662 1632//1665
f 1632//1665 1638//1670 1635//1668
f 1803//1835 1804//1836 1630//1663
f 1630//1663 1636//1669 1803//1835
f 1631//1664 1625//1658 1628//1660
f 1628//1660 1634//1666 1631//1664
f 1629//1662 1623//1657 1626//1659
f 1626//1659 1632//1665 1629//1662
f 1804//1836 1805//1837 1624//1656
f 1624//1656 1630//1663 1804//1836
f 1625//1658 1619//1653 1622//1654
f 1622//1654 1628//1660 1625//1658
f 1623//1657 1617//1650 1620//1652
f 1620//1652 1626//1659 1623//1657
f 1624//1656 1805//1837 1806//1838
f 1806//1838 1618//1651 1624//1656
f 1622//1654 1619//1653 1613//1646
f 1613//1646 1616//1648 1622//1654
f 1617//1650 1611//1644 1614//1647
f 1614//1647 1620//1652 1617//1650
f 1618//1651 1806//1838 1807//1839
f 1807//1839 1612//1645 1618//1651
f 1616//1648 1613//1646 1605//1639
f 1605//1639 1610//1640 1616//1648
f 1614//1647 1611//1644 1601//1635
f 1601//1635 1606//1636 1614//1647
f 1807//1839 1808//1840 1602//1632
f 1602//1632 1612//1645 1807//1839
f 1610//1640 1605//1639 1604//1638
f 1604//1638 1607//1641 1610//1640
f 1606//1636 1601//1635 1600//1634
f 1600//1634 1603//1637 1606//1636
f 1808//1840 1780//1811 1599//1633
f 1599//1633 1602//1632 1808//1840
f 1810//1841 1811//1842 1812//1843
f 1809//1844 1810//1841 1812//1843
f 1813//1845 1814//1846 1815//1847
f 1813//1845 1815//1847 1816//1848
f 1808//1840 1818//1849 1817//1850
f 1817//1850 1780//1811 1808//1840
f 1812//1843 1811//1842 1819//1851
f 1812//1843 1819//1851 1820//1852
f 1816//1848 1815//1847 1821//1853
f 1816//1848 1821//1853 1822//1854
f 1807//1839 1823//1855 1818//1849
f 1818//1849 1808//1840 1807//1839
f 1820//1852 1819//1851 1824//1856
f 1820//1852 1824//1856 1825//1857
f 1827//1858 1822//1854 1821//1853
f 1821//1853 1826//1859 1827//1858
f 1828//1860 1823//1855 1807//1839
f 1807//1839 1806//1838 1828//1860
f 1825//1857 1824//1856 1829//1861
f 1825//1857 1829//1861 1830//1862
f 1831//1863 1832//1864 1827//1858
f 1827//1858 1826//1859 1831//1863
f 1833//1865 1828//1860 1806//1838
f 1806//1838 1805//1837 1833//1865
f 1829//1861 1834//1866 1835//1867
f 1830//1862 1829//1861 1835//1867
f 1831//1863 1836//1868 1837//1869
f 1832//1864 1831//1863 1837//1869
f 1804//1836 1838//1870 1833//1865
f 1833//1865 1805//1837 1804//1836
f 1834//1866 1839//1871 1840//1872
f 1835//1867 1834//1866 1840//1872
f 1842//1873 1837//1869 1836//1868
f 1836//1868 1841//1874 1842//1873
f 1803//1835 1843//1875 1838//1870
f 1838//1870 1804//1836 1803//1835
f 1840//1872 1839//1871 1844//1876
f 1840//1872 1844//1876 1845//1877
f 1846//1878 1847//1879 1842//1873
f 1842//1873 1841//1874 1846//1878
f 1802//1834 1848//1880 1843//1875
f 1843//1875 1803//1835 1802//1834
f 1845//1877 1844//1876 1849//1881
f 1845//1877 1849//1881 1850//1882
f 1851//1883 1852//1884 1847//1879
f 1847//1879 1846//1878 1851//1883
f 1801//1833 1853//1885 1848//1880
f 1848//1880 1802//1834 1801//1833
f 1850//1882 1849//1881 1854//1886
f 1850//1882 1854//1886 1855//1887
f 1852//1884 1851//1883 1856//1888
f 1852//1884 1856//1888 1857//1889
f 1858//1890 1853//1885 1801//1833
f 1801//1833 1800//1832 1858//1890
f 1855//1887 1854//1886 1859//1891
f 1855//1887 1859//1891 1860//1892
f 1862//1893 1857//1889 1856//1888
f 1856//1888 1861//1894 1862//1893
f 1799//1831 1863//1895 1858//1890
f 1858//1890 1800//1832 1799//1831
f 1860//1892 1859//1891 1864//1896
f 1860//1892 1864//1896 1865//1897
f 1866//1898 1867//1899 1862//1893
f 1862//1893 1861//1894 1866//1898
f 1798//1830 1868//1900 1863//1895
f 1863//1895 1799//1831 1798//1830
f 1865//1897 1864//1896 1869//1901
f 1865//1897 1869//1901 1870//1902
f 1867//1899 1866//1898 1871//1903
f 1867//1899 1871//1903 1872//1904
f 1797//1829 1873//1905 1868//1900
f 1868//1900 1798//1830 1797//1829
f 1869//1901 1874//1906 1875//1907
f 1870//1902 1869//1901 1875//1907
f 1877//1908 1872//1904 1871//1903
f 1871//1903 1876//1909 1877//1908
f 1796//1828 1878//1910 1873//1905
f 1873//1905 1797//1829 1796//1828
f 1875//1907 1874//1906 1879//1911
f 1875//1907 1879//1911 1880//1912
f 1881//1913 1882//1914 1877//1908
f 1877//1908 1876//1909 1881//1913
f 1883//1915 1878//1910 1796//1828
f 1796//1828 1795//1827 1883//1915
f 1880//1912 1879//1911 1884//1916
f 1880//1912 1884//1916 1885//1917
f 1882//1914 1881//1913 1886//1918
f 1882//1914 1886//1918 1887//1919
f 1888//1920 1883//1915 1795//1827
f 1795//1827 1794//1826 1888//1920
f 1884//1916 1889//1921 1890//1922
f 1885//1917 1884//1916 1890//1922
f 1892//1923 1887//1919 1886//1918
f 1886//1918 1891//1924 1892//1923
f 1793//1825 1893//1925 1888//1920
f 1888//1920 1794//1826 1793//1825
f 1889//1921 1894//1926 1895//1927
f 1890//1922 1889//1921 1895//1927
f 1897//1928 1892//1923 1891//1924
f 1891//1924 1896//1929 1897//1928
f 1792//1824 1898//1930 1893//1925
f 1893//1925 1793//1825 1792//1824
f 1895//1927 1894//1926 1899//1931
f 1895//1927 1899//1931 1900//1932
f 1901//1933 1902//1934 1897//1928
f 1897//1928 1896//1929 1901//1933
f 1791//1823 1903//1935 1898//1930
f 1898//1930 1792//1824 1791//1823
f 1899//1931 1904//1936 1905//1937
f 1900//1932 1899//1931 1905//1937
f 1901//1933 1906//1938 1907//1939
f 1902//1934 1901//1933 1907//1939
f 1908//1940 1903//1935 1791//1823
f 1791//1823 1790//1822 1908//1940
f 1904//1936 1909//1941 1910//1942
f 1905//1937 1904//1936 1910//1942
f 1912//1943 1907//1939 1906//1938
f 1906//1938 1911//1944 1912//1943
f 1913//1945 1908//1940 1790//1822
f 1790//1822 1789//1821 1913//1945
f 1909//1941 1914//1946 1915//1947
f 1910//1942 1909//1941 1915//1947
f 1916//1948 1917//1949 1912//1943
f 1912//1943 1911//1944 1916//1948
f 1918//1950 1913//1945 1789//1821
f 1789//1821 1788//1820 1918//1950
f 1914//1946 1919//1951 1920//1952
f 1915//1947 1914//1946 1920//1952
f 1916//1948 1921//1953 1922//1954
f 1917//1949 1916//1948 1922//1954
f 1787//1819 1923//1955 1918//1950
f 1918//1950 1788//1820 1787//1819
f 1919//1951 1924//1956 1925//1957
f 1920//1952 1919//1951 1925//1957
f 1927//1958 1922//1954 1921//1953
f 1921//1953 1926//1959 1927//1958
f 1928//1960 1923//1955 1787//1819
f 1787//1819 1786//1818 1928//1960
f 1924//1956 1929//1961 1930//1962
f 1925//1957 1924//1956 1930//1962
f 1932//1963 1927//1958 1926//1959
f 1926//1959 1931//1964 1932//1963
f 1933//1965 1928//1960 1786//1818
f 1786//1818 1785//1817 1933//1965
f 1930//1962 1929//1961 1934//1966
f 1930//1962 1934//1966 1935//1967
f 1936//1968 1937//1969 1932//1963
f 1932//1963 1931//1964 1936//1968
f 1938//1970 1933//1965 1785//1817
f 1785//1817 1784//1816 1938//1970
f 1935//1967 1934//1966 1939//1971
f 1935//1967 1939//1971 1940//1972
f 1937//1969 1936//1968 1941//1973
f 1937//1969 1941//1973 1942//1974
f 1943//1975 1938//1970 1784//1816
f 1784//1816 1783//1815 1943//1975
f 1939//1971 1944//1976 1945//1977
f 1940//1972 1939//1971 1945//1977
f 1947//1978 1942//1974 1941//1973
f 1941//1973 1946//1979 1947//1978
f 1948//1980 1943//1975 1783//1815
f 1783//1815 1782//1814 1948//1980
f 1944//1976 1949//1981 1950//1982
f 1945//1977 1944//1976 1950//1982
f 1951//1983 1952//1984 1947//1978
f 1947//1978 1946//1979 1951//1983
f 1953//1985 1948//1980 1782//1814
f 1782//1814 1781//1813 1953//1985
f 1949//1981 1954//1986 1955//1987
f 1950//1982 1949//1981 1955//1987
f 1951//1983 1956//1988 1957//1989
f 1952//1984 1951//1983 1957//1989
f 1958//1990 1953//1985 1781//1813
f 1781//1813 1779//1812 1958//1990
f 1955//1987 1954//1986 1810//1841
f 1955//1987 1810//1841 1809//1844
f 1813//1845 1957//1989 1956//1988
f 1956//1988 1814//1846 1813//1845
f 1817//1850 1958//1990 1779//1812
f 1779//1812 1780//1811 1817//1850
f 1817//1850 1814//1846 1956//1988
f 1956//1988 1958//1990 1817//1850
f 1957//1989 1813//1845 1810//1841
f 1954//1986 1957//1989 1810//1841
f 1958//1990 1956//1988 1951//1983
f 1951//1983 1953//1985 1958//1990
f 1952//1984 1957//1989 1954//1986
f 1949//1981 1952//1984 1954//1986
f 1953//1985 1951//1983 1946//1979
f 1946//1979 1948//1980 1953//1985
f 1944//1976 1947//1978 1952//1984
f 1944//1976 1952//1984 1949//1981
f 1946//1979 1941//1973 1943//1975
f 1943//1975 1948//1980 1946//1979
f 1939//1971 1942//1974 1947//1978
f 1939//1971 1947//1978 1944//1976
f 1943//1975 1941//1973 1936//1968
f 1936//1968 1938//1970 1943//1975
f 1937//1969 1942//1974 1939//1971
f 1934//1966 1937//1969 1939//1971
f 1936//1968 1931//1964 1933//1965
f 1933//1965 1938//1970 1936//1968
f 1929//1961 1932//1963 1937//1969
f 1929//1961 1937//1969 1934//1966
f 1933//1965 1931//1964 1926//1959
f 1926//1959 1928//1960 1933//1965
f 1927//1958 1932//1963 1929//1961
f 1924//1956 1927//1958 1929//1961
f 1928//1960 1926//1959 1921//1953
f 1921//1953 1923//1955 1928//1960
f 1922//1954 1927//1958 1924//1956
f 1919//1951 1922//1954 1924//1956
f 1921//1953 1916//1948 1918//1950
f 1918//1950 1923//1955 1921//1953
f 1914//1946 1917//1949 1922//1954
f 1914//1946 1922//1954 1919//1951
f 1918//1950 1916//1948 1911//1944
f 1911//1944 1913//1945 1918//1950
f 1909//1941 1912//1943 1917//1949
f 1909//1941 1917//1949 1914//1946
f 1913//1945 1911//1944 1906//1938
f 1906//1938 1908//1940 1913//1945
f 1907//1939 1912//1943 1909//1941
f 1904//1936 1907//1939 1909//1941
f 1908//1940 1906//1938 1901//1933
f 1901//1933 1903//1935 1908//1940
f 1902//1934 1907//1939 1904//1936
f 1899//1931 1902//1934 1904//1936
f 1903//1935 1901//1933 1896//1929
f 1896//1929 1898//1930 1903//1935
f 1894//1926 1897//1928 1902//1934
f 1894//1926 1902//1934 1899//1931
f 1896//1929 1891//1924 1893//1925
f 1893//1925 1898//1930 1896//1929
f 1892//1923 1897//1928 1894//1926
f 1889//1921 1892//1923 1894//1926
f 1891//1924 1886//1918 1888//1920
f 1888//1920 1893//1925 1891//1924
f 1887//1919 1892//1923 1889//1921
f 1884//1916 1887//1919 1889//1921
f 1886//1918 1881//1913 1883//1915
f 1883//1915 1888//1920 1886//1918
f 1879//1911 1882//1914 1887//1919
f 1879//1911 1887//1919 1884//1916
f 1883//1915 1881//1913 1876//1909
f 1876//1909 1878//1910 1883//1915
f 1874//1906 1877//1908 1882//1914
f 1874//1906 1882//1914 1879//1911
f 1876//1909 1871//1903 1873//1905
f 1873//1905 1878//1910 1876//1909
f 1869//1901 1872//1904 1877//1908
f 1869//1901 1877//1908 1874//1906
f 1871//1903 1866//1898 1868//1900
f 1868//1900 1873//1905 1871//1903
f 1864//1896 1867//1899 1872//1904
f 1864//1896 1872//1904 1869//1901
f 1866//1898 1861//1894 1863//1895
f 1863//1895 1868//1900 1866//1898
f 1859//1891 1862//1893 1867//1899
f 1859//1891 1867//1899 1864//1896
f 1861//1894 1856//1888 1858//1890
f 1858//1890 1863//1895 1861//1894
f 1857//1889 1862//1893 1859//1891
f 1854//1886 1857//1889 1859//1891
f 1858//1890 1856//1888 1851//1883
f 1851//1883 1853//1885 1858//1890
f 1852//1884 1857//1889 1854//1886
f 1849//1881 1852//1884 1854//1886
f 1851//1883 1846//1878 1848//1880
f 1848//1880 1853//1885 1851//1883
f 1844//1876 1847//1879 1852//1884
f 1844//1876 1852//1884 1849//1881
f 1846//1878 1841//1874 1843//1875
f 1843//1875 1848//1880 1846//1878
f 1839//1871 1842//1873 1847//1879
f 1839//1871 1847//1879 1844//1876
f 1843//1875 1841//1874 1836//1868
f 1836//1868 1838//1870 1843//1875
f 1837//1869 1842//1873 1839//1871
f 1834//1866 1837//1869 1839//1871
f 1836//1868 1831//1863 1833//1865
f 1833//1865 1838//1870 1836//1868
f 1832//1864 1837//1869 1834//1866
f 1829//1861 1832//1864 1834//1866
f 1833//1865 1831//1863 1826//1859
f 1826//1859 1828//1860 1833//1865
f 1827//1858 1832//1864 1829//1861
f 1824//1856 1827//1858 1829//1861
f 1828//1860 1826//1859 1821//1853
f 1821//1853 1823//1855 1828//1860
f 1822//1854 1827//1858 1824//1856
f 1819//1851 1822//1854 1824//1856
f 1821//1853 1815//1847 1818//1849
f 1818//1849 1823//1855 1821//1853
f 1811//1842 1816//1848 1822//1854
f 1811//1842 1822//1854 1819//1851
f 1818//1849 1815//1847 1814//1846
f 1814//1846 1817//1850 1818//1849
f 1813//1845 1816//1848 1811//1842
f 1810//1841 1813//1845 1811//1842
f 1959//1991 1960//1992 1961//1993
f 1959//1991 1961//1993 1962//1994
f 1964//1995 1965//1996 1966//1997
f 1963//1998 1964//1995 1966//1997
f 1962//1994 1961//1993 1967//1999
f 1962//1994 1967//1999 1968//2000
f 1966//1997 1965//1996 1969//2001
f 1966//1997 1969//2001 1970//2002
f 1967//1999 1971//2003 1972//2004
f 1968//2000 1967//1999 1972//2004
f 1969//2001 1973//2005 1974//2006
f 1970//2002 1969//2001 1974//2006
f 1971//2003 1975//2007 1976//2008
f 1972//2004 1971//2003 1976//2008
f 1974//2006 1973//2005 1977//2009
f 1974//2006 1977//2009 1978//2010
f 1976//2008 1975//2007 1979//2011
f 1976//2008 1979//2011 1980//2012
f 1978//2010 1977//2009 1981//2013
f 1978//2010 1981//2013 1982//2014
f 1979//2011 1983//2015 1984//2016
f 1980//2012 1979//2011 1984//2016
f 1982//2014 1981//2013 1985//2017
f 1982//2014 1985//2017 1986//2018
f 1984//2016 1983//2015 1987//2019
f 1984//2016 1987//2019 1988//2020
f 1986//2018 1985//2017 1989//2021
f 1986//2018 1989//2021 1990//2022
f 1988//2020 1987//2019 1991//2023
f 1988//2020 1991//2023 1992//2024
f 1990//2022 1989//2021 1993//2025
f 1990//2022 1993//2025 1994//2026
f 1992//2024 1991//2023 1995//2027
f 1992//2024 1995//2027 1996//2028
f 1994//2026 1993//2025 1997//2029
f 1994//2026 1997//2029 1998//2030
f 1996//2028 1995//2027 1999//2031
f 1996//2028 1999//2031 2000//2032
f 1998//2030 1997//2029 2001//2033
f 1998//2030 2001//2033 2002//2034
f 1999//2031 2003//2035 2004//2036
f 2000//2032 1999//2031 2004//2036
f 2002//2034 2001//2033 2005//2037
f 2002//2034 2005//2037 2006//2038
f 2003//2035 2007//2039 2008//2040
f 2004//2036 2003//2035 2008//2040
f 2006//2038 2005//2037 2009//2041
f 2006//2038 2009//2041 2010//2042
f 2007//2039 2011//2043 2012//2044
f 2008//2040 2007//2039 2012//2044
f 2010//2042 2009//2041 2013//2045
f 2010//2042 2013//2045 2014//2046
f 2012//2044 2011//2043 2015//2047
f 2012//2044 2015//2047 2016//2048
f 2014//2046 2013//2045 2017//2049
f 2014//2046 2017//2049 2018//2050
f 2015//2047 2019//2051 2020//2052
f 2016//2048 2015//2047 2020//2052
f 2018//2050 2017//2049 2021//2053
f 2018//2050 2021//2053 2022//2054
f 2020//2052 2019//2051 2023//2055
f 2020//2052 2023//2055 2024//2056
f 2021//2053 2025//2057 2026//2058
f 2022//2054 2021//2053 2026//2058
f 2023//2055 2027//2059 2028//2060
f 2024//2056 2023//2055 2028//2060
f 2025//2057 2029//2061 2030//2062
f 2026//2058 2025//2057 2030//2062
f 2028//2060 2027//2059 2031//2063
f 2028//2060 2031//2063 2032//2064
f 2029//2061 2033//2065 2034//2066
f 2030//2062 2029//2061 2034//2066
f 2031//2063 2035//2067 2036//2068
f 2032//2064 2031//2063 2036//2068
f 2033//2065 2037//2069 2038//2070
f 2034//2066 2033//2065 2038//2070
f 2035//2067 2039//2071 2040//2072
f 2036//2068 2035//2067 2040//2072
f 2037//2069 2041//2073 2042//2074
f 2038//2070 2037//2069 2042//2074
f 2040//2072 2039//2071 2043//2075
f 2040//2072 2043//2075 2044//2076
f 2041//2073 2045//2077 2046//2078
f 2042//2074 2041//2073 2046//2078
f 2044//2076 2043//2075 2047//2079
f 2044//2076 2047//2079 2048//2080
f 2045//2077 2049//2081 2050//2082
f 2046//2078 2045//2077 2050//2082
f 2047//2079 2051//2083 2052//2084
f 2048//2080 2047//2079 2052//2084
f 2049//2081 2053//2085 2054//2086
f 2050//2082 2049//2081 2054//2086
f 2051//2083 2055//2087 2056//2088
f 2052//2084 2051//2083 2056//2088
f 2053//2085 2057//2089 2058//2090
f 2054//2086 2053//2085 2058//2090
f 2055//2087 2059//2091 2060//2092
f 2056//2088 2055//2087 2060//2092
f 2057//2089 2061//2093 2062//2094
f 2058//2090 2057//2089 2062//2094
f 2060//2092 2059//2091 2063//2095
f 2060//2092 2063//2095 2064//2096
f 2061//2093 2065//2097 2066//2098
f 2062//2094 2061//2093 2066//2098
f 2064//2096 2063//2095 2067//2099
f 2064//2096 2067//2099 2068//2100
f 2065//2097 2069//2101 2070//2102
f 2066//2098 2065//2097 2070//2102
f 2067//2099 2071//2103 2072//2104
f 2068//2100 2067//2099 2072//2104
f 2070//2102 2069//2101 2073//2105
f 2070//2102 2073//2105 2074//2106
f 2071//2103 2075//2107 2076//2108
f 2072//2104 2071//2103 2076//2108
f 2073//2105 2077//2109 2078//2110
f 2074//2106 2073//2105 2078//2110
f 2075//2107 1960//1992 1959//1991
f 2076//2108 2075//2107 1959//1991
f 2078//2110 2077//2109 1964//1995
f 2078//2110 1964//1995 1963//1998
f 1955//1987 1809//1844 1964//1995
f 2077//2109 1955//1987 1964//1995
f 2078//2110 1963//1998 1960//1992
f 2075//2107 2078//2110 1960//1992
f 2073//2105 1950//1982 1955//1987
f 2073//2105 1955//1987 2077//2109
f 2071//2103 2074//2106 2078//2110
f 2071//2103 2078//2110 2075//2107
f 2069//2101 1945//1977 1950//1982
f 2069//2101 1950//1982 2073//2105
f 2070//2102 2074//2106 2071//2103
f 2067//2099 2070//2102 2071//2103
f 2065//2097 1940//1972 1945//1977
f 2065//2097 1945//1977 2069//2101
f 2063//2095 2066//2098 2070//2102
f 2063//2095 2070//2102 2067//2099
f 2061//2093 1935//1967 1940//1972
f 2061//2093 1940//1972 2065//2097
f 2059//2091 2062//2094 2066//2098
f 2059//2091 2066//2098 2063//2095
f 1930//1962 1935//1967 2061//2093
f 2057//2089 1930//1962 2061//2093
f 2055//2087 2058//2090 2062//2094
f 2055//2087 2062//2094 2059//2091
f 2053//2085 1925//1957 1930//1962
f 2053//2085 1930//1962 2057//2089
f 2051//2083 2054//2086 2058//2090
f 2051//2083 2058//2090 2055//2087
f 2049//2081 1920//1952 1925//1957
f 2049//2081 1925//1957 2053//2085
f 2047//2079 2050//2082 2054//2086
f 2047//2079 2054//2086 2051//2083
f 2045//2077 1915//1947 1920//1952
f 2045//2077 1920//1952 2049//2081
f 2043//2075 2046//2078 2050//2082
f 2043//2075 2050//2082 2047//2079
f 2041//2073 1910//1942 1915//1947
f 2041//2073 1915//1947 2045//2077
f 2039//2071 2042//2074 2046//2078
f 2039//2071 2046//2078 2043//2075
f 2037//2069 1905//1937 1910//1942
f 2037//2069 1910//1942 2041//2073
f 2035//2067 2038//2070 2042//2074
f 2035//2067 2042//2074 2039//2071
f 2033//2065 1900//1932 1905//1937
f 2033//2065 1905//1937 2037//2069
f 2034//2066 2038//2070 2035//2067
f 2031//2063 2034//2066 2035//2067
f 2029//2061 1895//1927 1900//1932
f 2029//2061 1900//1932 2033//2065
f 2027//2059 2030//2062 2034//2066
f 2027//2059 2034//2066 2031//2063
f 2025//2057 1890//1922 1895//1927
f 2025//2057 1895//1927 2029//2061
f 2023//2055 2026//2058 2030//2062
f 2023//2055 2030//2062 2027//2059
f 2021//2053 1885//1917 1890//1922
f 2021//2053 1890//1922 2025//2057
f 2022//2054 2026//2058 2023//2055
f 2019//2051 2022//2054 2023//2055
f 1880//1912 1885//1917 2021//2053
f 2017//2049 1880//1912 2021//2053
f 2015//2047 2018//2050 2022//2054
f 2015//2047 2022//2054 2019//2051
f 1875//1907 1880//1912 2017//2049
f 2013//2045 1875//1907 2017//2049
f 2014//2046 2018//2050 2015//2047
f 2011//2043 2014//2046 2015//2047
f 1870//1902 1875//1907 2013//2045
f 2009//2041 1870//1902 2013//2045
f 2010//2042 2014//2046 2011//2043
f 2007//2039 2010//2042 2011//2043
f 1865//1897 1870//1902 2009//2041
f 2005//2037 1865//1897 2009//2041
f 2006//2038 2010//2042 2007//2039
f 2003//2035 2006//2038 2007//2039
f 1860//1892 1865//1897 2005//2037
f 2001//2033 1860//1892 2005//2037
f 2002//2034 2006//2038 2003//2035
f 1999//2031 2002//2034 2003//2035
f 1855//1887 1860//1892 2001//2033
f 1997//2029 1855//1887 2001//2033
f 1998//2030 2002//2034 1999//2031
f 1995//2027 1998//2030 1999//2031
f 1993//2025 1850//1882 1855//1887
f 1993//2025 1855//1887 1997//2029
f 1994//2026 1998//2030 1995//2027
f 1991//2023 1994//2026 1995//2027
f 1845//1877 1850//1882 1993//2025
f 1989//2021 1845//1877 1993//2025
f 1990//2022 1994//2026 1991//2023
f 1987//2019 1990//2022 1991//2023
f 1840//1872 1845//1877 1989//2021
f 1985//2017 1840//1872 1989//2021
f 1986//2018 1990//2022 1987//2019
f 1983//2015 1986//2018 1987//2019
f 1981//2013 1835//1867 1840//1872
f 1981//2013 1840//1872 1985//2017
f 1982//2014 1986//2018 1983//2015
f 1979//2011 1982//2014 1983//2015
f 1977//2009 1830//1862 1835//1867
f 1977//2009 1835//1867 1981//2013
f 1978//2010 1982//2014 1979//2011
f 1975//2007 1978//2010 1979//2011
f 1825//1857 1830//1862 1977//2009
f 1973//2005 1825//1857 1977//2009
f 1974//2006 1978//2010 1975//2007
f 1971//2003 1974//2006 1975//2007
f 1820//1852 1825//1857 1973//2005
f 1969//2001 1820//1852 1973//2005
f 1970//2002 1974//2006 1971//2003
f 1967//1999 1970//2002 1971//2003
f 1965//1996 1812//1843 1820//1852
f 1965//1996 1820//1852 1969//2001
f 1966//1997 1970//2002 1967//1999
f 1961//1993 1966//1997 1967//1999
f 1964//1995 1809//1844 1812//1843
f 1964//1995 1812//1843 1965//1996
f 1960//1992 1963//1998 1966//1997
f 1960//1992 1966//1997 1961//1993
l 783 784
l 780 786
l 407 515
l 436 520
l 410 526
l 773 778
l 779 789
l 1540 1541
