# Blender 5.0.1
# www.blender.org
mtllib LlantaTrasIzq.mtl
g LlantaTraseraIzq_Mesh
v -1.330250 0.164997 -4.511400
v -1.294527 0.349910 -4.287615
v -1.330242 0.164997 -4.717703
v -1.330263 2.108971 -4.060934
v -1.294544 2.177019 -3.788645
v -1.330257 2.201973 -4.249422
v -1.294579 3.730557 -2.526529
v -1.330294 3.681825 -2.936014
v -1.294571 3.621242 -2.662291
v -1.294750 2.177020 3.468279
v -1.330484 2.108971 3.740591
v -1.330492 2.201973 3.929060
v -1.330492 -1.813965 3.889120
v -1.330498 -1.906968 4.077589
v -1.334806 -1.777663 4.331186
v -1.334776 -3.478110 3.445360
v -1.330471 -3.655663 3.025099
v -1.334776 -3.651851 3.304205
v -1.334736 -4.805967 1.870924
v -1.330421 -4.778730 1.421827
v -1.334726 -4.901059 1.678205
v -1.334570 -3.651851 -3.624578
v -1.330286 -3.655663 -3.345461
v -1.334570 -3.478110 -3.765718
v -1.330257 -1.813965 -4.209497
v -1.334541 -1.777664 -4.651556
v -1.330250 -1.906970 -4.397955
v -1.138754 -3.293886 -3.997278
v -1.138912 -5.088213 1.448580
v -1.138960 -3.926338 3.163099
v -1.138998 -2.092034 4.303003
v -1.138767 -3.926338 -3.483461
v -1.138731 -2.092034 -4.623365
v -1.138748 0.097544 -4.250345
v -1.138973 1.929677 3.526873
v -1.138973 -1.757910 3.625887
v -1.138754 -1.757911 -3.946249
v -1.138762 1.929677 -3.847231
v -1.138803 3.820976 -2.310694
v -1.138788 3.421685 -2.806570
v -1.294527 0.534886 -4.174387
v -1.330250 0.767327 -4.358576
v -1.294527 0.349913 -4.191916
v -1.334534 0.397440 -4.806223
v -1.330242 0.164997 -4.622007
v -1.330242 0.814863 -4.560392
v -1.334534 0.629947 -4.784170
v -1.294544 2.338091 -3.609056
v -1.330271 2.633472 -3.692030
v -1.294544 2.177020 -3.692949
v -1.334555 2.497355 -4.236719
v -1.330257 2.201974 -4.153727
v -1.330263 2.767873 -3.858923
v -1.334555 2.699825 -4.131239
v -1.294579 3.730558 -2.430834
v -1.330307 4.037809 -2.398226
v -1.330294 3.681827 -2.840319
v -1.334591 4.158998 -2.945784
v -1.330294 3.851747 -2.978373
v -1.330307 4.235829 -2.501368
v -1.334591 4.296412 -2.775129
v -1.294622 4.471524 -0.843451
v -1.330357 4.737514 -0.700922
v -1.330343 4.611588 -1.235418
v -1.294622 4.432853 -1.007593
v -1.334641 5.095048 -1.156645
v -1.330334 4.829052 -1.299185
v -1.330357 4.964917 -0.722475
v -1.334650 5.143653 -0.950308
v -1.294672 4.432853 0.878607
v -1.330408 4.611588 1.106459
v -1.330395 4.737514 0.571943
v -1.294672 4.471524 0.714476
v -1.334700 5.143653 0.821337
v -1.330395 4.964917 0.593500
v -1.330408 4.829052 1.170214
v -1.334705 5.095048 1.027674
v -1.294722 3.621243 2.437624
v -1.330458 3.681827 2.711348
v -1.330442 4.037809 2.269255
v -1.294712 3.730558 2.301851
v -1.334753 4.296412 2.646143
v -1.330442 4.235829 2.372396
v -1.330458 3.851748 2.849386
v -1.334753 4.158998 2.816797
v -1.294750 2.177021 3.563974
v -1.330479 2.633479 3.563044
v -1.294750 2.338091 3.480085
v -1.334789 2.699826 4.002264
v -1.330484 2.767874 3.729956
v -1.330492 2.201975 4.024755
v -1.334801 2.497355 4.107729
v -1.294764 0.349913 4.062941
v -1.330498 0.164998 4.286726
v -1.330498 0.767328 4.229605
v -1.294764 0.534887 4.045408
v -1.334814 0.629947 4.655191
v -1.330505 0.814864 4.431421
v -1.330505 0.164998 4.493032
v -1.334814 0.397441 4.677244
v -1.294756 -1.544157 3.848234
v -1.330492 -1.813963 3.984816
v -1.330498 -1.237960 4.153685
v -1.294764 -1.367274 3.900103
v -1.334806 -1.555311 4.492064
v -1.330505 -1.285503 4.355486
v -1.334806 -1.777662 4.426886
v -1.294737 -3.177692 2.956972
v -1.330465 -3.485747 2.982737
v -1.330479 -3.035661 3.348391
v -1.294737 -3.039479 3.069281
v -1.334776 -3.478109 3.541059
v -1.330479 -3.170063 3.515299
v -1.330471 -3.655661 3.120794
v -1.294693 -4.268240 1.543295
v -1.330421 -4.561258 1.453775
v -1.330435 -4.314922 1.952990
v -1.294699 -4.192592 1.696600
v -1.334736 -4.805966 1.966623
v -1.330435 -4.512949 2.056150
v -1.330421 -4.778729 1.517527
v -1.294641 -4.627224 -0.148390
v -1.330370 -4.854564 -0.337721
v -1.330383 -4.854564 0.208750
v -1.294649 -4.627224 0.019426
v -1.334679 -5.309292 0.040983
v -1.330383 -5.081967 0.230303
v -1.330364 -5.081967 -0.359285
v -1.334669 -5.309292 -0.169954
v -1.294592 -4.192592 -1.825579
v -1.330313 -4.314922 -2.081961
v -1.330334 -4.561258 -1.582747
v -1.294601 -4.268241 -1.672270
v -1.334621 -4.901059 -1.902887
v -1.330328 -4.778730 -1.646494
v -1.330313 -4.512949 -2.185125
v -1.334612 -4.805966 -2.095594
v -1.294558 -3.039479 -3.198252
v -1.330276 -3.035661 -3.477365
v -1.330286 -3.485747 -3.111715
v -1.294558 -3.177693 -3.085955
v -1.330286 -3.655663 -3.249765
v -1.330271 -3.170063 -3.644270
v -1.334570 -3.478110 -3.670023
v -1.294527 -1.367275 -4.029074
v -1.330257 -1.237961 -4.282652
v -1.330257 -1.813964 -4.113798
v -1.294535 -1.544158 -3.977213
v -1.334541 -1.777663 -4.555861
v -1.330250 -1.285505 -4.484461
v -1.334541 -1.555311 -4.621038
v 4.388636 1.376347 -6.065451
v 4.388636 -0.037372 -6.199511
v 4.388622 2.728276 -5.669111
v 4.388597 3.959342 -5.027811
v 4.388577 5.015725 -4.169580
v 4.388550 5.851264 -3.131933
v 4.388514 6.429442 -1.960230
v 4.388479 6.724988 -0.705645
v 4.388441 6.724988 0.576956
v 4.388407 6.429442 1.831511
v 4.388371 5.851264 3.003229
v 4.388342 5.015725 4.040873
v 4.388313 3.959342 4.899107
v 4.388300 2.728277 5.540411
v 4.388285 1.376348 5.936743
v 4.388277 -0.037371 6.070814
v 4.388285 -1.451089 5.936743
v 4.388300 -2.803019 5.540411
v 4.388313 -4.034082 4.899107
v 4.388342 -5.090466 4.040876
v 4.388371 -5.926005 3.003233
v 4.388407 -6.504185 1.831514
v 4.388441 -6.799730 0.576956
v 4.388479 -6.799730 -0.705645
v 4.388514 -6.504185 -1.960226
v 4.388550 -5.926006 -3.131933
v 4.388577 -5.090466 -4.169580
v 4.388597 -4.034083 -5.027807
v 4.388622 -2.803020 -5.669111
v 4.388636 -1.451090 -6.065451
v -3.308901 1.569888 -6.887217
v -3.308895 -0.037372 -7.039644
v -3.308914 3.106912 -6.436609
v -3.308935 4.506514 -5.707510
v -3.308966 5.707519 -4.731791
v -3.308992 6.657448 -3.552084
v -3.309036 7.314785 -2.219965
v -3.309080 7.650787 -0.793634
v -3.309124 7.650787 0.664568
v -3.309160 7.314785 2.090887
v -3.309200 6.657448 3.423006
v -3.309235 5.707519 4.602724
v -3.309265 4.506514 5.578447
v -3.309278 3.106914 6.307543
v -3.309292 1.569889 6.758142
v -3.309301 -0.037371 6.910570
v -3.309292 -1.644638 6.758142
v -3.309278 -3.181653 6.307543
v -3.309265 -4.581254 5.578447
v -3.309235 -5.782260 4.602724
v -3.309200 -6.732191 3.423006
v -3.309160 -7.389520 2.090887
v -3.309124 -7.725537 0.664568
v -3.309080 -7.725537 -0.793634
v -3.309036 -7.389520 -2.219965
v -3.308992 -6.732191 -3.552084
v -3.308966 -5.782261 -4.731791
v -3.308935 -4.581255 -5.707510
v -3.308914 -3.181654 -6.436605
v -3.308901 -1.644639 -6.887217
v -1.138849 5.273797 -0.690569
v -1.138788 4.532394 -2.585596
v -1.138754 3.000834 -4.044695
v -1.138727 0.943939 -4.815580
v -1.138727 -1.282632 -4.764967
v -1.138754 -3.293885 -3.901583
v -1.138798 -4.742054 -2.374739
v -1.138855 -5.376744 -0.448427
v -1.138912 -5.088212 1.544275
v -1.138960 -3.926337 3.258799
v -1.138998 -2.092032 4.398699
v -1.139004 0.097546 4.766882
v -1.138987 2.263799 4.299685
v -1.138956 4.032155 3.077871
v -1.138903 5.096849 1.312716
v -1.138884 5.273797 0.561594
v -1.138939 4.532394 2.456625
v -1.138983 3.000834 3.915731
v -1.139004 0.943940 4.686617
v -1.139004 -1.282632 4.635996
v -1.138973 -3.293884 3.772623
v -1.138933 -4.742054 2.245779
v -1.138876 -5.376744 0.319464
v -1.138819 -5.088212 -1.673243
v -1.138767 -3.926338 -3.387762
v -1.138731 -2.092033 -4.527670
v -1.138727 0.097544 -4.895845
v -1.138741 2.263799 -4.428648
v -1.138775 4.032154 -3.206835
v -1.138824 5.096849 -1.441690
v 2.794764 -0.037371 -2.401594
v 2.794691 -0.037371 -0.064394
v 2.794764 -0.575931 -2.350523
v 2.794758 -1.090950 -2.199541
v 2.794750 -1.559927 -1.955229
v 2.794741 -1.962361 -1.628294
v 2.794727 -2.280658 -1.232996
v 2.794714 -2.500920 -0.786623
v 2.794699 -2.613503 -0.308699
v 2.794685 -2.613503 0.179911
v 2.794670 -2.500920 0.657846
v 2.794662 -2.280657 1.104219
v 2.794649 -1.962361 1.499502
v 2.794643 -1.559926 1.826448
v 2.794634 -1.090949 2.070761
v 2.794628 -0.575931 2.221739
v 2.794628 -0.037371 2.272821
v 2.794628 0.501189 2.221739
v 2.794634 1.016207 2.070761
v 2.794643 1.485183 1.826448
v 2.794649 1.887619 1.499502
v 2.794662 2.205916 1.104219
v 2.794670 2.426178 0.657846
v 2.794685 2.538761 0.179911
v 2.794699 2.538761 -0.308699
v 2.794714 2.426178 -0.786623
v 2.794727 2.205916 -1.232996
v 2.794741 1.887618 -1.628294
v 2.794750 1.485183 -1.955229
v 2.794758 1.016207 -2.199541
v 2.794764 0.501188 -2.350523
v 2.252205 0.568504 -2.636301
v 2.252205 -0.037372 -2.693758
v 2.252197 1.147902 -2.466429
v 2.252192 1.675501 -2.191599
v 2.252184 2.128243 -1.823786
v 2.252169 2.486323 -1.379084
v 2.252155 2.734119 -0.876921
v 2.252134 2.860784 -0.339251
v 2.252121 2.860784 0.210432
v 2.252104 2.734119 0.748114
v 2.252090 2.486323 1.250273
v 2.252077 2.128243 1.694975
v 2.252069 1.675502 2.062796
v 2.252062 1.147902 2.337637
v 2.252054 0.568504 2.507494
v 2.252054 -0.037371 2.564955
v 2.252054 -0.643254 2.507494
v 2.252062 -1.222652 2.337637
v 2.252069 -1.750245 2.062796
v 2.252077 -2.202986 1.694975
v 2.252090 -2.561066 1.250273
v 2.252104 -2.808860 0.748114
v 2.252121 -2.935525 0.210432
v 2.252134 -2.935525 -0.339251
v 2.252155 -2.808860 -0.876921
v 2.252169 -2.561066 -1.379084
v 2.252184 -2.202986 -1.823786
v 2.252192 -1.750245 -2.191599
v 2.252197 -1.222652 -2.466429
v 2.252205 -0.643254 -2.636301
v 2.252220 -0.037372 -3.241545
v 2.252220 -0.769473 -3.172117
v 2.252211 -1.469586 -2.966871
v 2.252205 -2.107099 -2.634764
v 2.252192 -2.654155 -2.190325
v 2.252176 -3.086843 -1.652979
v 2.252155 -3.386256 -1.046194
v 2.252140 -3.539304 -0.396502
v 2.252121 -3.539304 0.267698
v 2.252098 -3.386256 0.917379
v 2.252083 -3.086843 1.524168
v 2.252069 -2.654155 2.061522
v 2.252054 -2.107099 2.505960
v 2.252048 -1.469585 2.838060
v 2.252041 -0.769473 3.043310
v 2.252033 -0.037371 3.112734
v 2.252041 0.694729 3.043310
v 2.252048 1.394843 2.838060
v 2.252054 2.032355 2.505957
v 2.252069 2.579405 2.061522
v 2.252083 3.012101 1.524168
v 2.252098 3.311515 0.917379
v 2.252121 3.464562 0.267698
v 2.252140 3.464562 -0.396502
v 2.252155 3.311515 -1.046194
v 2.252176 3.012101 -1.652979
v 2.252192 2.579405 -2.190325
v 2.252205 2.032355 -2.634764
v 2.252211 1.394843 -2.966871
v 2.252220 0.694729 -3.172117
v 5.541542 -0.037372 -4.994364
v 4.931164 -0.037372 -5.030901
v 4.931158 -1.181814 -4.922380
v 5.541542 -1.173395 -4.886641
v 4.931150 -2.276238 -4.601534
v 5.541534 -2.259772 -4.568148
v 4.931135 -3.272804 -4.082376
v 5.541513 -3.249012 -4.052820
v 4.931116 -4.127976 -3.387625
v 5.541500 -4.097895 -3.363173
v 4.931093 -4.804366 -2.547617
v 5.541471 -4.769312 -2.529345
v 4.931063 -5.272409 -1.599081
v 5.541443 -5.233918 -1.587793
v 4.931028 -5.511663 -0.583490
v 5.541412 -5.471406 -0.579653
v 4.931000 -5.511663 0.454809
v 5.541386 -5.471406 0.451014
v 4.930973 -5.272409 1.470427
v 5.541357 -5.233918 1.459143
v 4.930943 -4.804366 2.418928
v 5.541328 -4.769312 2.400705
v 4.930922 -4.127975 3.258940
v 5.541307 -4.097895 3.234518
v 4.930901 -3.272804 3.953695
v 5.541286 -3.249012 3.924177
v 4.930885 -2.276237 4.472841
v 5.541273 -2.259771 4.439505
v 4.930880 -1.181813 4.793707
v 5.541262 -1.173394 4.757998
v 4.930872 -0.037371 4.902227
v 5.541256 -0.037371 4.865721
v 4.930880 1.107064 4.793707
v 5.541262 1.098651 4.757998
v 4.930885 2.201495 4.472841
v 5.541273 2.185022 4.439505
v 4.930901 3.198065 3.953695
v 5.541286 3.174273 3.924177
v 4.930922 4.053233 3.258936
v 5.541307 4.023153 3.234518
v 4.930943 4.729618 2.418928
v 5.541328 4.694565 2.400705
v 4.930973 5.197669 1.470423
v 5.541357 5.159177 1.459143
v 4.931000 5.436922 0.454809
v 5.541386 5.396672 0.451010
v 4.931028 5.436922 -0.583490
v 5.541412 5.396672 -0.579653
v 4.931063 5.197669 -1.599081
v 5.541443 5.159177 -1.587793
v 4.931093 4.729618 -2.547617
v 5.541471 4.694565 -2.529345
v 4.931116 4.053233 -3.387625
v 5.541500 4.023152 -3.363176
v 4.931135 3.198064 -4.082376
v 5.541513 3.174272 -4.052820
v 4.931150 2.201494 -4.601534
v 5.541534 2.185021 -4.568148
v 4.931158 1.107063 -4.922380
v 5.541542 1.098650 -4.886641
v 5.812836 1.199629 -5.315279
v 5.812836 -0.037372 -5.432577
v 5.812822 2.382576 -4.968485
v 5.812805 3.459754 -4.407331
v 5.812784 4.384089 -3.656401
v 5.812757 5.115189 -2.748457
v 5.812727 5.621091 -1.723196
v 5.812700 5.879693 -0.625456
v 5.812666 5.879693 0.496817
v 5.812635 5.621091 1.594572
v 5.812607 5.115189 2.619825
v 5.812578 4.384091 3.527761
v 5.812559 3.459756 4.278708
v 5.812536 2.382576 4.839849
v 5.812529 1.199629 5.186647
v 5.812529 -0.037371 5.303961
v 5.812529 -1.274378 5.186647
v 5.812536 -2.457318 4.839853
v 5.812559 -3.534495 4.278708
v 5.812578 -4.458833 3.527761
v 5.812607 -5.189929 2.619825
v 5.812635 -5.695832 1.594572
v 5.812666 -5.954443 0.496817
v 5.812700 -5.954443 -0.625452
v 5.812727 -5.695832 -1.723196
v 5.812757 -5.189929 -2.748457
v 5.812784 -4.458833 -3.656397
v 5.812805 -3.534496 -4.407331
v 5.812822 -2.457319 -4.968485
v 5.812836 -1.274378 -5.315279
v 0.455038 -0.037372 -4.665819
v 2.760925 -0.037372 -4.811838
v 2.760918 -1.131321 -4.708109
v 0.455038 -1.097660 -4.565271
v 4.999006 -0.037372 -5.615213
v 4.999006 -1.316453 -5.493898
v 2.760910 -2.177456 -4.401400
v 0.455023 -2.111612 -4.268007
v 4.998991 -2.539629 -5.135309
v 2.760897 -3.130064 -3.905157
v 0.455009 -3.034908 -3.787043
v 4.998978 -3.653444 -4.555079
v 2.760874 -3.947504 -3.241053
v 0.454994 -3.827199 -3.143362
v 4.998955 -4.609224 -3.778585
v 2.760855 -4.594051 -2.438120
v 0.454973 -4.453852 -2.365141
v 4.998928 -5.365182 -2.839766
v 2.760824 -5.041452 -1.531435
v 0.454947 -4.887486 -1.486349
v 4.998898 -5.888296 -1.779646
v 2.760796 -5.270156 -0.560633
v 0.454920 -5.109141 -0.545427
v 4.998863 -6.155699 -0.644548
v 2.760767 -5.270156 0.431849
v 0.454889 -5.109141 0.416533
v 4.998827 -6.155699 0.515875
v 2.760746 -5.041452 1.402658
v 0.454859 -4.887486 1.357462
v 4.998793 -5.888296 1.650972
v 2.760717 -4.594051 2.309332
v 0.454838 -4.453851 2.236246
v 4.998762 -5.365182 2.711092
v 2.760689 -3.947504 3.112272
v 0.454819 -3.827199 3.014482
v 4.998734 -4.609223 3.649923
v 2.760675 -3.130064 3.776373
v 0.454796 -3.034907 3.658148
v 4.998713 -3.653443 4.426405
v 2.760660 -2.177455 4.272615
v 0.454782 -2.111611 4.139128
v 4.998697 -2.539628 5.006628
v 2.760647 -1.131321 4.579317
v 0.454775 -1.097660 4.436380
v 4.998684 -1.316452 5.365236
v 2.760647 -0.037371 4.683069
v 0.454775 -0.037371 4.536940
v 4.998684 -0.037371 5.486525
v 2.760647 1.056579 4.579317
v 0.454775 1.022918 4.436380
v 4.998684 1.241708 5.365236
v 2.760660 2.102714 4.272615
v 0.454782 2.036870 4.139128
v 4.998697 2.464885 5.006624
v 2.760675 3.055324 3.776373
v 0.454796 2.960160 3.658148
v 4.998713 3.578704 4.426405
v 2.760689 3.872762 3.112272
v 0.454819 3.752450 3.014479
v 4.998734 4.534476 3.649923
v 2.760717 4.519310 2.309328
v 0.454838 4.379104 2.236242
v 4.998762 5.290442 2.711088
v 2.760746 4.966711 1.402658
v 0.454859 4.812738 1.357462
v 4.998793 5.813555 1.650972
v 2.760767 5.195407 0.431849
v 0.454889 5.034400 0.416533
v 4.998827 6.080958 0.515875
v 2.760796 5.195407 -0.560633
v 0.454920 5.034400 -0.545427
v 4.998863 6.080958 -0.644548
v 2.760824 4.966711 -1.531439
v 0.454947 4.812738 -1.486349
v 4.998898 5.813555 -1.779646
v 2.760855 4.519310 -2.438124
v 0.454973 4.379104 -2.365141
v 4.998928 5.290442 -2.839766
v 2.760874 3.872762 -3.241053
v 0.454994 3.752450 -3.143362
v 4.998955 4.534474 -3.778585
v 2.760897 3.055322 -3.905157
v 0.455009 2.960159 -3.787043
v 4.998978 3.578702 -4.555079
v 2.760910 2.102713 -4.401400
v 0.455023 2.036870 -4.268007
v 4.998991 2.464884 -5.135309
v 2.760918 1.056577 -4.708109
v 0.455038 1.022917 -4.565271
v 4.999006 1.241707 -5.493898
v 0.455048 1.132311 -5.029650
v 0.455051 -0.037372 -5.140570
v 0.455038 2.250874 -4.701719
v 0.455023 3.269434 -4.171110
v 0.455004 4.143466 -3.461046
v 0.454981 4.834773 -2.602499
v 0.454954 5.313151 -1.633047
v 0.454924 5.557680 -0.595041
v 0.454889 5.557680 0.466154
v 0.454859 5.313151 1.504156
v 0.454832 4.834773 2.473619
v 0.454809 4.143466 3.332151
v 0.454788 3.269435 4.042227
v 0.454775 2.250874 4.572821
v 0.454762 1.132312 4.900751
v 0.454762 -0.037371 5.011679
v 0.454762 -1.207056 4.900751
v 0.454775 -2.325624 4.572821
v 0.454788 -3.344175 4.042227
v 0.454809 -4.218207 3.332151
v 0.454832 -4.909513 2.473619
v 0.454859 -5.387890 1.504156
v 0.454889 -5.632421 0.466154
v 0.454924 -5.632421 -0.595041
v 0.454954 -5.387890 -1.633047
v 0.454981 -4.909513 -2.602499
v 0.455004 -4.218207 -3.461046
v 0.455023 -3.344175 -4.171110
v 0.455038 -2.325624 -4.701719
v 0.455048 -1.207057 -5.029650
v 3.879972 -0.037372 -5.469152
v 3.879972 -1.282791 -5.351046
v 2.794842 -0.037372 -5.250067
v 2.794842 -1.232298 -5.136751
v 3.879965 -2.473776 -5.001886
v 2.794834 -2.375003 -4.801752
v 3.879944 -3.558290 -4.436934
v 2.794813 -3.415548 -4.259695
v 3.879923 -4.488914 -3.680868
v 2.794800 -4.308440 -3.534300
v 3.879902 -5.224982 -2.766748
v 2.794771 -5.014673 -2.657236
v 3.879866 -5.734330 -1.734529
v 2.794741 -5.503375 -1.666857
v 3.879835 -5.994693 -0.629309
v 2.794714 -5.753177 -0.606443
v 3.879801 -5.994693 0.500605
v 2.794678 -5.753177 0.477652
v 3.879774 -5.734330 1.605810
v 2.794649 -5.503375 1.538065
v 3.879745 -5.224982 2.638037
v 2.794621 -5.014673 2.528452
v 3.879715 -4.488912 3.552149
v 2.794592 -4.308439 3.405508
v 3.879694 -3.558289 4.308210
v 2.794571 -3.415547 4.130911
v 3.879673 -2.473775 4.873163
v 2.794556 -2.375002 4.672960
v 3.879665 -1.282790 5.222326
v 2.794550 -1.232297 5.007971
v 3.879658 -0.037371 5.340433
v 2.794542 -0.037371 5.121294
v 3.879665 1.208048 5.222326
v 2.794550 1.157556 5.007971
v 3.879673 2.399035 4.873163
v 2.794556 2.300261 4.672960
v 3.879694 3.483541 4.308210
v 2.794571 3.340806 4.130911
v 3.879715 4.414165 3.552149
v 2.794592 4.233699 3.405508
v 3.879745 5.150234 2.638037
v 2.794621 4.939926 2.528452
v 3.879774 5.659582 1.605806
v 2.794649 5.428626 1.538065
v 3.879801 5.919949 0.500605
v 2.794678 5.678437 0.477652
v 3.879835 5.919949 -0.629309
v 2.794714 5.678437 -0.606443
v 3.879866 5.659582 -1.734529
v 2.794741 5.428626 -1.666857
v 3.879902 5.150234 -2.766748
v 2.794771 4.939926 -2.657240
v 3.879923 4.414164 -3.680872
v 2.794800 4.233698 -3.534300
v 3.879944 3.483541 -4.436934
v 2.794813 3.340804 -4.259695
v 3.879965 2.399034 -5.001886
v 2.794834 2.300260 -4.801752
v 3.879972 1.208048 -5.351046
v 2.794842 1.157555 -5.136751
v -1.138718 -0.037372 -5.031050
v -1.613449 -0.037372 -5.250185
v -1.613457 -1.232298 -5.136854
v -1.138727 -1.181814 -4.922522
v -2.766378 -0.037372 -5.469316
v -3.037649 -0.037372 -5.834513
v -3.037659 -1.366943 -5.708422
v -2.766378 -1.282791 -5.351210
v -3.241095 -0.037372 -6.382303
v -3.241095 -1.493164 -6.244234
v -1.613464 -2.375011 -4.801851
v -1.138731 -2.276238 -4.601675
v -3.037664 -2.638402 -5.335665
v -2.766386 -2.473776 -5.002047
v -3.241108 -2.885334 -5.836111
v -1.613478 -3.415548 -4.259798
v -1.138748 -3.272804 -4.082518
v -3.037685 -3.796185 -4.732553
v -2.766409 -3.558290 -4.437086
v -3.241131 -4.153031 -5.175714
v -1.613501 -4.308440 -3.534403
v -1.138767 -4.127976 -3.387762
v -3.037706 -4.789690 -3.925390
v -2.766428 -4.488914 -3.681032
v -3.241152 -5.240860 -4.291941
v -1.613531 -5.014673 -2.657339
v -1.138788 -4.804366 -2.547762
v -3.037737 -5.575499 -2.949511
v -2.766449 -5.224982 -2.766912
v -3.241188 -6.101268 -3.223425
v -1.613558 -5.503375 -1.666960
v -1.138819 -5.272416 -1.599230
v -3.037764 -6.119260 -1.847544
v -2.766487 -5.734330 -1.734690
v -3.241222 -6.696649 -2.016840
v -1.613585 -5.753177 -0.606550
v -1.138855 -5.511663 -0.583632
v -3.037800 -6.397215 -0.667662
v -2.766514 -5.994693 -0.629477
v -3.241259 -7.000994 -0.724924
v -1.613621 -5.753177 0.477552
v -1.138884 -5.511663 0.454664
v -3.037836 -6.397215 0.538599
v -2.766550 -5.994693 0.500441
v -3.241293 -7.000994 0.595861
v -1.613649 -5.503375 1.537958
v -1.138912 -5.272416 1.470278
v -3.037874 -6.119260 1.718500
v -2.766577 -5.734330 1.605654
v -3.241339 -6.696649 1.887762
v -1.613680 -5.014673 2.528349
v -1.138939 -4.804366 2.418787
v -3.037901 -5.575497 2.820459
v -2.766607 -5.224982 2.637873
v -3.241367 -6.101268 3.094347
v -1.613707 -4.308439 3.405405
v -1.138960 -4.127975 3.258799
v -3.037928 -4.789690 3.796350
v -2.766636 -4.488912 3.551996
v -3.241402 -5.240859 4.162878
v -1.613729 -3.415547 4.130804
v -1.138983 -3.272804 3.953554
v -3.037958 -3.796185 4.603491
v -2.766659 -3.558289 4.308058
v -3.241430 -4.153031 5.046648
v -1.613743 -2.375010 4.672857
v -1.138998 -2.276237 4.472700
v -3.037971 -2.638402 5.206617
v -2.766678 -2.473775 4.873007
v -3.241444 -2.885334 5.707037
v -1.613750 -1.232297 5.007868
v -1.139004 -1.181813 4.793558
v -3.037985 -1.366943 5.579374
v -2.766685 -1.282790 5.222170
v -3.241459 -1.493163 6.115175
v -1.613756 -0.037371 5.121191
v -1.139011 -0.037371 4.902086
v -3.037985 -0.037371 5.705454
v -2.766693 -0.037371 5.340277
v -3.241459 -0.037371 6.253233
v -1.613750 1.157556 5.007868
v -1.139004 1.107070 4.793558
v -3.037985 1.292200 5.579374
v -2.766685 1.208048 5.222170
v -3.241459 1.418419 6.115175
v -1.613743 2.300261 4.672857
v -1.138998 2.201495 4.472700
v -3.037971 2.563658 5.206617
v -2.766678 2.399035 4.873007
v -3.241444 2.810594 5.707037
v -1.613729 3.340806 4.130804
v -1.138983 3.198065 3.953550
v -3.037958 3.721444 4.603491
v -2.766659 3.483548 4.308058
v -3.241430 4.078290 5.046648
v -1.613707 4.233699 3.405405
v -1.138960 4.053233 3.258795
v -3.037928 4.714950 3.796350
v -2.766636 4.414165 3.551992
v -3.241402 5.166118 4.162878
v -1.613680 4.939926 2.528349
v -1.138939 4.729618 2.418787
v -3.037901 5.500750 2.820459
v -2.766607 5.150234 2.637873
v -3.241367 6.026526 3.094347
v -1.613649 5.428626 1.537958
v -1.138912 5.197676 1.470278
v -3.037874 6.044510 1.718496
v -2.766577 5.659582 1.605654
v -3.241339 6.621907 1.887762
v -1.613621 5.678437 0.477552
v -1.138884 5.436922 0.454664
v -3.037836 6.322472 0.538599
v -2.766550 5.919949 0.500441
v -3.241293 6.926250 0.595858
v -1.613585 5.678437 -0.606550
v -1.138855 5.436922 -0.583632
v -3.037800 6.322472 -0.667662
v -2.766514 5.919949 -0.629477
v -3.241259 6.926250 -0.724924
v -1.613558 5.428626 -1.666960
v -1.138819 5.197676 -1.599230
v -3.037764 6.044510 -1.847544
v -2.766487 5.659582 -1.734690
v -3.241222 6.621907 -2.016840
v -1.613531 4.939926 -2.657339
v -1.138788 4.729618 -2.547762
v -3.037737 5.500750 -2.949511
v -2.766449 5.150234 -2.766912
v -3.241188 6.026525 -3.223425
v -1.613501 4.233698 -3.534407
v -1.138767 4.053233 -3.387766
v -3.037706 4.714948 -3.925394
v -2.766428 4.414164 -3.681032
v -3.241152 5.166117 -4.291941
v -1.613478 3.340804 -4.259798
v -1.138748 3.198064 -4.082521
v -3.037685 3.721443 -4.732557
v -2.766409 3.483546 -4.437090
v -3.241131 4.078289 -5.175714
v -1.613464 2.300260 -4.801851
v -1.138731 2.201494 -4.601675
v -3.037664 2.563658 -5.335665
v -2.766386 2.399034 -5.002047
v -3.241108 2.810594 -5.836111
v -1.613457 1.157555 -5.136854
v -1.138727 1.107069 -4.922522
v -3.037659 1.292200 -5.708422
v -2.766378 1.208048 -5.351210
v -3.241095 1.418419 -6.244234
v -1.138748 0.097544 -4.154650
v -1.138748 0.773148 -4.090582
v -0.867468 -0.037372 -3.898958
v -1.138754 -0.037372 -4.045050
v -1.138754 -0.954604 -3.958048
v -0.867468 -0.920949 -3.815161
v -1.138762 -1.831757 -3.700907
v -0.867476 -1.765907 -3.567453
v -1.138775 -2.630478 -3.284822
v -0.867491 -2.535322 -3.166643
v -1.138788 -3.315869 -2.727991
v -0.867504 -3.195557 -2.630247
v -1.138811 -3.857975 -2.054762
v -0.867525 -3.717773 -1.981718
v -1.138824 -4.233109 -1.294542
v -0.867546 -4.079134 -1.249399
v -1.138855 -4.424862 -0.480562
v -0.867569 -4.263847 -0.465288
v -1.138876 -4.424862 0.351599
v -0.867588 -4.263847 0.336344
v -1.138899 -4.233109 1.165579
v -0.867617 -4.079134 1.120440
v -1.138926 -3.857974 1.925795
v -0.867632 -3.717773 1.852766
v -1.138939 -3.315868 2.599024
v -0.867653 -3.195556 2.501299
v -1.138960 -2.630477 3.155859
v -0.867666 -2.535321 3.037691
v -1.138969 -1.831757 3.571932
v -0.867683 -1.765905 3.438505
v -1.138973 -0.954603 3.829100
v -0.867689 -0.920948 3.686209
v -1.138983 -0.037371 3.916079
v -0.867689 -0.037371 3.770010
v -1.138973 0.879860 3.829096
v -0.867689 0.846200 3.686209
v -1.138969 1.757007 3.571932
v -0.867683 1.691162 3.438505
v -1.138960 2.555735 3.155855
v -0.867666 2.460572 3.037691
v -1.138939 3.241128 2.599024
v -0.867653 3.120816 2.501295
v -1.138926 3.783233 1.925795
v -0.867632 3.643025 1.852766
v -1.138899 4.158360 1.165575
v -0.867617 4.004392 1.120440
v -1.138876 4.350114 0.351599
v -0.867588 4.189106 0.336344
v -1.138855 4.350114 -0.480562
v -0.867569 4.189106 -0.465292
v -1.138824 4.158360 -1.294542
v -0.867546 4.004392 -1.249399
v -1.138811 3.783233 -2.054766
v -0.867525 3.643025 -1.981722
v -1.138788 3.241128 -2.727991
v -0.867504 3.120816 -2.630247
v -1.138775 2.555735 -3.284822
v -0.867491 2.460572 -3.166643
v -1.138762 1.757007 -3.700907
v -0.867476 1.691162 -3.567453
v -1.138754 0.879859 -3.958048
v -0.867468 0.846199 -3.815161
v -1.274414 -0.037372 -3.132078
v -0.901384 -0.037372 -3.570295
v -0.901392 -0.845208 -3.493685
v -1.274414 -0.744231 -3.065031
v -0.901402 -1.617746 -3.267199
v -1.274422 -1.420199 -2.866861
v -0.901407 -2.321210 -2.900743
v -1.274427 -2.035728 -2.546213
v -0.901421 -2.924860 -2.410315
v -1.274445 -2.563923 -2.117105
v -0.901442 -3.402304 -1.817389
v -1.274458 -2.981689 -1.598284
v -0.901455 -3.732694 -1.147833
v -1.274479 -3.270782 -1.012426
v -0.901478 -3.901574 -0.430941
v -1.274492 -3.418553 -0.385130
v -0.901499 -3.901574 0.301981
v -1.274515 -3.418553 0.256151
v -0.901520 -3.732694 1.018881
v -1.274529 -3.270782 0.883455
v -0.901543 -3.402304 1.688429
v -1.274549 -2.981689 1.469305
v -0.901556 -2.924859 2.281370
v -1.274565 -2.563922 1.988131
v -0.901569 -2.321209 2.771788
v -1.274580 -2.035728 2.417242
v -0.901587 -1.617745 3.138243
v -1.274586 -1.420198 2.737902
v -0.901590 -0.845208 3.364740
v -1.274593 -0.744230 2.936079
v -0.901590 -0.037371 3.441336
v -1.274593 -0.037371 3.003096
v -0.901590 0.770464 3.364737
v -1.274593 0.669489 2.936079
v -0.901587 1.543003 3.138243
v -1.274586 1.345457 2.737902
v -0.901569 2.246468 2.771788
v -1.274580 1.960985 2.417242
v -0.901556 2.850111 2.281370
v -1.274565 2.489180 1.988127
v -0.901543 3.327563 1.688425
v -1.274549 2.906947 1.469301
v -0.901520 3.657954 1.018881
v -1.274529 3.196040 0.883455
v -0.901499 3.826842 0.301981
v -1.274515 3.343806 0.256151
v -0.901478 3.826842 -0.430941
v -1.274492 3.343806 -0.385134
v -0.901455 3.657954 -1.147833
v -1.274479 3.196040 -1.012426
v -0.901442 3.327563 -1.817389
v -1.274458 2.906947 -1.598284
v -0.901421 2.850110 -2.410315
v -1.274445 2.489180 -2.117105
v -0.901407 2.246467 -2.900743
v -1.274427 1.960985 -2.546213
v -0.901402 1.543003 -3.267202
v -1.274422 1.345456 -2.866861
v -0.901392 0.770463 -3.493685
v -1.274414 0.669488 -3.065031
v -1.274435 0.526437 -2.457777
v -1.274435 -0.037372 -2.511255
v -1.274435 1.065600 -2.299715
v -1.274450 1.556553 -2.043955
v -1.274458 1.977852 -1.701689
v -1.274473 2.311076 -1.287867
v -1.274488 2.541652 -0.820589
v -1.274492 2.659525 -0.320250
v -1.274515 2.659525 0.191271
v -1.274523 2.541652 0.691607
v -1.274536 2.311077 1.158892
v -1.274549 1.977852 1.572729
v -1.274559 1.556553 1.914972
v -1.274572 1.065601 2.170748
v -1.274572 0.526437 2.328802
v -1.274572 -0.037371 2.382284
v -1.274572 -0.601174 2.328806
v -1.274572 -1.140343 2.170748
v -1.274559 -1.631303 1.914972
v -1.274549 -2.052593 1.572729
v -1.274536 -2.385819 1.158892
v -1.274523 -2.616404 0.691607
v -1.274515 -2.734268 0.191271
v -1.274492 -2.734268 -0.320250
v -1.274488 -2.616404 -0.820589
v -1.274473 -2.385819 -1.287867
v -1.274458 -2.052593 -1.701689
v -1.274450 -1.631303 -2.043955
v -1.274435 -1.140344 -2.299715
v -1.274435 -0.601174 -2.457777
v -0.935331 -0.037371 -2.401678
v -0.935331 -0.575931 -2.350607
v -0.935339 -1.090950 -2.199621
v -0.935345 -1.559933 -1.955313
v -0.935352 -1.962361 -1.628374
v -0.935366 -2.280666 -1.233080
v -0.935381 -2.500920 -0.786722
v -0.935389 -2.613510 -0.308779
v -0.935410 -2.613510 0.179827
v -0.935423 -2.500920 0.657763
v -0.935431 -2.280666 1.104136
v -0.935446 -1.962361 1.499418
v -0.935453 -1.559933 1.826368
v -0.935459 -1.090949 2.070677
v -0.935467 -0.575931 2.221663
v -0.935467 -0.037371 2.272738
v -0.935467 0.501189 2.221663
v -0.935459 1.016215 2.070677
v -0.935453 1.485183 1.826368
v -0.935446 1.887619 1.499418
v -0.935431 2.205916 1.104136
v -0.935423 2.426178 0.657763
v -0.935410 2.538767 0.179827
v -0.935389 2.538767 -0.308779
v -0.935381 2.426178 -0.786722
v -0.935366 2.205916 -1.233080
v -0.935352 1.887618 -1.628374
v -0.935345 1.485183 -1.955313
v -0.935339 1.016214 -2.199621
v -0.935331 0.501188 -2.350607
v -0.630156 0.442285 -2.100557
v -0.630156 -0.037371 -2.146048
v -0.630163 0.900976 -1.966082
v -0.630169 1.318655 -1.748507
v -0.630178 1.677073 -1.457315
v -0.630186 1.960562 -1.105261
v -0.630199 2.156723 -0.707716
v -0.630213 2.257002 -0.282057
v -0.630220 2.257002 0.153116
v -0.630236 2.156723 0.578775
v -0.630249 1.960562 0.976316
v -0.630255 1.677073 1.328375
v -0.630264 1.318655 1.619562
v -0.630270 0.900976 1.837141
v -0.630278 0.442285 1.971621
v -0.630278 -0.037371 2.017111
v -0.630278 -0.517027 1.971621
v -0.630270 -0.975719 1.837141
v -0.630264 -1.393399 1.619562
v -0.630255 -1.751816 1.328375
v -0.630249 -2.035303 0.976316
v -0.630236 -2.231472 0.578775
v -0.630220 -2.331745 0.153116
v -0.630213 -2.331745 -0.282057
v -0.630199 -2.231473 -0.707716
v -0.630186 -2.035305 -1.105261
v -0.630178 -1.751816 -1.457315
v -0.630169 -1.393399 -1.748507
v -0.630163 -0.975719 -1.966082
v -0.630156 -0.517027 -2.100557
v -0.630169 -0.037371 -1.598265
v -0.630169 -0.390801 -1.564745
v -0.630178 -0.728785 -1.465654
v -0.630178 -1.036553 -1.305346
v -0.630186 -1.300647 -1.090780
v -0.630192 -1.509533 -0.831369
v -0.630199 -1.654076 -0.538443
v -0.630213 -1.727967 -0.224794
v -0.630220 -1.727967 0.095846
v -0.630236 -1.654076 0.409494
v -0.630239 -1.509533 0.702425
v -0.630249 -1.300647 0.961832
v -0.630255 -1.036553 1.176405
v -0.630255 -0.728785 1.336710
v -0.630264 -0.390801 1.435797
v -0.630264 -0.037371 1.469320
v -0.630264 0.316058 1.435797
v -0.630255 0.654042 1.336710
v -0.630255 0.961803 1.176405
v -0.630249 1.225903 0.961832
v -0.630239 1.434792 0.702425
v -0.630236 1.579335 0.409494
v -0.630220 1.653217 0.095846
v -0.630213 1.653217 -0.224794
v -0.630199 1.579335 -0.538443
v -0.630192 1.434792 -0.831369
v -0.630186 1.225903 -1.090780
v -0.630178 0.961802 -1.305346
v -0.630178 0.654042 -1.465654
v -0.630169 0.316058 -1.564745
v -0.664103 0.122515 -0.743177
v -0.664103 -0.037371 -0.758333
v -0.664103 0.275405 -0.698343
v -0.664103 0.414637 -0.625822
v -0.664108 0.534109 -0.528749
v -0.664108 0.628606 -0.411406
v -0.664116 0.693999 -0.278883
v -0.664116 0.727423 -0.136995
v -0.664122 0.727423 0.008059
v -0.664122 0.693999 0.149946
v -0.664129 0.628606 0.282457
v -0.664129 0.534110 0.399797
v -0.664137 0.414637 0.496874
v -0.664137 0.275405 0.569399
v -0.664137 0.122515 0.614237
v -0.664137 -0.037371 0.629385
v -0.664137 -0.197259 0.614237
v -0.664137 -0.350156 0.569399
v -0.664137 -0.489388 0.496874
v -0.664129 -0.608854 0.399797
v -0.664129 -0.703349 0.282457
v -0.664122 -0.768740 0.149946
v -0.664122 -0.802164 0.008059
v -0.664116 -0.802164 -0.136995
v -0.664116 -0.768740 -0.278883
v -0.664108 -0.703350 -0.411406
v -0.664108 -0.608854 -0.528749
v -0.664103 -0.489388 -0.625822
v -0.664103 -0.350156 -0.698343
v -0.664103 -0.197259 -0.743177
v -0.189371 -0.037371 -0.539213
v -0.189371 -0.146767 -0.528837
v -0.189371 -0.251382 -0.498167
v -0.189371 -0.346639 -0.448545
v -0.189371 -0.428388 -0.382124
v -0.189377 -0.493041 -0.301847
v -0.189377 -0.537784 -0.211168
v -0.189386 -0.560650 -0.114084
v -0.189386 -0.560650 -0.014845
v -0.189386 -0.537784 0.082243
v -0.189390 -0.493041 0.172911
v -0.189390 -0.428388 0.253206
v -0.189390 -0.346639 0.319613
v -0.189390 -0.251382 0.369234
v -0.189390 -0.146767 0.399912
v -0.189400 -0.037371 0.410284
v -0.189390 0.072025 0.399912
v -0.189390 0.176640 0.369234
v -0.189390 0.271896 0.319613
v -0.189390 0.353639 0.253206
v -0.189390 0.418298 0.172911
v -0.189386 0.463033 0.082243
v -0.189386 0.485908 -0.014845
v -0.189386 0.485908 -0.114084
v -0.189377 0.463033 -0.211168
v -0.189377 0.418298 -0.301847
v -0.189371 0.353639 -0.382124
v -0.189371 0.271895 -0.448545
v -0.189371 0.176640 -0.498167
v -0.189371 0.072024 -0.528837
v -0.223293 -0.037371 -0.064466
v -1.138899 4.315591 1.083677
v -1.138884 4.456826 0.484121
v -1.138939 3.421687 2.581903
v -1.138926 3.820977 2.086023
v -1.138973 1.929679 3.622572
v -1.138960 2.517983 3.316084
v -1.138983 0.097546 4.025694
v -1.138983 0.773149 3.961618
v -1.138973 -1.757909 3.721586
v -1.138983 -1.111835 3.911001
v -1.138947 -3.315868 2.762846
v -1.138960 -2.811035 3.172979
v -1.138903 -4.306948 1.315229
v -1.138920 -4.030645 1.875181
v -1.138855 -4.559779 -0.370958
v -1.138876 -4.559779 0.241995
v -1.138811 -4.030646 -2.004148
v -1.138824 -4.306948 -1.444201
v -1.138767 -2.811036 -3.301943
v -1.138784 -3.315869 -2.891813
v -1.138754 -1.111835 -4.039961
v -1.138754 -1.757910 -3.850550
v -1.138767 2.517983 -3.445055
v -1.138762 1.929678 -3.751535
v -1.138803 3.820977 -2.214998
v -1.138788 3.421687 -2.710875
v -1.138849 4.456826 -0.613089
v -1.138832 4.315591 -1.212645
v -1.681505 0.505086 -4.174395
v -1.294527 0.505086 -4.174391
v -1.330250 0.737528 -4.358580
v -1.645769 0.737528 -4.358591
v -1.645769 0.135198 -4.415720
v -1.330250 0.135198 -4.415709
v -1.294527 0.320113 -4.191919
v -1.681505 0.320113 -4.191927
v -1.641449 0.367641 -4.806238
v -1.334534 0.367641 -4.806227
v -1.330242 0.135198 -4.622011
v -1.645763 0.135198 -4.622026
v -1.837286 0.341695 -4.377237
v -1.837278 0.327441 -4.635622
v -1.837278 0.600148 -4.609758
v -1.837286 0.526675 -4.359697
v -1.645763 0.785063 -4.560400
v -1.330242 0.785063 -4.560396
v -1.641449 0.600148 -4.784182
v -1.334534 0.600148 -4.784178
v -1.681519 2.308292 -3.609064
v -1.294544 2.308292 -3.609060
v -1.330271 2.603673 -3.692034
v -1.645790 2.603679 -3.692026
v -1.645784 2.079173 -3.965258
v -1.330263 2.079173 -3.965242
v -1.294544 2.147221 -3.692953
v -1.681519 2.147221 -3.692968
v -1.641472 2.467556 -4.236731
v -1.334555 2.467556 -4.236723
v -1.330257 2.172175 -4.153734
v -1.645777 2.172175 -4.153738
v -1.837301 2.250473 -3.854330
v -1.837296 2.353933 -4.095613
v -1.837301 2.591400 -3.971910
v -1.837309 2.411545 -3.770411
v -1.645784 2.738074 -3.858942
v -1.330263 2.738074 -3.858931
v -1.641472 2.670025 -4.131250
v -1.334555 2.670025 -4.131243
v -1.681553 3.700759 -2.430845
v -1.294579 3.700759 -2.430838
v -1.330307 4.008010 -2.398230
v -1.645828 4.008010 -2.398237
v -1.645811 3.652026 -2.840334
v -1.330294 3.652026 -2.840322
v -1.294571 3.591444 -2.566599
v -1.681547 3.591444 -2.566607
v -1.641506 4.129197 -2.945795
v -1.334591 4.129197 -2.945787
v -1.330294 3.821948 -2.978376
v -1.645811 3.821948 -2.978388
v -1.837336 3.758508 -2.676138
v -1.837330 3.961789 -2.858580
v -1.837336 4.122954 -2.658415
v -1.837343 3.867825 -2.540358
v -1.645828 4.206031 -2.501387
v -1.330307 4.206031 -2.501375
v -1.641506 4.266614 -2.775141
v -1.334591 4.266614 -2.775133
v -1.681597 4.441725 -0.843462
v -1.294622 4.441725 -0.843454
v -1.330357 4.707713 -0.700930
v -1.645878 4.707713 -0.700937
v -1.645864 4.581789 -1.235437
v -1.330343 4.581789 -1.235422
v -1.294622 4.403052 -1.007601
v -1.681597 4.403052 -1.007608
v -1.641556 5.065248 -1.156660
v -1.334641 5.065248 -1.156652
v -1.330334 4.799253 -1.299192
v -1.645855 4.799253 -1.299200
v -1.837387 4.605037 -1.046366
v -1.837379 4.872998 -1.138426
v -1.837387 4.930009 -0.896437
v -1.837387 4.643706 -0.882200
v -1.645878 4.935119 -0.722490
v -1.330357 4.935119 -0.722479
v -1.641563 5.113853 -0.950323
v -1.334650 5.113853 -0.950315
v -1.681648 4.403052 0.878595
v -1.294672 4.403052 0.878603
v -1.330408 4.581789 1.106455
v -1.645926 4.581789 1.106440
v -1.645912 4.707713 0.571924
v -1.330395 4.707713 0.571939
v -1.294672 4.441725 0.714472
v -1.681648 4.441725 0.714464
v -1.641613 5.113853 0.821325
v -1.334700 5.113853 0.821333
v -1.330395 4.935119 0.593496
v -1.645912 4.935119 0.593489
v -1.837437 4.643706 0.753191
v -1.837437 4.930009 0.767427
v -1.837444 4.872998 1.009424
v -1.837444 4.605037 0.917349
v -1.645926 4.799253 1.170202
v -1.330408 4.799253 1.170210
v -1.641621 5.065248 1.027662
v -1.334705 5.065248 1.027670
v -1.681698 3.591444 2.437609
v -1.294722 3.591444 2.437620
v -1.330458 3.652027 2.711344
v -1.645979 3.652027 2.711336
v -1.645962 4.008010 2.269239
v -1.330442 4.008010 2.269247
v -1.294712 3.700759 2.301847
v -1.681690 3.700759 2.301840
v -1.641670 4.266614 2.646132
v -1.334753 4.266614 2.646139
v -1.330442 4.206031 2.372393
v -1.645962 4.206031 2.372389
v -1.837484 3.867825 2.411356
v -1.837484 4.122954 2.529409
v -1.837494 3.961789 2.729567
v -1.837484 3.758508 2.547129
v -1.645979 3.821948 2.849379
v -1.330458 3.821948 2.849382
v -1.641670 4.129198 2.816786
v -1.334753 4.129198 2.816793
v -1.681725 2.147221 3.563959
v -1.294750 2.147221 3.563971
v -1.330484 2.079174 3.836283
v -1.646006 2.079174 3.836267
v -1.645998 2.603679 3.563028
v -1.330479 2.603679 3.563040
v -1.294750 2.308292 3.480078
v -1.681725 2.308292 3.480066
v -1.641705 2.670026 4.002253
v -1.334789 2.670026 4.002260
v -1.330484 2.738074 3.729948
v -1.646006 2.738074 3.729940
v -1.837523 2.411545 3.641401
v -1.837528 2.591401 3.842901
v -1.837528 2.353933 3.966612
v -1.837523 2.250473 3.725317
v -1.646013 2.172176 4.024744
v -1.330492 2.172176 4.024752
v -1.641714 2.467556 4.107721
v -1.334801 2.467556 4.107725
v -1.681738 0.320113 4.062933
v -1.294764 0.320113 4.062937
v -1.330498 0.135199 4.286718
v -1.646019 0.135199 4.286711
v -1.646019 0.737528 4.229593
v -1.330498 0.737528 4.229601
v -1.294764 0.505087 4.045404
v -1.681738 0.505087 4.045389
v -1.641727 0.600149 4.655180
v -1.334814 0.600149 4.655188
v -1.330505 0.785064 4.431417
v -1.646027 0.785064 4.431402
v -1.837538 0.526676 4.230696
v -1.837542 0.600149 4.480749
v -1.837542 0.327441 4.506613
v -1.837538 0.341696 4.248236
v -1.646027 0.135199 4.493021
v -1.330505 0.135199 4.493029
v -1.641727 0.367642 4.677233
v -1.334814 0.367642 4.677240
v -1.681734 -1.573956 3.848223
v -1.294756 -1.573956 3.848230
v -1.330492 -1.843763 3.984812
v -1.646013 -1.843763 3.984808
v -1.646019 -1.267760 4.153669
v -1.330498 -1.267760 4.153677
v -1.294764 -1.397073 3.900095
v -1.681738 -1.397073 3.900087
v -1.641722 -1.585109 4.492052
v -1.334806 -1.585109 4.492060
v -1.330505 -1.315302 4.355482
v -1.646019 -1.315302 4.355471
v -1.837528 -1.460886 4.077284
v -1.837538 -1.506483 4.332705
v -1.837538 -1.767269 4.256243
v -1.837528 -1.637776 4.025419
v -1.646019 -1.936766 4.173273
v -1.330498 -1.936766 4.173281
v -1.641722 -1.807461 4.426870
v -1.334806 -1.807461 4.426878
v -1.681711 -3.207492 2.956964
v -1.294737 -3.207492 2.956968
v -1.330465 -3.515547 2.982733
v -1.645983 -3.515547 2.982718
v -1.645992 -3.065460 3.348379
v -1.330479 -3.065460 3.348387
v -1.294737 -3.069279 3.069277
v -1.681711 -3.069279 3.069269
v -1.641691 -3.507909 3.541044
v -1.334776 -3.507909 3.541052
v -1.330479 -3.199862 3.515295
v -1.645998 -3.199862 3.515291
v -1.837507 -3.207448 3.207716
v -1.837515 -3.364250 3.424337
v -1.837507 -3.568020 3.258780
v -1.837500 -3.345668 3.095438
v -1.645983 -3.685462 3.120779
v -1.330471 -3.685462 3.120790
v -1.641691 -3.681650 3.399889
v -1.334776 -3.681650 3.399897
v -1.681671 -4.298041 1.543287
v -1.294693 -4.298041 1.543291
v -1.330421 -4.591058 1.453772
v -1.645941 -4.591058 1.453764
v -1.645954 -4.344721 1.952974
v -1.330435 -4.344721 1.952982
v -1.294699 -4.222393 1.696596
v -1.681677 -4.222393 1.696589
v -1.641647 -4.835766 1.966608
v -1.334736 -4.835766 1.966616
v -1.330435 -4.542749 2.056147
v -1.645954 -4.542749 2.056139
v -1.837463 -4.411039 1.772379
v -1.837471 -4.651921 1.912695
v -1.837463 -4.763448 1.686697
v -1.837458 -4.486687 1.619066
v -1.645941 -4.808529 1.517511
v -1.330421 -4.808529 1.517519
v -1.641642 -4.930860 1.773893
v -1.334726 -4.930860 1.773901
v -1.681620 -4.657024 -0.148405
v -1.294641 -4.657024 -0.148397
v -1.330370 -4.884364 -0.337725
v -1.645884 -4.884364 -0.337732
v -1.645905 -4.884364 0.208738
v -1.330383 -4.884364 0.208742
v -1.294649 -4.657024 0.019419
v -1.681623 -4.657024 0.019407
v -1.641590 -5.339092 0.040972
v -1.334679 -5.339092 0.040976
v -1.330383 -5.111767 0.230299
v -1.645905 -5.111767 0.230288
v -1.837414 -4.863528 0.019407
v -1.837414 -5.146844 0.059206
v -1.837408 -5.146844 -0.188211
v -1.837408 -4.863528 -0.148409
v -1.645884 -5.111767 -0.359301
v -1.330364 -5.111767 -0.359293
v -1.641586 -5.339092 -0.169970
v -1.334669 -5.339092 -0.169962
v -1.681570 -4.222393 -1.825594
v -1.294592 -4.222393 -1.825586
v -1.330313 -4.344722 -2.081968
v -1.645834 -4.344722 -2.081980
v -1.645847 -4.591058 -1.582758
v -1.330334 -4.591058 -1.582750
v -1.294601 -4.298041 -1.672274
v -1.681576 -4.298041 -1.672281
v -1.641535 -4.930860 -1.902895
v -1.334621 -4.930860 -1.902891
v -1.330328 -4.808530 -1.646498
v -1.645847 -4.808530 -1.646517
v -1.837366 -4.486687 -1.748075
v -1.837366 -4.763448 -1.815691
v -1.837357 -4.651921 -2.041704
v -1.837357 -4.411039 -1.901377
v -1.645834 -4.542750 -2.185133
v -1.330313 -4.542750 -2.185129
v -1.641529 -4.835766 -2.095606
v -1.334612 -4.835766 -2.095598
v -1.681534 -3.069280 -3.198263
v -1.294558 -3.069280 -3.198256
v -1.330276 -3.065461 -3.477369
v -1.645798 -3.065461 -3.477381
v -1.645803 -3.515547 -3.111727
v -1.330286 -3.515547 -3.111719
v -1.294558 -3.207492 -3.085958
v -1.681534 -3.207492 -3.085970
v -1.641485 -3.681650 -3.528891
v -1.334570 -3.681650 -3.528887
v -1.330286 -3.685462 -3.249769
v -1.645798 -3.685462 -3.249773
v -1.837322 -3.345668 -3.224451
v -1.837315 -3.568021 -3.387781
v -1.837309 -3.364250 -3.553339
v -1.837315 -3.207449 -3.336725
v -1.645790 -3.199862 -3.644285
v -1.330271 -3.199862 -3.644274
v -1.641485 -3.507910 -3.670031
v -1.334570 -3.507910 -3.670027
v -1.681505 -1.397074 -4.029085
v -1.294527 -1.397074 -4.029078
v -1.330257 -1.267761 -4.282656
v -1.645769 -1.267761 -4.282667
v -1.645777 -1.843763 -4.113810
v -1.330257 -1.843763 -4.113802
v -1.294535 -1.573957 -3.977221
v -1.681513 -1.573957 -3.977224
v -1.641459 -1.807462 -4.555872
v -1.334541 -1.807462 -4.555864
v -1.330250 -1.936768 -4.302263
v -1.645769 -1.936768 -4.302275
v -1.837296 -1.637778 -4.154432
v -1.837286 -1.767270 -4.385248
v -1.837286 -1.506484 -4.461706
v -1.837296 -1.460886 -4.206285
v -1.645763 -1.315302 -4.484472
v -1.330250 -1.315302 -4.484465
v -1.641459 -1.585110 -4.621050
v -1.334541 -1.585110 -4.621042
v 3.778378 -0.347796 -10.326170
v 3.846189 -0.347796 -9.960989
v 3.846184 -2.628260 -9.744699
v 3.778372 -2.712407 -10.101934
v 4.083546 -0.347796 -9.668825
v 4.422628 -0.347796 -9.121046
v 4.422623 -2.434712 -8.923132
v 4.083546 -2.560945 -9.458937
v 4.592144 -0.347796 -7.879389
v 4.592121 -0.347796 -7.185526
v 4.592121 -1.988718 -7.029924
v 4.592144 -2.148604 -7.708601
v 3.846163 -4.809055 -9.105379
v 3.778351 -4.973680 -9.438990
v 4.422609 -4.430428 -8.338037
v 4.083525 -4.677361 -8.838476
v 4.592108 -3.557922 -6.569872
v 4.592121 -3.870715 -7.203753
v 3.846134 -6.794871 -8.070906
v 3.778322 -7.032776 -8.366346
v 4.422581 -6.247706 -7.391359
v 4.083496 -6.604552 -7.834532
v 4.592087 -4.986835 -5.825510
v 4.592102 -5.438844 -6.386843
v 3.846090 -8.498925 -6.686499
v 3.778278 -8.799702 -6.930857
v 4.422544 -7.807130 -6.124460
v 4.083452 -8.258301 -6.491003
v 4.592060 -6.212998 -4.829348
v 4.592073 -6.784479 -5.293631
v 3.846048 -9.846726 -5.012678
v 3.778229 -10.197243 -5.195269
v 4.422501 -9.040548 -4.592703
v 4.083410 -9.566319 -4.866602
v 4.592022 -7.182817 -3.624937
v 4.592030 -7.848794 -3.971872
v 3.845991 -10.779382 -3.122599
v 3.778172 -11.164313 -3.235437
v 4.422453 -9.894046 -2.863020
v 4.083353 -10.471435 -3.032316
v 4.591980 -7.853919 -2.264925
v 4.591988 -8.585289 -2.479338
v 3.845934 -11.256130 -1.098845
v 3.778114 -11.658654 -1.137022
v 4.422396 -10.330330 -1.011030
v 4.083296 -10.934117 -1.068304
v 4.591936 -8.196970 -0.808718
v 4.591946 -8.961756 -0.881250
v 3.845871 -11.256130 0.970102
v 3.778049 -11.658654 1.008280
v 4.422337 -10.330330 0.882322
v 4.083239 -10.934117 0.939577
v 4.591894 -8.196970 0.680014
v 4.591894 -8.961756 0.752539
v 3.845812 -10.779382 2.993860
v 3.777992 -11.164313 3.106703
v 4.422287 -9.894046 2.734316
v 4.083183 -10.471435 2.903582
v 4.591852 -7.853919 2.136213
v 4.591852 -8.585289 2.350626
v 3.845755 -9.846726 4.883947
v 3.777929 -10.197243 5.066526
v 4.422239 -9.040548 4.463976
v 4.083132 -9.566319 4.737875
v 4.591816 -7.182817 3.496233
v 4.591808 -7.848793 3.843172
v 3.845713 -8.498924 6.557768
v 3.777887 -8.799701 6.802111
v 4.422195 -7.807129 5.995749
v 4.083082 -8.258300 6.362276
v 4.591780 -6.212997 4.700651
v 4.591766 -6.784478 5.164930
v 3.845669 -6.794870 7.942156
v 3.777843 -7.032776 8.237600
v 4.422159 -6.247705 7.262644
v 4.083046 -6.604551 7.705805
v 4.591751 -4.986835 5.696806
v 4.591738 -5.438843 6.258150
v 3.845640 -4.809053 8.976645
v 3.777807 -4.973680 9.310251
v 4.422131 -4.430425 8.209333
v 4.083017 -4.677358 8.709753
v 4.591730 -3.557922 6.441168
v 4.591709 -3.870714 7.075045
v 3.845621 -2.628259 9.615984
v 3.777792 -2.712405 9.973181
v 4.422110 -2.434711 8.794418
v 4.082996 -2.560943 9.330221
v 4.591715 -1.988715 6.901217
v 4.591696 -2.148603 7.579920
v 3.845613 -0.347794 9.832239
v 3.777786 -0.347794 10.197428
v 4.422102 -0.347794 8.992323
v 4.082989 -0.347794 9.540100
v 4.591709 -0.347795 7.056829
v 4.591696 -0.347795 7.750681
v 3.845621 1.932671 9.615984
v 3.777792 2.016817 9.973181
v 4.422110 1.739122 8.794418
v 4.082996 1.865348 9.330221
v 4.591715 1.293126 6.901217
v 4.591696 1.453015 7.579920
v 3.845640 4.113465 8.976645
v 3.777807 4.278083 9.310251
v 4.422131 3.734837 8.209333
v 4.083017 3.981763 8.709753
v 4.591730 2.862334 6.441168
v 4.591709 3.175118 7.075045
v 3.845669 6.099284 7.942156
v 3.777843 6.337180 8.237600
v 4.422159 5.552110 7.262644
v 4.083046 5.908963 7.705805
v 4.591751 4.291245 5.696806
v 4.591738 4.743255 6.258146
v 3.845713 7.803333 6.557768
v 3.777887 8.104115 6.802111
v 4.422195 7.111542 5.995749
v 4.083082 7.562710 6.362272
v 4.591780 5.517409 4.700647
v 4.591766 6.088891 5.164930
v 3.845755 9.151134 4.883944
v 3.777929 9.501652 5.066523
v 4.422239 8.344959 4.463976
v 4.083132 8.870728 4.737871
v 4.591816 6.487227 3.496229
v 4.591808 7.153206 3.843172
v 3.845812 10.083790 2.993856
v 3.777992 10.468723 3.106699
v 4.422287 9.198456 2.734312
v 4.083183 9.775845 2.903582
v 4.591852 7.158329 2.136213
v 4.591852 7.889698 2.350622
v 3.845871 10.560541 0.970102
v 3.778049 10.963062 1.008280
v 4.422337 9.634739 0.882318
v 4.083239 10.238525 0.939573
v 4.591894 7.501373 0.680014
v 4.591894 8.266167 0.752535
v 3.845934 10.560541 -1.098845
v 3.778114 10.963062 -1.137022
v 4.422396 9.634739 -1.011034
v 4.083296 10.238525 -1.068308
v 4.591936 7.501373 -0.808722
v 4.591946 8.266167 -0.881250
v 3.845991 10.083790 -3.122602
v 3.778172 10.468723 -3.235437
v 4.422453 9.198456 -2.863024
v 4.083353 9.775845 -3.032320
v 4.591980 7.158329 -2.264925
v 4.591988 7.889698 -2.479338
v 3.846048 9.151134 -5.012682
v 3.778229 9.501652 -5.195269
v 4.422501 8.344959 -4.592703
v 4.083410 8.870728 -4.866602
v 4.592022 6.487227 -3.624937
v 4.592030 7.153206 -3.971872
v 3.846090 7.803333 -6.686499
v 3.778278 8.104111 -6.930857
v 4.422544 7.111540 -6.124464
v 4.083452 7.562708 -6.491007
v 4.592060 5.517407 -4.829351
v 4.592073 6.088889 -5.293631
v 3.846134 6.099282 -8.070906
v 3.778322 6.337178 -8.366346
v 4.422581 5.552110 -7.391359
v 4.083496 5.908962 -7.834532
v 4.592087 4.291245 -5.825510
v 4.592102 4.743254 -6.386843
v 3.846163 4.113464 -9.105379
v 3.778351 4.278082 -9.438990
v 4.422609 3.734835 -8.338037
v 4.083525 3.981761 -8.838476
v 4.592108 2.862333 -6.569872
v 4.592121 3.175117 -7.203753
v 3.846184 1.932670 -9.744699
v 3.778372 2.016816 -10.101934
v 4.422623 1.739121 -8.923132
v 4.083546 1.865347 -9.458937
v 4.592121 1.293126 -7.029924
v 4.592144 1.453014 -7.708601
v 4.388636 1.065923 -6.065454
v 4.388636 -0.347796 -6.199518
v 4.388622 2.417851 -5.669115
v 4.388597 3.648917 -5.027815
v 4.388577 4.705300 -4.169588
v 4.388550 5.540841 -3.131937
v 4.388514 6.119019 -1.960234
v 4.388479 6.414565 -0.705648
v 4.388441 6.414565 0.576952
v 4.388407 6.119019 1.831507
v 4.388371 5.540842 3.003225
v 4.388342 4.705302 4.040869
v 4.388313 3.648919 4.899103
v 4.388300 2.417853 5.540407
v 4.388285 1.065925 5.936743
v 4.388277 -0.347795 6.070810
v 4.388285 -1.761513 5.936743
v 4.388300 -3.113442 5.540407
v 4.388313 -4.344506 4.899103
v 4.388342 -5.400889 4.040869
v 4.388371 -6.236431 3.003225
v 4.388407 -6.814609 1.831507
v 4.388441 -7.110155 0.576952
v 4.388479 -7.110155 -0.705648
v 4.388514 -6.814609 -1.960234
v 4.388550 -6.236431 -3.131937
v 4.388577 -5.400890 -4.169588
v 4.388597 -4.344507 -5.027811
v 4.388622 -3.113443 -5.669115
v 4.388636 -1.761514 -6.065454
v -1.138563 -0.347796 -10.435854
v -0.053440 -0.347796 -10.508860
v -0.053446 -2.754488 -10.280619
v -1.138569 -2.737656 -10.209208
v 1.574242 -0.347796 -10.508818
v 2.591539 -0.347796 -10.435759
v 2.591532 -2.737656 -10.209112
v 1.574236 -2.754488 -10.280581
v -0.053467 -5.055988 -9.605890
v -1.138582 -5.023067 -9.539202
v 2.591511 -5.023067 -9.539103
v 1.574215 -5.055988 -9.605852
v -0.053497 -7.151725 -8.514147
v -1.138618 -7.104140 -8.455095
v 2.591476 -7.104140 -8.455008
v 1.574186 -7.151725 -8.514112
v -0.053537 -8.950093 -7.053122
v -1.138653 -8.889935 -7.004290
v 2.591438 -8.889935 -7.004187
v 1.574144 -8.950093 -7.053080
v -0.053589 -10.372504 -5.286661
v -1.138712 -10.302397 -5.250166
v 2.591391 -10.302397 -5.250071
v 1.574093 -10.372504 -5.286623
v -0.053646 -11.356778 -3.291948
v -1.138767 -11.279795 -3.269415
v 2.591333 -11.279788 -3.269323
v 1.574038 -11.356778 -3.291914
v -0.053709 -11.859911 -1.156199
v -1.138824 -11.779410 -1.148596
v 2.591269 -11.779410 -1.148504
v 1.573971 -11.859911 -1.156157
v -0.053774 -11.859911 1.027281
v -1.138889 -11.779410 1.019613
v 2.591206 -11.779410 1.019701
v 1.573908 -11.859911 1.027315
v -0.053837 -11.356778 3.163034
v -1.138956 -11.279795 3.140440
v 2.591146 -11.279788 3.140528
v 1.573843 -11.356778 3.163073
v -0.053896 -10.372504 5.157743
v -1.139011 -10.302397 5.121202
v 2.591084 -10.302397 5.121294
v 1.573786 -10.372504 5.157785
v -0.053946 -8.950091 6.924196
v -1.139061 -8.889933 6.875307
v 2.591034 -8.889933 6.875402
v 1.573738 -8.950091 6.924234
v -0.053986 -7.151724 8.385229
v -1.139105 -7.104139 8.326122
v 2.590998 -7.104139 8.326212
v 1.573692 -7.151724 8.385271
v -0.054016 -5.055987 9.476973
v -1.139132 -5.023066 9.410219
v 2.590961 -5.023066 9.410311
v 1.573666 -5.055987 9.477011
v -0.054037 -2.754485 10.151703
v -1.139154 -2.737654 10.080235
v 2.590940 -2.737654 10.080318
v 1.573645 -2.754485 10.151743
v -0.054047 -0.347794 10.379938
v -1.139162 -0.347794 10.306879
v 2.590933 -0.347794 10.306971
v 1.573637 -0.347794 10.379980
v -0.054037 2.058897 10.151703
v -1.139154 2.042067 10.080235
v 2.590940 2.042067 10.080318
v 1.573645 2.058897 10.151743
v -0.054016 4.360398 9.476973
v -1.139132 4.327477 9.410219
v 2.590961 4.327477 9.410311
v 1.573666 4.360398 9.477011
v -0.053986 6.456128 8.385229
v -1.139105 6.408551 8.326120
v 2.590998 6.408551 8.326210
v 1.573692 6.456128 8.385269
v -0.053946 8.254505 6.924196
v -1.139061 8.194345 6.875307
v 2.591034 8.194345 6.875399
v 1.573738 8.254505 6.924231
v -0.053896 9.676907 5.157743
v -1.139011 9.606804 5.121199
v 2.591084 9.606804 5.121290
v 1.573786 9.676907 5.157785
v -0.053837 10.661188 3.163031
v -1.138956 10.584206 3.140440
v 2.591146 10.584198 3.140528
v 1.573843 10.661188 3.163069
v -0.053774 11.164322 1.027277
v -1.138889 11.083820 1.019609
v 2.591206 11.083820 1.019701
v 1.573908 11.164322 1.027315
v -0.053709 11.164322 -1.156199
v -1.138824 11.083820 -1.148596
v 2.591269 11.083820 -1.148504
v 1.573971 11.164322 -1.156157
v -0.053646 10.661188 -3.291952
v -1.138767 10.584206 -3.269415
v 2.591333 10.584198 -3.269327
v 1.574038 10.661188 -3.291914
v -0.053589 9.676907 -5.286665
v -1.138712 9.606804 -5.250166
v 2.591391 9.606804 -5.250074
v 1.574093 9.676907 -5.286623
v -0.053537 8.254503 -7.053122
v -1.138653 8.194344 -7.004293
v 2.591438 8.194344 -7.004187
v 1.574144 8.254503 -7.053080
v -0.053497 6.456128 -8.514147
v -1.138618 6.408549 -8.455095
v 2.591476 6.408549 -8.455008
v 1.574186 6.456128 -8.514112
v -0.053467 4.360396 -9.605890
v -1.138582 4.327476 -9.539202
v 2.591511 4.327476 -9.539103
v 1.574215 4.360396 -9.605852
v -0.053446 2.058896 -10.280619
v -1.138569 2.042064 -10.209208
v 2.591532 2.042064 -10.209112
v 1.574236 2.058896 -10.280581
v -2.359331 2.008402 -10.066339
v -2.359325 -0.347796 -10.289785
v -2.359354 4.261624 -9.405764
v -2.359383 6.313393 -8.336958
v -2.359425 8.074032 -6.906565
v -2.359476 9.466597 -5.177164
v -2.359533 10.430229 -3.224306
v -2.359587 10.922806 -1.133352
v -2.359652 10.922806 1.004313
v -2.359709 10.430229 3.095266
v -2.359766 9.466597 5.048132
v -2.359816 8.074034 6.777540
v -2.359859 6.313393 8.207918
v -2.359898 4.261626 9.276751
v -2.359911 2.008404 9.937319
v -2.359917 -0.347794 10.160765
v -2.359911 -2.703993 9.937319
v -2.359898 -4.957214 9.276751
v -2.359859 -7.008983 8.207918
v -2.359816 -8.769621 6.777544
v -2.359766 -10.162189 5.048132
v -2.359709 -11.125822 3.095270
v -2.359652 -11.618403 1.004316
v -2.359587 -11.618403 -1.133348
v -2.359533 -11.125822 -3.224306
v -2.359476 -10.162189 -5.177160
v -2.359425 -8.769622 -6.906565
v -2.359383 -7.008984 -8.336958
v -2.359354 -4.957215 -9.405764
v -2.359331 -2.703995 -10.066339
v -3.207129 -0.347796 -8.317804
v -2.868000 -0.347796 -9.303804
v -2.868008 -2.476792 -9.101912
v -3.207134 -2.249581 -8.137442
v -2.494978 -0.347796 -9.888102
v -2.494986 -2.611430 -9.673441
v -2.868021 -4.512735 -8.505022
v -3.207151 -4.068255 -7.604273
v -2.495001 -4.776134 -9.038794
v -2.868052 -6.366655 -7.539259
v -3.207178 -5.724326 -6.741564
v -2.495028 -6.747293 -8.011957
v -2.868095 -7.957523 -6.246805
v -3.207205 -7.145416 -5.587049
v -2.495071 -8.438771 -6.637781
v -2.868135 -9.215800 -4.684160
v -3.207253 -8.269410 -4.191172
v -2.495123 -9.776626 -4.976316
v -2.868185 -10.086510 -2.919611
v -3.207293 -9.047200 -2.614927
v -2.495171 -10.702399 -3.100172
v -2.868244 -10.531595 -1.030298
v -3.207342 -9.444784 -0.927237
v -2.495228 -11.175624 -1.091356
v -2.868301 -10.531595 0.901243
v -3.207392 -9.444784 0.798162
v -2.495291 -11.175624 0.962320
v -2.868351 -10.086510 2.790560
v -3.207441 -9.047200 2.485868
v -2.495348 -10.702399 2.971132
v -2.868399 -9.215800 4.555113
v -3.207485 -8.269409 4.062094
v -2.495399 -9.776626 4.847273
v -2.868452 -7.957522 6.117765
v -3.207527 -7.145415 5.457983
v -2.495449 -8.438770 6.508734
v -2.868486 -6.366655 7.410212
v -3.207565 -5.724325 6.612497
v -2.495493 -6.747292 7.882921
v -2.868513 -4.512734 8.375978
v -3.207586 -4.068254 7.475199
v -2.495522 -4.776132 8.909769
v -2.868530 -2.476790 8.972851
v -3.207600 -2.249581 8.008375
v -2.495535 -2.611428 9.544394
v -2.868536 -0.347794 9.174755
v -3.207605 -0.347795 8.188734
v -2.495541 -0.347794 9.759054
v -2.868530 1.781203 8.972851
v -3.207600 1.553992 8.008375
v -2.495535 1.915840 9.544394
v -2.868513 3.817146 8.375978
v -3.207586 3.372664 7.475199
v -2.495522 4.080543 8.909769
v -2.868486 5.671060 7.410212
v -3.207565 5.028731 6.612497
v -2.495493 6.051705 7.882921
v -2.868452 7.261932 6.117765
v -3.207527 6.449826 5.457983
v -2.495449 7.743176 6.508730
v -2.868399 8.520212 4.555113
v -3.207485 7.573828 4.062094
v -2.495399 9.081036 4.847273
v -2.868351 9.390923 2.790560
v -3.207441 8.351612 2.485868
v -2.495348 10.006809 2.971132
v -2.868301 9.836002 0.901243
v -3.207392 8.749187 0.798162
v -2.495291 10.480034 0.962317
v -2.868244 9.836002 -1.030298
v -3.207342 8.749187 -0.927237
v -2.495228 10.480034 -1.091360
v -2.868185 9.390923 -2.919615
v -3.207293 8.351612 -2.614927
v -2.495171 10.006809 -3.100172
v -2.868135 8.520212 -4.684160
v -3.207253 7.573828 -4.191172
v -2.495123 9.081036 -4.976316
v -2.868095 7.261932 -6.246805
v -3.207205 6.449826 -5.587049
v -2.495071 7.743174 -6.637785
v -2.868052 5.671060 -7.539259
v -3.207178 5.028729 -6.741564
v -2.495028 6.051704 -8.011957
v -2.868021 3.817145 -8.505022
v -3.207151 3.372664 -7.604273
v -2.495001 4.080543 -9.038794
v -2.868008 1.781201 -9.101912
v -3.207134 1.553990 -8.137442
v -2.494986 1.915839 -9.673441
v -3.308901 1.259465 -6.887220
v -3.308895 -0.347796 -7.039648
v -3.308914 2.796489 -6.436613
v -3.308935 4.196089 -5.707514
v -3.308966 5.397095 -4.731794
v -3.308992 6.347025 -3.552088
v -3.309036 7.004362 -2.219969
v -3.309080 7.340366 -0.793638
v -3.309124 7.340366 0.664560
v -3.309160 7.004362 2.090879
v -3.309200 6.347025 3.423002
v -3.309235 5.397096 4.602720
v -3.309265 4.196090 5.578444
v -3.309278 2.796489 6.307539
v -3.309292 1.259465 6.758139
v -3.309301 -0.347795 6.910570
v -3.309292 -1.955061 6.758139
v -3.309278 -3.492077 6.307539
v -3.309265 -4.891678 5.578447
v -3.309235 -6.092685 4.602720
v -3.309200 -7.042616 3.423002
v -3.309160 -7.699946 2.090883
v -3.309124 -8.035962 0.664564
v -3.309080 -8.035962 -0.793638
v -3.309036 -7.699946 -2.219969
v -3.308992 -7.042616 -3.552088
v -3.308966 -6.092686 -4.731794
v -3.308935 -4.891679 -5.707514
v -3.308914 -3.492078 -6.436613
v -3.308901 -1.955062 -6.887220
vn -0.8184 -0.5178 -0.2493
vn -0.8961 -0.4400 -0.0581
vn -0.6321 -0.7698 0.0884
vn -0.8231 -0.5679 0.0058
vn -0.9290 -0.3432 0.1386
vn -0.6221 -0.6602 0.4209
vn -0.5363 -0.8163 -0.2144
vn -0.7814 -0.5995 -0.1730
vn -0.8219 -0.5183 0.2364
vn -0.7702 -0.4804 -0.4195
vn -0.8231 -0.5679 -0.0058
vn -0.5202 -0.6536 -0.5497
vn -0.8006 -0.5841 0.1338
vn -0.5364 -0.8163 0.2144
vn -0.8219 -0.5183 -0.2364
vn -0.6162 -0.7435 0.2599
vn -0.3163 -0.9487 0.0017
vn -0.9153 -0.3296 0.2316
vn -0.6195 -0.7788 -0.0983
vn -0.3111 -0.8530 -0.4190
vn -0.8824 -0.3970 -0.2526
vn -0.3111 -0.8530 0.4190
vn -0.6195 -0.7788 0.0982
vn -0.9474 -0.3060 0.0938
vn -0.3865 -0.9170 -0.0990
vn -0.3735 -0.7369 -0.5635
vn -0.2880 -0.6041 0.7431
vn -0.2990 -0.8559 0.4219
vn -0.3891 -0.7334 -0.5575
vn -0.3228 -0.4698 -0.8216
vn -0.5002 -0.8619 0.0834
vn -0.3735 -0.7369 0.5635
vn -0.7957 -0.5560 -0.2402
vn -0.7839 -0.4136 0.4631
vn -0.7957 -0.5561 0.2402
vn -0.9390 -0.3396 0.0540
vn -0.5548 -0.7264 0.4056
vn -0.8851 -0.4622 0.0538
vn -0.4942 -0.8356 0.2397
vn -0.3729 -0.6435 0.6685
vn -0.5027 0.2254 0.8346
vn -0.9127 0.3783 0.1545
vn -0.6321 0.7695 0.0909
vn -0.5152 0.5251 0.6774
vn -0.9476 0.3108 0.0737
vn -0.5277 0.7532 -0.3927
vn -0.5309 0.7504 0.3937
vn -0.9245 0.3713 -0.0869
vn -0.5121 0.5279 -0.6776
vn -0.5387 0.8422 0.0217
vn -0.9043 0.2472 -0.3480
vn -0.5993 0.2994 -0.7424
vn -0.5323 0.7682 -0.3556
vn -0.8991 0.0976 -0.4267
vn -0.5933 0.0010 -0.8050
vn -0.5170 0.5548 -0.6518
vn -0.9230 0.0346 -0.3831
vn -0.8633 0.1318 -0.4872
vn -0.5036 0.2607 -0.8237
vn -0.9116 -0.1152 -0.3945
vn -0.5218 -0.6757 -0.5207
vn -0.5000 -0.0636 -0.8637
vn -0.9099 -0.3401 -0.2376
vn -0.6284 -0.7315 -0.2647
vn -0.5372 -0.8257 0.1723
vn -0.9168 -0.2522 0.3096
vn -0.4968 -0.0657 0.8654
vn -0.5461 -0.6526 0.5252
vn -0.8607 -0.0179 0.5089
vn -0.5948 0.1503 0.7897
vn -0.5095 -0.4143 0.7542
vn -0.9104 0.0385 0.4119
vn -0.5137 0.5545 0.6547
vn -0.5003 -0.0999 0.8601
vn -0.8714 0.3335 0.3598
vn -0.6219 0.6590 0.4231
vn -0.9443 0.2560 -0.2068
vn -0.5027 0.2254 -0.8346
vn -0.5354 0.8444 0.0194
vn -0.9146 0.4033 0.0295
vn -0.5151 0.5251 -0.6774
vn -0.6285 0.7322 0.2623
vn -0.9476 0.3110 0.0727
vn -0.5309 0.7504 -0.3937
vn -0.5121 0.5279 0.6775
vn -0.9043 0.2473 0.3479
vn -0.5387 0.8422 -0.0217
vn -0.5994 0.2994 0.7424
vn -0.8991 0.0976 0.4267
vn -0.5324 0.7682 0.3556
vn -0.5933 0.0011 0.8050
vn -0.9375 0.0333 0.3464
vn -0.5170 0.5548 0.6518
vn -0.5271 -0.3918 0.7541
vn -0.9116 -0.1151 0.3946
vn -0.5037 0.2607 0.8236
vn -0.5427 -0.6536 0.5275
vn -0.9168 -0.2513 0.3103
vn -0.5000 -0.0637 0.8637
vn -0.5339 -0.8272 0.1751
vn -0.9143 -0.3999 0.0640
vn -0.5080 -0.3811 0.7725
vn -0.6321 -0.7698 -0.0884
vn -0.9168 -0.2522 -0.3096
vn -0.5588 -0.8073 -0.1899
vn -0.4968 -0.0657 -0.8654
vn -0.8981 -0.0154 -0.4395
vn -0.5461 -0.6526 -0.5252
vn -0.5946 0.1504 -0.7898
vn -0.8634 0.1711 -0.4746
vn -0.5095 -0.4143 -0.7542
vn -0.6059 0.4352 -0.6659
vn -0.9138 0.1872 -0.3604
vn -0.5003 -0.0999 -0.8601
vn -0.5290 0.7692 -0.3585
vn 0.7303 -0.0000 -0.6832
vn 1.0000 -0.0000 -0.0000
vn 0.8488 -0.0996 -0.5193
vn 0.7836 -0.2127 -0.5837
vn 0.7414 -0.3679 -0.5613
vn 0.8603 -0.3608 -0.3601
vn 0.7552 -0.5521 -0.3533
vn 0.8686 -0.4662 -0.1679
vn 0.7637 -0.6412 -0.0747
vn 0.8090 -0.5808 0.0906
vn 0.8059 -0.5490 0.2216
vn 0.8649 -0.4228 0.2705
vn 0.7968 -0.4425 0.4115
vn 0.7414 -0.3679 0.5613
vn 0.7836 -0.2127 0.5837
vn 0.7804 -0.0982 0.6175
vn 0.7796 0.0198 0.6260
vn 0.7812 0.1371 0.6090
vn 0.7851 0.2495 0.5669
vn 0.7905 0.3529 0.5005
vn 0.7968 0.4425 0.4115
vn 0.8649 0.4228 0.2705
vn 0.8059 0.5490 0.2216
vn 0.8090 0.5808 0.0906
vn 0.7637 0.6412 -0.0747
vn 0.8059 0.5490 -0.2215
vn 0.8009 0.4923 -0.3410
vn 0.8603 0.3608 -0.3601
vn 0.7414 0.3679 -0.5613
vn 0.8515 0.1955 -0.4866
vn 0.7812 0.1371 -0.6090
vn 0.9051 -0.0000 -0.4252
vn 0.8483 0.0831 -0.5229
vn 0.9104 0.2268 -0.3460
vn 0.7484 0.4695 -0.4685
vn 0.9036 0.3691 -0.2174
vn 0.8689 0.4717 -0.1498
vn 0.8706 0.4887 -0.0569
vn 0.8706 0.4905 0.0380
vn 0.9062 0.4029 0.1280
vn 0.7551 0.5522 0.3534
vn 0.8594 0.3491 0.3737
vn 0.8953 0.2315 0.3805
vn 0.8508 0.1799 0.4938
vn 0.8483 0.0832 0.5229
vn 0.7796 -0.0198 0.6260
vn 0.8490 -0.1160 0.5156
vn 0.8519 -0.2109 0.4793
vn 0.9397 -0.1875 0.2860
vn 0.8594 -0.3491 0.3737
vn 0.7552 -0.5521 0.3533
vn 0.9062 -0.4029 0.1280
vn 0.8706 -0.4905 0.0380
vn 0.8706 -0.4887 -0.0569
vn 0.8255 -0.5311 -0.1912
vn 0.9442 -0.2775 -0.1775
vn 0.8153 -0.4099 -0.4090
vn 0.8556 -0.2838 -0.4330
vn 0.8520 -0.2110 -0.4792
vn 0.8013 -0.1127 -0.5875
vn 0.8745 0.0761 0.4789
vn 0.9210 -0.0000 0.3895
vn 0.8388 0.2030 0.5052
vn 0.9142 0.2335 0.3312
vn 0.9283 0.2632 0.2627
vn 0.7993 0.5062 0.3239
vn 0.8923 0.4303 0.1367
vn 0.9556 0.2926 0.0341
vn 0.8937 0.4473 -0.0346
vn 0.8041 0.5593 -0.2014
vn 0.9534 0.2542 -0.1626
vn 0.8482 0.3750 -0.3742
vn 0.8259 0.2931 -0.4817
vn 0.9232 0.1433 -0.3566
vn 0.8359 0.1034 -0.5391
vn 0.9464 -0.0000 -0.3230
vn 0.8359 -0.1034 -0.5391
vn 0.9232 -0.1433 -0.3566
vn 0.8259 -0.2931 -0.4817
vn 0.8482 -0.3750 -0.3742
vn 0.9533 -0.2543 -0.1626
vn 0.8041 -0.5593 -0.2014
vn 0.8937 -0.4473 -0.0346
vn 0.9556 -0.2926 0.0341
vn 0.8570 -0.4849 0.1746
vn 0.8888 -0.3860 0.2470
vn 0.9173 -0.2915 0.2711
vn 0.8813 -0.2723 0.3862
vn 0.7816 -0.2325 0.5788
vn 0.8745 -0.0762 0.4790
vn 0.2568 -0.0000 0.9665
vn 0.3225 0.1945 0.9264
vn 0.3665 0.1674 0.9152
vn 0.4425 -0.0000 0.8968
vn 0.1504 0.3685 0.9174
vn 0.5520 0.3001 0.7780
vn 0.2648 0.5315 0.8046
vn 0.4530 0.4634 0.7616
vn 0.3185 0.6822 0.6581
vn 0.5372 0.5843 0.6083
vn 0.2062 0.8366 0.5076
vn 0.4692 0.7379 0.4852
vn 0.2796 0.9046 0.3217
vn 0.3618 0.8678 0.3407
vn 0.3963 0.9121 0.1054
vn 0.4794 0.8717 0.1016
vn 0.2821 0.9534 -0.1071
vn 0.4788 0.8674 -0.1352
vn 0.2095 0.9279 -0.3085
vn 0.3619 0.8677 -0.3407
vn 0.3245 0.8056 -0.4956
vn 0.5453 0.6959 -0.4673
vn 0.2022 0.7089 -0.6757
vn 0.4605 0.6059 -0.6487
vn 0.2655 0.5556 -0.7879
vn 0.4531 0.4634 -0.7616
vn 0.3075 0.3685 -0.8773
vn 0.4471 0.3063 -0.8404
vn 0.1924 0.2048 -0.9597
vn 0.4433 0.1407 -0.8853
vn 0.3029 0.0145 -0.9529
vn 0.4424 -0.0283 -0.8964
vn 0.1487 -0.1863 -0.9712
vn 0.4440 -0.1688 -0.8800
vn 0.3075 -0.3685 -0.8773
vn 0.4471 -0.3063 -0.8404
vn 0.2655 -0.5556 -0.7879
vn 0.4531 -0.4634 -0.7616
vn 0.2022 -0.7089 -0.6757
vn 0.4605 -0.6059 -0.6487
vn 0.3245 -0.8056 -0.4956
vn 0.5453 -0.6959 -0.4673
vn 0.2796 -0.9033 -0.3253
vn 0.2855 -0.9017 -0.3247
vn 0.2314 -0.9646 -0.1267
vn 0.5853 -0.8037 -0.1070
vn 0.3963 -0.9121 0.1054
vn 0.4794 -0.8717 0.1016
vn 0.2095 -0.9279 0.3085
vn 0.4748 -0.8162 0.3294
vn 0.3245 -0.8056 0.4956
vn 0.3563 -0.7729 0.5251
vn 0.2701 -0.6841 0.6776
vn 0.5372 -0.5843 0.6083
vn 0.2648 -0.5315 0.8046
vn 0.4530 -0.4634 0.7616
vn 0.1947 -0.3849 0.9022
vn 0.4470 -0.3063 0.8405
vn 0.2579 -0.2121 0.9426
vn 0.4433 -0.1407 0.8853
vn 0.8502 -0.0000 0.5264
vn 0.8514 -0.1152 0.5117
vn 0.8544 -0.2094 0.4756
vn 0.8585 -0.2955 0.4190
vn 0.8626 -0.3581 0.3573
vn 0.8672 -0.4195 0.2684
vn 0.8711 -0.4680 0.1487
vn 0.8728 -0.4848 0.0565
vn 0.8728 -0.4866 -0.0376
vn 0.8708 -0.4626 -0.1666
vn 0.8672 -0.4195 -0.2684
vn 0.8633 -0.3696 -0.3436
vn 0.8586 -0.2955 -0.4190
vn 0.8544 -0.2094 -0.4756
vn 0.8512 -0.0990 -0.5154
vn 0.8502 0.0166 -0.5263
vn 0.8514 0.1152 -0.5117
vn 0.8544 0.2094 -0.4756
vn 0.8586 0.2955 -0.4190
vn 0.8633 0.3696 -0.3436
vn 0.8672 0.4195 -0.2684
vn 0.8708 0.4626 -0.1666
vn 0.8728 0.4866 -0.0377
vn 0.8728 0.4848 0.0565
vn 0.8708 0.4626 0.1666
vn 0.8663 0.4106 0.2844
vn 0.8626 0.3581 0.3573
vn 0.8585 0.2954 0.4191
vn 0.8544 0.2094 0.4756
vn 0.8514 0.1151 0.5117
vn -0.0632 -0.0000 -0.9980
vn -0.2478 -0.0000 -0.9688
vn -0.1745 -0.1664 -0.9705
vn -0.0635 -0.2191 -0.9736
vn -0.0612 -0.1879 -0.9803
vn -0.0609 -0.0000 -0.9981
vn 0.2190 -0.0000 -0.9757
vn 0.2198 -0.1836 -0.9581
vn -0.2042 -0.3352 -0.9197
vn -0.0643 -0.4020 -0.9134
vn 0.2222 -0.3631 -0.9048
vn -0.1208 -0.3877 -0.9138
vn -0.2075 -0.5085 -0.8357
vn -0.0655 -0.5750 -0.8155
vn -0.0203 -0.5599 -0.8283
vn 0.2260 -0.5337 -0.8149
vn -0.1914 -0.6846 -0.7033
vn -0.0667 -0.7062 -0.7048
vn 0.2296 -0.6644 -0.7112
vn -0.0646 -0.7308 -0.6795
vn -0.2458 -0.8051 -0.5398
vn -0.0681 -0.8403 -0.5378
vn 0.2351 -0.8188 -0.5238
vn -0.1281 -0.8468 -0.5163
vn -0.1986 -0.9168 -0.3464
vn -0.0693 -0.9386 -0.3380
vn -0.0215 -0.9459 -0.3237
vn 0.2389 -0.9135 -0.3292
vn -0.2724 -0.9557 -0.1114
vn -0.0699 -0.9909 -0.1152
vn 0.2407 -0.9590 -0.1495
vn -0.0034 -0.9957 -0.0922
vn -0.2006 -0.9712 0.1288
vn -0.0700 -0.9909 0.1152
vn 0.2410 -0.9640 0.1124
vn -0.1313 -0.9870 0.0922
vn -0.2499 -0.9035 0.3481
vn -0.0693 -0.9386 0.3379
vn -0.0670 -0.9509 0.3021
vn 0.2382 -0.9007 0.3634
vn -0.1875 -0.8392 0.5105
vn -0.0679 -0.8202 0.5681
vn -0.1104 -0.8457 0.5221
vn 0.2342 -0.7992 0.5536
vn -0.2126 -0.6917 0.6902
vn -0.0667 -0.7064 0.7047
vn -0.0033 -0.7229 0.6910
vn 0.2295 -0.6644 0.7113
vn -0.2363 -0.5167 0.8229
vn -0.0654 -0.5471 0.8345
vn -0.0632 -0.5751 0.8156
vn 0.2251 -0.5065 0.8324
vn -0.1769 -0.3852 0.9057
vn -0.0640 -0.3417 0.9376
vn -0.0620 -0.3721 0.9261
vn 0.2222 -0.3631 0.9049
vn -0.2026 -0.1845 0.9617
vn -0.0635 -0.1882 0.9801
vn 0.2196 -0.1839 0.9581
vn -0.0612 -0.1881 0.9802
vn -0.2018 -0.0000 0.9794
vn -0.0632 -0.0000 0.9980
vn -0.0609 -0.0000 0.9981
vn 0.2189 -0.0000 0.9758
vn -0.2026 0.1845 0.9617
vn -0.0635 0.1882 0.9801
vn 0.2197 0.1836 0.9581
vn -0.0612 0.1880 0.9803
vn -0.2052 0.3943 0.8958
vn -0.0644 0.3417 0.9376
vn -0.0199 0.3600 0.9327
vn 0.2222 0.3631 0.9049
vn -0.2372 0.5485 0.8018
vn -0.0654 0.5469 0.8346
vn 0.2251 0.5065 0.8324
vn -0.0630 0.5477 0.8343
vn -0.1920 0.7047 0.6831
vn -0.0667 0.7067 0.7043
vn 0.2295 0.6644 0.7113
vn -0.0643 0.7069 0.7044
vn -0.1875 0.8392 0.5105
vn -0.0684 0.8201 0.5681
vn 0.2342 0.7992 0.5536
vn -0.1104 0.8457 0.5221
vn -0.2499 0.9035 0.3481
vn -0.0693 0.9386 0.3379
vn 0.2382 0.9007 0.3634
vn -0.0670 0.9509 0.3021
vn -0.2220 0.9634 0.1502
vn -0.0700 0.9946 0.0770
vn 0.2410 0.9640 0.1124
vn -0.1313 0.9870 0.0922
vn -0.2223 0.9684 -0.1128
vn -0.0699 0.9909 -0.1153
vn -0.0034 0.9957 -0.0922
vn 0.2407 0.9590 -0.1495
vn -0.2197 0.9047 -0.3651
vn -0.0695 0.9508 -0.3020
vn -0.0215 0.9459 -0.3237
vn 0.2389 0.9135 -0.3292
vn -0.2458 0.8051 -0.5398
vn -0.0681 0.8403 -0.5378
vn 0.2351 0.8185 -0.5242
vn -0.1281 0.8468 -0.5163
vn -0.1639 0.6983 -0.6968
vn -0.0667 0.7065 -0.7046
vn -0.0644 0.7064 -0.7049
vn 0.2305 0.6887 -0.6874
vn -0.2556 0.5299 -0.8087
vn -0.0653 0.5476 -0.8342
vn 0.2265 0.5613 -0.7960
vn -0.0031 0.5309 -0.8474
vn -0.1845 0.3541 -0.9168
vn -0.0642 0.3724 -0.9259
vn 0.2222 0.3631 -0.9048
vn -0.1208 0.3877 -0.9138
vn -0.1745 0.1664 -0.9705
vn -0.0636 0.2191 -0.9736
vn -0.0612 0.1879 -0.9803
vn 0.2198 0.1836 -0.9581
vn 0.8823 -0.0000 0.4706
vn 0.5497 -0.1312 0.8250
vn 0.5970 -0.2990 0.7444
vn 0.8887 -0.2513 0.3835
vn 0.4698 -0.6249 0.6235
vn 0.8074 -0.5084 0.2995
vn 0.7260 -0.6554 0.2082
vn 0.7287 -0.6828 0.0529
vn 0.5873 -0.7997 -0.1246
vn 0.7244 -0.6393 -0.2580
vn 0.8055 -0.4871 -0.3374
vn 0.5680 -0.5618 -0.6014
vn 0.7035 -0.3694 -0.6071
vn 0.8854 -0.1732 -0.4313
vn 0.4516 -0.1681 -0.8762
vn 0.8824 -0.0000 -0.4705
vn 0.5926 0.1517 -0.7911
vn 0.6993 0.2880 -0.6542
vn 0.7049 0.3889 -0.5932
vn 0.7108 0.4802 -0.5140
vn 0.8055 0.4871 -0.3374
vn 0.7244 0.6393 -0.2579
vn 0.5873 0.7997 -0.1246
vn 0.7287 0.6828 0.0529
vn 0.7260 0.6554 0.2082
vn 0.8074 0.5084 0.2995
vn 0.6118 0.5599 0.5588
vn 0.8261 0.3089 0.4712
vn 0.5970 0.2990 0.7444
vn 0.5497 0.1312 0.8250
vn 0.5405 0.1661 0.8248
vn 0.8219 0.1251 0.5557
vn 0.8206 -0.0000 0.5715
vn 0.4240 -0.0000 0.9057
vn 0.1231 0.1872 0.9746
vn 0.0973 -0.0000 0.9953
vn 0.6526 0.2824 0.7031
vn 0.8248 0.2108 0.5247
vn 0.1500 0.3685 0.9174
vn 0.8283 0.2912 0.4786
vn 0.5028 0.4810 0.7182
vn 0.1005 0.5455 0.8321
vn 0.8336 0.3770 0.4036
vn 0.5607 0.6064 0.5638
vn 0.1449 0.6856 0.7134
vn 0.8390 0.4473 0.3099
vn 0.5686 0.7087 0.4176
vn 0.1314 0.8149 0.5645
vn 0.8434 0.4983 0.2011
vn 0.5748 0.7799 0.2478
vn 0.1338 0.9190 0.3708
vn 0.8460 0.5268 0.0821
vn 0.5779 0.8137 0.0630
vn 0.1352 0.9790 0.1526
vn 0.8464 0.5309 -0.0411
vn 0.5772 0.8068 -0.1258
vn 0.1355 0.9878 -0.0765
vn 0.8445 0.5104 -0.1621
vn 0.5730 0.7600 -0.3067
vn 0.1344 0.9444 -0.3000
vn 0.8406 0.4667 -0.2749
vn 0.6329 0.6452 -0.4280
vn 0.1438 0.8420 -0.5200
vn 0.8347 0.3898 -0.3890
vn 0.4429 0.6346 -0.6333
vn 0.1135 0.7181 -0.6866
vn 0.6181 0.4410 -0.6508
vn 0.8283 0.2913 -0.4786
vn 0.1267 0.5438 -0.8296
vn 0.5448 0.3126 -0.7781
vn 0.8248 0.2108 -0.5247
vn 0.1089 0.3523 -0.9295
vn 0.8219 0.1251 -0.5557
vn 0.6061 0.1386 -0.7832
vn 0.1484 0.1863 -0.9712
vn 0.8206 -0.0000 -0.5715
vn 0.4239 -0.0000 -0.9057
vn 0.0973 -0.0000 -0.9953
vn 0.6061 -0.1386 -0.7832
vn 0.8219 -0.1251 -0.5557
vn 0.1484 -0.1863 -0.9712
vn 0.5917 -0.2864 -0.7535
vn 0.8248 -0.2108 -0.5247
vn 0.1136 -0.3831 -0.9167
vn 0.8294 -0.3063 -0.4672
vn 0.4815 -0.4623 -0.7446
vn 0.1269 -0.5716 -0.8106
vn 0.5100 -0.6026 -0.6138
vn 0.8355 -0.4024 -0.3742
vn 0.1135 -0.7181 -0.6866
vn 0.6329 -0.6452 -0.4280
vn 0.8406 -0.4667 -0.2749
vn 0.1438 -0.8420 -0.5200
vn 0.5730 -0.7600 -0.3067
vn 0.8445 -0.5104 -0.1621
vn 0.1343 -0.9444 -0.3000
vn 0.5772 -0.8068 -0.1258
vn 0.8464 -0.5309 -0.0411
vn 0.1356 -0.9878 -0.0765
vn 0.5779 -0.8137 0.0630
vn 0.8460 -0.5268 0.0821
vn 0.1356 -0.9789 0.1526
vn 0.5748 -0.7799 0.2478
vn 0.8434 -0.4983 0.2011
vn 0.1343 -0.9190 0.3708
vn 0.5686 -0.7087 0.4176
vn 0.8390 -0.4473 0.3099
vn 0.1321 -0.8149 0.5644
vn 0.6078 -0.5734 0.5493
vn 0.8347 -0.3898 0.3890
vn 0.1449 -0.6856 0.7134
vn 0.8293 -0.3063 0.4673
vn 0.4355 -0.4935 0.7529
vn 0.1005 -0.5455 0.8321
vn 0.6112 -0.3058 0.7300
vn 0.8240 -0.1940 0.5324
vn 0.1500 -0.3685 0.9174
vn 0.5881 -0.1669 0.7914
vn 0.8217 -0.1075 0.5597
vn 0.1231 -0.1873 0.9746
vn -0.8671 -0.0000 0.4982
vn -0.2653 -0.0000 0.9642
vn -0.3054 0.1807 0.9349
vn -0.8307 0.1222 0.5432
vn -0.8782 -0.0000 0.4783
vn -0.8653 0.1057 0.4900
vn -0.5225 0.1339 0.8421
vn -0.5217 -0.0000 0.8531
vn -0.9947 0.0031 0.1026
vn -0.9948 0.0223 0.0996
vn -0.9696 0.0447 0.2404
vn -0.9792 -0.0020 0.2030
vn -0.3480 0.3495 0.8699
vn -0.9308 0.1362 0.3391
vn -0.8909 0.1771 0.4182
vn -0.4791 0.3192 0.8177
vn -0.9949 0.0406 0.0923
vn -0.9798 0.0728 0.1864
vn -0.2890 0.5080 0.8114
vn -0.8379 0.2993 0.4565
vn -0.8848 0.2555 0.3898
vn -0.5819 0.4588 0.6715
vn -0.9951 0.0571 0.0809
vn -0.9713 0.1293 0.1998
vn -0.3184 0.6471 0.6927
vn -0.9167 0.2926 0.2720
vn -0.8887 0.3245 0.3238
vn -0.4748 0.6387 0.6056
vn -0.9953 0.0710 0.0660
vn -0.9812 0.1350 0.1377
vn -0.3245 0.7776 0.5386
vn -0.8920 0.3895 0.2294
vn -0.8930 0.3878 0.2284
vn -0.5506 0.7076 0.4429
vn -0.9955 0.0819 0.0483
vn -0.9771 0.1750 0.1212
vn -0.3298 0.8755 0.3533
vn -0.8524 0.4983 0.1583
vn -0.9074 0.3978 0.1354
vn -0.6043 0.7553 0.2537
vn -0.9956 0.0892 0.0283
vn -0.9779 0.1941 0.0783
vn -0.3330 0.9317 0.1452
vn -0.8963 0.4421 0.0342
vn -0.8849 0.4610 0.0668
vn -0.5605 0.8257 0.0639
vn -0.9957 0.0925 0.0072
vn -0.9748 0.2213 0.0273
vn -0.3335 0.9399 -0.0727
vn -0.9227 0.3809 -0.0594
vn -0.8973 0.4401 -0.0341
vn -0.5599 0.8187 -0.1276
vn -0.9957 0.0922 -0.0106
vn -0.9816 0.1888 -0.0274
vn -0.3487 0.8871 -0.3024
vn -0.9095 0.3911 -0.1408
vn -0.9042 0.4049 -0.1361
vn -0.5556 0.7710 -0.3111
vn -0.9956 0.0892 -0.0283
vn -0.9826 0.1742 -0.0650
vn -0.3257 0.7973 -0.5082
vn -0.8920 0.3895 -0.2295
vn -0.8834 0.3919 -0.2570
vn -0.4806 0.7259 -0.4921
vn -0.9954 0.0803 -0.0514
vn -0.9721 0.2015 -0.1204
vn -0.3196 0.6718 -0.6682
vn -0.9167 0.2926 -0.2721
vn -0.8879 0.3140 -0.3362
vn -0.5419 0.5892 -0.5993
vn -0.9952 0.0667 -0.0714
vn -0.9764 0.1580 -0.1469
vn -0.2901 0.5414 -0.7891
vn -0.8378 0.2993 -0.4566
vn -0.8971 0.2364 -0.3732
vn -0.5804 0.4333 -0.6894
vn -0.9951 0.0546 -0.0829
vn -0.9792 0.1154 -0.1671
vn -0.3258 0.3653 -0.8720
vn -0.9308 0.1362 -0.3391
vn -0.8679 0.1960 -0.4564
vn -0.5264 0.2911 -0.7988
vn -0.9949 0.0407 -0.0923
vn -0.9703 0.0889 -0.2250
vn -0.3055 0.1807 -0.9349
vn -0.8307 0.1223 -0.5432
vn -0.8792 0.1046 -0.4649
vn -0.5224 0.1339 -0.8421
vn -0.9948 0.0224 -0.0997
vn -0.9738 0.0357 -0.2245
vn -0.2652 -0.0000 -0.9642
vn -0.8671 -0.0000 -0.4982
vn -0.8782 -0.0000 -0.4783
vn -0.5216 -0.0000 -0.8532
vn -0.9947 0.0032 -0.1027
vn -0.9792 -0.0020 -0.2030
vn -0.3286 -0.1608 -0.9307
vn -0.8780 -0.1051 -0.4670
vn -0.8923 -0.0915 -0.4421
vn -0.5231 -0.1605 -0.8370
vn -0.9948 -0.0190 -0.1004
vn -0.9678 -0.0408 -0.2485
vn -0.2915 -0.3448 -0.8923
vn -0.8805 -0.1909 -0.4338
vn -0.8581 -0.1914 -0.4764
vn -0.5275 -0.3167 -0.7883
vn -0.9949 -0.0406 -0.0923
vn -0.9703 -0.0889 -0.2250
vn -0.3136 -0.5218 -0.7933
vn -0.8842 -0.2692 -0.3818
vn -0.8971 -0.2364 -0.3732
vn -0.5804 -0.4333 -0.6894
vn -0.9951 -0.0547 -0.0829
vn -0.9792 -0.1155 -0.1671
vn -0.3195 -0.6718 -0.6682
vn -0.8882 -0.3365 -0.3129
vn -0.8879 -0.3140 -0.3362
vn -0.5419 -0.5892 -0.5993
vn -0.9952 -0.0667 -0.0714
vn -0.9765 -0.1580 -0.1469
vn -0.3256 -0.7973 -0.5083
vn -0.8920 -0.3895 -0.2295
vn -0.8834 -0.3919 -0.2569
vn -0.4806 -0.7259 -0.4921
vn -0.9954 -0.0803 -0.0516
vn -0.9721 -0.2015 -0.1204
vn -0.3487 -0.8871 -0.3024
vn -0.9398 -0.3216 -0.1158
vn -0.9042 -0.4049 -0.1361
vn -0.5556 -0.7710 -0.3111
vn -0.9956 -0.0891 -0.0284
vn -0.9826 -0.1742 -0.0650
vn -0.3335 -0.9399 -0.0727
vn -0.8960 -0.4387 -0.0684
vn -0.8973 -0.4401 -0.0341
vn -0.5599 -0.8187 -0.1276
vn -0.9957 -0.0922 -0.0106
vn -0.9816 -0.1888 -0.0274
vn -0.3330 -0.9317 0.1452
vn -0.8543 -0.5182 0.0401
vn -0.8849 -0.4610 0.0668
vn -0.5605 -0.8257 0.0639
vn -0.9957 -0.0925 0.0072
vn -0.9748 -0.2213 0.0273
vn -0.3297 -0.8755 0.3533
vn -0.8948 -0.4254 0.1351
vn -0.9074 -0.3978 0.1354
vn -0.6043 -0.7553 0.2537
vn -0.9956 -0.0891 0.0284
vn -0.9779 -0.1941 0.0783
vn -0.3245 -0.7776 0.5386
vn -0.8920 -0.3895 0.2294
vn -0.8930 -0.3878 0.2284
vn -0.5506 -0.7076 0.4429
vn -0.9955 -0.0819 0.0482
vn -0.9771 -0.1750 0.1212
vn -0.3184 -0.6471 0.6927
vn -0.8882 -0.3365 0.3128
vn -0.8887 -0.3245 0.3238
vn -0.4748 -0.6387 0.6056
vn -0.9953 -0.0710 0.0660
vn -0.9812 -0.1351 0.1377
vn -0.3126 -0.4938 0.8115
vn -0.9135 -0.2344 0.3324
vn -0.8847 -0.2555 0.3898
vn -0.5819 -0.4588 0.6715
vn -0.9951 -0.0571 0.0809
vn -0.9713 -0.1293 0.1998
vn -0.3318 -0.3351 0.8818
vn -0.8339 -0.2223 0.5051
vn -0.8909 -0.1771 0.4182
vn -0.4791 -0.3192 0.8177
vn -0.9949 -0.0407 0.0923
vn -0.9798 -0.0728 0.1864
vn -0.3054 -0.1807 0.9349
vn -0.8780 -0.1051 0.4669
vn -0.8653 -0.1057 0.4900
vn -0.5225 -0.1339 0.8421
vn -0.9948 -0.0192 0.1004
vn -0.9635 -0.0504 0.2629
vn -0.9284 -0.3582 0.0986
vn -0.7636 0.3536 0.5403
vn -0.6098 0.6715 0.4211
vn -0.8230 -0.0016 0.5681
vn -0.9360 -0.0000 0.3521
vn -0.9058 0.0798 0.4162
vn -0.9308 0.0666 0.3595
vn -0.9199 0.1580 0.3588
vn -0.8753 0.1620 0.4557
vn -0.8965 0.2553 0.3621
vn -0.8095 0.3039 0.5023
vn -0.9254 0.2777 0.2581
vn -0.8829 0.3205 0.3431
vn -0.9444 0.2833 0.1668
vn -0.8870 0.3796 0.2630
vn -0.9301 0.3501 0.1112
vn -0.8903 0.4223 0.1704
vn -0.9621 0.2709 0.0316
vn -0.8926 0.4478 0.0521
vn -0.9075 0.4188 -0.0324
vn -0.8286 0.5529 -0.0879
vn -0.8982 0.4136 -0.1490
vn -0.9656 0.2447 -0.0881
vn -0.9702 0.2040 -0.1305
vn -0.8422 0.4551 -0.2892
vn -0.9001 0.3190 -0.2966
vn -0.8829 0.3205 -0.3432
vn -0.9225 0.2225 -0.3155
vn -0.8095 0.3039 -0.5024
vn -0.8842 0.1741 -0.4335
vn -0.9321 0.1328 -0.3370
vn -0.9362 0.0552 -0.3471
vn -0.8739 0.1068 -0.4743
vn -0.9542 0.0001 -0.2993
vn -0.8229 -0.0016 -0.5682
vn -0.8904 -0.0715 -0.4496
vn -0.9163 -0.0901 -0.3903
vn -0.9076 -0.1565 -0.3896
vn -0.8760 -0.1797 -0.4475
vn -0.8965 -0.2553 -0.3622
vn -0.8788 -0.2480 -0.4076
vn -0.9423 -0.2452 -0.2280
vn -0.8829 -0.3205 -0.3432
vn -0.9442 -0.2775 -0.1776
vn -0.8877 -0.3878 -0.2482
vn -0.9456 -0.3017 -0.1218
vn -0.8912 -0.4324 -0.1374
vn -0.8706 -0.4887 -0.0570
vn -0.8926 -0.4478 -0.0522
vn -0.9621 -0.2710 0.0315
vn -0.8926 -0.4478 0.0521
vn -0.9192 -0.3705 0.1334
vn -0.8909 -0.4274 0.1539
vn -0.9442 -0.2775 0.1775
vn -0.8877 -0.3878 0.2481
vn -0.9423 -0.2452 0.2279
vn -0.8829 -0.3205 0.3431
vn -0.8965 -0.2553 0.3621
vn -0.8788 -0.2480 0.4076
vn -0.9076 -0.1565 0.3895
vn -0.8761 -0.1797 0.4474
vn -0.9177 -0.0624 0.3923
vn -0.9163 -0.0901 0.3903
vn -0.8868 -0.0000 -0.4622
vn -0.9403 0.0020 -0.3403
vn -0.9176 -0.0624 -0.3925
vn -0.9538 -0.0660 -0.2932
vn -0.9191 -0.1349 -0.3701
vn -0.9107 -0.1664 -0.3780
vn -0.9376 -0.1824 -0.2960
vn -0.9564 -0.1683 -0.2387
vn -0.9079 -0.2978 -0.2951
vn -0.9421 -0.2373 -0.2368
vn -0.9280 -0.3211 -0.1892
vn -0.9592 -0.2325 -0.1611
vn -0.9496 -0.2955 -0.1041
vn -0.9291 -0.3480 -0.1253
vn -0.8917 -0.4496 -0.0524
vn -0.9470 -0.3191 -0.0372
vn -0.9451 -0.3231 0.0482
vn -0.9615 -0.2741 0.0212
vn -0.9298 -0.3463 0.1247
vn -0.9032 -0.4039 0.1454
vn -0.9112 -0.3479 0.2207
vn -0.9649 -0.2213 0.1416
vn -0.9245 -0.2628 0.2761
vn -0.9425 -0.2448 0.2276
vn -0.9564 -0.1601 0.2442
vn -0.9399 -0.1872 0.2855
vn -0.9015 -0.1600 0.4022
vn -0.9607 -0.1035 0.2576
vn -0.9407 -0.0619 0.3334
vn -0.8876 -0.0868 0.4524
vn -0.8989 0.0014 0.4382
vn -0.9722 -0.0000 0.2342
vn -0.9179 0.0747 0.3897
vn -0.8876 0.0868 0.4524
vn -0.9196 0.1465 0.3645
vn -0.9607 0.1035 0.2576
vn -0.9439 0.1828 0.2750
vn -0.9399 0.1872 0.2855
vn -0.9245 0.2628 0.2761
vn -0.9425 0.2448 0.2276
vn -0.8868 0.3893 0.2491
vn -0.9649 0.2213 0.1416
vn -0.9496 0.2943 0.1083
vn -0.9032 0.4039 0.1454
vn -0.9451 0.3231 0.0482
vn -0.9470 0.3203 0.0248
vn -0.9084 0.4167 -0.0338
vn -0.9468 0.3179 -0.0496
vn -0.9444 0.3126 -0.1016
vn -0.9457 0.3013 -0.1216
vn -0.9045 0.3667 -0.2178
vn -0.9592 0.2325 -0.1611
vn -0.9079 0.2978 -0.2951
vn -0.9421 0.2373 -0.2368
vn -0.9217 0.2046 -0.3297
vn -0.9402 0.1963 -0.2784
vn -0.9357 0.1226 -0.3309
vn -0.9381 0.1395 -0.3169
vn -0.8914 0.0725 -0.4473
vn -0.9538 0.0660 -0.2932
vn -0.9145 -0.0000 0.4046
vn -0.6298 -0.1463 0.7628
vn -0.7959 -0.2439 0.5541
vn -0.8782 -0.2622 0.4000
vn -0.8064 -0.4186 0.4177
vn -0.8123 -0.4913 0.3144
vn -0.8161 -0.5359 0.2162
vn -0.8191 -0.5669 0.0884
vn -0.8195 -0.5714 -0.0442
vn -0.8710 -0.4682 -0.1487
vn -0.7493 -0.5578 -0.3569
vn -0.8823 -0.3331 -0.3325
vn -0.6408 -0.4209 -0.6420
vn -0.8746 -0.1807 -0.4499
vn -0.8513 -0.1152 -0.5119
vn -0.6957 -0.0227 -0.7180
vn -0.7919 0.1150 -0.5997
vn -0.7959 0.2439 -0.5541
vn -0.7087 0.4066 -0.5766
vn -0.8823 0.3331 -0.3325
vn -0.7493 0.5578 -0.3569
vn -0.8710 0.4682 -0.1488
vn -0.7314 0.6799 -0.0526
vn -0.8724 0.4830 0.0753
vn -0.8161 0.5359 0.2163
vn -0.8123 0.4913 0.3143
vn -0.8064 0.4186 0.4177
vn -0.8005 0.3286 0.5013
vn -0.8542 0.2094 0.4758
vn -0.6298 0.1463 0.7628
vn -0.4812 -0.0000 0.8766
vn -0.5168 0.1757 0.8379
vn -0.4868 0.3224 0.8118
vn -0.4691 0.4934 0.7325
vn -0.5363 0.6087 0.5847
vn -0.4846 0.7432 0.4614
vn -0.4807 0.8322 0.2764
vn -0.5441 0.8351 0.0812
vn -0.4834 0.8666 -0.1234
vn -0.5398 0.7865 -0.2999
vn -0.5092 0.7250 -0.4639
vn -0.5013 0.6125 -0.6112
vn -0.4920 0.4525 -0.7437
vn -0.4858 0.2993 -0.8213
vn -0.5162 0.1468 -0.8438
vn -0.4467 0.0186 -0.8945
vn -0.4819 -0.1376 -0.8653
vn -0.4619 -0.3207 -0.8269
vn -0.5268 -0.4530 -0.7192
vn -0.4759 -0.6144 -0.6293
vn -0.5660 -0.6944 -0.4443
vn -0.5155 -0.8049 -0.2941
vn -0.4834 -0.8666 -0.1234
vn -0.5441 -0.8351 0.0812
vn -0.4807 -0.8322 0.2764
vn -0.5092 -0.7249 0.4639
vn -0.5013 -0.6125 0.6112
vn -0.4934 -0.4769 0.7274
vn -0.4517 -0.3148 0.8348
vn -0.5168 -0.1757 0.8379
vn -0.9014 -0.0680 0.4277
vn -0.9010 -0.0000 0.4338
vn -0.9036 -0.1597 0.3975
vn -0.9065 -0.2315 0.3531
vn -0.9098 -0.2938 0.2931
vn -0.9131 -0.3435 0.2198
vn -0.9156 -0.3783 0.1362
vn -0.9482 -0.3155 0.0367
vn -0.8904 -0.4521 -0.0527
vn -0.9151 -0.3738 -0.1509
vn -0.9456 -0.2740 -0.1754
vn -0.9103 -0.3032 -0.2819
vn -0.8651 -0.2890 -0.4100
vn -0.9302 -0.1479 -0.3360
vn -0.9018 -0.0949 -0.4216
vn -0.8246 -0.0000 -0.5658
vn -0.9018 0.0949 -0.4216
vn -0.9302 0.1479 -0.3360
vn -0.8651 0.2890 -0.4100
vn -0.9435 0.2346 -0.2342
vn -0.8854 0.3915 -0.2506
vn -0.9473 0.3015 -0.1086
vn -0.8904 0.4521 -0.0527
vn -0.9648 0.2612 0.0304
vn -0.8477 0.4991 0.1798
vn -0.9124 0.3364 0.2330
vn -0.9342 0.2436 0.2608
vn -0.8637 0.2620 0.4306
vn -0.9296 0.1262 0.3464
vn -0.9014 0.0680 0.4277
vn -0.9999 -0.0000 -0.0135
vn -0.9998 -0.0031 -0.0198
vn -0.9996 -0.0099 -0.0246
vn -0.9999 -0.0071 -0.0109
vn -0.9997 -0.0180 -0.0180
vn -0.9999 -0.0126 -0.0081
vn -0.9999 -0.0150 -0.0060
vn -0.9998 -0.0216 -0.0034
vn -0.9998 -0.0182 0.0014
vn -0.9998 -0.0198 0.0071
vn -0.9999 -0.0126 0.0080
vn -0.9998 -0.0154 0.0154
vn -0.9999 -0.0071 0.0109
vn -0.9997 -0.0096 0.0217
vn -0.9997 -0.0043 0.0225
vn -0.9999 -0.0000 0.0134
vn -0.9997 0.0043 0.0225
vn -0.9997 0.0096 0.0217
vn -0.9999 0.0071 0.0109
vn -0.9998 0.0154 0.0154
vn -0.9999 0.0126 0.0080
vn -0.9998 0.0171 0.0068
vn -0.9998 0.0207 0.0024
vn -0.9998 0.0179 -0.0028
vn -0.9998 0.0205 -0.0083
vn -0.9999 0.0105 -0.0068
vn -0.9997 0.0180 -0.0180
vn -0.9999 0.0071 -0.0109
vn -0.9996 0.0099 -0.0246
vn -0.9998 0.0031 -0.0198
vn -0.8400 -0.0000 0.5426
vn -0.9057 -0.0799 0.4164
vn -0.7103 -0.2624 0.6532
vn -0.8946 -0.2582 0.3646
vn -0.7797 -0.4590 0.4259
vn -0.9019 -0.3727 0.2185
vn -0.9191 -0.3708 0.1335
vn -0.8144 -0.5763 0.0678
vn -0.8637 -0.5006 -0.0583
vn -0.8118 -0.5491 -0.1986
vn -0.9469 -0.2708 -0.1733
vn -0.7237 -0.4885 -0.4875
vn -0.9426 -0.1830 -0.2793
vn -0.7898 -0.2292 -0.5689
vn -0.8410 -0.1019 -0.5314
vn -0.8400 -0.0000 -0.5426
vn -0.8410 0.1019 -0.5314
vn -0.7899 0.2292 -0.5688
vn -0.9427 0.1830 -0.2791
vn -0.7237 0.4885 -0.4875
vn -0.9469 0.2709 -0.1733
vn -0.7367 0.6362 -0.2292
vn -0.9204 0.3883 -0.0453
vn -0.8144 0.5763 0.0678
vn -0.9191 0.3708 0.1335
vn -0.9019 0.3727 0.2185
vn -0.7238 0.4885 0.4874
vn -0.9427 0.1830 0.2791
vn -0.7103 0.2624 0.6532
vn -0.9057 0.0799 0.4164
vn -0.7117 0.1323 0.6899
vn -0.8479 -0.0000 0.5302
vn -0.8516 0.1954 0.4864
vn -0.7219 0.3794 0.5787
vn -0.8604 0.3607 0.3600
vn -0.7901 0.5032 0.3500
vn -0.7419 0.6308 0.2272
vn -0.8707 0.4885 0.0569
vn -0.7450 0.6626 -0.0772
vn -0.8687 0.4661 -0.1679
vn -0.7361 0.5701 -0.3648
vn -0.8604 0.3607 -0.3600
vn -0.7218 0.3794 -0.5788
vn -0.8516 0.1954 -0.4865
vn -0.7117 0.1323 -0.6899
vn -0.8479 -0.0000 -0.5302
vn -0.7117 -0.1323 -0.6899
vn -0.8516 -0.1954 -0.4865
vn -0.7219 -0.3794 -0.5788
vn -0.8604 -0.3608 -0.3600
vn -0.7362 -0.5700 -0.3648
vn -0.8687 -0.4661 -0.1679
vn -0.7450 -0.6626 -0.0772
vn -0.8707 -0.4885 0.0569
vn -0.7419 -0.6308 0.2272
vn -0.7901 -0.5032 0.3500
vn -0.7838 -0.4232 0.4546
vn -0.7775 -0.3260 0.5378
vn -0.8516 -0.1954 0.4864
vn -0.7117 -0.1323 0.6899
vn -1.0000 -0.0000 -0.0000
vn -0.8254 -0.3120 -0.4705
vn -0.8008 -0.4179 0.4290
vn -0.8477 0.0067 -0.5305
vn -0.7848 -0.6157 0.0710
vn -0.8174 0.1058 -0.5663
vn -0.8557 -0.3674 -0.3644
vn -0.8251 0.3073 -0.4741
vn -0.8075 -0.5015 -0.3105
vn -0.9515 -0.1399 0.2741
vn -0.8991 0.2049 -0.3868
vn -0.7766 0.5291 -0.3420
vn -0.9268 -0.3315 0.1763
vn -0.8163 0.0005 -0.5776
vn -0.8145 0.5752 0.0761
vn -0.9540 -0.2997 0.0006
vn -0.8206 0.2135 -0.5301
vn -0.8068 0.4929 0.3257
vn -0.8308 0.3961 0.3910
vn -0.7948 0.3258 -0.5120
vn -0.8206 0.2157 0.5292
vn -0.8068 0.4929 -0.3258
vn -0.9561 -0.2262 0.1863
vn -0.8704 0.4881 -0.0646
vn -0.7529 0.0029 0.6582
vn -0.9657 -0.2118 -0.1501
vn -0.9842 -0.1357 -0.1134
vn -0.8122 0.5519 0.1892
vn -0.8175 0.1080 0.5657
vn -0.9381 0.2214 0.2664
vn -0.8612 -0.1211 0.4936
vn -0.9561 0.0509 0.2887
vn -0.8512 -0.1893 0.4895
vn -0.7768 -0.5320 -0.3369
vn -0.5937 0.4467 0.6693
vn -0.3719 -0.7083 -0.6000
vn -0.5823 0.1594 0.7972
vn -0.5931 -0.4358 -0.6770
vn -0.5820 -0.1470 0.7998
vn -0.5820 -0.1469 -0.7998
vn -0.5931 -0.4358 0.6770
vn -0.5823 0.1594 -0.7972
vn -0.6092 -0.6641 0.4335
vn -0.5937 0.4467 -0.6693
vn -0.6098 0.6714 -0.4212
vn -0.6161 -0.7435 -0.2599
vn -0.3027 -0.2881 0.9085
vn -0.6197 0.7804 -0.0834
vn -0.6158 0.7388 0.2738
vn -0.3170 -0.6107 -0.7256
vn -0.5868 -0.3079 -0.7489
vn -0.6011 0.5608 0.5693
vn -0.3071 -0.2825 -0.9088
vn -0.5806 -0.0063 -0.8142
vn -0.5863 0.2959 0.7541
vn -0.5864 0.2959 -0.7541
vn -0.5806 -0.0063 0.8142
vn -0.6011 0.5608 -0.5694
vn -0.3170 -0.6107 0.7256
vn -0.5869 -0.3078 0.7489
vn -0.6158 0.7388 -0.2738
vn -0.3027 -0.2881 -0.9085
vn -0.6197 0.7804 0.0834
vn -0.6305 -0.6749 -0.3834
vn -0.5634 -0.8250 -0.0439
vn -0.5425 -0.5600 -0.6262
vn -0.6340 -0.7124 -0.3009
vn -0.6024 -0.1859 -0.7762
vn -0.3714 -0.4322 -0.8217
vn -0.6010 0.1148 -0.7910
vn -0.5264 -0.2032 -0.8256
vn -0.6110 0.4018 -0.6821
vn -0.8652 -0.0944 -0.4924
vn -0.5249 0.1170 -0.8431
vn -0.5469 0.6256 -0.5563
vn -0.6074 0.3302 -0.7225
vn -0.5606 0.7949 -0.2319
vn -0.6228 0.5810 -0.5240
vn -0.6364 0.7389 0.2215
vn -0.5623 0.8137 -0.1470
vn -0.6228 0.5810 0.5240
vn -0.5606 0.7950 0.2318
vn -0.6074 0.3303 0.7224
vn -0.5470 0.6256 0.5563
vn -0.6002 0.0360 0.7991
vn -0.8652 -0.0945 0.4924
vn -0.5318 0.3570 0.7679
vn -0.6011 0.1148 0.7909
vn -0.3642 -0.0915 0.9268
vn -0.6025 -0.1859 0.7762
vn -0.3714 -0.4322 0.8217
vn -0.8233 -0.0730 0.5629
vn -0.6392 -0.7676 -0.0466
vn -0.5578 -0.7621 0.3286
vn -0.3767 0.7679 0.5181
vn -0.4046 0.1618 0.9001
vn -0.0000 0.4020 0.9156
vn -0.0000 0.8964 0.4433
vn -0.0000 -0.4567 0.8896
vn -0.3962 -0.4533 0.7985
vn -0.3289 -0.8994 0.2879
vn -0.0000 -0.9386 0.3451
vn -0.0000 -0.8938 -0.4484
vn -0.3462 -0.8288 -0.4396
vn -0.3391 -0.2877 -0.8957
vn -0.0000 -0.1469 -0.9891
vn -0.9045 -0.2688 0.3311
vn -0.8377 -0.4300 -0.3367
vn -0.8846 0.3607 -0.2957
vn -0.8616 0.3177 0.3959
vn -0.2809 0.9493 -0.1411
vn -0.0000 0.9207 -0.3903
vn -0.2148 0.4544 -0.8645
vn -0.0000 0.4568 -0.8896
vn -0.2547 -0.0726 0.9643
vn -0.0000 -0.0999 0.9950
vn -0.0000 0.5432 0.8396
vn -0.4366 0.5301 0.7269
vn -0.0000 -0.9941 -0.1089
vn -0.0000 -0.6743 0.7384
vn -0.4291 -0.7365 0.5229
vn -0.4588 -0.8753 -0.1528
vn -0.0000 -0.5066 -0.8622
vn -0.2684 -0.6621 -0.6997
vn -0.2517 0.0030 -0.9678
vn -0.0000 0.2297 -0.9733
vn -0.9209 -0.3788 0.0919
vn -0.8247 -0.1549 -0.5439
vn -0.8969 0.4422 0.0065
vn -0.8512 0.0494 0.5225
vn -0.2338 0.9510 0.2023
vn -0.0000 0.9749 0.2227
vn -0.3489 0.6418 -0.6829
vn -0.0001 0.8611 -0.5085
vn -0.3037 0.2074 0.9299
vn -0.3941 -0.3951 0.8298
vn -0.0000 -0.4672 0.8842
vn -0.0000 0.1828 0.9832
vn -0.0001 -0.9969 0.0784
vn -0.4349 -0.8429 0.3168
vn -0.3224 -0.7793 -0.5373
vn -0.0000 -0.8458 -0.5335
vn -0.0000 -0.2759 -0.9612
vn -0.3240 -0.2432 -0.9143
vn -0.2554 0.3633 -0.8960
vn -0.0000 0.5852 -0.8109
vn -0.9210 -0.3798 -0.0868
vn -0.8228 0.0580 -0.5654
vn -0.8934 0.4000 0.2044
vn -0.8531 -0.1469 0.5007
vn -0.3419 0.7483 0.5684
vn -0.0000 0.7829 0.6222
vn -0.3134 0.9119 -0.2650
vn -0.0000 0.9718 -0.2359
vn -0.2699 -0.7365 0.6203
vn -0.0000 -0.7828 0.6222
vn -0.0000 -0.2915 0.9566
vn -0.3522 -0.0892 0.9317
vn -0.0000 -0.9749 -0.2227
vn -0.5229 -0.8367 -0.1628
vn -0.3647 -0.5278 -0.7671
vn -0.0000 -0.4627 -0.8865
vn -0.0000 0.2338 -0.9723
vn -0.2558 0.0249 -0.9664
vn -0.3062 0.7696 -0.5604
vn -0.0000 0.7829 -0.6222
vn -0.8665 -0.3907 -0.3106
vn -0.8792 0.1285 -0.4589
vn -0.8394 0.4263 0.3372
vn -0.9045 -0.2690 0.3309
vn -0.2635 0.5418 0.7981
vn -0.0000 0.3390 0.9408
vn -0.3461 0.9109 0.2246
vn -0.3774 -0.9070 0.1868
vn -0.0000 -0.9749 0.2226
vn -0.0000 -0.5532 0.8330
vn -0.4332 -0.4563 0.7772
vn -0.0000 -0.7829 -0.6222
vn -0.4076 -0.6884 -0.6000
vn -0.3551 -0.1954 -0.9142
vn -0.0000 -0.0951 -0.9955
vn -0.0000 0.5889 -0.8082
vn -0.2601 0.3837 -0.8861
vn -0.2304 0.9462 -0.2272
vn -0.0000 0.9749 -0.2227
vn -0.8609 -0.3209 -0.3948
vn -0.8849 0.3653 -0.2889
vn -0.8228 0.1532 0.5473
vn -0.9163 -0.3136 0.2492
vn -0.2559 0.0249 0.9664
vn -0.0000 0.2339 0.9723
vn -0.3549 0.7112 0.6069
vn -0.0000 0.8676 0.4972
vn -0.3781 -0.7917 0.4798
vn -0.5217 -0.8222 -0.2278
vn -0.0000 -0.9718 -0.2359
vn -0.0000 -0.7794 0.6265
vn -0.0000 0.1828 -0.9831
vn -0.0000 -0.4672 -0.8841
vn -0.2599 -0.4286 -0.8653
vn -0.4254 0.2119 -0.8799
vn -0.0000 0.9718 0.2359
vn -0.0000 0.7828 -0.6223
vn -0.2268 0.7709 -0.5952
vn -0.4347 0.8594 0.2692
vn -0.8987 -0.1235 -0.4209
vn -0.8428 0.4789 -0.2456
vn -0.8720 0.0500 0.4869
vn -0.8735 -0.4747 0.1084
vn -0.2591 -0.3361 0.9055
vn -0.0000 -0.1426 0.9898
vn -0.2147 0.4481 0.8678
vn -0.0000 0.4672 0.8842
vn -0.3308 -0.9328 0.1432
vn -0.3237 -0.6910 -0.6463
vn -0.0000 -0.8610 -0.5086
vn -0.0000 -0.9940 0.1090
vn -0.0000 -0.1000 -0.9950
vn -0.4862 -0.1105 -0.8668
vn -0.3122 0.5459 -0.7775
vn -0.0000 0.5432 -0.8396
vn -0.3514 0.9173 -0.1871
vn -0.3036 0.7125 0.6326
vn -0.0000 0.7749 0.6321
vn -0.8538 0.1436 -0.5004
vn -0.8969 0.4422 -0.0065
vn -0.8247 -0.1549 0.5439
vn -0.9110 -0.3698 -0.1826
vn -0.2627 -0.5160 0.8153
vn -0.0000 -0.7349 0.6782
vn -0.3176 0.0814 0.9447
vn -0.0000 0.0998 0.9950
vn -0.2607 -0.4634 -0.8469
vn -0.0000 -0.4568 -0.8896
vn -0.0000 -0.8913 -0.4535
vn -0.3829 -0.8989 -0.2128
vn -0.0000 0.2759 -0.9612
vn -0.4882 0.2180 -0.8450
vn -0.3242 0.8140 -0.4820
vn -0.0000 0.8388 -0.5444
vn -0.3507 0.9047 0.2421
vn -0.2596 0.5267 0.8094
vn -0.0000 0.3326 0.9431
vn -0.8616 0.3177 -0.3960
vn -0.8846 0.3607 0.2956
vn -0.8377 -0.4300 0.3366
vn -0.9045 -0.2688 -0.3311
vn -0.3462 -0.8288 0.4396
vn -0.0000 -0.8939 0.4483
vn -0.2891 -0.2295 0.9294
vn -0.0000 -0.2759 0.9612
vn -0.2549 -0.1100 -0.9607
vn -0.0000 -0.0888 -0.9960
vn -0.0000 -0.6218 -0.7832
vn -0.3722 -0.7223 -0.5829
vn -0.0000 0.9925 -0.1225
vn -0.0000 0.5105 -0.8599
vn -0.4217 0.6116 -0.6694
vn -0.4597 0.8865 -0.0524
vn -0.0000 0.6708 0.7416
vn -0.2737 0.7943 0.5424
vn -0.2102 0.0957 0.9730
vn -0.0000 0.0889 0.9960
vn -0.9189 0.3525 -0.1769
vn -0.8286 0.2547 0.4985
vn -0.8962 -0.4334 0.0954
vn -0.8530 -0.1467 -0.5008
vn -0.3526 -0.9353 0.0285
vn -0.0000 -1.0000 0.0068
vn -0.3500 -0.6105 0.7105
vn -0.0000 -0.5105 0.8599
vn -0.3580 -0.3293 -0.8737
vn -0.3895 0.2281 -0.8923
vn -0.0000 0.2868 -0.9580
vn -0.0000 -0.4614 -0.8872
vn -0.0000 0.9431 0.3325
vn -0.0000 0.8938 -0.4484
vn -0.3719 0.8209 -0.4334
vn -0.4546 0.8200 0.3479
vn 0.0001 0.3283 0.9446
vn -0.2632 0.5065 0.8211
vn -0.2905 -0.3087 0.9057
vn 0.0001 -0.2868 0.9580
vn -0.9216 0.3881 -0.0028
vn -0.8232 0.1664 0.5428
vn -0.8919 -0.4523 0.0042
vn -0.8512 0.0497 -0.5225
vn -0.2750 -0.8251 -0.4936
vn -0.0000 -0.9582 -0.2859
vn -0.2742 -0.9036 0.3292
vn -0.0000 -0.8153 0.5790
vn -0.2645 0.5921 -0.7612
vn -0.0000 0.6353 -0.7723
vn -0.0000 0.0056 -1.0000
vn -0.4233 -0.0421 -0.9050
vn -0.0000 0.7123 0.7019
vn -0.0000 0.9861 -0.1664
vn -0.4403 0.8960 0.0582
vn -0.4404 0.6020 0.6660
vn -0.0000 -0.0462 0.9989
vn -0.2566 0.1573 0.9536
vn -0.3483 -0.5710 0.7434
vn -0.0000 -0.7401 0.6725
vn -0.8707 0.4425 0.2147
vn -0.8777 -0.0395 0.4776
vn -0.8441 -0.4829 -0.2329
vn -0.9012 0.2003 -0.3843
vn -0.2646 -0.5508 -0.7916
vn -0.0000 -0.7433 -0.6689
vn -0.2315 -0.9728 -0.0042
vn -0.2748 0.8522 -0.4452
vn -0.0000 0.8997 -0.4366
vn -0.0000 0.3781 -0.9258
vn -0.4275 0.2966 -0.8540
vn -0.0000 0.8997 0.4366
vn -0.5182 0.7808 0.3489
vn -0.3590 0.3666 0.8583
vn -0.0000 0.2820 0.9594
vn -0.0000 -0.4167 0.9091
vn -0.2571 -0.2067 0.9440
vn -0.3611 -0.8237 0.4372
vn -0.0000 -0.9567 0.2909
vn -0.9131 0.2591 0.3149
vn -0.8266 -0.2537 0.5023
vn -0.8807 -0.3017 -0.3651
vn -0.8656 0.3901 -0.3140
vn -0.2571 -0.2067 -0.9440
vn -0.0000 -0.4167 -0.9091
vn -0.2274 -0.8715 -0.4345
vn -0.0000 -0.8997 -0.4365
vn -0.3163 0.6490 -0.6919
vn -0.4385 0.8912 0.1166
vn -0.0000 0.9882 -0.1529
vn -0.0000 0.7122 -0.7019
vn -0.0000 0.1048 0.9945
vn -0.0000 0.7401 0.6725
vn -0.3143 0.5028 0.8052
vn -0.3521 -0.0875 0.9319
vn -0.0000 -1.0000 -0.0068
vn -0.0000 -0.5167 0.8562
vn -0.2687 -0.6932 0.6688
vn -0.4375 -0.8968 -0.0657
vn -0.9012 0.2003 0.3843
vn -0.8371 -0.4214 0.3489
vn -0.8737 -0.1405 -0.4657
vn -0.8707 0.4425 -0.2147
vn -0.3220 0.0659 -0.9444
vn -0.0000 0.0889 -0.9960
vn -0.2187 -0.6124 -0.7597
vn -0.0000 -0.6353 -0.7723
vn -0.3276 0.8770 -0.3516
vn -0.5161 0.7532 0.4078
vn -0.0000 0.8938 0.4484
vn -0.0000 0.9431 -0.3325
vn -0.0000 -0.3674 0.9300
vn -0.0000 0.2868 0.9580
vn -0.2565 0.2535 0.9327
vn -0.4301 -0.3764 0.8206
vn -0.0000 -0.9582 0.2859
vn -0.2750 -0.8250 0.4936
vn -0.3092 -0.8307 -0.4630
vn -0.8512 0.0497 0.5225
vn -0.8959 -0.4308 0.1081
vn -0.8227 0.0493 -0.5663
vn -0.9216 0.3881 0.0027
vn -0.3281 0.4145 -0.8488
vn -0.0002 0.4569 -0.8895
vn -0.2526 -0.1852 -0.9497
vn -0.0000 -0.4126 -0.9109
vn -0.2656 0.6237 0.7352
vn -0.0000 0.6258 0.7800
vn -0.0000 0.9704 0.2415
vn -0.3845 0.9231 0.0010
vn -0.0000 -0.0888 0.9960
vn -0.4857 -0.0545 0.8724
vn -0.3699 -0.6422 0.6714
vn -0.0000 -0.7784 0.6278
vn -0.0000 -0.7317 -0.6817
vn -0.2347 -0.9718 -0.0213
vn -0.3427 -0.4906 -0.8011
vn -0.8572 -0.2353 0.4581
vn -0.8961 -0.4334 -0.0955
vn -0.8286 0.2547 -0.4986
vn -0.9080 0.3263 0.2629
vn -0.3402 0.7155 -0.6102
vn -0.0000 0.7749 -0.6321
vn -0.2526 0.1792 -0.9508
vn -0.0000 -0.0418 -0.9991
vn 0.6502 -0.1193 -0.7504
vn 0.6493 -0.0000 -0.7605
vn 0.9387 -0.0000 -0.3446
vn 0.8909 -0.0882 -0.4456
vn 0.9405 -0.0533 -0.3355
vn 0.8233 -0.1167 -0.5555
vn 0.8093 -0.0071 -0.5873
vn 0.9250 0.0103 -0.3798
vn 0.9967 0.0153 0.0797
vn 0.9977 -0.0148 -0.0658
vn 0.9977 -0.0000 -0.0678
vn 0.9908 -0.0000 0.1355
vn 0.7322 -0.2370 -0.6385
vn 0.9086 -0.1557 -0.3876
vn 0.9420 -0.1252 -0.3115
vn 0.8066 -0.2204 -0.5485
vn 0.9963 0.0295 0.0810
vn 0.9978 -0.0249 -0.0620
vn 0.9107 -0.2147 -0.3528
vn 0.5779 -0.4500 -0.6808
vn 0.8291 -0.3140 -0.4626
vn 0.9567 -0.1618 -0.2418
vn 0.9984 -0.0294 -0.0483
vn 0.9929 0.0616 0.1013
vn 0.9139 -0.2772 -0.2967
vn 0.7742 -0.4512 -0.4439
vn 0.9315 -0.2496 -0.2645
vn 0.8299 -0.4086 -0.3799
vn 0.9965 0.0567 0.0607
vn 0.9963 -0.0607 -0.0605
vn 0.9032 -0.3601 -0.2336
vn 0.5940 -0.6794 -0.4308
vn 0.9384 -0.2899 -0.1879
vn 0.8345 -0.4642 -0.2970
vn 0.9985 -0.0464 -0.0273
vn 0.9920 0.1060 0.0679
vn 0.9202 -0.3711 -0.1247
vn 0.6840 -0.6953 -0.2209
vn 0.8380 -0.5061 -0.2042
vn 0.9581 -0.2720 -0.0893
vn 0.9981 0.0582 0.0210
vn 0.9981 -0.0583 -0.0210
vn 0.9387 -0.3419 -0.0438
vn 0.6869 -0.7246 -0.0561
vn 0.8362 -0.5438 -0.0715
vn 0.9505 -0.3099 -0.0239
vn 0.9981 -0.0607 -0.0094
vn 0.9958 0.0910 0.0142
vn 0.9340 -0.3558 0.0313
vn 0.5689 -0.8131 0.1235
vn 0.8410 -0.5371 0.0646
vn 0.9503 -0.3076 0.0480
vn 0.9981 -0.0611 0.0047
vn 0.9958 0.0917 -0.0071
vn 0.7857 -0.5836 0.2052
vn 0.9060 -0.3973 0.1461
vn 0.8498 -0.4960 0.1786
vn 0.9496 -0.2950 0.1063
vn 0.9981 -0.0582 0.0210
vn 0.9938 0.1060 -0.0337
vn 0.6781 -0.6332 0.3731
vn 0.9170 -0.3279 0.2271
vn 0.9482 -0.2737 0.1612
vn 0.8345 -0.4651 0.2954
vn 0.9942 0.0909 -0.0581
vn 0.9980 -0.0520 0.0360
vn 0.6706 -0.5433 0.5052
vn 0.9138 -0.2772 0.2968
vn 0.9362 -0.2502 0.2470
vn 0.8225 -0.4116 0.3925
vn 0.9953 0.0661 -0.0707
vn 0.9979 -0.0441 0.0472
vn 0.6627 -0.4315 0.6120
vn 0.9107 -0.2147 0.3529
vn 0.8291 -0.3140 0.4626
vn 0.9643 -0.1451 0.2214
vn 0.9969 0.0432 -0.0659
vn 0.9986 -0.0288 0.0440
vn 0.5711 -0.3088 0.7606
vn 0.9081 -0.1434 0.3935
vn 0.9314 -0.1339 0.3384
vn 0.8119 -0.2290 0.5370
vn 0.9950 0.0373 -0.0929
vn 0.9968 -0.0322 0.0732
vn 0.7286 -0.1115 0.6758
vn 0.8839 -0.0757 0.4614
vn 0.8160 -0.1269 0.5640
vn 0.9254 -0.0612 0.3741
vn 0.9970 -0.0145 0.0759
vn 0.9967 0.0153 -0.0796
vn 0.9208 0.0090 0.3899
vn 0.6493 -0.0000 0.7605
vn 0.8199 -0.0086 0.5725
vn 0.9620 -0.0000 0.2730
vn 0.9990 -0.0000 0.0453
vn 0.9908 -0.0000 -0.1355
vn 0.6501 0.1193 0.7504
vn 0.9068 0.0925 0.4112
vn 0.9146 0.0762 0.3971
vn 0.8080 0.0991 0.5808
vn 0.9977 -0.0127 -0.0663
vn 0.9959 0.0170 0.0885
vn 0.6540 0.2590 0.7108
vn 0.9286 0.1417 0.3431
vn 0.8134 0.2101 0.5425
vn 0.9421 0.1311 0.3087
vn 0.9978 0.0269 0.0610
vn 0.9934 -0.0427 -0.1062
vn 0.6617 0.4110 0.6270
vn 0.8891 0.2399 0.3897
vn 0.8291 0.3140 0.4627
vn 0.9643 0.1451 0.2213
vn 0.9986 0.0288 0.0440
vn 0.9969 -0.0432 -0.0659
vn 0.9139 0.2772 0.2967
vn 0.6706 0.5433 0.5052
vn 0.9362 0.2502 0.2470
vn 0.8226 0.4116 0.3924
vn 0.9979 0.0441 0.0472
vn 0.9953 -0.0661 -0.0707
vn 0.9170 0.3279 0.2271
vn 0.6781 0.6332 0.3731
vn 0.8345 0.4651 0.2954
vn 0.9482 0.2737 0.1613
vn 0.9980 0.0520 0.0360
vn 0.9942 -0.0909 -0.0581
vn 0.9060 0.3973 0.1461
vn 0.7857 0.5836 0.2051
vn 0.8498 0.4960 0.1786
vn 0.9496 0.2950 0.1063
vn 0.9981 0.0583 0.0210
vn 0.9957 -0.0874 -0.0314
vn 0.9340 0.3558 0.0313
vn 0.5689 0.8131 0.1235
vn 0.9503 0.3076 0.0480
vn 0.8410 0.5371 0.0646
vn 0.9945 -0.1044 -0.0121
vn 0.9981 0.0611 0.0047
vn 0.6869 0.7246 -0.0561
vn 0.9387 0.3419 -0.0438
vn 0.9505 0.3099 -0.0239
vn 0.8362 0.5438 -0.0715
vn 0.9957 -0.0910 0.0142
vn 0.9981 0.0607 -0.0094
vn 0.6840 0.6953 -0.2209
vn 0.9201 0.3712 -0.1247
vn 0.9581 0.2720 -0.0893
vn 0.8380 0.5061 -0.2042
vn 0.9981 0.0582 -0.0209
vn 0.5940 0.6794 -0.4308
vn 0.9032 0.3601 -0.2336
vn 0.9384 0.2899 -0.1879
vn 0.8345 0.4642 -0.2970
vn 0.9985 0.0464 -0.0273
vn 0.9920 -0.1060 0.0679
vn 0.7742 0.4512 -0.4439
vn 0.9139 0.2772 -0.2967
vn 0.8299 0.4086 -0.3799
vn 0.9315 0.2496 -0.2645
vn 0.9965 -0.0567 0.0607
vn 0.9963 0.0607 -0.0605
vn 0.5779 0.4500 -0.6808
vn 0.9107 0.2147 -0.3528
vn 0.8291 0.3140 -0.4626
vn 0.9567 0.1618 -0.2418
vn 0.9984 0.0294 -0.0483
vn 0.9929 -0.0616 0.1013
vn 0.7322 0.2370 -0.6385
vn 0.9086 0.1557 -0.3877
vn 0.9517 0.1213 -0.2819
vn 0.8134 0.2101 -0.5425
vn 0.9963 -0.0295 0.0810
vn 0.9978 0.0249 -0.0620
vn 0.8909 0.0882 -0.4455
vn 0.6502 0.1193 -0.7504
vn 0.9408 0.0702 -0.3317
vn 0.8229 0.0972 -0.5598
vn 0.9977 0.0148 -0.0658
vn 0.9967 -0.0153 0.0797
vn 0.9795 -0.0378 0.1977
vn 0.9794 -0.0000 0.2021
vn 0.9801 -0.0801 0.1819
vn 0.9808 -0.1125 0.1596
vn 0.9815 -0.1401 0.1303
vn 0.9822 -0.1584 0.1014
vn 0.9827 -0.1740 0.0627
vn 0.9831 -0.1827 0.0142
vn 0.9831 -0.1820 -0.0214
vn 0.9827 -0.1740 -0.0627
vn 0.9822 -0.1584 -0.1013
vn 0.9815 -0.1401 -0.1302
vn 0.9807 -0.1070 -0.1639
vn 0.9800 -0.0742 -0.1847
vn 0.9795 -0.0378 -0.1977
vn 0.9794 -0.0000 -0.2021
vn 0.9795 0.0378 -0.1977
vn 0.9800 0.0741 -0.1847
vn 0.9807 0.1072 -0.1638
vn 0.9815 0.1401 -0.1302
vn 0.9822 0.1584 -0.1013
vn 0.9826 0.1720 -0.0694
vn 0.9830 0.1813 -0.0283
vn 0.9831 0.1827 0.0142
vn 0.9827 0.1740 0.0628
vn 0.9822 0.1584 0.1014
vn 0.9815 0.1401 0.1303
vn 0.9808 0.1125 0.1596
vn 0.9801 0.0801 0.1819
vn 0.9795 0.0375 0.1978
vn -0.0448 -0.0000 -0.9990
vn -0.0225 -0.1883 -0.9819
vn -0.0896 -0.1743 -0.9806
vn -0.0929 -0.0000 -0.9957
vn 0.0807 -0.2011 -0.9762
vn 0.0359 -0.1887 -0.9814
vn 0.0358 -0.0000 -0.9994
vn 0.0852 -0.0000 -0.9964
vn -0.0455 -0.3724 -0.9270
vn -0.0995 -0.3529 -0.9304
vn 0.0363 -0.3726 -0.9273
vn 0.0852 -0.3894 -0.9171
vn -0.0298 -0.5600 -0.8279
vn -0.0997 -0.5334 -0.8400
vn 0.0822 -0.5294 -0.8444
vn 0.0445 -0.5645 -0.8242
vn -0.0426 -0.7220 -0.6906
vn -0.0924 -0.6898 -0.7181
vn 0.0877 -0.6944 -0.7142
vn 0.0325 -0.7180 -0.6953
vn -0.0311 -0.8503 -0.5254
vn -0.1040 -0.8292 -0.5492
vn 0.0845 -0.8393 -0.5371
vn 0.0385 -0.8416 -0.5387
vn -0.0369 -0.9524 -0.3026
vn -0.1017 -0.9360 -0.3371
vn 0.0448 -0.9343 -0.3538
vn 0.0917 -0.9290 -0.3586
vn -0.0372 -0.9963 -0.0771
vn -0.0971 -0.9856 -0.1382
vn 0.0903 -0.9840 -0.1534
vn 0.0397 -0.9925 -0.1156
vn -0.0371 -0.9874 0.1539
vn -0.1029 -0.9917 0.0767
vn 0.0904 -0.9929 0.0768
vn 0.0395 -0.9925 0.1153
vn -0.0367 -0.9402 0.3385
vn -0.1023 -0.9359 0.3372
vn 0.0895 -0.9371 0.3373
vn 0.0262 -0.9405 0.3387
vn -0.0363 -0.8610 0.5073
vn -0.0944 -0.8265 0.5549
vn 0.0385 -0.8418 0.5384
vn 0.0877 -0.8189 0.5672
vn -0.0305 -0.7181 0.6953
vn -0.0984 -0.7043 0.7031
vn 0.0454 -0.7219 0.6905
vn 0.0859 -0.6801 0.7281
vn -0.0463 -0.5477 0.8354
vn -0.1016 -0.5621 0.8208
vn 0.0318 -0.5600 0.8279
vn 0.0842 -0.5179 0.8513
vn -0.0292 -0.3597 0.9326
vn -0.0947 -0.4011 0.9111
vn 0.0485 -0.3723 0.9268
vn 0.0830 -0.3715 0.9247
vn -0.0270 -0.1695 0.9852
vn -0.0933 -0.1880 0.9777
vn 0.0807 -0.2011 0.9762
vn 0.0288 -0.2070 0.9779
vn -0.0448 -0.0000 0.9990
vn -0.0929 -0.0000 0.9957
vn 0.0357 -0.0000 0.9994
vn 0.0851 -0.0000 0.9964
vn -0.0270 0.1695 0.9852
vn -0.0933 0.1880 0.9777
vn 0.0807 0.2011 0.9762
vn 0.0288 0.2070 0.9779
vn -0.0292 0.3597 0.9326
vn -0.0947 0.4011 0.9111
vn 0.0436 0.3543 0.9341
vn 0.0832 0.4015 0.9121
vn -0.0463 0.5477 0.8354
vn -0.1016 0.5621 0.8208
vn 0.0374 0.5479 0.8357
vn 0.0844 0.5463 0.8334
vn -0.0305 0.7181 0.6953
vn -0.0983 0.7043 0.7031
vn 0.0859 0.6801 0.7281
vn 0.0454 0.7219 0.6905
vn -0.0363 0.8610 0.5073
vn -0.0944 0.8265 0.5549
vn 0.0877 0.8189 0.5672
vn 0.0385 0.8417 0.5385
vn -0.0367 0.9402 0.3386
vn -0.1017 0.9360 0.3371
vn 0.0895 0.9371 0.3374
vn 0.0262 0.9405 0.3387
vn -0.0371 0.9874 0.1539
vn -0.1029 0.9917 0.0768
vn 0.0399 0.9925 0.1154
vn 0.0904 0.9929 0.0768
vn -0.0372 0.9963 -0.0771
vn -0.0971 0.9856 -0.1382
vn 0.0395 0.9925 -0.1153
vn 0.0903 0.9840 -0.1534
vn -0.0369 0.9524 -0.3026
vn -0.1021 0.9359 -0.3373
vn 0.0448 0.9343 -0.3538
vn 0.0917 0.9290 -0.3586
vn -0.0311 0.8503 -0.5254
vn -0.1040 0.8292 -0.5492
vn 0.0861 0.8509 -0.5183
vn 0.0462 0.8294 -0.5567
vn -0.0426 0.7220 -0.6906
vn -0.0924 0.6898 -0.7181
vn 0.0862 0.7054 -0.7036
vn 0.0252 0.7076 -0.7061
vn -0.0298 0.5600 -0.8279
vn -0.0997 0.5334 -0.8400
vn 0.0494 0.5476 -0.8353
vn 0.0845 0.5463 -0.8333
vn -0.0455 0.3724 -0.9270
vn -0.0995 0.3528 -0.9304
vn 0.0832 0.4015 -0.9121
vn 0.0312 0.3596 -0.9326
vn -0.0225 0.1883 -0.9819
vn -0.0896 0.1743 -0.9806
vn 0.0807 0.2011 -0.9762
vn 0.0359 0.1887 -0.9814
vn -0.6104 -0.0000 -0.7921
vn -0.6123 0.1736 -0.7713
vn -0.5145 0.3412 -0.7867
vn -0.7169 0.3761 -0.5870
vn -0.6311 0.5491 -0.5479
vn -0.7320 0.5780 -0.3607
vn -0.5420 0.7813 -0.3096
vn -0.5766 0.8108 -0.1003
vn -0.7155 0.6914 0.1000
vn -0.7372 0.6330 0.2363
vn -0.5663 0.6912 0.4489
vn -0.6295 0.5304 0.5678
vn -0.6217 0.4072 0.6691
vn -0.5129 0.2983 0.8049
vn -0.7072 0.1400 0.6930
vn -0.6105 -0.0000 0.7920
vn -0.7072 -0.1400 0.6930
vn -0.5129 -0.2983 0.8049
vn -0.6217 -0.4072 0.6691
vn -0.6295 -0.5304 0.5678
vn -0.5663 -0.6912 0.4489
vn -0.7372 -0.6330 0.2363
vn -0.7155 -0.6914 0.1000
vn -0.5766 -0.8108 -0.1003
vn -0.5420 -0.7813 -0.3096
vn -0.7320 -0.5780 -0.3607
vn -0.6311 -0.5491 -0.5479
vn -0.6231 -0.4288 -0.6541
vn -0.6172 -0.3170 -0.7201
vn -0.6123 -0.1736 -0.7713
vn -0.9168 -0.0000 -0.3994
vn -0.8830 -0.0884 -0.4609
vn -0.9790 -0.0384 -0.2000
vn -0.9789 -0.0000 -0.2044
vn -0.9122 -0.0712 -0.4036
vn -0.8831 -0.0000 -0.4692
vn -0.9190 -0.1469 -0.3658
vn -0.9795 -0.0751 -0.1869
vn -0.8963 -0.1612 -0.4131
vn -0.8886 -0.2515 -0.3836
vn -0.9766 -0.1171 -0.1806
vn -0.9229 -0.2111 -0.3220
vn -0.9160 -0.2894 -0.2777
vn -0.9853 -0.1196 -0.1216
vn -0.8997 -0.3011 -0.3161
vn -0.9127 -0.3521 -0.2074
vn -0.9847 -0.1440 -0.0979
vn -0.9128 -0.3357 -0.2326
vn -0.9058 -0.4024 -0.1327
vn -0.9791 -0.1917 -0.0678
vn -0.9221 -0.3611 -0.1388
vn -0.9226 -0.3841 -0.0364
vn -0.9827 -0.1841 -0.0215
vn -0.9173 -0.3951 -0.0501
vn -0.9070 -0.4168 0.0603
vn -0.9827 -0.1841 0.0214
vn -0.9081 -0.4172 0.0368
vn -0.9293 -0.3474 0.1251
vn -0.9864 -0.1540 0.0572
vn -0.9093 -0.3931 0.1364
vn -0.9054 -0.3550 0.2329
vn -0.9818 -0.1622 0.0987
vn -0.9228 -0.3281 0.2020
vn -0.9084 -0.2854 0.3055
vn -0.9762 -0.1582 0.1485
vn -0.9106 -0.3026 0.2813
vn -0.9051 -0.2211 0.3633
vn -0.9803 -0.1138 0.1614
vn -0.9073 -0.2423 0.3437
vn -0.8921 -0.1586 0.4231
vn -0.9795 -0.0751 0.1868
vn -0.9114 -0.1604 0.3790
vn -0.9080 -0.0716 0.4129
vn -0.9839 -0.0322 0.1760
vn -0.9021 -0.0848 0.4231
vn -0.9002 -0.0000 0.4355
vn -0.9694 -0.0000 0.2454
vn -0.8831 -0.0000 0.4692
vn -0.9080 0.0716 0.4129
vn -0.9868 0.0306 0.1593
vn -0.9021 0.0848 0.4231
vn -0.8921 0.1586 0.4231
vn -0.9703 0.0901 0.2244
vn -0.9114 0.1604 0.3790
vn -0.9051 0.2210 0.3633
vn -0.9836 0.1027 0.1482
vn -0.9073 0.2423 0.3437
vn -0.9084 0.2854 0.3055
vn -0.9762 0.1582 0.1485
vn -0.9106 0.3026 0.2813
vn -0.9054 0.3550 0.2329
vn -0.9818 0.1622 0.0987
vn -0.9228 0.3281 0.2020
vn -0.9293 0.3474 0.1251
vn -0.9864 0.1540 0.0572
vn -0.9093 0.3931 0.1364
vn -0.9070 0.4168 0.0603
vn -0.9827 0.1841 0.0214
vn -0.9081 0.4172 0.0368
vn -0.9226 0.3841 -0.0364
vn -0.9827 0.1841 -0.0215
vn -0.9173 0.3951 -0.0501
vn -0.9058 0.4024 -0.1327
vn -0.9823 0.1760 -0.0634
vn -0.9221 0.3611 -0.1388
vn -0.9127 0.3520 -0.2075
vn -0.9768 0.1765 -0.1210
vn -0.9128 0.3357 -0.2326
vn -0.9160 0.2894 -0.2777
vn -0.9854 0.1216 -0.1191
vn -0.8997 0.3011 -0.3161
vn -0.8983 0.2370 -0.3699
vn -0.9836 0.1027 -0.1483
vn -0.9168 0.2241 -0.3304
vn -0.9125 0.1466 -0.3819
vn -0.9743 0.0899 -0.2067
vn -0.9040 0.1594 -0.3968
vn -0.8830 0.0884 -0.4609
vn -0.9790 0.0384 -0.2000
vn -0.9122 0.0712 -0.4036
vn -0.9968 -0.0000 -0.0794
vn -0.9969 0.0147 -0.0777
vn -0.9969 0.0291 -0.0725
vn -0.9970 0.0420 -0.0643
vn -0.9971 0.0515 -0.0552
vn -0.9973 0.0618 -0.0401
vn -0.9974 0.0680 -0.0248
vn -0.9974 0.0712 -0.0084
vn -0.9974 0.0712 0.0084
vn -0.9974 0.0689 0.0219
vn -0.9973 0.0633 0.0373
vn -0.9972 0.0529 0.0534
vn -0.9970 0.0420 0.0643
vn -0.9969 0.0288 0.0726
vn -0.9969 0.0147 0.0776
vn -0.9968 -0.0000 0.0793
vn -0.9969 -0.0174 0.0770
vn -0.9969 -0.0291 0.0725
vn -0.9970 -0.0401 0.0658
vn -0.9972 -0.0531 0.0532
vn -0.9973 -0.0633 0.0372
vn -0.9974 -0.0689 0.0218
vn -0.9974 -0.0712 0.0084
vn -0.9974 -0.0712 -0.0084
vn -0.9974 -0.0674 -0.0272
vn -0.9973 -0.0620 -0.0398
vn -0.9972 -0.0549 -0.0511
vn -0.9971 -0.0441 -0.0626
vn -0.9969 -0.0288 -0.0727
vn -0.9969 -0.0147 -0.0777
s 1
g off
g LlantaTraseraIzq_flgrey.013
usemtl flgrey.013
f 20//1 29//2 21//3
s 2
f 17//4 30//5 18//6
s 3
f 14//7 31//8 15//9
s 4
f 32//10 23//11 22//12
s 5
f 33//13 27//14 26//15
s 6
f 1//16 3//17 34//18
s 7
f 4//19 6//20 38//21
s 8
f 12//22 11//23 35//24
s 3
f 36//25 31//8 14//7
f 14//7 13//26 36//25
s 2
f 16//27 18//6 30//5
s 1
f 19//28 21//3 29//2
s 4
f 28//29 32//10 22//12
f 22//12 24//30 28//29
s 5
f 27//14 33//13 37//31
f 25//32 27//14 37//31
s 8
f 35//24 11//23 10//33
s 6
f 34//18 2//34 1//16
s 7
f 38//21 5//35 4//19
s 9
f 40//36 9//37 8//38
f 9//37 40//36 39//39
f 7//40 9//37 39//39
s 10
f 68//41 212//42 69//43
f 60//44 213//45 61//46
f 53//47 214//48 54//49
f 46//50 215//51 47//52
f 150//53 216//54 151//55
f 143//56 217//57 144//58
f 136//59 218//60 137//61
f 128//62 219//63 129//64
f 99//65 223//66 100//67
f 91//68 224//69 92//70
f 84//71 225//72 85//73
f 76//74 226//75 77//76
f 227//77 75//78 74//79
f 228//80 83//81 82//82
f 229//83 90//84 89//85
f 230//86 98//87 97//88
f 231//89 106//90 105//91
f 232//92 113//93 112//94
f 233//95 120//96 119//97
f 234//98 127//99 126//100
f 235//101 135//102 134//103
f 238//104 45//105 44//106
f 239//107 52//108 51//109
f 240//110 59//111 58//112
f 241//113 67//114 66//115
s 11
f 242//116 243//117 244//118
f 244//118 243//117 245//119
f 245//119 243//117 246//120
f 246//120 243//117 247//121
f 247//121 243//117 248//122
f 248//122 243//117 249//123
f 249//123 243//117 250//124
f 250//124 243//117 251//125
f 251//125 243//117 252//126
f 252//126 243//117 253//127
f 253//127 243//117 254//128
f 254//128 243//117 255//129
f 255//129 243//117 256//130
f 256//130 243//117 257//131
f 257//131 243//117 258//132
f 258//132 243//117 259//133
f 259//133 243//117 260//134
f 260//134 243//117 261//135
f 261//135 243//117 262//136
f 262//136 243//117 263//137
f 263//137 243//117 264//138
f 264//138 243//117 265//139
f 265//139 243//117 266//140
f 266//140 243//117 267//141
f 267//141 243//117 268//142
f 268//142 243//117 269//143
f 269//143 243//117 270//144
f 270//144 243//117 271//145
f 271//145 243//117 272//146
f 272//146 243//117 242//116
f 242//116 274//147 273//148
f 273//148 272//146 242//116
f 272//146 273//148 275//145
f 275//145 271//145 272//146
f 275//145 276//149 270//144
f 270//144 271//145 275//145
f 270//144 276//149 277//150
f 277//150 269//143 270//144
f 277//150 278//151 268//142
f 268//142 269//143 277//150
f 278//151 279//152 267//141
f 267//141 268//142 278//151
f 279//152 280//153 266//140
f 266//140 267//141 279//152
f 266//140 280//153 281//154
f 281//154 265//139 266//140
f 265//139 281//154 282//155
f 282//155 264//138 265//139
f 264//138 282//155 283//156
f 283//156 263//137 264//138
f 283//156 284//157 262//136
f 262//136 263//137 283//156
f 284//157 285//158 261//135
f 261//135 262//136 284//157
f 285//158 286//159 260//134
f 260//134 261//135 285//158
f 286//159 287//160 259//133
f 259//133 260//134 286//159
f 287//160 288//161 258//132
f 258//132 259//133 287//160
f 288//161 289//162 257//131
f 257//131 258//132 288//161
f 289//162 290//163 256//130
f 256//130 257//131 289//162
f 290//163 291//164 255//129
f 255//129 256//130 290//163
f 255//129 291//164 292//165
f 292//165 254//128 255//129
f 254//128 292//165 293//166
f 293//166 253//127 254//128
f 293//166 294//167 252//126
f 252//126 253//127 293//166
f 294//167 295//168 251//125
f 251//125 252//126 294//167
f 295//168 296//169 250//124
f 250//124 251//125 295//168
f 250//124 296//169 297//170
f 297//170 249//123 250//124
f 297//170 298//171 248//122
f 248//122 249//123 297//170
f 248//122 298//171 299//172
f 299//172 247//121 248//122
f 299//172 300//173 246//120
f 246//120 247//121 299//172
f 246//120 300//173 301//174
f 301//174 245//119 246//120
f 245//119 301//174 302//175
f 302//175 244//118 245//119
f 302//175 274//147 242//116
f 242//116 244//118 302//175
f 304//176 303//177 274//147
f 274//147 302//175 304//176
f 305//178 304//176 302//175
f 302//175 301//174 305//178
f 306//179 305//178 301//174
f 301//174 300//173 306//179
f 299//172 307//180 306//179
f 306//179 300//173 299//172
f 298//171 308//181 307//180
f 307//180 299//172 298//171
f 309//182 308//181 298//171
f 298//171 297//170 309//182
f 310//183 309//182 297//170
f 297//170 296//169 310//183
f 295//168 311//184 310//183
f 310//183 296//169 295//168
f 294//167 312//185 311//184
f 311//184 295//168 294//167
f 313//186 312//185 294//167
f 294//167 293//166 313//186
f 292//165 314//187 313//186
f 313//186 293//166 292//165
f 291//164 315//188 314//187
f 314//187 292//165 291//164
f 316//189 315//188 291//164
f 291//164 290//163 316//189
f 317//190 316//189 290//163
f 290//163 289//162 317//190
f 318//191 317//190 289//162
f 289//162 288//161 318//191
f 287//160 319//192 318//191
f 318//191 288//161 287//160
f 286//159 320//193 319//192
f 319//192 287//160 286//159
f 285//158 321//194 320//193
f 320//193 286//159 285//158
f 322//195 321//194 285//158
f 285//158 284//157 322//195
f 323//196 322//195 284//157
f 284//157 283//156 323//196
f 282//155 324//197 323//196
f 323//196 283//156 282//155
f 325//198 324//197 282//155
f 282//155 281//154 325//198
f 326//199 325//198 281//154
f 281//154 280//153 326//199
f 279//152 327//200 326//199
f 326//199 280//153 279//152
f 278//151 328//201 327//200
f 327//200 279//152 278//151
f 329//202 328//201 278//151
f 278//151 277//150 329//202
f 276//149 330//203 329//202
f 329//202 277//150 276//149
f 275//145 331//204 330//203
f 330//203 276//149 275//145
f 332//205 331//204 275//145
f 275//145 273//148 332//205
f 303//177 332//205 273//148
f 273//148 274//147 303//177
f 334//206 335//207 336//208
f 333//209 334//206 336//208
f 336//208 335//207 337//210
f 336//208 337//210 338//211
f 337//210 339//212 340//213
f 338//211 337//210 340//213
f 339//212 341//214 342//215
f 340//213 339//212 342//215
f 341//214 343//216 344//217
f 342//215 341//214 344//217
f 343//216 345//218 346//219
f 344//217 343//216 346//219
f 345//218 347//220 348//221
f 346//219 345//218 348//221
f 348//221 347//220 349//222
f 348//221 349//222 350//223
f 350//223 349//222 351//224
f 350//223 351//224 352//225
f 352//225 351//224 353//226
f 352//225 353//226 354//227
f 354//227 353//226 355//228
f 354//227 355//228 356//229
f 356//229 355//228 357//230
f 356//229 357//230 358//231
f 358//231 357//230 359//232
f 358//231 359//232 360//233
f 360//233 359//232 361//234
f 360//233 361//234 362//235
f 362//235 361//234 363//236
f 362//235 363//236 364//237
f 364//237 363//236 365//238
f 364//237 365//238 366//239
f 365//238 367//240 368//241
f 366//239 365//238 368//241
f 367//240 369//242 370//243
f 368//241 367//240 370//243
f 369//242 371//244 372//245
f 370//243 369//242 372//245
f 371//244 373//246 374//247
f 372//245 371//244 374//247
f 373//246 375//248 376//249
f 374//247 373//246 376//249
f 376//249 375//248 377//250
f 376//249 377//250 378//251
f 377//250 379//252 380//253
f 378//251 377//250 380//253
f 380//253 379//252 381//254
f 380//253 381//254 382//255
f 382//255 381//254 383//256
f 382//255 383//256 384//257
f 384//257 383//256 385//258
f 384//257 385//258 386//259
f 386//259 385//258 387//260
f 386//259 387//260 388//261
f 388//261 387//260 389//262
f 388//261 389//262 390//263
f 390//263 389//262 391//264
f 390//263 391//264 392//265
f 392//265 391//264 334//206
f 392//265 334//206 333//209
f 334//206 391//264 332//205
f 332//205 303//177 334//206
f 391//264 389//262 331//204
f 331//204 332//205 391//264
f 331//204 389//262 387//260
f 387//260 330//203 331//204
f 330//203 387//260 385//258
f 385//258 329//202 330//203
f 329//202 385//258 383//256
f 383//256 328//201 329//202
f 383//256 381//254 327//200
f 327//200 328//201 383//256
f 327//200 381//254 379//252
f 379//252 326//199 327//200
f 379//252 377//250 325//198
f 325//198 326//199 379//252
f 377//250 375//248 324//197
f 324//197 325//198 377//250
f 324//197 375//248 373//246
f 373//246 323//196 324//197
f 373//246 371//244 322//195
f 322//195 323//196 373//246
f 322//195 371//244 369//242
f 369//242 321//194 322//195
f 321//194 369//242 367//240
f 367//240 320//193 321//194
f 367//240 365//238 319//192
f 319//192 320//193 367//240
f 319//192 365//238 363//236
f 363//236 318//191 319//192
f 363//236 361//234 317//190
f 317//190 318//191 363//236
f 317//190 361//234 359//232
f 359//232 316//189 317//190
f 359//232 357//230 315//188
f 315//188 316//189 359//232
f 357//230 355//228 314//187
f 314//187 315//188 357//230
f 314//187 355//228 353//226
f 353//226 313//186 314//187
f 353//226 351//224 312//185
f 312//185 313//186 353//226
f 312//185 351//224 349//222
f 349//222 311//184 312//185
f 311//184 349//222 347//220
f 347//220 310//183 311//184
f 347//220 345//218 309//182
f 309//182 310//183 347//220
f 345//218 343//216 308//181
f 308//181 309//182 345//218
f 308//181 343//216 341//214
f 341//214 307//180 308//181
f 341//214 339//212 306//179
f 306//179 307//180 341//214
f 339//212 337//210 305//178
f 305//178 306//179 339//212
f 305//178 337//210 335//207
f 335//207 304//176 305//178
f 304//176 335//207 334//206
f 334//206 303//177 304//176
f 394//266 393//267 392//265
f 392//265 333//209 394//266
f 393//267 395//268 390//263
f 390//263 392//265 393//267
f 395//268 396//269 388//261
f 388//261 390//263 395//268
f 396//269 397//270 386//259
f 386//259 388//261 396//269
f 386//259 397//270 398//271
f 398//271 384//257 386//259
f 398//271 399//272 382//255
f 382//255 384//257 398//271
f 399//272 400//273 380//253
f 380//253 382//255 399//272
f 380//253 400//273 401//274
f 401//274 378//251 380//253
f 378//251 401//274 402//275
f 402//275 376//249 378//251
f 402//275 403//276 374//247
f 374//247 376//249 402//275
f 374//247 403//276 404//277
f 404//277 372//245 374//247
f 372//245 404//277 405//278
f 405//278 370//243 372//245
f 370//243 405//278 406//279
f 406//279 368//241 370//243
f 368//241 406//279 407//280
f 407//280 366//239 368//241
f 407//280 408//281 364//237
f 364//237 366//239 407//280
f 408//281 409//282 362//235
f 362//235 364//237 408//281
f 409//282 410//283 360//233
f 360//233 362//235 409//282
f 410//283 411//284 358//231
f 358//231 360//233 410//283
f 411//284 412//285 356//229
f 356//229 358//231 411//284
f 412//285 413//286 354//227
f 354//227 356//229 412//285
f 354//227 413//286 414//287
f 414//287 352//225 354//227
f 414//287 415//288 350//223
f 350//223 352//225 414//287
f 415//288 416//289 348//221
f 348//221 350//223 415//288
f 348//221 416//289 417//290
f 417//290 346//219 348//221
f 417//290 418//291 344//217
f 344//217 346//219 417//290
f 418//291 419//292 342//215
f 342//215 344//217 418//291
f 342//215 419//292 420//293
f 420//293 340//213 342//215
f 340//213 420//293 421//294
f 421//294 338//211 340//213
f 338//211 421//294 422//295
f 422//295 336//208 338//211
f 336//208 422//295 394//266
f 394//266 333//209 336//208
s 12
f 423//296 424//297 425//298
f 423//296 425//298 426//299
f 428//300 427//301 394//302
f 394//302 422//303 428//300
f 426//299 425//298 429//304
f 426//299 429//304 430//305
f 421//306 431//307 428//300
f 428//300 422//303 421//306
f 430//305 429//304 432//308
f 430//305 432//308 433//309
f 434//310 431//307 421//306
f 421//306 420//311 434//310
f 433//309 432//308 435//312
f 433//309 435//312 436//313
f 419//314 437//315 434//310
f 434//310 420//311 419//314
f 435//312 438//316 439//317
f 436//313 435//312 439//317
f 418//318 440//319 437//315
f 437//315 419//314 418//318
f 439//317 438//316 441//320
f 439//317 441//320 442//321
f 443//322 440//319 418//318
f 418//318 417//323 443//322
f 441//320 444//324 445//325
f 442//321 441//320 445//325
f 416//326 446//327 443//322
f 443//322 417//323 416//326
f 445//325 444//324 447//328
f 445//325 447//328 448//329
f 415//330 449//331 446//327
f 446//327 416//326 415//330
f 447//328 450//332 451//333
f 448//329 447//328 451//333
f 452//334 449//331 415//330
f 415//330 414//335 452//334
f 451//333 450//332 453//336
f 451//333 453//336 454//337
f 455//338 452//334 414//335
f 414//335 413//339 455//338
f 454//337 453//336 456//340
f 454//337 456//340 457//341
f 458//342 455//338 413//339
f 413//339 412//343 458//342
f 456//340 459//344 460//345
f 457//341 456//340 460//345
f 461//346 458//342 412//343
f 412//343 411//347 461//346
f 460//345 459//344 462//348
f 460//345 462//348 463//349
f 464//350 461//346 411//347
f 411//347 410//351 464//350
f 463//349 462//348 465//352
f 463//349 465//352 466//353
f 409//354 467//355 464//350
f 464//350 410//351 409//354
f 465//352 468//356 469//357
f 466//353 465//352 469//357
f 470//358 467//355 409//354
f 409//354 408//359 470//358
f 469//357 468//356 471//360
f 469//357 471//360 472//361
f 407//362 473//363 470//358
f 470//358 408//359 407//362
f 471//360 474//364 475//365
f 472//361 471//360 475//365
f 476//366 473//363 407//362
f 407//362 406//367 476//366
f 474//364 477//368 478//369
f 475//365 474//364 478//369
f 405//370 479//371 476//366
f 476//366 406//367 405//370
f 478//369 477//368 480//372
f 478//369 480//372 481//373
f 404//374 482//375 479//371
f 479//371 405//370 404//374
f 480//372 483//376 484//377
f 481//373 480//372 484//377
f 403//378 485//379 482//375
f 482//375 404//374 403//378
f 483//376 486//380 487//381
f 484//377 483//376 487//381
f 402//382 488//383 485//379
f 485//379 403//378 402//382
f 487//381 486//380 489//384
f 487//381 489//384 490//385
f 401//386 491//387 488//383
f 488//383 402//382 401//386
f 490//385 489//384 492//388
f 490//385 492//388 493//389
f 494//390 491//387 401//386
f 401//386 400//391 494//390
f 492//388 495//392 496//393
f 493//389 492//388 496//393
f 497//394 494//390 400//391
f 400//391 399//395 497//394
f 495//392 498//396 499//397
f 496//393 495//392 499//397
f 398//398 500//399 497//394
f 497//394 399//395 398//398
f 499//397 498//396 501//400
f 499//397 501//400 502//401
f 503//402 500//399 398//398
f 398//398 397//403 503//402
f 501//400 504//404 505//405
f 502//401 501//400 505//405
f 396//406 506//407 503//402
f 503//402 397//403 396//406
f 505//405 504//404 507//408
f 505//405 507//408 508//409
f 395//410 509//411 506//407
f 506//407 396//406 395//410
f 507//408 510//412 511//413
f 508//409 507//408 511//413
f 512//414 509//411 395//410
f 395//410 393//415 512//414
f 510//412 424//297 423//296
f 511//413 510//412 423//296
f 394//302 427//301 512//414
f 512//414 393//415 394//302
f 512//414 427//301 424//297
f 510//412 512//414 424//297
f 507//408 509//411 512//414
f 507//408 512//414 510//412
f 504//404 506//407 509//411
f 504//404 509//411 507//408
f 503//402 506//407 504//404
f 501//400 503//402 504//404
f 498//396 500//399 503//402
f 498//396 503//402 501//400
f 495//392 497//394 500//399
f 495//392 500//399 498//396
f 492//388 494//390 497//394
f 492//388 497//394 495//392
f 491//387 494//390 492//388
f 489//384 491//387 492//388
f 488//383 491//387 489//384
f 486//380 488//383 489//384
f 485//379 488//383 486//380
f 483//376 485//379 486//380
f 480//372 482//375 485//379
f 480//372 485//379 483//376
f 477//368 479//371 482//375
f 477//368 482//375 480//372
f 474//364 476//366 479//371
f 474//364 479//371 477//368
f 471//360 473//363 476//366
f 471//360 476//366 474//364
f 470//358 473//363 471//360
f 468//356 470//358 471//360
f 465//352 467//355 470//358
f 465//352 470//358 468//356
f 464//350 467//355 465//352
f 462//348 464//350 465//352
f 459//344 461//346 464//350
f 459//344 464//350 462//348
f 456//340 458//342 461//346
f 456//340 461//346 459//344
f 455//338 458//342 456//340
f 453//336 455//338 456//340
f 450//332 452//334 455//338
f 450//332 455//338 453//336
f 447//328 449//331 452//334
f 447//328 452//334 450//332
f 444//324 446//327 449//331
f 444//324 449//331 447//328
f 443//322 446//327 444//324
f 441//320 443//322 444//324
f 440//319 443//322 441//320
f 438//316 440//319 441//320
f 437//315 440//319 438//316
f 435//312 437//315 438//316
f 434//310 437//315 435//312
f 432//308 434//310 435//312
f 431//307 434//310 432//308
f 429//304 431//307 432//308
f 428//300 431//307 429//304
f 425//298 428//300 429//304
f 424//297 427//301 428//300
f 424//297 428//300 425//298
s 13
f 514//416 513//417 511//117
f 511//117 423//117 514//416
f 511//117 513//417 515//418
f 515//418 508//117 511//117
f 508//117 515//418 516//419
f 516//419 505//117 508//117
f 516//419 517//420 502//117
f 502//117 505//117 516//419
f 502//117 517//420 518//421
f 518//421 499//117 502//117
f 518//421 519//422 496//117
f 496//117 499//117 518//421
f 519//422 520//423 493//117
f 493//117 496//117 519//422
f 520//423 521//424 490//117
f 490//117 493//117 520//423
f 490//117 521//424 522//425
f 522//425 487//117 490//117
f 487//117 522//425 523//426
f 523//426 484//117 487//117
f 523//426 524//427 481//117
f 481//117 484//117 523//426
f 481//117 524//427 525//428
f 525//428 478//117 481//117
f 478//117 525//428 526//429
f 526//429 475//117 478//117
f 526//429 527//430 472//117
f 472//117 475//117 526//429
f 472//117 527//430 528//431
f 528//431 469//117 472//117
f 528//431 529//432 466//117
f 466//117 469//117 528//431
f 529//432 530//433 463//117
f 463//117 466//117 529//432
f 530//433 531//434 460//117
f 460//117 463//117 530//433
f 460//117 531//434 532//435
f 532//435 457//117 460//117
f 457//117 532//435 533//436
f 533//436 454//117 457//117
f 533//436 534//437 451//117
f 451//117 454//117 533//436
f 534//437 535//438 448//117
f 448//117 451//117 534//437
f 448//117 535//438 536//439
f 536//439 445//117 448//117
f 445//117 536//439 537//440
f 537//440 442//117 445//117
f 442//117 537//440 538//441
f 538//441 439//117 442//117
f 538//441 539//442 436//117
f 436//117 439//117 538//441
f 539//442 540//443 433//117
f 433//117 436//117 539//442
f 540//443 541//444 430//117
f 430//117 433//117 540//443
f 541//444 542//445 426//117
f 426//117 430//117 541//444
f 426//117 542//445 514//416
f 514//416 423//117 426//117
f 544//446 181//447 153//448
f 153//448 543//449 544//446
f 542//445 546//450 545//451
f 545//451 514//416 542//445
f 547//452 180//453 181//447
f 181//447 544//446 547//452
f 541//444 548//454 546//450
f 546//450 542//445 541//444
f 179//455 180//453 547//452
f 547//452 549//456 179//455
f 550//457 548//454 541//444
f 541//444 540//443 550//457
f 178//458 179//455 549//456
f 549//456 551//459 178//458
f 539//442 552//460 550//457
f 550//457 540//443 539//442
f 177//461 178//458 551//459
f 551//459 553//462 177//461
f 554//463 552//460 539//442
f 539//442 538//441 554//463
f 176//464 177//461 553//462
f 553//462 555//465 176//464
f 556//466 554//463 538//441
f 538//441 537//440 556//466
f 175//467 176//464 555//465
f 555//465 557//468 175//467
f 558//469 556//466 537//440
f 537//440 536//439 558//469
f 174//470 175//467 557//468
f 557//468 559//471 174//470
f 560//472 558//469 536//439
f 536//439 535//438 560//472
f 173//473 174//470 559//471
f 559//471 561//474 173//473
f 562//475 560//472 535//438
f 535//438 534//437 562//475
f 172//476 173//473 561//474
f 561//474 563//477 172//476
f 564//478 562//475 534//437
f 534//437 533//436 564//478
f 171//479 172//476 563//477
f 563//477 565//480 171//479
f 566//481 564//478 533//436
f 533//436 532//435 566//481
f 567//482 170//483 171//479
f 171//479 565//480 567//482
f 568//484 566//481 532//435
f 532//435 531//434 568//484
f 569//485 169//486 170//483
f 170//483 567//482 569//485
f 530//433 570//487 568//484
f 568//484 531//434 530//433
f 168//488 169//486 569//485
f 569//485 571//489 168//488
f 529//432 572//490 570//487
f 570//487 530//433 529//432
f 167//491 168//488 571//489
f 571//489 573//492 167//491
f 574//493 572//490 529//432
f 529//432 528//431 574//493
f 575//494 166//495 167//491
f 167//491 573//492 575//494
f 527//430 576//496 574//493
f 574//493 528//431 527//430
f 577//497 165//498 166//495
f 166//495 575//494 577//497
f 578//499 576//496 527//430
f 527//430 526//429 578//499
f 164//500 165//498 577//497
f 577//497 579//501 164//500
f 525//428 580//502 578//499
f 578//499 526//429 525//428
f 581//503 163//504 164//500
f 164//500 579//501 581//503
f 524//427 582//505 580//502
f 580//502 525//428 524//427
f 583//506 162//507 163//504
f 163//504 581//503 583//506
f 523//426 584//508 582//505
f 582//505 524//427 523//426
f 585//509 161//510 162//507
f 162//507 583//506 585//509
f 522//425 586//511 584//508
f 584//508 523//426 522//425
f 587//512 160//513 161//510
f 161//510 585//509 587//512
f 521//424 588//514 586//511
f 586//511 522//425 521//424
f 589//515 159//516 160//513
f 160//513 587//512 589//515
f 520//423 590//517 588//514
f 588//514 521//424 520//423
f 591//518 158//519 159//516
f 159//516 589//515 591//518
f 519//422 592//520 590//517
f 590//517 520//423 519//422
f 593//521 157//522 158//519
f 158//519 591//518 593//521
f 518//421 594//523 592//520
f 592//520 519//422 518//421
f 595//524 156//525 157//522
f 157//522 593//521 595//524
f 517//420 596//526 594//523
f 594//523 518//421 517//420
f 155//527 156//525 595//524
f 595//524 597//528 155//527
f 598//529 596//526 517//420
f 517//420 516//419 598//529
f 599//530 154//531 155//527
f 155//527 597//528 599//530
f 515//418 600//532 598//529
f 598//529 516//419 515//418
f 601//533 152//534 154//531
f 154//531 599//530 601//533
f 602//535 600//532 515//418
f 515//418 513//417 602//535
f 153//448 152//534 601//533
f 601//533 543//449 153//448
f 545//451 602//535 513//417
f 513//417 514//416 545//451
f 543//449 601//533 602//535
f 602//535 545//451 543//449
f 601//533 599//530 600//532
f 600//532 602//535 601//533
f 600//532 599//530 597//528
f 597//528 598//529 600//532
f 597//528 595//524 596//526
f 596//526 598//529 597//528
f 595//524 593//521 594//523
f 594//523 596//526 595//524
f 593//521 591//518 592//520
f 592//520 594//523 593//521
f 591//518 589//515 590//517
f 590//517 592//520 591//518
f 589//515 587//512 588//514
f 588//514 590//517 589//515
f 587//512 585//509 586//511
f 586//511 588//514 587//512
f 585//509 583//506 584//508
f 584//508 586//511 585//509
f 584//508 583//506 581//503
f 581//503 582//505 584//508
f 581//503 579//501 580//502
f 580//502 582//505 581//503
f 579//501 577//497 578//499
f 578//499 580//502 579//501
f 577//497 575//494 576//496
f 576//496 578//499 577//497
f 576//496 575//494 573//492
f 573//492 574//493 576//496
f 573//492 571//489 572//490
f 572//490 574//493 573//492
f 572//490 571//489 569//485
f 569//485 570//487 572//490
f 569//485 567//482 568//484
f 568//484 570//487 569//485
f 568//484 567//482 565//480
f 565//480 566//481 568//484
f 565//480 563//477 564//478
f 564//478 566//481 565//480
f 564//478 563//477 561//474
f 561//474 562//475 564//478
f 562//475 561//474 559//471
f 559//471 560//472 562//475
f 560//472 559//471 557//468
f 557//468 558//469 560//472
f 558//469 557//468 555//465
f 555//465 556//466 558//469
f 556//466 555//465 553//462
f 553//462 554//463 556//466
f 554//463 553//462 551//459
f 551//459 552//460 554//463
f 552//460 551//459 549//456
f 549//456 550//457 552//460
f 549//456 547//452 548//454
f 548//454 550//457 549//456
f 548//454 547//452 544//446
f 544//446 546//450 548//454
f 546//450 544//446 543//449
f 543//449 545//451 546//450
s 10
f 603//536 604//537 605//538
f 603//536 605//538 606//539
f 608//540 609//541 610//542
f 607//543 608//540 610//542
f 183//544 211//545 612//546
f 611//547 183//544 612//546
f 606//539 605//538 613//548
f 606//539 613//548 614//549
f 609//541 615//550 616//551
f 610//542 609//541 616//551
f 211//545 210//552 617//553
f 612//546 211//545 617//553
f 613//548 618//554 619//555
f 614//549 613//548 619//555
f 615//550 620//556 621//557
f 616//551 615//550 621//557
f 210//552 209//558 622//559
f 617//553 210//552 622//559
f 619//555 618//554 623//560
f 619//555 623//560 624//561
f 621//557 620//556 625//562
f 621//557 625//562 626//563
f 209//558 208//564 627//565
f 622//559 209//558 627//565
f 624//561 623//560 628//566
f 624//561 628//566 629//567
f 625//562 630//568 631//569
f 626//563 625//562 631//569
f 208//564 207//570 632//571
f 627//565 208//564 632//571
f 629//567 628//566 633//572
f 629//567 633//572 634//573
f 630//568 635//574 636//575
f 631//569 630//568 636//575
f 207//570 206//576 637//577
f 632//571 207//570 637//577
f 634//573 633//572 638//578
f 634//573 638//578 639//579
f 636//575 635//574 640//580
f 636//575 640//580 641//581
f 206//576 205//582 642//583
f 637//577 206//576 642//583
f 639//579 638//578 643//584
f 639//579 643//584 644//585
f 641//581 640//580 645//586
f 641//581 645//586 646//587
f 205//582 204//588 647//589
f 642//583 205//582 647//589
f 644//585 643//584 648//590
f 644//585 648//590 649//591
f 646//587 645//586 650//592
f 646//587 650//592 651//593
f 647//589 204//588 203//594
f 647//589 203//594 652//595
f 648//590 653//596 654//597
f 649//591 648//590 654//597
f 651//593 650//592 655//598
f 651//593 655//598 656//599
f 652//595 203//594 202//600
f 652//595 202//600 657//601
f 653//596 658//602 659//603
f 654//597 653//596 659//603
f 655//598 660//604 661//605
f 656//599 655//598 661//605
f 202//600 201//606 662//607
f 657//601 202//600 662//607
f 658//602 663//608 664//609
f 659//603 658//602 664//609
f 660//604 665//610 666//611
f 661//605 660//604 666//611
f 201//606 200//612 667//613
f 662//607 201//606 667//613
f 664//609 663//608 668//614
f 664//609 668//614 669//615
f 666//611 665//610 670//616
f 666//611 670//616 671//617
f 667//613 200//612 199//618
f 667//613 199//618 672//619
f 668//614 673//620 674//621
f 669//615 668//614 674//621
f 671//617 670//616 675//622
f 671//617 675//622 676//623
f 672//619 199//618 198//624
f 672//619 198//624 677//625
f 673//620 678//626 679//627
f 674//621 673//620 679//627
f 676//623 675//622 680//628
f 676//623 680//628 681//629
f 677//625 198//624 197//630
f 677//625 197//630 682//631
f 679//627 678//626 683//632
f 679//627 683//632 684//633
f 680//628 685//634 686//635
f 681//629 680//628 686//635
f 682//631 197//630 196//636
f 682//631 196//636 687//637
f 684//633 683//632 688//638
f 684//633 688//638 689//639
f 686//635 685//634 690//640
f 686//635 690//640 691//641
f 196//636 195//642 692//643
f 687//637 196//636 692//643
f 689//639 688//638 693//644
f 689//639 693//644 694//645
f 690//640 695//646 696//647
f 691//641 690//640 696//647
f 195//642 194//648 697//649
f 692//643 195//642 697//649
f 694//645 693//644 698//650
f 694//645 698//650 699//651
f 696//647 695//646 700//652
f 696//647 700//652 701//653
f 697//649 194//648 193//654
f 697//649 193//654 702//655
f 699//651 698//650 703//656
f 699//651 703//656 704//657
f 701//653 700//652 705//658
f 701//653 705//658 706//659
f 702//655 193//654 192//660
f 702//655 192//660 707//661
f 704//657 703//656 708//662
f 704//657 708//662 709//663
f 705//658 710//664 711//665
f 706//659 705//658 711//665
f 192//660 191//666 712//667
f 707//661 192//660 712//667
f 708//662 713//668 714//669
f 709//663 708//662 714//669
f 710//664 715//670 716//671
f 711//665 710//664 716//671
f 191//666 190//672 717//673
f 712//667 191//666 717//673
f 713//668 718//674 719//675
f 714//669 713//668 719//675
f 715//670 720//676 721//677
f 716//671 715//670 721//677
f 717//673 190//672 189//678
f 717//673 189//678 722//679
f 718//674 723//680 724//681
f 719//675 718//674 724//681
f 720//676 725//682 726//683
f 721//677 720//676 726//683
f 722//679 189//678 188//684
f 722//679 188//684 727//685
f 723//680 728//686 729//687
f 724//681 723//680 729//687
f 726//683 725//682 730//688
f 726//683 730//688 731//689
f 727//685 188//684 187//690
f 727//685 187//690 732//691
f 728//686 733//692 734//693
f 729//687 728//686 734//693
f 731//689 730//688 735//694
f 731//689 735//694 736//695
f 732//691 187//690 186//696
f 732//691 186//696 737//697
f 733//692 738//698 739//699
f 734//693 733//692 739//699
f 735//694 740//700 741//701
f 736//695 735//694 741//701
f 737//697 186//696 185//702
f 737//697 185//702 742//703
f 738//698 743//704 744//705
f 739//699 738//698 744//705
f 741//701 740//700 745//706
f 741//701 745//706 746//707
f 742//703 185//702 184//708
f 742//703 184//708 747//709
f 743//704 748//710 749//711
f 744//705 743//704 749//711
f 746//707 745//706 750//712
f 746//707 750//712 751//713
f 747//709 184//708 182//714
f 747//709 182//714 752//715
f 748//710 604//537 603//536
f 749//711 748//710 603//536
f 751//713 750//712 608//540
f 751//713 608//540 607//543
f 182//714 183//544 611//547
f 752//715 182//714 611//547
f 752//715 611//547 608//540
f 750//712 752//715 608//540
f 751//713 607//543 604//537
f 748//710 751//713 604//537
f 745//706 747//709 752//715
f 745//706 752//715 750//712
f 746//707 751//713 748//710
f 743//704 746//707 748//710
f 742//703 747//709 745//706
f 740//700 742//703 745//706
f 738//698 741//701 746//707
f 738//698 746//707 743//704
f 735//694 737//697 742//703
f 735//694 742//703 740//700
f 733//692 736//695 741//701
f 733//692 741//701 738//698
f 732//691 737//697 735//694
f 730//688 732//691 735//694
f 728//686 731//689 736//695
f 728//686 736//695 733//692
f 727//685 732//691 730//688
f 725//682 727//685 730//688
f 723//680 726//683 731//689
f 723//680 731//689 728//686
f 722//679 727//685 725//682
f 720//676 722//679 725//682
f 718//674 721//677 726//683
f 718//674 726//683 723//680
f 715//670 717//673 722//679
f 715//670 722//679 720//676
f 713//668 716//671 721//677
f 713//668 721//677 718//674
f 710//664 712//667 717//673
f 710//664 717//673 715//670
f 708//662 711//665 716//671
f 708//662 716//671 713//668
f 707//661 712//667 710//664
f 705//658 707//661 710//664
f 703//656 706//659 711//665
f 703//656 711//665 708//662
f 702//655 707//661 705//658
f 700//652 702//655 705//658
f 698//650 701//653 706//659
f 698//650 706//659 703//656
f 697//649 702//655 700//652
f 695//646 697//649 700//652
f 693//644 696//647 701//653
f 693//644 701//653 698//650
f 692//643 697//649 695//646
f 690//640 692//643 695//646
f 688//638 691//641 696//647
f 688//638 696//647 693//644
f 685//634 687//637 692//643
f 685//634 692//643 690//640
f 686//635 691//641 688//638
f 683//632 686//635 688//638
f 680//628 682//631 687//637
f 680//628 687//637 685//634
f 678//626 681//629 686//635
f 678//626 686//635 683//632
f 677//625 682//631 680//628
f 675//622 677//625 680//628
f 676//623 681//629 678//626
f 673//620 676//623 678//626
f 672//619 677//625 675//622
f 670//616 672//619 675//622
f 671//617 676//623 673//620
f 668//614 671//617 673//620
f 665//610 667//613 672//619
f 665//610 672//619 670//616
f 666//611 671//617 668//614
f 663//608 666//611 668//614
f 660//604 662//607 667//613
f 660//604 667//613 665//610
f 661//605 666//611 663//608
f 658//602 661//605 663//608
f 655//598 657//601 662//607
f 655//598 662//607 660//604
f 656//599 661//605 658//602
f 653//596 656//599 658//602
f 650//592 652//595 657//601
f 650//592 657//601 655//598
f 651//593 656//599 653//596
f 648//590 651//593 653//596
f 647//589 652//595 650//592
f 645//586 647//589 650//592
f 646//587 651//593 648//590
f 643//584 646//587 648//590
f 642//583 647//589 645//586
f 640//580 642//583 645//586
f 641//581 646//587 643//584
f 638//578 641//581 643//584
f 635//574 637//577 642//583
f 635//574 642//583 640//580
f 636//575 641//581 638//578
f 633//572 636//575 638//578
f 630//568 632//571 637//577
f 630//568 637//577 635//574
f 631//569 636//575 633//572
f 628//566 631//569 633//572
f 625//562 627//565 632//571
f 625//562 632//571 630//568
f 626//563 631//569 628//566
f 623//560 626//563 628//566
f 622//559 627//565 625//562
f 620//556 622//559 625//562
f 621//557 626//563 623//560
f 618//554 621//557 623//560
f 615//550 617//553 622//559
f 615//550 622//559 620//556
f 616//551 621//557 618//554
f 613//548 616//551 618//554
f 612//546 617//553 615//550
f 609//541 612//546 615//550
f 605//538 610//542 616//551
f 605//538 616//551 613//548
f 608//540 611//547 612//546
f 608//540 612//546 609//541
f 604//537 607//543 610//542
f 604//537 610//542 605//538
f 215//51 238//104 44//106
f 44//106 47//52 215//51
f 45//105 238//104 753//716
f 754//717 215//51 46//50
f 46//50 42//718 754//717
f 755//719 756//720 757//721
f 755//719 757//721 758//722
f 757//721 759//723 760//724
f 758//722 757//721 760//724
f 759//723 761//725 762//726
f 760//724 759//723 762//726
f 761//725 763//727 764//728
f 762//726 761//725 764//728
f 763//727 765//729 766//730
f 764//728 763//727 766//730
f 765//729 767//731 768//732
f 766//730 765//729 768//732
f 767//731 769//733 770//734
f 768//732 767//731 770//734
f 770//734 769//733 771//735
f 770//734 771//735 772//736
f 772//736 771//735 773//737
f 772//736 773//737 774//738
f 773//737 775//739 776//740
f 774//738 773//737 776//740
f 776//740 775//739 777//741
f 776//740 777//741 778//742
f 778//742 777//741 779//743
f 778//742 779//743 780//744
f 780//744 779//743 781//745
f 780//744 781//745 782//746
f 781//745 783//747 784//748
f 782//746 781//745 784//748
f 783//747 785//749 786//750
f 784//748 783//747 786//750
f 786//750 785//749 787//751
f 786//750 787//751 788//752
f 788//752 787//751 789//753
f 788//752 789//753 790//754
f 789//753 791//755 792//756
f 790//754 789//753 792//756
f 791//755 793//757 794//758
f 792//756 791//755 794//758
f 793//757 795//759 796//760
f 794//758 793//757 796//760
f 796//760 795//759 797//761
f 796//760 797//761 798//762
f 798//762 797//761 799//763
f 798//762 799//763 800//764
f 799//763 801//765 802//766
f 800//764 799//763 802//766
f 802//766 801//765 803//767
f 802//766 803//767 804//768
f 803//767 805//769 806//770
f 804//768 803//767 806//770
f 806//770 805//769 807//771
f 806//770 807//771 808//772
f 808//772 807//771 809//773
f 808//772 809//773 810//774
f 810//774 809//773 811//775
f 810//774 811//775 812//776
f 811//775 813//777 814//778
f 812//776 811//775 814//778
f 813//777 756//720 755//719
f 814//778 813//777 755//719
f 815//779 816//780 817//781
f 815//779 817//781 818//782
f 818//782 817//781 819//783
f 818//782 819//783 820//784
f 820//784 819//783 821//785
f 820//784 821//785 822//786
f 822//786 821//785 823//787
f 822//786 823//787 824//788
f 823//787 825//789 826//790
f 824//788 823//787 826//790
f 825//789 827//791 828//792
f 826//790 825//789 828//792
f 828//792 827//791 829//793
f 828//792 829//793 830//794
f 829//793 831//795 832//796
f 830//794 829//793 832//796
f 831//795 833//797 834//798
f 832//796 831//795 834//798
f 834//798 833//797 835//799
f 834//798 835//799 836//800
f 835//799 837//801 838//802
f 836//800 835//799 838//802
f 837//801 839//803 840//804
f 838//802 837//801 840//804
f 840//804 839//803 841//805
f 840//804 841//805 842//806
f 841//805 843//807 844//808
f 842//806 841//805 844//808
f 844//808 843//807 845//809
f 844//808 845//809 846//810
f 845//809 847//811 848//812
f 846//810 845//809 848//812
f 848//812 847//811 849//813
f 848//812 849//813 850//814
f 849//813 851//815 852//816
f 850//814 849//813 852//816
f 852//816 851//815 853//817
f 852//816 853//817 854//818
f 854//818 853//817 855//819
f 854//818 855//819 856//820
f 855//819 857//821 858//822
f 856//820 855//819 858//822
f 858//822 857//821 859//823
f 858//822 859//823 860//824
f 860//824 859//823 861//825
f 860//824 861//825 862//826
f 862//826 861//825 863//827
f 862//826 863//827 864//828
f 864//828 863//827 865//829
f 864//828 865//829 866//830
f 866//830 865//829 867//831
f 866//830 867//831 868//832
f 867//831 869//833 870//834
f 868//832 867//831 870//834
f 869//833 871//835 872//836
f 870//834 869//833 872//836
f 871//835 873//837 874//838
f 872//836 871//835 874//838
f 873//837 816//780 815//779
f 874//838 873//837 815//779
f 814//778 755//719 816//780
f 873//837 814//778 816//780
f 874//838 815//779 876//839
f 875//840 874//838 876//839
f 871//835 812//776 814//778
f 871//835 814//778 873//837
f 877//841 872//836 874//838
f 877//841 874//838 875//840
f 810//774 812//776 871//835
f 869//833 810//774 871//835
f 878//842 870//834 872//836
f 878//842 872//836 877//841
f 808//772 810//774 869//833
f 867//831 808//772 869//833
f 879//843 868//832 870//834
f 879//843 870//834 878//842
f 806//770 808//772 867//831
f 865//829 806//770 867//831
f 866//830 868//832 879//843
f 880//844 866//830 879//843
f 863//827 804//768 806//770
f 863//827 806//770 865//829
f 881//845 864//828 866//830
f 881//845 866//830 880//844
f 802//766 804//768 863//827
f 861//825 802//766 863//827
f 882//846 862//826 864//828
f 882//846 864//828 881//845
f 859//823 800//764 802//766
f 859//823 802//766 861//825
f 883//847 860//824 862//826
f 883//847 862//826 882//846
f 798//762 800//764 859//823
f 857//821 798//762 859//823
f 884//848 858//822 860//824
f 884//848 860//824 883//847
f 796//760 798//762 857//821
f 855//819 796//760 857//821
f 856//820 858//822 884//848
f 885//849 856//820 884//848
f 853//817 794//758 796//760
f 853//817 796//760 855//819
f 854//818 856//820 885//849
f 886//850 854//818 885//849
f 851//815 792//756 794//758
f 851//815 794//758 853//817
f 852//816 854//818 886//850
f 887//851 852//816 886//850
f 849//813 790//754 792//756
f 849//813 792//756 851//815
f 888//852 850//814 852//816
f 888//852 852//816 887//851
f 788//752 790//754 849//813
f 847//811 788//752 849//813
f 889//853 848//812 850//814
f 889//853 850//814 888//852
f 845//809 786//750 788//752
f 845//809 788//752 847//811
f 846//810 848//812 889//853
f 890//854 846//810 889//853
f 843//807 784//748 786//750
f 843//807 786//750 845//809
f 891//855 844//808 846//810
f 891//855 846//810 890//854
f 841//805 782//746 784//748
f 841//805 784//748 843//807
f 842//806 844//808 891//855
f 892//856 842//806 891//855
f 839//803 780//744 782//746
f 839//803 782//746 841//805
f 840//804 842//806 892//856
f 893//857 840//804 892//856
f 778//742 780//744 839//803
f 837//801 778//742 839//803
f 894//858 838//802 840//804
f 894//858 840//804 893//857
f 776//740 778//742 837//801
f 835//799 776//740 837//801
f 895//859 836//800 838//802
f 895//859 838//802 894//858
f 774//738 776//740 835//799
f 833//797 774//738 835//799
f 896//860 834//798 836//800
f 896//860 836//800 895//859
f 831//795 772//736 774//738
f 831//795 774//738 833//797
f 832//796 834//798 896//860
f 897//861 832//796 896//860
f 770//734 772//736 831//795
f 829//793 770//734 831//795
f 898//862 830//794 832//796
f 898//862 832//796 897//861
f 827//791 768//732 770//734
f 827//791 770//734 829//793
f 828//792 830//794 898//862
f 899//863 828//792 898//862
f 825//789 766//730 768//732
f 825//789 768//732 827//791
f 826//790 828//792 899//863
f 900//864 826//790 899//863
f 823//787 764//728 766//730
f 823//787 766//730 825//789
f 901//865 824//788 826//790
f 901//865 826//790 900//864
f 821//785 762//726 764//728
f 821//785 764//728 823//787
f 822//786 824//788 901//865
f 902//866 822//786 901//865
f 760//724 762//726 821//785
f 819//783 760//724 821//785
f 903//867 820//784 822//786
f 903//867 822//786 902//866
f 758//722 760//724 819//783
f 817//781 758//722 819//783
f 818//782 820//784 903//867
f 904//868 818//782 903//867
f 755//719 758//722 817//781
f 816//780 755//719 817//781
f 876//839 815//779 818//782
f 876//839 818//782 904//868
f 905//869 876//839 904//868
f 905//869 904//868 906//870
f 904//868 903//867 907//871
f 906//870 904//868 907//871
f 903//867 902//866 908//872
f 907//871 903//867 908//872
f 908//872 902//866 901//865
f 908//872 901//865 909//873
f 901//865 900//864 910//874
f 909//873 901//865 910//874
f 910//874 900//864 899//863
f 910//874 899//863 911//875
f 911//875 899//863 898//862
f 911//875 898//862 912//876
f 912//876 898//862 897//861
f 912//876 897//861 913//877
f 913//877 897//861 896//860
f 913//877 896//860 914//878
f 914//878 896//860 895//859
f 914//878 895//859 915//879
f 895//859 894//858 916//880
f 915//879 895//859 916//880
f 916//880 894//858 893//857
f 916//880 893//857 917//881
f 917//881 893//857 892//856
f 917//881 892//856 918//882
f 918//882 892//856 891//855
f 918//882 891//855 919//883
f 891//855 890//854 920//884
f 919//883 891//855 920//884
f 890//854 889//853 921//885
f 920//884 890//854 921//885
f 889//853 888//852 922//886
f 921//885 889//853 922//886
f 922//886 888//852 887//851
f 922//886 887//851 923//887
f 887//851 886//850 924//888
f 923//887 887//851 924//888
f 924//888 886//850 885//849
f 924//888 885//849 925//889
f 885//849 884//848 926//890
f 925//889 885//849 926//890
f 884//848 883//847 927//891
f 926//890 884//848 927//891
f 883//847 882//846 928//892
f 927//891 883//847 928//892
f 882//846 881//845 929//893
f 928//892 882//846 929//893
f 881//845 880//844 930//894
f 929//893 881//845 930//894
f 930//894 880//844 879//843
f 930//894 879//843 931//895
f 879//843 878//842 932//896
f 931//895 879//843 932//896
f 932//896 878//842 877//841
f 932//896 877//841 933//897
f 933//897 877//841 875//840
f 933//897 875//840 934//898
f 875//840 876//839 905//869
f 934//898 875//840 905//869
f 935//899 934//898 905//869
f 935//899 905//869 936//900
f 937//901 933//897 934//898
f 937//901 934//898 935//899
f 932//896 933//897 937//901
f 938//902 932//896 937//901
f 939//903 931//895 932//896
f 939//903 932//896 938//902
f 930//894 931//895 939//903
f 940//904 930//894 939//903
f 941//905 929//893 930//894
f 941//905 930//894 940//904
f 928//892 929//893 941//905
f 942//906 928//892 941//905
f 943//907 927//891 928//892
f 943//907 928//892 942//906
f 926//890 927//891 943//907
f 944//908 926//890 943//907
f 925//889 926//890 944//908
f 945//909 925//889 944//908
f 946//910 924//888 925//889
f 946//910 925//889 945//909
f 947//911 923//887 924//888
f 947//911 924//888 946//910
f 948//912 922//886 923//887
f 948//912 923//887 947//911
f 949//913 921//885 922//886
f 949//913 922//886 948//912
f 950//914 920//884 921//885
f 950//914 921//885 949//913
f 919//883 920//884 950//914
f 951//915 919//883 950//914
f 918//882 919//883 951//915
f 952//916 918//882 951//915
f 917//881 918//882 952//916
f 953//917 917//881 952//916
f 916//880 917//881 953//917
f 954//918 916//880 953//917
f 955//919 915//879 916//880
f 955//919 916//880 954//918
f 914//878 915//879 955//919
f 956//920 914//878 955//919
f 957//921 913//877 914//878
f 957//921 914//878 956//920
f 912//876 913//877 957//921
f 958//922 912//876 957//921
f 959//923 911//875 912//876
f 959//923 912//876 958//922
f 910//874 911//875 959//923
f 960//924 910//874 959//923
f 909//873 910//874 960//924
f 961//925 909//873 960//924
f 908//872 909//873 961//925
f 962//926 908//872 961//925
f 907//871 908//872 962//926
f 963//927 907//871 962//926
f 906//870 907//871 963//927
f 964//928 906//870 963//927
f 905//869 906//870 964//928
f 936//900 905//869 964//928
f 965//929 936//900 964//928
f 965//929 964//928 966//930
f 966//930 964//928 963//927
f 966//930 963//927 967//931
f 963//927 962//926 968//932
f 967//931 963//927 968//932
f 968//932 962//926 961//925
f 968//932 961//925 969//933
f 961//925 960//924 970//934
f 969//933 961//925 970//934
f 960//924 959//923 971//935
f 970//934 960//924 971//935
f 971//935 959//923 958//922
f 971//935 958//922 972//936
f 958//922 957//921 973//937
f 972//936 958//922 973//937
f 957//921 956//920 974//938
f 973//937 957//921 974//938
f 956//920 955//919 975//939
f 974//938 956//920 975//939
f 955//919 954//918 976//940
f 975//939 955//919 976//940
f 954//918 953//917 977//941
f 976//940 954//918 977//941
f 977//941 953//917 952//916
f 977//941 952//916 978//942
f 952//916 951//915 979//943
f 978//942 952//916 979//943
f 951//915 950//914 980//944
f 979//943 951//915 980//944
f 980//944 950//914 949//913
f 980//944 949//913 981//945
f 981//945 949//913 948//912
f 981//945 948//912 982//946
f 948//912 947//911 983//947
f 982//946 948//912 983//947
f 983//947 947//911 946//910
f 983//947 946//910 984//948
f 984//948 946//910 945//909
f 984//948 945//909 985//949
f 985//949 945//909 944//908
f 985//949 944//908 986//950
f 986//950 944//908 943//907
f 986//950 943//907 987//951
f 987//951 943//907 942//906
f 987//951 942//906 988//952
f 988//952 942//906 941//905
f 988//952 941//905 989//953
f 941//905 940//904 990//954
f 989//953 941//905 990//954
f 990//954 940//904 939//903
f 990//954 939//903 991//955
f 939//903 938//902 992//956
f 991//955 939//903 992//956
f 992//956 938//902 937//901
f 992//956 937//901 993//957
f 937//901 935//899 994//958
f 993//957 937//901 994//958
f 935//899 936//900 965//929
f 994//958 935//899 965//929
f 994//958 965//929 996//959
f 995//960 994//958 996//959
f 993//957 994//958 995//960
f 997//961 993//957 995//960
f 998//962 992//956 993//957
f 998//962 993//957 997//961
f 991//955 992//956 998//962
f 999//963 991//955 998//962
f 1000//964 990//954 991//955
f 1000//964 991//955 999//963
f 989//953 990//954 1000//964
f 1001//965 989//953 1000//964
f 988//952 989//953 1001//965
f 1002//966 988//952 1001//965
f 987//951 988//952 1002//966
f 1003//967 987//951 1002//966
f 1004//968 986//950 987//951
f 1004//968 987//951 1003//967
f 1005//969 985//949 986//950
f 1005//969 986//950 1004//968
f 984//948 985//949 1005//969
f 1006//970 984//948 1005//969
f 1007//971 983//947 984//948
f 1007//971 984//948 1006//970
f 982//946 983//947 1007//971
f 1008//972 982//946 1007//971
f 981//945 982//946 1008//972
f 1009//973 981//945 1008//972
f 1010//974 980//944 981//945
f 1010//974 981//945 1009//973
f 979//943 980//944 1010//974
f 1011//975 979//943 1010//974
f 1012//976 978//942 979//943
f 1012//976 979//943 1011//975
f 1013//977 977//941 978//942
f 1013//977 978//942 1012//976
f 976//940 977//941 1013//977
f 1014//978 976//940 1013//977
f 1015//979 975//939 976//940
f 1015//979 976//940 1014//978
f 974//938 975//939 1015//979
f 1016//980 974//938 1015//979
f 1017//981 973//937 974//938
f 1017//981 974//938 1016//980
f 1018//982 972//936 973//937
f 1018//982 973//937 1017//981
f 1019//983 971//935 972//936
f 1019//983 972//936 1018//982
f 1020//984 970//934 971//935
f 1020//984 971//935 1019//983
f 969//933 970//934 1020//984
f 1021//985 969//933 1020//984
f 1022//986 968//932 969//933
f 1022//986 969//933 1021//985
f 967//931 968//932 1022//986
f 1023//987 967//931 1022//986
f 1024//988 966//930 967//931
f 1024//988 967//931 1023//987
f 996//959 965//929 966//930
f 996//959 966//930 1024//988
f 996//959 1024//988 1026//989
f 1025//990 996//959 1026//989
f 1026//989 1024//988 1023//987
f 1026//989 1023//987 1027//991
f 1023//987 1022//986 1028//992
f 1027//991 1023//987 1028//992
f 1028//992 1022//986 1021//985
f 1028//992 1021//985 1029//993
f 1021//985 1020//984 1030//994
f 1029//993 1021//985 1030//994
f 1020//984 1019//983 1031//995
f 1030//994 1020//984 1031//995
f 1031//995 1019//983 1018//982
f 1031//995 1018//982 1032//996
f 1018//982 1017//981 1033//997
f 1032//996 1018//982 1033//997
f 1033//997 1017//981 1016//980
f 1033//997 1016//980 1034//998
f 1016//980 1015//979 1035//999
f 1034//998 1016//980 1035//999
f 1035//999 1015//979 1014//978
f 1035//999 1014//978 1036//1000
f 1014//978 1013//977 1037//1001
f 1036//1000 1014//978 1037//1001
f 1037//1001 1013//977 1012//976
f 1037//1001 1012//976 1038//1002
f 1012//976 1011//975 1039//1003
f 1038//1002 1012//976 1039//1003
f 1039//1003 1011//975 1010//974
f 1039//1003 1010//974 1040//1004
f 1010//974 1009//973 1041//1005
f 1040//1004 1010//974 1041//1005
f 1041//1005 1009//973 1008//972
f 1041//1005 1008//972 1042//1006
f 1008//972 1007//971 1043//1007
f 1042//1006 1008//972 1043//1007
f 1043//1007 1007//971 1006//970
f 1043//1007 1006//970 1044//1008
f 1006//970 1005//969 1045//1009
f 1044//1008 1006//970 1045//1009
f 1045//1009 1005//969 1004//968
f 1045//1009 1004//968 1046//1010
f 1004//968 1003//967 1047//1011
f 1046//1010 1004//968 1047//1011
f 1047//1011 1003//967 1002//966
f 1047//1011 1002//966 1048//1012
f 1002//966 1001//965 1049//1013
f 1048//1012 1002//966 1049//1013
f 1049//1013 1001//965 1000//964
f 1049//1013 1000//964 1050//1014
f 1050//1014 1000//964 999//963
f 1050//1014 999//963 1051//1015
f 1051//1015 999//963 998//962
f 1051//1015 998//962 1052//1016
f 1052//1016 998//962 997//961
f 1052//1016 997//961 1053//1017
f 997//961 995//960 1054//1018
f 1053//1017 997//961 1054//1018
f 1054//1018 995//960 996//959
f 1054//1018 996//959 1025//990
f 1054//1018 1025//990 1055//1019
f 1053//1017 1054//1018 1055//1019
f 1052//1016 1053//1017 1055//1019
f 1051//1015 1052//1016 1055//1019
f 1050//1014 1051//1015 1055//1019
f 1049//1013 1050//1014 1055//1019
f 1048//1012 1049//1013 1055//1019
f 1047//1011 1048//1012 1055//1019
f 1046//1010 1047//1011 1055//1019
f 1045//1009 1046//1010 1055//1019
f 1044//1008 1045//1009 1055//1019
f 1043//1007 1044//1008 1055//1019
f 1042//1006 1043//1007 1055//1019
f 1041//1005 1042//1006 1055//1019
f 1040//1004 1041//1005 1055//1019
f 1039//1003 1040//1004 1055//1019
f 1038//1002 1039//1003 1055//1019
f 1037//1001 1038//1002 1055//1019
f 1036//1000 1037//1001 1055//1019
f 1035//999 1036//1000 1055//1019
f 1034//998 1035//999 1055//1019
f 1033//997 1034//998 1055//1019
f 1032//996 1033//997 1055//1019
f 1031//995 1032//996 1055//1019
f 1030//994 1031//995 1055//1019
f 1029//993 1030//994 1055//1019
f 1028//992 1029//993 1055//1019
f 1027//991 1028//992 1055//1019
f 1026//989 1027//991 1055//1019
f 1025//990 1026//989 1055//1019
f 709//663 714//669 227//77
f 227//77 226//75 709//663
f 1057//1020 799//763 797//761
f 1056//1021 1057//1020 797//761
f 699//651 704//657 228//80
f 228//80 225//72 699//651
f 1059//1022 795//759 793//757
f 1058//1023 1059//1022 793//757
f 689//639 694//645 229//83
f 229//83 224//69 689//639
f 1061//1024 791//755 789//753
f 1060//1025 1061//1024 789//753
f 679//627 684//633 230//86
f 230//86 223//66 679//627
f 1063//1026 787//751 785//749
f 1062//1027 1063//1026 785//749
f 669//615 674//621 231//89
f 231//89 222//1028 669//615
f 783//747 781//745 1064//1029
f 1064//1029 1065//1030 783//747
f 659//603 664//609 232//92
f 232//92 221//1031 659//603
f 779//743 777//741 1066//1032
f 1066//1032 1067//1033 779//743
f 220//1034 649//591 654//597
f 233//95 220//1034 654//597
f 775//739 773//737 1068//1035
f 1068//1035 1069//1036 775//739
f 219//63 639//579 644//585
f 234//98 219//63 644//585
f 1071//1037 771//735 769//733
f 1070//1038 1071//1037 769//733
f 629//567 634//573 235//101
f 235//101 218//60 629//567
f 1073//1039 767//731 765//729
f 1072//1040 1073//1039 765//729
f 217//57 619//555 624//561
f 236//1041 217//57 624//561
f 763//727 761//725 1074//1042
f 1074//1042 1075//1043 763//727
f 216//54 606//539 614//549
f 237//1044 216//54 614//549
f 1077//1045 759//723 757//721
f 1076//1046 1077//1045 757//721
f 215//51 749//711 603//536
f 238//104 215//51 603//536
f 753//716 756//720 813//777
f 754//717 753//716 813//777
f 739//699 744//705 239//107
f 239//107 214//48 739//699
f 811//775 809//773 1078//1047
f 1078//1047 1079//1048 811//775
f 213//45 729//687 734//693
f 240//110 213//45 734//693
f 807//771 805//769 1080//1049
f 1080//1049 1081//1050 807//771
f 212//42 719//675 724//681
f 241//113 212//42 724//681
f 803//767 801//765 1082//1051
f 1082//1051 1083//1052 803//767
f 811//775 744//705 749//711
f 811//775 749//711 813//777
f 807//771 734//693 739//699
f 807//771 739//699 809//773
f 803//767 724//681 729//687
f 803//767 729//687 805//769
f 714//669 719//675 801//765
f 799//763 714//669 801//765
f 704//657 709//663 797//761
f 795//759 704//657 797//761
f 694//645 699//651 793//757
f 791//755 694//645 793//757
f 684//633 689//639 789//753
f 787//751 684//633 789//753
f 783//747 674//621 679//627
f 783//747 679//627 785//749
f 664//609 669//615 781//745
f 779//743 664//609 781//745
f 775//739 654//597 659//603
f 775//739 659//603 777//741
f 644//585 649//591 773//737
f 771//735 644//585 773//737
f 767//731 634//573 639//579
f 767//731 639//579 769//733
f 624//561 629//567 765//729
f 763//727 624//561 765//729
f 759//723 614//549 619//555
f 759//723 619//555 761//725
f 603//536 606//539 757//721
f 756//720 603//536 757//721
f 241//113 724//681 803//767
f 1083//1052 241//113 803//767
f 801//765 719//675 212//42
f 212//42 1082//1051 801//765
f 240//110 734//693 807//771
f 1081//1050 240//110 807//771
f 805//769 729//687 213//45
f 213//45 1080//1049 805//769
f 239//107 744//705 811//775
f 1079//1048 239//107 811//775
f 809//773 739//699 214//48
f 214//48 1078//1047 809//773
f 238//104 603//536 756//720
f 753//716 238//104 756//720
f 813//777 749//711 215//51
f 215//51 754//717 813//777
f 237//1044 614//549 759//723
f 1077//1045 237//1044 759//723
f 757//721 606//539 216//54
f 216//54 1076//1046 757//721
f 236//1041 624//561 763//727
f 1075//1043 236//1041 763//727
f 761//725 619//555 217//57
f 217//57 1074//1042 761//725
f 235//101 634//573 767//731
f 1073//1039 235//101 767//731
f 765//729 629//567 218//60
f 218//60 1072//1040 765//729
f 234//98 644//585 771//735
f 1071//1037 234//98 771//735
f 769//733 639//579 219//63
f 219//63 1070//1038 769//733
f 233//95 654//597 775//739
f 1069//1036 233//95 775//739
f 773//737 649//591 220//1034
f 220//1034 1068//1035 773//737
f 232//92 664//609 779//743
f 1067//1033 232//92 779//743
f 777//741 659//603 221//1031
f 221//1031 1066//1032 777//741
f 231//89 674//621 783//747
f 1065//1030 231//89 783//747
f 781//745 669//615 222//1028
f 222//1028 1064//1029 781//745
f 230//86 684//633 787//751
f 1063//1026 230//86 787//751
f 785//749 679//627 223//66
f 223//66 1062//1027 785//749
f 229//83 694//645 791//755
f 1061//1024 229//83 791//755
f 789//753 689//639 224//69
f 224//69 1060//1025 789//753
f 228//80 704//657 795//759
f 1059//1022 228//80 795//759
f 793//757 699//651 225//72
f 225//72 1058//1023 793//757
f 227//77 714//669 799//763
f 1057//1020 227//77 799//763
f 797//761 709//663 226//75
f 226//75 1056//1021 797//761
f 54//49 214//48 239//107
f 51//109 54//49 239//107
f 52//108 239//107 1079//1048
f 1078//1047 214//48 53//47
f 53//47 49//1053 1078//1047
f 61//46 213//45 240//110
f 58//112 61//46 240//110
f 59//111 240//110 1081//1050
f 57//1054 59//111 1081//1050
f 1080//1049 213//45 60//44
f 60//44 56//1055 1080//1049
f 212//42 241//113 66//115
f 66//115 69//43 212//42
f 67//114 241//113 1083//1052
f 64//1056 67//114 1083//1052
f 1082//1051 212//42 68//41
f 68//41 63//1057 1082//1051
f 226//75 227//77 74//79
f 74//79 77//76 226//75
f 75//78 227//77 1057//1020
f 72//1058 75//78 1057//1020
f 1056//1021 226//75 76//74
f 76//74 71//1059 1056//1021
f 85//73 225//72 228//80
f 82//82 85//73 228//80
f 83//81 228//80 1059//1022
f 80//1060 83//81 1059//1022
f 1058//1023 225//72 84//71
f 84//71 79//1061 1058//1023
f 224//69 229//83 89//85
f 89//85 92//70 224//69
f 90//84 229//83 1061//1024
f 87//1062 90//84 1061//1024
f 1060//1025 224//69 91//68
f 100//67 223//66 230//86
f 97//88 100//67 230//86
f 98//87 230//86 1063//1026
f 95//1063 98//87 1063//1026
f 1062//1027 223//66 99//65
f 99//65 94//1064 1062//1027
f 107//1065 222//1028 231//89
f 105//91 107//1065 231//89
f 106//90 231//89 1065//1030
f 103//1066 106//90 1065//1030
f 221//1031 232//92 112//94
f 113//93 232//92 1067//1033
f 110//1067 113//93 1067//1033
f 1066//1032 221//1031 114//1068
f 114//1068 109//1069 1066//1032
f 220//1034 233//95 119//97
f 120//96 233//95 1069//1036
f 117//1070 120//96 1069//1036
f 1068//1035 220//1034 121//1071
f 121//1071 116//1072 1068//1035
f 219//63 234//98 126//100
f 126//100 129//64 219//63
f 127//99 234//98 1071//1037
f 124//1073 127//99 1071//1037
f 1070//1038 219//63 128//62
f 128//62 123//1074 1070//1038
f 137//61 218//60 235//101
f 134//103 137//61 235//101
f 135//102 235//101 1073//1039
f 132//1075 135//102 1073//1039
f 1072//1040 218//60 136//59
f 136//59 131//1076 1072//1040
f 142//1077 236//1041 1075//1043
f 140//1078 142//1077 1075//1043
f 1074//1042 217//57 143//56
f 143//56 139//1079 1074//1042
f 216//54 237//1044 149//1080
f 149//1080 151//55 216//54
f 1076//1046 216//54 150//53
f 150//53 146//1081 1076//1046
f 1057//1020 73//1082 72//1058
f 1056//1021 71//1059 70//1083
f 1057//1020 1056//1021 70//1083
f 70//1083 73//1082 1057//1020
f 1059//1022 81//1084 80//1060
f 1058//1023 79//1061 78//1085
f 81//1084 1059//1022 1058//1023
f 78//1085 81//1084 1058//1023
f 1061//1024 88//1086 87//1062
f 1061//1024 1060//1025 86//1087
f 86//1087 88//1086 1061//1024
f 1063//1026 96//1088 95//1063
f 1062//1027 94//1064 93//1089
f 1063//1026 1062//1027 93//1089
f 93//1089 96//1088 1063//1026
f 1065//1030 104//1090 103//1066
f 1064//1029 102//1091 101//1092
f 1065//1030 1064//1029 101//1092
f 101//1092 104//1090 1065//1030
f 1067//1033 111//1093 110//1067
f 1066//1032 109//1069 108//1094
f 111//1093 1067//1033 1066//1032
f 108//1094 111//1093 1066//1032
f 1069//1036 118//1095 117//1070
f 1068//1035 116//1072 115//1096
f 118//1095 1069//1036 1068//1035
f 115//1096 118//1095 1068//1035
f 1071//1037 125//1097 124//1073
f 1070//1038 123//1074 122//1098
f 1071//1037 1070//1038 122//1098
f 122//1098 125//1097 1071//1037
f 1073//1039 133//1099 132//1075
f 1072//1040 131//1076 130//1100
f 1073//1039 1072//1040 130//1100
f 130//1100 133//1099 1073//1039
f 1075//1043 141//1101 140//1078
f 1074//1042 139//1079 138//1102
f 1075//1043 1074//1042 138//1102
f 138//1102 141//1101 1075//1043
f 1077//1045 148//1103 147//1104
f 1076//1046 146//1081 145//1105
f 1077//1045 1076//1046 145//1105
f 145//1105 148//1103 1077//1045
f 754//717 42//718 41//1106
f 43//1107 753//716 754//717
f 41//1106 43//1107 754//717
f 1078//1047 49//1053 48//1108
f 50//1109 1079//1048 1078//1047
f 48//1108 50//1109 1078//1047
f 1080//1049 56//1055 55//1110
f 1083//1052 65//1111 64//1056
f 1082//1051 63//1057 62//1112
f 1083//1052 1082//1051 62//1112
f 62//1112 65//1111 1083//1052
s 14
g LlantaTraseraIzq_grey.010
usemtl grey.010
f 1087//1113 1084//1114 1085//1115
f 1085//1115 1086//1116 1087//1113
f 1090//1117 1091//1118 1088//1119
f 1088//1119 1089//1120 1090//1117
f 1094//1121 1095//1122 1092//1123
f 1092//1123 1093//1124 1094//1121
f 1088//1119 1096//1125 1097//1126
f 1097//1126 1095//1122 1088//1119
f 1098//1127 1099//1128 1087//1113
f 1098//1127 1087//1113 1100//1129
f 1096//1125 1088//1119 1091//1118
f 1099//1128 1084//1114 1087//1113
f 1086//1116 1101//1130 1100//1129
f 1100//1129 1087//1113 1086//1116
f 1088//1119 1095//1122 1094//1121
f 1088//1119 1094//1121 1089//1120
f 1098//1127 1097//1126 1096//1125
f 1096//1125 1099//1128 1098//1127
f 1093//1124 1092//1123 1102//1131
f 1102//1131 1103//1132 1093//1124
f 1100//1129 1102//1131 1098//1127
f 1097//1126 1092//1123 1095//1122
f 1084//1114 1099//1128 1096//1125
f 1096//1125 1091//1118 1084//1114
f 1092//1123 1097//1126 1098//1127
f 1098//1127 1102//1131 1092//1123
f 1102//1131 1100//1129 1101//1130
f 1101//1130 1103//1132 1102//1131
s 15
f 1104//1133 1105//1134 1106//1135
f 1104//1133 1106//1135 1107//1136
f 1109//1137 1110//1138 1111//1139
f 1108//1140 1109//1137 1111//1139
f 1114//1141 1115//1142 1112//1143
f 1112//1143 1113//1144 1114//1141
f 1108//1140 1116//1145 1117//1146
f 1117//1146 1115//1142 1108//1140
f 1118//1147 1119//1148 1107//1136
f 1118//1147 1107//1136 1120//1149
f 1116//1145 1108//1140 1111//1139
f 1119//1148 1104//1133 1107//1136
f 1120//1149 1107//1136 1106//1135
f 1120//1149 1106//1135 1121//1150
f 1115//1142 1114//1141 1109//1137
f 1108//1140 1115//1142 1109//1137
f 1118//1147 1117//1146 1116//1145
f 1116//1145 1119//1148 1118//1147
f 1113//1144 1112//1143 1122//1151
f 1122//1151 1123//1152 1113//1144
f 1120//1149 1122//1151 1118//1147
f 1117//1146 1112//1143 1115//1142
f 1119//1148 1116//1145 1111//1139
f 1119//1148 1111//1139 1104//1133
f 1117//1146 1118//1147 1122//1151
f 1117//1146 1122//1151 1112//1143
f 1120//1149 1121//1150 1123//1152
f 1120//1149 1123//1152 1122//1151
s 16
f 1127//1153 1124//1154 1125//1155
f 1125//1155 1126//1156 1127//1153
f 1130//1157 1131//1158 1128//1159
f 1128//1159 1129//1160 1130//1157
f 1134//1161 1135//1162 1132//1163
f 1132//1163 1133//1164 1134//1161
f 1128//1159 1136//1165 1137//1166
f 1137//1166 1135//1162 1128//1159
f 1138//1167 1139//1168 1127//1153
f 1138//1167 1127//1153 1140//1169
f 1136//1165 1128//1159 1131//1158
f 1139//1168 1124//1154 1127//1153
f 1141//1170 1140//1169 1127//1153
f 1127//1153 1126//1156 1141//1170
f 1128//1159 1135//1162 1134//1161
f 1128//1159 1134//1161 1129//1160
f 1138//1167 1137//1166 1136//1165
f 1136//1165 1139//1168 1138//1167
f 1133//1164 1132//1163 1142//1171
f 1142//1171 1143//1172 1133//1164
f 1140//1169 1142//1171 1138//1167
f 1137//1166 1132//1163 1135//1162
f 1139//1168 1136//1165 1131//1158
f 1139//1168 1131//1158 1124//1154
f 1137//1166 1138//1167 1142//1171
f 1137//1166 1142//1171 1132//1163
f 1142//1171 1140//1169 1141//1170
f 1141//1170 1143//1172 1142//1171
s 17
f 1144//1173 1145//1174 1146//1175
f 1144//1173 1146//1175 1147//1176
f 1150//1177 1151//1178 1148//1179
f 1148//1179 1149//1180 1150//1177
f 1154//1181 1155//1182 1152//1183
f 1152//1183 1153//1184 1154//1181
f 1148//1179 1156//1185 1157//1186
f 1157//1186 1155//1182 1148//1179
f 1158//1187 1159//1188 1147//1176
f 1158//1187 1147//1176 1160//1189
f 1156//1185 1148//1179 1151//1178
f 1159//1188 1144//1173 1147//1176
f 1161//1190 1160//1189 1147//1176
f 1147//1176 1146//1175 1161//1190
f 1155//1182 1154//1181 1149//1180
f 1148//1179 1155//1182 1149//1180
f 1159//1188 1158//1187 1157//1186
f 1157//1186 1156//1185 1159//1188
f 1152//1183 1162//1191 1163//1150
f 1152//1183 1163//1150 1153//1184
f 1160//1189 1162//1191 1158//1187
f 1157//1186 1152//1183 1155//1182
f 1159//1188 1156//1185 1151//1178
f 1159//1188 1151//1178 1144//1173
f 1152//1183 1157//1186 1158//1187
f 1158//1187 1162//1191 1152//1183
f 1160//1189 1161//1190 1163//1150
f 1160//1189 1163//1150 1162//1191
s 18
f 1164//1192 1165//1193 1166//1194
f 1164//1192 1166//1194 1167//1195
f 1170//1196 1171//1197 1168//1198
f 1168//1198 1169//1199 1170//1196
f 1174//1200 1175//1201 1172//1202
f 1172//1202 1173//1203 1174//1200
f 1168//1198 1176//1204 1177//1205
f 1177//1205 1175//1201 1168//1198
f 1178//1206 1179//1207 1167//1195
f 1178//1206 1167//1195 1180//1208
f 1176//1204 1168//1198 1171//1197
f 1179//1207 1164//1192 1167//1195
f 1180//1208 1167//1195 1166//1194
f 1180//1208 1166//1194 1181//1209
f 1169//1199 1168//1198 1175//1201
f 1175//1201 1174//1200 1169//1199
f 1179//1207 1178//1206 1177//1205
f 1177//1205 1176//1204 1179//1207
f 1172//1202 1182//1210 1183//1211
f 1172//1202 1183//1211 1173//1203
f 1180//1208 1182//1210 1178//1206
f 1177//1205 1172//1202 1175//1201
f 1164//1192 1179//1207 1176//1204
f 1176//1204 1171//1197 1164//1192
f 1177//1205 1178//1206 1182//1210
f 1177//1205 1182//1210 1172//1202
f 1182//1210 1180//1208 1181//1209
f 1181//1209 1183//1211 1182//1210
s 19
f 1187//1212 1184//1213 1185//1214
f 1185//1214 1186//1215 1187//1212
f 1189//1216 1190//1217 1191//1218
f 1188//1219 1189//1216 1191//1218
f 1193//1220 1194//1221 1195//1222
f 1192//1223 1193//1220 1195//1222
f 1188//1219 1196//1224 1197//1225
f 1197//1225 1195//1222 1188//1219
f 1198//1226 1199//1227 1187//1212
f 1198//1226 1187//1212 1200//1228
f 1196//1224 1188//1219 1191//1218
f 1199//1227 1184//1213 1187//1212
f 1200//1228 1187//1212 1186//1215
f 1200//1228 1186//1215 1201//1229
f 1189//1216 1188//1219 1195//1222
f 1195//1222 1194//1221 1189//1216
f 1198//1226 1197//1225 1196//1224
f 1196//1224 1199//1227 1198//1226
f 1193//1220 1192//1223 1202//1230
f 1202//1230 1203//1231 1193//1220
f 1200//1228 1202//1230 1198//1226
f 1197//1225 1192//1223 1195//1222
f 1184//1213 1199//1227 1196//1224
f 1196//1224 1191//1218 1184//1213
f 1192//1223 1197//1225 1198//1226
f 1198//1226 1202//1230 1192//1223
f 1202//1230 1200//1228 1201//1229
f 1201//1229 1203//1231 1202//1230
s 20
f 1207//1232 1204//1233 1205//1234
f 1205//1234 1206//1235 1207//1232
f 1210//1236 1211//1237 1208//1238
f 1208//1238 1209//1239 1210//1236
f 1214//1203 1215//1240 1212//1241
f 1212//1241 1213//1242 1214//1203
f 1208//1238 1216//1243 1217//1244
f 1217//1244 1215//1240 1208//1238
f 1218//1245 1219//1246 1207//1232
f 1218//1245 1207//1232 1220//1247
f 1216//1243 1208//1238 1211//1237
f 1219//1246 1204//1233 1207//1232
f 1221//1248 1220//1247 1207//1232
f 1207//1232 1206//1235 1221//1248
f 1208//1238 1215//1240 1214//1203
f 1208//1238 1214//1203 1209//1239
f 1219//1246 1218//1245 1217//1244
f 1217//1244 1216//1243 1219//1246
f 1212//1241 1222//1249 1223//1250
f 1212//1241 1223//1250 1213//1242
f 1220//1247 1222//1249 1218//1245
f 1217//1244 1212//1241 1215//1240
f 1211//1237 1204//1233 1219//1246
f 1219//1246 1216//1243 1211//1237
f 1212//1241 1217//1244 1218//1245
f 1218//1245 1222//1249 1212//1241
f 1220//1247 1221//1248 1223//1250
f 1220//1247 1223//1250 1222//1249
s 21
f 1224//1251 1225//1252 1226//1253
f 1224//1251 1226//1253 1227//1254
f 1230//1255 1231//1256 1228//1257
f 1228//1257 1229//1258 1230//1255
f 1234//1220 1235//1259 1232//1260
f 1232//1260 1233//1261 1234//1220
f 1228//1257 1236//1262 1237//1263
f 1237//1263 1235//1259 1228//1257
f 1238//1264 1239//1265 1227//1254
f 1238//1264 1227//1254 1240//1266
f 1236//1262 1228//1257 1231//1256
f 1239//1265 1224//1251 1227//1254
f 1227//1254 1226//1253 1241//1267
f 1240//1266 1227//1254 1241//1267
f 1234//1220 1229//1258 1228//1257
f 1228//1257 1235//1259 1234//1220
f 1239//1265 1238//1264 1237//1263
f 1237//1263 1236//1262 1239//1265
f 1233//1261 1232//1260 1242//1268
f 1242//1268 1243//1269 1233//1261
f 1240//1266 1242//1268 1238//1264
f 1237//1263 1232//1260 1235//1259
f 1239//1265 1236//1262 1231//1256
f 1239//1265 1231//1256 1224//1251
f 1237//1263 1238//1264 1242//1268
f 1237//1263 1242//1268 1232//1260
f 1242//1268 1240//1266 1241//1267
f 1241//1267 1243//1269 1242//1268
s 22
f 1244//1270 1245//1271 1246//1272
f 1244//1270 1246//1272 1247//1273
f 1249//1274 1250//1275 1251//1276
f 1248//1277 1249//1274 1251//1276
f 1254//1278 1255//1279 1252//1280
f 1252//1280 1253//1281 1254//1278
f 1248//1277 1256//1282 1257//1283
f 1257//1283 1255//1279 1248//1277
f 1258//1284 1259//1285 1247//1273
f 1258//1284 1247//1273 1260//1286
f 1256//1282 1248//1277 1251//1276
f 1259//1285 1244//1270 1247//1273
f 1261//1287 1260//1286 1247//1273
f 1247//1273 1246//1272 1261//1287
f 1249//1274 1248//1277 1255//1279
f 1255//1279 1254//1278 1249//1274
f 1258//1284 1257//1283 1256//1282
f 1256//1282 1259//1285 1258//1284
f 1252//1280 1262//1288 1263//1289
f 1252//1280 1263//1289 1253//1281
f 1260//1286 1262//1288 1258//1284
f 1257//1283 1252//1280 1255//1279
f 1251//1276 1244//1270 1259//1285
f 1259//1285 1256//1282 1251//1276
f 1257//1283 1258//1284 1262//1288
f 1257//1283 1262//1288 1252//1280
f 1262//1288 1260//1286 1261//1287
f 1261//1287 1263//1289 1262//1288
s 23
f 1267//1290 1264//1291 1265//1292
f 1265//1292 1266//1293 1267//1290
f 1269//1294 1270//1295 1271//1296
f 1268//1297 1269//1294 1271//1296
f 1274//1298 1275//1299 1272//1300
f 1272//1300 1273//1301 1274//1298
f 1268//1297 1276//1302 1277//1303
f 1277//1303 1275//1299 1268//1297
f 1278//1304 1279//1305 1267//1290
f 1278//1304 1267//1290 1280//1306
f 1276//1302 1268//1297 1271//1296
f 1279//1305 1264//1291 1267//1290
f 1280//1306 1267//1290 1266//1293
f 1280//1306 1266//1293 1281//1307
f 1275//1299 1274//1298 1269//1294
f 1268//1297 1275//1299 1269//1294
f 1278//1304 1277//1303 1276//1302
f 1276//1302 1279//1305 1278//1304
f 1272//1300 1282//1308 1283//1309
f 1272//1300 1283//1309 1273//1301
f 1280//1306 1282//1308 1278//1304
f 1277//1303 1272//1300 1275//1299
f 1271//1296 1264//1291 1279//1305
f 1279//1305 1276//1302 1271//1296
f 1272//1300 1277//1303 1278//1304
f 1278//1304 1282//1308 1272//1300
f 1282//1308 1280//1306 1281//1307
f 1281//1307 1283//1309 1282//1308
s 24
f 1284//1310 1285//1311 1286//1312
f 1284//1310 1286//1312 1287//1313
f 1289//1314 1290//1315 1291//1316
f 1288//1317 1289//1314 1291//1316
f 1294//1318 1295//1319 1292//1320
f 1292//1320 1293//1321 1294//1318
f 1288//1317 1296//1322 1297//1323
f 1297//1323 1295//1319 1288//1317
f 1298//1324 1299//1325 1287//1313
f 1298//1324 1287//1313 1300//1326
f 1296//1322 1288//1317 1291//1316
f 1299//1325 1284//1310 1287//1313
f 1286//1312 1301//1327 1300//1326
f 1300//1326 1287//1313 1286//1312
f 1289//1314 1288//1317 1295//1319
f 1295//1319 1294//1318 1289//1314
f 1299//1325 1298//1324 1297//1323
f 1297//1323 1296//1322 1299//1325
f 1293//1321 1292//1320 1302//1328
f 1302//1328 1303//1287 1293//1321
f 1300//1326 1302//1328 1298//1324
f 1297//1323 1292//1320 1295//1319
f 1299//1325 1296//1322 1291//1316
f 1299//1325 1291//1316 1284//1310
f 1292//1320 1297//1323 1298//1324
f 1298//1324 1302//1328 1292//1320
f 1302//1328 1300//1326 1301//1327
f 1301//1327 1303//1287 1302//1328
s 25
f 1304//1329 1305//1330 1306//1331
f 1304//1329 1306//1331 1307//1332
f 1310//1333 1311//1334 1308//1335
f 1308//1335 1309//1336 1310//1333
f 1314//1337 1315//1338 1312//1339
f 1312//1339 1313//1340 1314//1337
f 1308//1335 1316//1341 1317//1342
f 1317//1342 1315//1338 1308//1335
f 1318//1343 1319//1344 1307//1332
f 1318//1343 1307//1332 1320//1345
f 1316//1341 1308//1335 1311//1334
f 1319//1344 1304//1329 1307//1332
f 1306//1331 1321//1346 1320//1345
f 1320//1345 1307//1332 1306//1331
f 1315//1338 1314//1337 1309//1336
f 1308//1335 1315//1338 1309//1336
f 1318//1343 1317//1342 1316//1341
f 1316//1341 1319//1344 1318//1343
f 1313//1340 1312//1339 1322//1347
f 1322//1347 1323//1348 1313//1340
f 1320//1345 1322//1347 1318//1343
f 1317//1342 1312//1339 1315//1338
f 1319//1344 1316//1341 1311//1334
f 1319//1344 1311//1334 1304//1329
f 1312//1339 1317//1342 1318//1343
f 1318//1343 1322//1347 1312//1339
f 1322//1347 1320//1345 1321//1346
f 1321//1346 1323//1348 1322//1347
s 26
f 1327//1349 1324//1350 1325//1351
f 1325//1351 1326//1352 1327//1349
f 1329//1353 1330//1354 1331//1355
f 1328//1356 1329//1353 1331//1355
f 1333//1357 1334//1358 1335//1359
f 1332//1360 1333//1357 1335//1359
f 1328//1356 1336//1361 1337//1362
f 1337//1362 1335//1359 1328//1356
f 1338//1363 1339//1364 1327//1349
f 1338//1363 1327//1349 1340//1365
f 1336//1361 1328//1356 1331//1355
f 1339//1364 1324//1350 1327//1349
f 1327//1349 1326//1352 1341//1366
f 1340//1365 1327//1349 1341//1366
f 1328//1356 1335//1359 1334//1358
f 1328//1356 1334//1358 1329//1353
f 1338//1363 1337//1362 1336//1361
f 1336//1361 1339//1364 1338//1363
f 1333//1357 1332//1360 1342//1367
f 1342//1367 1343//1368 1333//1357
f 1340//1365 1342//1367 1338//1363
f 1337//1362 1332//1360 1335//1359
f 1336//1361 1331//1355 1324//1350
f 1339//1364 1336//1361 1324//1350
f 1332//1360 1337//1362 1338//1363
f 1338//1363 1342//1367 1332//1360
f 1342//1367 1340//1365 1341//1366
f 1341//1366 1343//1368 1342//1367
s 27
f 1347//1369 1344//1370 1345//1371
f 1345//1371 1346//1372 1347//1369
f 1349//1373 1350//1374 1351//1375
f 1348//1376 1349//1373 1351//1375
f 1354//1377 1355//1378 1352//1379
f 1352//1379 1353//1121 1354//1377
f 1348//1376 1356//1380 1357//1381
f 1357//1381 1355//1378 1348//1376
f 1358//1382 1359//1383 1347//1369
f 1358//1382 1347//1369 1360//1384
f 1356//1380 1348//1376 1351//1375
f 1359//1383 1344//1370 1347//1369
f 1361//1385 1360//1384 1347//1369
f 1347//1369 1346//1372 1361//1385
f 1349//1373 1348//1376 1355//1378
f 1355//1378 1354//1377 1349//1373
f 1359//1383 1358//1382 1357//1381
f 1357//1381 1356//1380 1359//1383
f 1352//1379 1362//1386 1363//1387
f 1352//1379 1363//1387 1353//1121
f 1360//1384 1362//1386 1358//1382
f 1357//1381 1352//1379 1355//1378
f 1356//1380 1351//1375 1344//1370
f 1359//1383 1356//1380 1344//1370
f 1352//1379 1357//1381 1358//1382
f 1358//1382 1362//1386 1352//1379
f 1362//1386 1360//1384 1361//1385
f 1361//1385 1363//1387 1362//1386
s 28
f 1364//1388 1365//1389 1366//1390
f 1364//1388 1366//1390 1367//1391
f 1370//1392 1371//1393 1368//1394
f 1368//1394 1369//1395 1370//1392
f 1373//1396 1374//1357 1375//1397
f 1372//1398 1373//1396 1375//1397
f 1368//1394 1376//1399 1377//1400
f 1377//1400 1375//1397 1368//1394
f 1378//1401 1379//1402 1367//1391
f 1378//1401 1367//1391 1380//1403
f 1376//1399 1368//1394 1371//1393
f 1379//1402 1364//1388 1367//1391
f 1367//1391 1366//1390 1381//1404
f 1380//1403 1367//1391 1381//1404
f 1369//1395 1368//1394 1375//1397
f 1375//1397 1374//1357 1369//1395
f 1379//1402 1378//1401 1377//1400
f 1377//1400 1376//1399 1379//1402
f 1372//1398 1382//1405 1383//1406
f 1372//1398 1383//1406 1373//1396
f 1380//1403 1382//1405 1378//1401
f 1377//1400 1372//1398 1375//1397
f 1379//1402 1376//1399 1371//1393
f 1379//1402 1371//1393 1364//1388
f 1372//1398 1377//1400 1378//1401
f 1378//1401 1382//1405 1372//1398
f 1382//1405 1380//1403 1381//1404
f 1381//1404 1383//1406 1382//1405
s 17
f 1144//1173 1151//1178 1150//1177
f 1144//1173 1150//1177 1145//1174
s 16
f 1131//1158 1130//1157 1125//1155
f 1124//1154 1131//1158 1125//1155
s 15
f 1104//1133 1111//1139 1110//1138
f 1104//1133 1110//1138 1105//1134
s 14
f 1084//1114 1091//1118 1090//1117
f 1084//1114 1090//1117 1085//1115
s 28
f 1364//1388 1371//1393 1370//1392
f 1364//1388 1370//1392 1365//1389
s 27
f 1351//1375 1350//1374 1345//1371
f 1344//1370 1351//1375 1345//1371
s 26
f 1324//1350 1331//1355 1330//1354
f 1324//1350 1330//1354 1325//1351
s 25
f 1310//1333 1305//1330 1304//1329
f 1304//1329 1311//1334 1310//1333
s 24
f 1284//1310 1291//1316 1290//1315
f 1284//1310 1290//1315 1285//1311
s 23
f 1265//1292 1264//1291 1271//1296
f 1271//1296 1270//1295 1265//1292
s 22
f 1250//1275 1245//1271 1244//1270
f 1244//1270 1251//1276 1250//1275
s 21
f 1224//1251 1231//1256 1230//1255
f 1224//1251 1230//1255 1225//1252
s 20
f 1204//1233 1211//1237 1210//1236
f 1204//1233 1210//1236 1205//1234
s 19
f 1191//1218 1190//1217 1185//1214
f 1184//1213 1191//1218 1185//1214
s 18
f 1164//1192 1171//1197 1170//1196
f 1164//1192 1170//1196 1165//1193
s 29
g LlantaTraseraIzq_rubber.009
usemtl rubber.009
f 1387//1407 1384//1408 1385//1409
f 1385//1409 1386//1410 1387//1407
f 1390//1411 1391//1412 1388//1413
f 1388//1413 1389//1414 1390//1411
f 1394//1415 1395//1416 1392//1417
f 1392//1417 1393//1418 1394//1415
f 1397//1419 1387//1407 1386//1410
f 1386//1410 1396//1420 1397//1419
f 1398//1421 1399//1422 1391//1412
f 1391//1412 1390//1411 1398//1421
f 1400//1423 1401//1424 1395//1416
f 1395//1416 1394//1415 1400//1423
f 1402//1425 1403//1426 1397//1419
f 1397//1419 1396//1420 1402//1425
f 1405//1427 1399//1422 1398//1421
f 1398//1421 1404//1428 1405//1427
f 1407//1429 1401//1424 1400//1423
f 1400//1423 1406//1430 1407//1429
f 1408//1431 1409//1432 1403//1426
f 1403//1426 1402//1425 1408//1431
f 1410//1433 1411//1434 1405//1427
f 1405//1427 1404//1428 1410//1433
f 1412//1435 1413//1436 1407//1429
f 1407//1429 1406//1430 1412//1435
f 1414//1437 1415//1438 1409//1432
f 1409//1432 1408//1431 1414//1437
f 1416//1439 1417//1440 1411//1434
f 1411//1434 1410//1433 1416//1439
f 1419//1441 1413//1436 1412//1435
f 1412//1435 1418//1442 1419//1441
f 1420//1443 1421//1444 1415//1438
f 1415//1438 1414//1437 1420//1443
f 1423//1445 1417//1440 1416//1439
f 1416//1439 1422//1446 1423//1445
f 1424//1447 1425//1448 1419//1441
f 1419//1441 1418//1442 1424//1447
f 1426//1449 1427//1450 1421//1444
f 1421//1444 1420//1443 1426//1449
f 1429//1451 1423//1445 1422//1446
f 1422//1446 1428//1452 1429//1451
f 1431//1453 1425//1448 1424//1447
f 1424//1447 1430//1454 1431//1453
f 1432//1455 1433//1456 1427//1450
f 1427//1450 1426//1449 1432//1455
f 1435//1457 1429//1451 1428//1452
f 1428//1452 1434//1458 1435//1457
f 1437//1459 1431//1453 1430//1454
f 1430//1454 1436//1460 1437//1459
f 1439//1461 1433//1456 1432//1455
f 1432//1455 1438//1462 1439//1461
f 1441//1463 1435//1457 1434//1458
f 1434//1458 1440//1464 1441//1463
f 1443//1465 1437//1459 1436//1460
f 1436//1460 1442//1466 1443//1465
f 1445//1467 1439//1461 1438//1462
f 1438//1462 1444//1468 1445//1467
f 1446//1469 1447//1470 1441//1463
f 1441//1463 1440//1464 1446//1469
f 1448//1471 1449//1472 1443//1465
f 1443//1465 1442//1466 1448//1471
f 1451//1473 1445//1467 1444//1468
f 1444//1468 1450//1474 1451//1473
f 1452//1475 1453//1476 1447//1470
f 1447//1470 1446//1469 1452//1475
f 1454//1477 1455//1478 1449//1472
f 1449//1472 1448//1471 1454//1477
f 1457//1479 1451//1473 1450//1474
f 1450//1474 1456//1480 1457//1479
f 1459//1481 1453//1476 1452//1475
f 1452//1475 1458//1482 1459//1481
f 1460//1483 1461//1484 1455//1478
f 1455//1478 1454//1477 1460//1483
f 1463//1485 1457//1479 1456//1480
f 1456//1480 1462//1486 1463//1485
f 1464//1487 1465//1488 1459//1481
f 1459//1481 1458//1482 1464//1487
f 1466//1489 1467//1490 1461//1484
f 1461//1484 1460//1483 1466//1489
f 1469//1491 1463//1485 1462//1486
f 1462//1486 1468//1492 1469//1491
f 1471//1493 1465//1488 1464//1487
f 1464//1487 1470//1494 1471//1493
f 1473//1495 1467//1490 1466//1489
f 1466//1489 1472//1496 1473//1495
f 1474//1497 1475//1498 1469//1491
f 1469//1491 1468//1492 1474//1497
f 1477//1499 1471//1493 1470//1494
f 1470//1494 1476//1500 1477//1499
f 1479//1501 1473//1495 1472//1496
f 1472//1496 1478//1502 1479//1501
f 1481//1503 1475//1498 1474//1497
f 1474//1497 1480//1504 1481//1503
f 1482//1505 1483//1506 1477//1499
f 1477//1499 1476//1500 1482//1505
f 1484//1507 1485//1508 1479//1501
f 1479//1501 1478//1502 1484//1507
f 1487//1509 1481//1503 1480//1504
f 1480//1504 1486//1510 1487//1509
f 1489//1511 1483//1506 1482//1505
f 1482//1505 1488//1512 1489//1511
f 1491//1513 1485//1508 1484//1507
f 1484//1507 1490//1514 1491//1513
f 1493//1515 1487//1509 1486//1510
f 1486//1510 1492//1516 1493//1515
f 1495//1517 1489//1511 1488//1512
f 1488//1512 1494//1518 1495//1517
f 1497//1519 1491//1513 1490//1514
f 1490//1514 1496//1520 1497//1519
f 1498//1521 1499//1522 1493//1515
f 1493//1515 1492//1516 1498//1521
f 1500//1523 1501//1524 1495//1517
f 1495//1517 1494//1518 1500//1523
f 1503//1525 1497//1519 1496//1520
f 1496//1520 1502//1526 1503//1525
f 1504//1527 1505//1528 1499//1522
f 1499//1522 1498//1521 1504//1527
f 1507//1529 1501//1524 1500//1523
f 1500//1523 1506//1530 1507//1529
f 1509//1531 1503//1525 1502//1526
f 1502//1526 1508//1532 1509//1531
f 1510//1533 1511//1534 1505//1528
f 1505//1528 1504//1527 1510//1533
f 1513//1535 1507//1529 1506//1530
f 1506//1530 1512//1536 1513//1535
f 1515//1537 1509//1531 1508//1532
f 1508//1532 1514//1538 1515//1537
f 1516//1539 1517//1540 1511//1534
f 1511//1534 1510//1533 1516//1539
f 1518//1541 1519//1542 1513//1535
f 1513//1535 1512//1536 1518//1541
f 1520//1543 1521//1544 1515//1537
f 1515//1537 1514//1538 1520//1543
f 1523//1545 1517//1540 1516//1539
f 1516//1539 1522//1546 1523//1545
f 1524//1547 1525//1548 1519//1542
f 1519//1542 1518//1541 1524//1547
f 1526//1549 1527//1550 1521//1544
f 1521//1544 1520//1543 1526//1549
f 1529//1551 1523//1545 1522//1546
f 1522//1546 1528//1552 1529//1551
f 1530//1553 1531//1554 1525//1548
f 1525//1548 1524//1547 1530//1553
f 1532//1465 1533//1555 1527//1550
f 1527//1550 1526//1549 1532//1465
f 1535//1556 1529//1551 1528//1552
f 1528//1552 1534//1557 1535//1556
f 1536//1558 1537//1559 1531//1554
f 1531//1554 1530//1553 1536//1558
f 1539//1560 1533//1555 1532//1465
f 1532//1465 1538//1561 1539//1560
f 1541//1562 1535//1556 1534//1557
f 1534//1557 1540//1563 1541//1562
f 1543//1564 1537//1559 1536//1558
f 1536//1558 1542//1565 1543//1564
f 1544//1566 1545//1567 1539//1560
f 1539//1560 1538//1561 1544//1566
f 1547//1568 1541//1562 1540//1563
f 1540//1563 1546//1569 1547//1568
f 1549//1570 1543//1564 1542//1565
f 1542//1565 1548//1571 1549//1570
f 1551//1572 1545//1567 1544//1566
f 1544//1566 1550//1573 1551//1572
f 1553//1574 1547//1568 1546//1569
f 1546//1569 1552//1575 1553//1574
f 1554//1576 1555//1577 1549//1570
f 1549//1570 1548//1571 1554//1576
f 1556//1578 1557//1579 1551//1572
f 1551//1572 1550//1573 1556//1578
f 1558//1580 1559//1581 1553//1574
f 1553//1574 1552//1575 1558//1580
f 1560//1582 1561//1583 1555//1577
f 1555//1577 1554//1576 1560//1582
f 1563//1584 1557//1579 1556//1578
f 1556//1578 1562//1585 1563//1584
f 1385//1409 1384//1408 1559//1581
f 1559//1581 1558//1580 1385//1409
f 1389//1414 1388//1413 1561//1583
f 1561//1583 1560//1582 1389//1414
f 1392//1417 1563//1584 1562//1585
f 1562//1585 1393//1418 1392//1417
f 1393//1418 1562//1585 1564//1586
f 1564//1586 1565//1587 1393//1418
f 1392//1417 1389//1414 1560//1582
f 1560//1582 1563//1584 1392//1417
f 1388//1413 1385//1409 1558//1580
f 1558//1580 1561//1583 1388//1413
f 1564//1586 1562//1585 1556//1578
f 1556//1578 1566//1588 1564//1586
f 1563//1584 1560//1582 1554//1576
f 1554//1576 1557//1579 1563//1584
f 1558//1580 1552//1575 1555//1577
f 1555//1577 1561//1583 1558//1580
f 1566//1588 1556//1578 1550//1573
f 1550//1573 1567//1589 1566//1588
f 1554//1576 1548//1571 1551//1572
f 1551//1572 1557//1579 1554//1576
f 1555//1577 1552//1575 1546//1569
f 1546//1569 1549//1570 1555//1577
f 1567//1589 1550//1573 1544//1566
f 1544//1566 1568//1590 1567//1589
f 1548//1571 1542//1565 1545//1567
f 1545//1567 1551//1572 1548//1571
f 1549//1570 1546//1569 1540//1563
f 1540//1563 1543//1564 1549//1570
f 1568//1590 1544//1566 1538//1561
f 1538//1561 1569//1591 1568//1590
f 1545//1567 1542//1565 1536//1558
f 1536//1558 1539//1560 1545//1567
f 1543//1564 1540//1563 1534//1557
f 1534//1557 1537//1559 1543//1564
f 1538//1561 1532//1465 1570//1592
f 1570//1592 1569//1591 1538//1561
f 1539//1560 1536//1558 1530//1553
f 1530//1553 1533//1555 1539//1560
f 1534//1557 1528//1552 1531//1554
f 1531//1554 1537//1559 1534//1557
f 1570//1592 1532//1465 1526//1549
f 1526//1549 1571//1593 1570//1592
f 1530//1553 1524//1547 1527//1550
f 1527//1550 1533//1555 1530//1553
f 1528//1552 1522//1546 1525//1548
f 1525//1548 1531//1554 1528//1552
f 1571//1593 1526//1549 1520//1543
f 1520//1543 1572//1594 1571//1593
f 1524//1547 1518//1541 1521//1544
f 1521//1544 1527//1550 1524//1547
f 1525//1548 1522//1546 1516//1539
f 1516//1539 1519//1542 1525//1548
f 1520//1543 1514//1538 1573//1595
f 1573//1595 1572//1594 1520//1543
f 1518//1541 1512//1536 1515//1537
f 1515//1537 1521//1544 1518//1541
f 1519//1542 1516//1539 1510//1533
f 1510//1533 1513//1535 1519//1542
f 1573//1595 1514//1538 1508//1532
f 1508//1532 1574//1596 1573//1595
f 1515//1537 1512//1536 1506//1530
f 1506//1530 1509//1531 1515//1537
f 1510//1533 1504//1527 1507//1529
f 1507//1529 1513//1535 1510//1533
f 1508//1532 1502//1526 1575//1597
f 1575//1597 1574//1596 1508//1532
f 1509//1531 1506//1530 1500//1523
f 1500//1523 1503//1525 1509//1531
f 1504//1527 1498//1521 1501//1524
f 1501//1524 1507//1529 1504//1527
f 1502//1526 1496//1520 1576//1598
f 1576//1598 1575//1597 1502//1526
f 1503//1525 1500//1523 1494//1518
f 1494//1518 1497//1519 1503//1525
f 1498//1521 1492//1516 1495//1517
f 1495//1517 1501//1524 1498//1521
f 1576//1598 1496//1520 1490//1514
f 1490//1514 1577//1599 1576//1598
f 1494//1518 1488//1512 1491//1513
f 1491//1513 1497//1519 1494//1518
f 1492//1516 1486//1510 1489//1511
f 1489//1511 1495//1517 1492//1516
f 1490//1514 1484//1507 1578//1600
f 1578//1600 1577//1599 1490//1514
f 1488//1512 1482//1505 1485//1508
f 1485//1508 1491//1513 1488//1512
f 1489//1511 1486//1510 1480//1504
f 1480//1504 1483//1506 1489//1511
f 1578//1600 1484//1507 1478//1502
f 1478//1502 1579//1601 1578//1600
f 1485//1508 1482//1505 1476//1500
f 1476//1500 1479//1501 1485//1508
f 1483//1506 1480//1504 1474//1497
f 1474//1497 1477//1499 1483//1506
f 1478//1502 1472//1496 1580//1602
f 1580//1602 1579//1601 1478//1502
f 1476//1500 1470//1494 1473//1495
f 1473//1495 1479//1501 1476//1500
f 1477//1499 1474//1497 1468//1492
f 1468//1492 1471//1493 1477//1499
f 1580//1602 1472//1496 1466//1489
f 1466//1489 1581//1603 1580//1602
f 1473//1495 1470//1494 1464//1487
f 1464//1487 1467//1490 1473//1495
f 1471//1493 1468//1492 1462//1486
f 1462//1486 1465//1488 1471//1493
f 1466//1489 1460//1483 1582//1604
f 1582//1604 1581//1603 1466//1489
f 1467//1490 1464//1487 1458//1482
f 1458//1482 1461//1484 1467//1490
f 1465//1488 1462//1486 1456//1480
f 1456//1480 1459//1481 1465//1488
f 1582//1604 1460//1483 1454//1477
f 1454//1477 1583//1605 1582//1604
f 1458//1482 1452//1475 1455//1478
f 1455//1478 1461//1484 1458//1482
f 1459//1481 1456//1480 1450//1474
f 1450//1474 1453//1476 1459//1481
f 1583//1605 1454//1477 1448//1471
f 1448//1471 1584//1606 1583//1605
f 1452//1475 1446//1469 1449//1472
f 1449//1472 1455//1478 1452//1475
f 1453//1476 1450//1474 1444//1468
f 1444//1468 1447//1470 1453//1476
f 1448//1471 1442//1466 1585//1607
f 1585//1607 1584//1606 1448//1471
f 1446//1469 1440//1464 1443//1465
f 1443//1465 1449//1472 1446//1469
f 1447//1470 1444//1468 1438//1462
f 1438//1462 1441//1463 1447//1470
f 1442//1466 1436//1460 1586//1608
f 1586//1608 1585//1607 1442//1466
f 1443//1465 1440//1464 1434//1458
f 1434//1458 1437//1459 1443//1465
f 1438//1462 1432//1455 1435//1457
f 1435//1457 1441//1463 1438//1462
f 1436//1460 1430//1454 1587//1609
f 1587//1609 1586//1608 1436//1460
f 1437//1459 1434//1458 1428//1452
f 1428//1452 1431//1453 1437//1459
f 1432//1455 1426//1449 1429//1451
f 1429//1451 1435//1457 1432//1455
f 1430//1454 1424//1447 1588//1610
f 1588//1610 1587//1609 1430//1454
f 1431//1453 1428//1452 1422//1446
f 1422//1446 1425//1448 1431//1453
f 1429//1451 1426//1449 1420//1443
f 1420//1443 1423//1445 1429//1451
f 1588//1610 1424//1447 1418//1442
f 1418//1442 1589//1611 1588//1610
f 1422//1446 1416//1439 1419//1441
f 1419//1441 1425//1448 1422//1446
f 1423//1445 1420//1443 1414//1437
f 1414//1437 1417//1440 1423//1445
f 1418//1442 1412//1435 1590//1612
f 1590//1612 1589//1611 1418//1442
f 1416//1439 1410//1433 1413//1436
f 1413//1436 1419//1441 1416//1439
f 1414//1437 1408//1431 1411//1434
f 1411//1434 1417//1440 1414//1437
f 1412//1435 1406//1430 1591//1613
f 1591//1613 1590//1612 1412//1435
f 1413//1436 1410//1433 1404//1428
f 1404//1428 1407//1429 1413//1436
f 1408//1431 1402//1425 1405//1427
f 1405//1427 1411//1434 1408//1431
f 1406//1430 1400//1423 1592//1614
f 1592//1614 1591//1613 1406//1430
f 1407//1429 1404//1428 1398//1421
f 1398//1421 1401//1424 1407//1429
f 1402//1425 1396//1420 1399//1422
f 1399//1422 1405//1427 1402//1425
f 1400//1423 1394//1415 1593//1615
f 1593//1615 1592//1614 1400//1423
f 1398//1421 1390//1411 1395//1416
f 1395//1416 1401//1424 1398//1421
f 1399//1422 1396//1420 1386//1410
f 1386//1410 1391//1412 1399//1422
f 1593//1615 1394//1415 1393//1418
f 1393//1418 1565//1587 1593//1615
f 1390//1411 1389//1414 1392//1417
f 1392//1417 1395//1416 1390//1411
f 1386//1410 1385//1409 1388//1413
f 1388//1413 1391//1412 1386//1410
f 1595//1616 1596//1617 1597//1618
f 1594//1619 1595//1616 1597//1618
f 1600//1620 1601//1621 1598//1622
f 1598//1622 1599//1623 1600//1620
f 1597//1618 1596//1617 1602//1624
f 1597//1618 1602//1624 1603//1625
f 1605//1626 1601//1621 1600//1620
f 1600//1620 1604//1627 1605//1626
f 1602//1624 1606//1628 1607//1629
f 1603//1625 1602//1624 1607//1629
f 1608//1630 1609//1631 1605//1626
f 1605//1626 1604//1627 1608//1630
f 1606//1628 1610//1632 1611//1633
f 1607//1629 1606//1628 1611//1633
f 1612//1634 1613//1635 1609//1631
f 1609//1631 1608//1630 1612//1634
f 1610//1632 1614//1636 1615//1637
f 1611//1633 1610//1632 1615//1637
f 1616//1638 1617//1639 1613//1635
f 1613//1635 1612//1634 1616//1638
f 1614//1636 1618//1640 1619//1641
f 1615//1637 1614//1636 1619//1641
f 1621//1642 1617//1639 1616//1638
f 1616//1638 1620//1643 1621//1642
f 1618//1640 1622//1644 1623//1645
f 1619//1641 1618//1640 1623//1645
f 1624//1646 1625//1647 1621//1642
f 1621//1642 1620//1643 1624//1646
f 1622//1644 1626//1648 1627//1649
f 1623//1645 1622//1644 1627//1649
f 1628//1650 1629//1651 1625//1647
f 1625//1647 1624//1646 1628//1650
f 1626//1648 1630//1652 1631//1653
f 1627//1649 1626//1648 1631//1653
f 1632//1654 1633//1655 1629//1651
f 1629//1651 1628//1650 1632//1654
f 1631//1653 1630//1652 1634//1656
f 1631//1653 1634//1656 1635//1657
f 1637//1658 1633//1655 1632//1654
f 1632//1654 1636//1659 1637//1658
f 1635//1657 1634//1656 1638//1660
f 1635//1657 1638//1660 1639//1661
f 1641//1662 1637//1658 1636//1659
f 1636//1659 1640//1663 1641//1662
f 1639//1661 1638//1660 1642//1664
f 1639//1661 1642//1664 1643//1665
f 1645//1666 1641//1662 1640//1663
f 1640//1663 1644//1667 1645//1666
f 1642//1664 1646//1668 1647//1669
f 1643//1665 1642//1664 1647//1669
f 1649//1670 1645//1666 1644//1667
f 1644//1667 1648//1671 1649//1670
f 1646//1668 1650//1672 1651//1673
f 1647//1669 1646//1668 1651//1673
f 1652//1674 1653//1675 1649//1670
f 1649//1670 1648//1671 1652//1674
f 1651//1673 1650//1672 1654//1676
f 1651//1673 1654//1676 1655//1677
f 1657//1678 1653//1675 1652//1674
f 1652//1674 1656//1679 1657//1678
f 1654//1676 1658//1680 1659//1681
f 1655//1677 1654//1676 1659//1681
f 1660//1682 1661//1683 1657//1678
f 1657//1678 1656//1679 1660//1682
f 1659//1681 1658//1680 1662//1684
f 1659//1681 1662//1684 1663//1685
f 1665//1686 1661//1683 1660//1682
f 1660//1682 1664//1687 1665//1686
f 1663//1685 1662//1684 1666//1688
f 1663//1685 1666//1688 1667//1689
f 1669//1690 1665//1686 1664//1687
f 1664//1687 1668//1691 1669//1690
f 1666//1688 1670//1692 1671//1693
f 1667//1689 1666//1688 1671//1693
f 1672//1694 1673//1695 1669//1690
f 1669//1690 1668//1691 1672//1694
f 1670//1692 1674//1696 1675//1697
f 1671//1693 1670//1692 1675//1697
f 1676//1698 1677//1699 1673//1695
f 1673//1695 1672//1694 1676//1698
f 1674//1696 1678//1700 1679//1701
f 1675//1697 1674//1696 1679//1701
f 1680//1702 1681//1703 1677//1699
f 1677//1699 1676//1698 1680//1702
f 1679//1701 1678//1700 1682//1704
f 1679//1701 1682//1704 1683//1705
f 1685//1706 1681//1703 1680//1702
f 1680//1702 1684//1707 1685//1706
f 1683//1705 1682//1704 1686//1708
f 1683//1705 1686//1708 1687//1709
f 1689//1710 1685//1706 1684//1707
f 1684//1707 1688//1711 1689//1710
f 1687//1709 1686//1708 1690//1712
f 1687//1709 1690//1712 1691//1713
f 1693//1714 1689//1710 1688//1711
f 1688//1711 1692//1715 1693//1714
f 1691//1713 1690//1712 1694//1716
f 1691//1713 1694//1716 1695//1717
f 1696//1718 1697//1719 1693//1714
f 1693//1714 1692//1715 1696//1718
f 1695//1717 1694//1716 1698//1720
f 1695//1717 1698//1720 1699//1721
f 1700//1722 1701//1723 1697//1719
f 1697//1719 1696//1718 1700//1722
f 1699//1721 1698//1720 1702//1724
f 1699//1721 1702//1724 1703//1725
f 1705//1726 1701//1723 1700//1722
f 1700//1722 1704//1727 1705//1726
f 1703//1725 1702//1724 1706//1728
f 1703//1725 1706//1728 1707//1729
f 1708//1730 1709//1731 1705//1726
f 1705//1726 1704//1727 1708//1730
f 1706//1728 1710//1732 1711//1733
f 1707//1729 1706//1728 1711//1733
f 1712//1734 1713//1735 1709//1731
f 1709//1731 1708//1730 1712//1734
f 1711//1733 1710//1732 1595//1616
f 1711//1733 1595//1616 1594//1619
f 1598//1622 1713//1735 1712//1734
f 1712//1734 1599//1623 1598//1622
f 1599//1623 1712//1734 1559//1581
f 1559//1581 1384//1408 1599//1623
f 1710//1732 1713//1735 1598//1622
f 1710//1732 1598//1622 1595//1616
f 1711//1733 1594//1619 1715//1736
f 1714//1737 1711//1733 1715//1736
f 1712//1734 1708//1730 1553//1574
f 1553//1574 1559//1581 1712//1734
f 1710//1732 1706//1728 1709//1731
f 1709//1731 1713//1735 1710//1732
f 1707//1729 1711//1733 1714//1737
f 1716//1738 1707//1729 1714//1737
f 1708//1730 1704//1727 1547//1568
f 1547//1568 1553//1574 1708//1730
f 1709//1731 1706//1728 1702//1724
f 1702//1724 1705//1726 1709//1731
f 1703//1725 1707//1729 1716//1738
f 1717//1739 1703//1725 1716//1738
f 1547//1568 1704//1727 1700//1722
f 1700//1722 1541//1562 1547//1568
f 1701//1723 1705//1726 1702//1724
f 1698//1720 1701//1723 1702//1724
f 1718//1740 1699//1721 1703//1725
f 1718//1740 1703//1725 1717//1739
f 1700//1722 1696//1718 1535//1556
f 1535//1556 1541//1562 1700//1722
f 1701//1723 1698//1720 1694//1716
f 1694//1716 1697//1719 1701//1723
f 1695//1717 1699//1721 1718//1740
f 1719//1741 1695//1717 1718//1740
f 1535//1556 1696//1718 1692//1715
f 1692//1715 1529//1551 1535//1556
f 1694//1716 1690//1712 1693//1714
f 1693//1714 1697//1719 1694//1716
f 1720//1742 1691//1713 1695//1717
f 1720//1742 1695//1717 1719//1741
f 1529//1551 1692//1715 1688//1711
f 1688//1711 1523//1545 1529//1551
f 1689//1710 1693//1714 1690//1712
f 1686//1708 1689//1710 1690//1712
f 1721//1743 1687//1709 1691//1713
f 1721//1743 1691//1713 1720//1742
f 1523//1545 1688//1711 1684//1707
f 1684//1707 1517//1540 1523//1545
f 1686//1708 1682//1704 1685//1706
f 1685//1706 1689//1710 1686//1708
f 1683//1705 1687//1709 1721//1743
f 1722//1744 1683//1705 1721//1743
f 1517//1540 1684//1707 1680//1702
f 1680//1702 1511//1534 1517//1540
f 1682//1704 1678//1700 1681//1703
f 1681//1703 1685//1706 1682//1704
f 1679//1701 1683//1705 1722//1744
f 1723//1745 1679//1701 1722//1744
f 1680//1702 1676//1698 1505//1528
f 1505//1528 1511//1534 1680//1702
f 1674//1696 1677//1699 1681//1703
f 1674//1696 1681//1703 1678//1700
f 1724//1746 1675//1697 1679//1701
f 1724//1746 1679//1701 1723//1745
f 1676//1698 1672//1694 1499//1522
f 1499//1522 1505//1528 1676//1698
f 1677//1699 1674//1696 1670//1692
f 1670//1692 1673//1695 1677//1699
f 1671//1693 1675//1697 1724//1746
f 1725//1747 1671//1693 1724//1746
f 1672//1694 1668//1691 1493//1515
f 1493//1515 1499//1522 1672//1694
f 1669//1690 1673//1695 1670//1692
f 1666//1688 1669//1690 1670//1692
f 1667//1689 1671//1693 1725//1747
f 1726//1748 1667//1689 1725//1747
f 1493//1515 1668//1691 1664//1687
f 1664//1687 1487//1509 1493//1515
f 1662//1684 1665//1686 1669//1690
f 1662//1684 1669//1690 1666//1688
f 1663//1685 1667//1689 1726//1748
f 1727//1749 1663//1685 1726//1748
f 1487//1509 1664//1687 1660//1682
f 1660//1682 1481//1503 1487//1509
f 1661//1683 1665//1686 1662//1684
f 1658//1680 1661//1683 1662//1684
f 1659//1681 1663//1685 1727//1749
f 1728//1750 1659//1681 1727//1749
f 1481//1503 1660//1682 1656//1679
f 1656//1679 1475//1498 1481//1503
f 1658//1680 1654//1676 1657//1678
f 1657//1678 1661//1683 1658//1680
f 1729//1751 1655//1677 1659//1681
f 1729//1751 1659//1681 1728//1750
f 1656//1679 1652//1674 1469//1491
f 1469//1491 1475//1498 1656//1679
f 1657//1678 1654//1676 1650//1672
f 1650//1672 1653//1675 1657//1678
f 1651//1673 1655//1677 1729//1751
f 1730//1752 1651//1673 1729//1751
f 1652//1674 1648//1671 1463//1485
f 1463//1485 1469//1491 1652//1674
f 1646//1668 1649//1670 1653//1675
f 1646//1668 1653//1675 1650//1672
f 1731//1753 1647//1669 1651//1673
f 1731//1753 1651//1673 1730//1752
f 1463//1485 1648//1671 1644//1667
f 1644//1667 1457//1479 1463//1485
f 1645//1666 1649//1670 1646//1668
f 1642//1664 1645//1666 1646//1668
f 1732//1754 1643//1665 1647//1669
f 1732//1754 1647//1669 1731//1753
f 1457//1479 1644//1667 1640//1663
f 1640//1663 1451//1473 1457//1479
f 1638//1660 1641//1662 1645//1666
f 1638//1660 1645//1666 1642//1664
f 1733//1755 1639//1661 1643//1665
f 1733//1755 1643//1665 1732//1754
f 1451//1473 1640//1663 1636//1659
f 1636//1659 1445//1467 1451//1473
f 1638//1660 1634//1656 1637//1658
f 1637//1658 1641//1662 1638//1660
f 1734//1756 1635//1657 1639//1661
f 1734//1756 1639//1661 1733//1755
f 1445//1467 1636//1659 1632//1654
f 1632//1654 1439//1461 1445//1467
f 1633//1655 1637//1658 1634//1656
f 1630//1652 1633//1655 1634//1656
f 1631//1653 1635//1657 1734//1756
f 1735//1757 1631//1653 1734//1756
f 1632//1654 1628//1650 1433//1456
f 1433//1456 1439//1461 1632//1654
f 1626//1648 1629//1651 1633//1655
f 1626//1648 1633//1655 1630//1652
f 1736//1758 1627//1649 1631//1653
f 1736//1758 1631//1653 1735//1757
f 1628//1650 1624//1646 1427//1450
f 1427//1450 1433//1456 1628//1650
f 1629//1651 1626//1648 1622//1644
f 1622//1644 1625//1647 1629//1651
f 1737//1759 1623//1645 1627//1649
f 1737//1759 1627//1649 1736//1758
f 1624//1646 1620//1643 1421//1444
f 1421//1444 1427//1450 1624//1646
f 1618//1640 1621//1642 1625//1647
f 1618//1640 1625//1647 1622//1644
f 1619//1641 1623//1645 1737//1759
f 1738//1760 1619//1641 1737//1759
f 1620//1643 1616//1638 1415//1438
f 1415//1438 1421//1444 1620//1643
f 1621//1642 1618//1640 1614//1636
f 1614//1636 1617//1639 1621//1642
f 1615//1637 1619//1641 1738//1760
f 1739//1761 1615//1637 1738//1760
f 1415//1438 1616//1638 1612//1634
f 1612//1634 1409//1432 1415//1438
f 1614//1636 1610//1632 1613//1635
f 1613//1635 1617//1639 1614//1636
f 1740//1762 1611//1633 1615//1637
f 1740//1762 1615//1637 1739//1761
f 1612//1634 1608//1630 1403//1426
f 1403//1426 1409//1432 1612//1634
f 1606//1628 1609//1631 1613//1635
f 1606//1628 1613//1635 1610//1632
f 1607//1629 1611//1633 1740//1762
f 1741//1763 1607//1629 1740//1762
f 1403//1426 1608//1630 1604//1627
f 1604//1627 1397//1419 1403//1426
f 1606//1628 1602//1624 1605//1626
f 1605//1626 1609//1631 1606//1628
f 1742//1764 1603//1625 1607//1629
f 1742//1764 1607//1629 1741//1763
f 1397//1419 1604//1627 1600//1620
f 1600//1620 1387//1407 1397//1419
f 1605//1626 1602//1624 1596//1617
f 1596//1617 1601//1621 1605//1626
f 1743//1765 1597//1618 1603//1625
f 1743//1765 1603//1625 1742//1764
f 1387//1407 1600//1620 1599//1623
f 1599//1623 1384//1408 1387//1407
f 1596//1617 1595//1616 1598//1622
f 1598//1622 1601//1621 1596//1617
f 1715//1736 1594//1619 1597//1618
f 1715//1736 1597//1618 1743//1765
f 1745//1766 1746//1767 1747//1768
f 1744//1769 1745//1766 1747//1768
f 1715//1736 1743//1765 1749//1770
f 1748//1771 1715//1736 1749//1770
f 1747//1768 1746//1767 1750//1772
f 1747//1768 1750//1772 1751//1773
f 1743//1765 1742//1764 1752//1774
f 1749//1770 1743//1765 1752//1774
f 1750//1772 1753//1775 1754//1776
f 1751//1773 1750//1772 1754//1776
f 1742//1764 1741//1763 1755//1777
f 1752//1774 1742//1764 1755//1777
f 1754//1776 1753//1775 1756//1778
f 1754//1776 1756//1778 1757//1779
f 1755//1777 1741//1763 1740//1762
f 1755//1777 1740//1762 1758//1780
f 1756//1778 1759//1781 1760//1782
f 1757//1779 1756//1778 1760//1782
f 1740//1762 1739//1761 1761//1783
f 1758//1780 1740//1762 1761//1783
f 1759//1781 1762//1784 1763//1785
f 1760//1782 1759//1781 1763//1785
f 1739//1761 1738//1760 1764//1786
f 1761//1783 1739//1761 1764//1786
f 1763//1785 1762//1784 1765//1787
f 1763//1785 1765//1787 1766//1788
f 1764//1786 1738//1760 1737//1759
f 1764//1786 1737//1759 1767//1789
f 1765//1787 1768//1790 1769//1791
f 1766//1788 1765//1787 1769//1791
f 1767//1789 1737//1759 1736//1758
f 1767//1789 1736//1758 1770//1792
f 1769//1791 1768//1790 1771//1793
f 1769//1791 1771//1793 1772//1794
f 1736//1758 1735//1757 1773//1795
f 1770//1792 1736//1758 1773//1795
f 1771//1793 1774//1796 1775//1797
f 1772//1794 1771//1793 1775//1797
f 1735//1757 1734//1756 1776//1798
f 1773//1795 1735//1757 1776//1798
f 1774//1796 1777//1799 1778//1800
f 1775//1797 1774//1796 1778//1800
f 1734//1756 1733//1755 1779//1801
f 1776//1798 1734//1756 1779//1801
f 1777//1799 1780//1802 1781//1803
f 1778//1800 1777//1799 1781//1803
f 1733//1755 1732//1754 1782//1804
f 1779//1801 1733//1755 1782//1804
f 1780//1802 1783//1805 1784//1806
f 1781//1803 1780//1802 1784//1806
f 1732//1754 1731//1753 1785//1807
f 1782//1804 1732//1754 1785//1807
f 1784//1806 1783//1805 1786//1808
f 1784//1806 1786//1808 1787//1809
f 1785//1807 1731//1753 1730//1752
f 1785//1807 1730//1752 1788//1810
f 1786//1808 1789//1811 1790//1812
f 1787//1809 1786//1808 1790//1812
f 1788//1810 1730//1752 1729//1751
f 1788//1810 1729//1751 1791//1813
f 1790//1812 1789//1811 1792//1814
f 1790//1812 1792//1814 1793//1815
f 1729//1751 1728//1750 1794//1816
f 1791//1813 1729//1751 1794//1816
f 1792//1814 1795//1817 1796//1818
f 1793//1815 1792//1814 1796//1818
f 1728//1750 1727//1749 1797//1819
f 1794//1816 1728//1750 1797//1819
f 1796//1818 1795//1817 1798//1820
f 1796//1818 1798//1820 1799//1821
f 1797//1819 1727//1749 1726//1748
f 1797//1819 1726//1748 1800//1822
f 1799//1821 1798//1820 1801//1823
f 1799//1821 1801//1823 1802//1824
f 1800//1822 1726//1748 1725//1747
f 1800//1822 1725//1747 1803//1825
f 1802//1824 1801//1823 1804//1826
f 1802//1824 1804//1826 1805//1827
f 1803//1825 1725//1747 1724//1746
f 1803//1825 1724//1746 1806//1828
f 1805//1827 1804//1826 1807//1829
f 1805//1827 1807//1829 1808//1830
f 1806//1828 1724//1746 1723//1745
f 1806//1828 1723//1745 1809//1831
f 1807//1829 1810//1832 1811//1833
f 1808//1830 1807//1829 1811//1833
f 1809//1831 1723//1745 1722//1744
f 1809//1831 1722//1744 1812//1834
f 1811//1833 1810//1832 1813//1835
f 1811//1833 1813//1835 1814//1836
f 1722//1744 1721//1743 1815//1837
f 1812//1834 1722//1744 1815//1837
f 1813//1835 1816//1838 1817//1839
f 1814//1836 1813//1835 1817//1839
f 1721//1743 1720//1742 1818//1840
f 1815//1837 1721//1743 1818//1840
f 1817//1839 1816//1838 1819//1841
f 1817//1839 1819//1841 1820//1842
f 1818//1840 1720//1742 1719//1741
f 1818//1840 1719//1741 1821//1843
f 1820//1842 1819//1841 1822//1844
f 1820//1842 1822//1844 1823//1845
f 1821//1843 1719//1741 1718//1740
f 1821//1843 1718//1740 1824//1846
f 1822//1844 1825//1847 1826//1848
f 1823//1845 1822//1844 1826//1848
f 1718//1740 1717//1739 1827//1849
f 1824//1846 1718//1740 1827//1849
f 1825//1847 1828//1850 1829//1851
f 1826//1848 1825//1847 1829//1851
f 1717//1739 1716//1738 1830//1852
f 1827//1849 1717//1739 1830//1852
f 1828//1850 1831//1853 1832//1854
f 1829//1851 1828//1850 1832//1854
f 1830//1852 1716//1738 1714//1737
f 1830//1852 1714//1737 1833//1855
f 1832//1854 1831//1853 1745//1766
f 1832//1854 1745//1766 1744//1769
f 1833//1855 1714//1737 1715//1736
f 1833//1855 1715//1736 1748//1771
f 1831//1853 1833//1855 1748//1771
f 1831//1853 1748//1771 1745//1766
f 1832//1854 1744//1769 1835//1856
f 1834//1857 1832//1854 1835//1856
f 1830//1852 1833//1855 1831//1853
f 1828//1850 1830//1852 1831//1853
f 1836//1858 1829//1851 1832//1854
f 1836//1858 1832//1854 1834//1857
f 1825//1847 1827//1849 1830//1852
f 1825//1847 1830//1852 1828//1850
f 1826//1848 1829//1851 1836//1858
f 1837//1859 1826//1848 1836//1858
f 1824//1846 1827//1849 1825//1847
f 1822//1844 1824//1846 1825//1847
f 1838//1860 1823//1845 1826//1848
f 1838//1860 1826//1848 1837//1859
f 1821//1843 1824//1846 1822//1844
f 1819//1841 1821//1843 1822//1844
f 1839//1861 1820//1842 1823//1845
f 1839//1861 1823//1845 1838//1860
f 1818//1840 1821//1843 1819//1841
f 1816//1838 1818//1840 1819//1841
f 1817//1839 1820//1842 1839//1861
f 1840//1862 1817//1839 1839//1861
f 1815//1837 1818//1840 1816//1838
f 1813//1835 1815//1837 1816//1838
f 1841//1863 1814//1836 1817//1839
f 1841//1863 1817//1839 1840//1862
f 1812//1834 1815//1837 1813//1835
f 1810//1832 1812//1834 1813//1835
f 1811//1833 1814//1836 1841//1863
f 1842//1864 1811//1833 1841//1863
f 1809//1831 1812//1834 1810//1832
f 1807//1829 1809//1831 1810//1832
f 1843//1865 1808//1830 1811//1833
f 1843//1865 1811//1833 1842//1864
f 1804//1826 1806//1828 1809//1831
f 1804//1826 1809//1831 1807//1829
f 1844//1866 1805//1827 1808//1830
f 1844//1866 1808//1830 1843//1865
f 1803//1825 1806//1828 1804//1826
f 1801//1823 1803//1825 1804//1826
f 1845//1867 1802//1824 1805//1827
f 1845//1867 1805//1827 1844//1866
f 1800//1822 1803//1825 1801//1823
f 1798//1820 1800//1822 1801//1823
f 1799//1821 1802//1824 1845//1867
f 1846//1868 1799//1821 1845//1867
f 1797//1819 1800//1822 1798//1820
f 1795//1817 1797//1819 1798//1820
f 1847//1869 1796//1818 1799//1821
f 1847//1869 1799//1821 1846//1868
f 1794//1816 1797//1819 1795//1817
f 1792//1814 1794//1816 1795//1817
f 1793//1815 1796//1818 1847//1869
f 1848//1870 1793//1815 1847//1869
f 1791//1813 1794//1816 1792//1814
f 1789//1811 1791//1813 1792//1814
f 1849//1871 1790//1812 1793//1815
f 1849//1871 1793//1815 1848//1870
f 1786//1808 1788//1810 1791//1813
f 1786//1808 1791//1813 1789//1811
f 1787//1809 1790//1812 1849//1871
f 1850//1872 1787//1809 1849//1871
f 1783//1805 1785//1807 1788//1810
f 1783//1805 1788//1810 1786//1808
f 1784//1806 1787//1809 1850//1872
f 1851//1873 1784//1806 1850//1872
f 1780//1802 1782//1804 1785//1807
f 1780//1802 1785//1807 1783//1805
f 1852//1874 1781//1803 1784//1806
f 1852//1874 1784//1806 1851//1873
f 1777//1799 1779//1801 1782//1804
f 1777//1799 1782//1804 1780//1802
f 1853//1875 1778//1800 1781//1803
f 1853//1875 1781//1803 1852//1874
f 1774//1796 1776//1798 1779//1801
f 1774//1796 1779//1801 1777//1799
f 1775//1797 1778//1800 1853//1875
f 1854//1876 1775//1797 1853//1875
f 1773//1795 1776//1798 1774//1796
f 1771//1793 1773//1795 1774//1796
f 1772//1794 1775//1797 1854//1876
f 1855//1877 1772//1794 1854//1876
f 1768//1790 1770//1792 1773//1795
f 1768//1790 1773//1795 1771//1793
f 1769//1791 1772//1794 1855//1877
f 1856//1878 1769//1791 1855//1877
f 1765//1787 1767//1789 1770//1792
f 1765//1787 1770//1792 1768//1790
f 1857//1879 1766//1788 1769//1791
f 1857//1879 1769//1791 1856//1878
f 1762//1784 1764//1786 1767//1789
f 1762//1784 1767//1789 1765//1787
f 1763//1785 1766//1788 1857//1879
f 1858//1880 1763//1785 1857//1879
f 1759//1781 1761//1783 1764//1786
f 1759//1781 1764//1786 1762//1784
f 1760//1782 1763//1785 1858//1880
f 1859//1881 1760//1782 1858//1880
f 1756//1778 1758//1780 1761//1783
f 1756//1778 1761//1783 1759//1781
f 1860//1882 1757//1779 1760//1782
f 1860//1882 1760//1782 1859//1881
f 1753//1775 1755//1777 1758//1780
f 1753//1775 1758//1780 1756//1778
f 1861//1883 1754//1776 1757//1779
f 1861//1883 1757//1779 1860//1882
f 1752//1774 1755//1777 1753//1775
f 1750//1772 1752//1774 1753//1775
f 1862//1884 1751//1773 1754//1776
f 1862//1884 1754//1776 1861//1883
f 1746//1767 1749//1770 1752//1774
f 1746//1767 1752//1774 1750//1772
f 1747//1768 1751//1773 1862//1884
f 1863//1885 1747//1768 1862//1884
f 1748//1771 1749//1770 1746//1767
f 1745//1766 1748//1771 1746//1767
f 1835//1856 1744//1769 1747//1768
f 1835//1856 1747//1768 1863//1885
