# Blender 5.0.1
# www.blender.org
mtllib LlantaTrasDer.mtl
g LlantaTraseraDer_Mesh
v 2.162144 0.866389 -4.886430
v 2.157839 1.051304 -4.662648
v 2.162144 0.633882 -4.908479
v 2.157829 0.401439 -4.517969
v 2.157839 0.401439 -4.724271
v 2.157829 1.003769 -4.460839
v 2.122087 0.586354 -4.294176
v 2.122087 0.771328 -4.276648
v 2.157808 2.869913 -3.794286
v 2.122074 2.574532 -3.711312
v 2.122074 2.413461 -3.795209
v 2.157816 2.345414 -4.067506
v 2.157822 2.438416 -4.255986
v 2.162121 2.733797 -4.338975
v 2.157816 3.004314 -3.961190
v 2.162121 2.936265 -4.233495
v 2.162079 4.532853 -2.877385
v 2.157772 4.472270 -2.603631
v 2.162086 4.395437 -3.048039
v 2.157785 3.918266 -2.942578
v 2.157785 4.088187 -3.080632
v 2.157772 4.274250 -2.500485
v 2.122040 3.857683 -2.668851
v 2.122040 3.966998 -2.533090
v 2.157724 4.973953 -0.803182
v 2.121996 4.707964 -0.945710
v 2.121996 4.669291 -1.109853
v 2.157738 4.848028 -1.337686
v 2.157738 5.065493 -1.401448
v 2.162037 5.331488 -1.258905
v 2.157724 5.201358 -0.824739
v 2.162029 5.380093 -1.052568
v 2.157673 4.848028 1.004191
v 2.121939 4.669291 0.776351
v 2.121946 4.707964 0.612216
v 2.157688 4.973953 0.469676
v 2.157688 5.201358 0.491240
v 2.161980 5.380093 0.719077
v 2.157667 5.065493 1.067954
v 2.161972 5.331488 0.925414
v 2.161922 4.395437 2.714534
v 2.157623 4.088188 2.747127
v 2.161922 4.532853 2.543883
v 2.157637 4.274250 2.166991
v 2.157631 4.472270 2.270141
v 2.157623 3.918266 2.609092
v 2.121902 3.966998 2.199592
v 2.121895 3.857683 2.335360
v 2.157597 2.345414 3.734019
v 2.121866 2.413461 3.461715
v 2.121866 2.574534 3.377818
v 2.157602 2.869920 3.460783
v 2.157597 3.004314 3.627692
v 2.161888 2.936265 3.900004
v 2.157587 2.438416 3.922496
v 2.161880 2.733797 4.005469
v 2.161865 0.633884 4.574976
v 2.157574 0.401440 4.390773
v 2.161865 0.866390 4.552927
v 2.157583 1.003770 4.127349
v 2.157574 1.051304 4.329154
v 2.157583 0.401440 4.184462
v 2.121851 0.771328 3.943141
v 2.121851 0.586355 3.960680
v 2.157587 -1.577521 3.882555
v 2.121851 -1.307714 3.745974
v 2.121851 -1.130832 3.797839
v 2.157583 -1.001519 4.051425
v 2.157574 -1.049060 4.253219
v 2.161875 -1.318869 4.389803
v 2.157583 -1.670525 4.071029
v 2.161875 -1.541220 4.324622
v 2.161901 -3.415408 3.297641
v 2.157610 -3.419219 3.018531
v 2.161901 -3.241668 3.438796
v 2.157602 -2.799219 3.246127
v 2.157602 -2.933619 3.413038
v 2.157618 -3.249304 2.880469
v 2.121881 -2.803038 2.967021
v 2.121881 -2.941250 2.854712
v 2.157658 -4.324814 1.351512
v 2.121925 -4.031797 1.441035
v 2.121918 -3.956150 1.594340
v 2.157644 -4.078479 1.850730
v 2.157644 -4.276505 1.953891
v 2.161945 -4.569523 1.864360
v 2.157658 -4.542286 1.415263
v 2.161953 -4.664617 1.671641
v 2.162008 -5.072849 -0.272214
v 2.157715 -4.845524 -0.461545
v 2.162003 -5.072849 -0.061273
v 2.157696 -4.618121 0.106490
v 2.157696 -4.845524 0.128043
v 2.157711 -4.618121 -0.439981
v 2.121965 -4.390781 -0.082841
v 2.121975 -4.390781 -0.250650
v 2.157768 -4.078479 -2.184224
v 2.122026 -3.956150 -1.927842
v 2.122017 -4.031797 -1.774530
v 2.157745 -4.324814 -1.685006
v 2.157751 -4.542286 -1.748761
v 2.162060 -4.664617 -2.005139
v 2.157768 -4.276505 -2.287381
v 2.162066 -4.569523 -2.197850
v 2.162107 -3.241668 -3.772279
v 2.157808 -2.933619 -3.746533
v 2.162107 -3.415409 -3.631140
v 2.157795 -3.249306 -3.213971
v 2.157795 -3.419219 -3.352017
v 2.157803 -2.799220 -3.579629
v 2.122061 -2.941250 -3.188218
v 2.122061 -2.803038 -3.300511
v 2.157822 -1.001520 -4.384915
v 2.122080 -1.130833 -4.131330
v 2.122080 -1.307715 -4.079473
v 2.157822 -1.577523 -4.216058
v 2.157829 -1.670525 -4.404523
v 2.162138 -1.541221 -4.658116
v 2.157829 -1.049061 -4.586718
v 2.162138 -1.318869 -4.723291
v -3.560968 -2.566576 -5.771638
v -3.560953 -1.214647 -6.167982
v -3.560982 -3.797640 -5.130345
v -3.561075 -6.267741 -2.062757
v -3.561041 -5.689562 -3.234464
v -3.561111 -6.563286 -0.808171
v -3.561218 -5.689562 2.900699
v -3.561184 -6.267741 1.728980
v -3.561245 -4.854022 3.938342
v -3.561302 -1.214646 5.834205
v -3.561289 -2.566575 5.437872
v -3.561302 0.199071 5.968279
v -3.561274 4.195782 4.796568
v -3.561289 2.964716 5.437872
v -3.561245 5.252166 3.938342
v -3.561146 6.961428 0.474425
v -3.561184 6.665882 1.728980
v -3.561111 6.961428 -0.808175
v -3.561010 5.252165 -4.272115
v -3.561041 6.087706 -3.234464
v -3.560982 4.195782 -5.130345
v -3.560953 1.612788 -6.167982
v -3.560968 2.964715 -5.771638
v -3.560953 0.199070 -6.302042
v -3.561075 6.665882 -2.062757
v -3.561218 6.087706 2.900699
v -3.561302 1.612789 5.834205
v -3.561274 -3.797639 4.796573
v -3.561146 -6.563286 0.474425
v -3.561010 -4.854023 -4.272111
v 4.136608 -2.945211 -6.538774
v 4.136623 -1.408196 -6.989377
v 4.136589 -4.344812 -5.809671
v 4.136486 -7.153076 -2.322129
v 4.136532 -6.495748 -3.654253
v 4.136448 -7.489092 -0.895799
v 4.136326 -6.495748 3.320837
v 4.136364 -7.153076 1.988719
v 4.136288 -5.545817 4.500547
v 4.136230 -1.408195 6.655971
v 4.136238 -2.945210 6.205370
v 4.136223 0.199071 6.808402
v 4.136261 4.742953 5.476272
v 4.136238 3.343353 6.205370
v 4.136288 5.943958 4.500547
v 4.136402 7.887226 0.562400
v 4.136364 7.551224 1.988719
v 4.136448 7.887226 -0.895799
v 4.136562 5.943958 -4.833960
v 4.136532 6.893888 -3.654253
v 4.136589 4.742952 -5.809671
v 4.136623 1.806329 -6.989377
v 4.136608 3.343352 -6.538774
v 4.136631 0.199070 -7.141806
v 4.136486 7.551224 -2.322129
v 4.136326 6.893888 3.320837
v 4.136230 1.806330 6.655971
v 4.136261 -4.344811 5.476274
v 4.136402 -7.489092 0.562400
v 4.136562 -5.545818 -4.833955
v 1.966206 5.510237 -0.792840
v 1.966276 4.268595 -3.309106
v 1.966301 3.237273 -4.146955
v 1.966328 0.333988 -4.998114
v 1.966328 -1.046191 -4.867234
v 1.966288 -3.689896 -3.490033
v 1.966257 -4.505610 -2.477006
v 1.966179 -5.140301 0.217193
v 1.966143 -4.851769 1.442008
v 1.966078 -3.057444 3.670348
v 1.966057 -1.855590 4.296428
v 1.966051 1.180380 4.584342
v 1.966064 2.500241 4.197410
v 1.966114 4.768835 2.354350
v 1.966152 5.333289 1.210448
v 1.966171 5.510237 0.459323
v 1.966099 4.268595 2.975600
v 1.966072 3.237274 3.813460
v 1.966051 0.333989 4.664607
v 1.966051 -1.046189 4.533720
v 1.966091 -3.689896 3.156523
v 1.966122 -4.505610 2.143512
v 1.966200 -5.140301 -0.550698
v 1.966236 -4.851769 -1.775514
v 1.966301 -3.057444 -4.003847
v 1.966320 -1.855590 -4.629938
v 1.966328 1.180380 -4.917844
v 1.966314 2.500240 -4.530920
v 1.966263 4.768835 -2.687867
v 1.966228 5.333289 -1.543962
v -1.967297 -0.339489 -2.452986
v -1.967361 0.199071 -0.166844
v -1.967297 0.199070 -2.504045
v -1.967319 -1.725920 -1.730744
v -1.967312 -1.323483 -2.057679
v -1.967333 -2.044216 -1.335450
v -1.967375 -2.377060 0.077456
v -1.967361 -2.377060 -0.411149
v -1.967390 -2.264478 0.555392
v -1.967417 -1.323483 1.723994
v -1.967409 -1.725920 1.397044
v -1.967424 -0.854506 1.968303
v -1.967432 0.737630 2.119281
v -1.967432 0.199071 2.170367
v -1.967424 1.252649 1.968303
v -1.967396 2.442358 1.001761
v -1.967409 2.124060 1.397044
v -1.967390 2.662619 0.555392
v -1.967346 2.662619 -0.889077
v -1.967361 2.775201 -0.411149
v -1.967333 2.442358 -1.335450
v -1.967302 1.252648 -2.301996
v -1.967312 1.721624 -2.057679
v -1.967297 0.737630 -2.452986
v -1.967319 2.124059 -1.730744
v -1.967375 2.775201 0.077456
v -1.967417 1.721624 1.723994
v -1.967432 -0.339489 2.119281
v -1.967396 -2.044216 1.001761
v -1.967346 -2.264478 -0.889077
v -1.967302 -0.854507 -2.301996
v -1.424738 -0.986209 -2.568861
v -1.424730 -0.406812 -2.738732
v -1.424746 -1.513802 -2.294030
v -1.424782 -2.572418 -0.979356
v -1.424767 -2.324624 -1.481515
v -1.424795 -2.699082 -0.441678
v -1.424845 -2.324624 1.147849
v -1.424831 -2.572418 0.645678
v -1.424860 -1.966544 1.592540
v -1.424881 -0.406811 2.405066
v -1.424873 -0.986209 2.235202
v -1.424881 0.199071 2.462527
v -1.424868 1.911942 1.960357
v -1.424873 1.384344 2.235202
v -1.424860 2.364685 1.592540
v -1.424818 3.097223 0.107997
v -1.424831 2.970559 0.645678
v -1.424795 3.097223 -0.441678
v -1.424753 2.364685 -1.926221
v -1.424767 2.722764 -1.481515
v -1.424746 1.911942 -2.294030
v -1.424730 0.804945 -2.738732
v -1.424738 1.384343 -2.568861
v -1.424730 0.199070 -2.796193
v -1.424782 2.970559 -0.979356
v -1.424845 2.722764 1.147849
v -1.424881 0.804946 2.405066
v -1.424868 -1.513802 1.960360
v -1.424818 -2.699082 0.107997
v -1.424753 -1.966544 -1.926221
v -1.424717 -0.533031 -3.274541
v -1.424717 0.199070 -3.343976
v -1.424746 -2.417713 -2.292749
v -1.424730 -1.870655 -2.737199
v -1.424759 -2.850400 -1.755410
v -1.424818 -3.302862 0.165263
v -1.424795 -3.302862 -0.498929
v -1.424831 -3.149815 0.814956
v -1.424881 -1.870655 2.403533
v -1.424868 -2.417712 1.959083
v -1.424889 -1.233143 2.735636
v -1.424896 0.931171 2.940875
v -1.424902 0.199071 3.010306
v -1.424889 1.631284 2.735636
v -1.424854 3.248541 1.421737
v -1.424868 2.815845 1.959083
v -1.424831 3.547954 0.814952
v -1.424782 3.547954 -1.148625
v -1.424795 3.701002 -0.498933
v -1.424759 3.248540 -1.755414
v -1.424725 1.631284 -3.069295
v -1.424730 2.268796 -2.737199
v -1.424717 0.931171 -3.274541
v -1.424746 2.815845 -2.292749
v -1.424818 3.701002 0.165263
v -1.424881 2.268796 2.403533
v -1.424896 -0.533031 2.940875
v -1.424854 -2.850400 1.421737
v -1.424782 -3.149815 -1.148625
v -1.424725 -1.233143 -3.069295
v -4.713932 -0.936952 -4.989233
v -4.103554 -0.945372 -5.024939
v -4.103548 0.199070 -5.133459
v -4.713924 0.199070 -5.096955
v -4.103563 -2.039795 -4.704084
v -4.103577 -3.036364 -4.184935
v -4.713978 -3.861454 -3.465765
v -4.103598 -3.891533 -3.490178
v -4.713953 -3.012570 -4.155416
v -4.713997 -4.532869 -2.631932
v -4.103619 -4.567924 -2.650170
v -4.103647 -5.035966 -1.701643
v -4.103683 -5.275220 -0.686048
v -4.714088 -5.234962 0.348422
v -4.103712 -5.275220 0.352248
v -4.714062 -5.234962 -0.682244
v -4.714117 -4.997476 1.356551
v -4.103741 -5.035966 1.367862
v -4.103767 -4.567924 2.316371
v -4.103790 -3.891532 3.156379
v -4.714190 -3.012569 3.821589
v -4.103809 -3.036363 3.851138
v -4.714169 -3.861453 3.131922
v -4.714203 -2.023330 4.336913
v -4.103827 -2.039794 4.370284
v -4.103832 -0.945371 4.691138
v -4.103840 0.199071 4.799670
v -4.714211 1.335092 4.655406
v -4.103832 1.343505 4.691138
v -4.714211 0.199071 4.763133
v -4.714203 2.421463 4.336913
v -4.103827 2.437936 4.370284
v -4.103809 3.434504 3.851138
v -4.103790 4.289675 3.156379
v -4.714140 4.931005 2.298114
v -4.103767 4.966059 2.316371
v -4.714169 4.259594 3.131922
v -4.714117 5.395617 1.356551
v -4.103741 5.434109 1.367858
v -4.103712 5.673361 0.352248
v -4.103683 5.673361 -0.686048
v -4.714033 5.395617 -1.690382
v -4.103647 5.434109 -1.701643
v -4.714062 5.633112 -0.682244
v -4.713997 4.931005 -2.631932
v -4.103619 4.966059 -2.650174
v -4.103598 4.289674 -3.490178
v -4.103577 3.434503 -4.184935
v -4.713940 2.421463 -4.670743
v -4.103563 2.437935 -4.704084
v -4.713953 3.410711 -4.155416
v -4.103554 1.343505 -5.024939
v -4.713932 1.335092 -4.989233
v -4.713978 4.259594 -3.465765
v -4.714088 5.633112 0.348422
v -4.714190 3.410712 3.821586
v -4.714211 -0.936952 4.655406
v -4.714140 -4.532869 2.298114
v -4.714033 -4.997476 -1.690382
v -4.713940 -2.023331 -4.670743
v -4.985210 -2.220878 -5.071080
v -4.985197 -1.037937 -5.417882
v -4.985228 -3.298054 -4.509934
v -4.985304 -5.459388 -1.825799
v -4.985275 -4.953485 -2.851056
v -4.985332 -5.717999 -0.728055
v -4.985426 -4.953485 2.517222
v -4.985397 -5.459388 1.491969
v -4.985455 -4.222389 3.425155
v -4.985504 -1.037936 5.084044
v -4.985497 -2.220877 4.737246
v -4.985504 0.199071 5.201354
v -4.985474 3.696194 4.176104
v -4.985497 2.619018 4.737246
v -4.985455 4.620531 3.425155
v -4.985367 6.116135 0.394214
v -4.985397 5.857531 1.491969
v -4.985332 6.116135 -0.728059
v -4.985249 4.620529 -3.758996
v -4.985275 5.351627 -2.851056
v -4.985228 3.696194 -4.509934
v -4.985197 1.436069 -5.417882
v -4.985210 2.619017 -5.071080
v -4.985197 0.199070 -5.535176
v -4.985304 5.857531 -1.825799
v -4.985426 5.351627 2.517219
v -4.985504 1.436071 5.084044
v -4.985474 -3.298054 4.176104
v -4.985367 -5.717999 0.394214
v -4.985249 -4.222390 -3.758996
v 0.372555 -0.861217 -4.667619
v -1.933323 -0.894879 -4.810559
v -1.933315 0.199070 -4.914289
v 0.372555 0.199070 -4.768175
v -4.171354 -1.080009 -5.596463
v -4.171354 0.199070 -5.717774
v -1.933331 -1.941013 -4.503850
v -4.171368 -2.303185 -5.237864
v -1.933344 -2.893621 -4.007611
v -4.171383 -3.417003 -4.657640
v 0.372515 -3.590755 -3.245713
v -1.933365 -3.711061 -3.343503
v 0.372536 -2.798467 -3.889382
v -4.171402 -4.372782 -3.881144
v 0.372492 -4.217408 -2.467489
v -1.933386 -4.357608 -2.540574
v -4.171431 -5.128739 -2.942319
v -1.933416 -4.805009 -1.633893
v -4.171459 -5.651853 -1.882203
v -1.933445 -5.033713 -0.663095
v -4.171497 -5.919255 -0.747113
v 0.372406 -4.872698 0.314185
v -1.933472 -5.033713 0.329394
v 0.372435 -4.872698 -0.647771
v -4.171532 -5.919255 0.413310
v 0.372387 -4.651043 1.255114
v -1.933493 -4.805009 1.300208
v -4.171566 -5.651853 1.548407
v -1.933521 -4.357608 2.206878
v -4.171597 -5.128738 2.608526
v -1.933552 -3.711061 3.009818
v -4.171623 -4.372780 3.547358
v 0.372316 -2.798466 3.555797
v -1.933565 -2.893621 3.673907
v 0.372335 -3.590755 2.912131
v -4.171646 -3.417002 4.323835
v 0.372299 -1.875170 4.036776
v -1.933578 -1.941013 4.170161
v -4.171659 -2.303185 4.904067
v -1.933594 -0.894878 4.476862
v -4.171675 -1.080008 5.262675
v -1.933594 0.199071 4.580611
v -4.171675 0.199071 5.383952
v 0.372293 1.259359 4.334033
v -1.933594 1.293019 4.476862
v 0.372293 0.199071 4.434592
v -4.171675 1.478149 5.262675
v 0.372299 2.273311 4.036776
v -1.933578 2.339155 4.170161
v -4.171659 2.701326 4.904067
v -1.933565 3.291762 3.673907
v -4.171646 3.815144 4.323835
v -1.933552 4.109202 3.009818
v -4.171623 4.770916 3.547358
v 0.372356 4.615543 2.133895
v -1.933521 4.755750 2.206878
v 0.372335 3.988891 2.912131
v -4.171597 5.526882 2.608523
v 0.372387 5.049178 1.255114
v -1.933493 5.203152 1.300204
v -4.171566 6.049995 1.548404
v -1.933472 5.431847 0.329394
v -4.171532 6.317400 0.413310
v -1.933445 5.431847 -0.663098
v -4.171497 6.317400 -0.747113
v 0.372465 5.049178 -1.588697
v -1.933416 5.203152 -1.633893
v 0.372435 5.270840 -0.647775
v -4.171459 6.049995 -1.882203
v 0.372492 4.615543 -2.467489
v -1.933386 4.755750 -2.540574
v -4.171431 5.526882 -2.942319
v -1.933365 4.109202 -3.343503
v -4.171402 4.770914 -3.881146
v -1.933344 3.291761 -4.007611
v -4.171383 3.815143 -4.657640
v 0.372541 2.273311 -4.370359
v -1.933331 2.339155 -4.503850
v 0.372536 3.196599 -3.889382
v -4.171368 2.701326 -5.237864
v -1.933323 1.293018 -4.810559
v -4.171354 1.478149 -5.596463
v 0.372555 1.259359 -4.667619
v 0.372515 3.988890 -3.245713
v 0.372406 5.270840 0.314185
v 0.372316 3.196599 3.555797
v 0.372293 -0.861217 4.334033
v 0.372356 -4.217408 2.133895
v 0.372465 -4.651043 -1.588697
v 0.372541 -1.875171 -4.370359
v 0.372555 -2.089181 -4.804060
v 0.372572 -0.970614 -5.131998
v 0.372541 -3.107734 -4.273458
v 0.372471 -5.151448 -1.735399
v 0.372501 -4.673069 -2.704850
v 0.372444 -5.395977 -0.697393
v 0.372351 -4.673069 2.371268
v 0.372377 -5.151448 1.401812
v 0.372330 -3.981764 3.229796
v 0.372280 -0.970613 4.798399
v 0.372293 -2.089180 4.470473
v 0.372280 0.199071 4.909330
v 0.372307 3.505874 3.939876
v 0.372293 2.487316 4.470473
v 0.372330 4.379908 3.229796
v 0.372406 5.794119 0.363803
v 0.372377 5.549591 1.401812
v 0.372444 5.794119 -0.697393
v 0.372520 4.379907 -3.563390
v 0.372501 5.071213 -2.704850
v 0.372541 3.505874 -4.273458
v 0.372572 1.368753 -5.131998
v 0.372555 2.487315 -4.804060
v 0.372572 0.199070 -5.242918
v 0.372471 5.549591 -1.735399
v 0.372351 5.071213 2.371268
v 0.372280 1.368754 4.798399
v 0.372307 -3.107734 3.939876
v 0.372406 -5.395977 0.363803
v 0.372520 -3.981764 -3.563390
v -3.052336 -1.046348 -5.453557
v -3.052336 0.199070 -5.571664
v -1.967218 -0.995856 -5.239202
v -1.967218 0.199070 -5.352518
v -3.052349 -2.237333 -5.104394
v -1.967224 -2.138560 -4.904195
v -3.052362 -3.321846 -4.539434
v -1.967247 -3.179105 -4.362145
v -3.052383 -4.252469 -3.783381
v -1.967260 -4.071999 -3.636750
v -3.052412 -4.988539 -2.869260
v -1.967289 -4.778230 -2.759687
v -3.052441 -5.497888 -1.837041
v -1.967319 -5.266932 -1.769311
v -3.052469 -5.758249 -0.731824
v -1.967346 -5.516734 -0.708898
v -3.052505 -5.758249 0.398093
v -1.967382 -5.516734 0.375201
v -3.052534 -5.497888 1.503299
v -1.967409 -5.266932 1.435611
v -3.052568 -4.988539 2.535525
v -1.967438 -4.778230 2.425997
v -3.052593 -4.252468 3.449645
v -1.967468 -4.071998 3.303054
v -3.052612 -3.321846 4.205698
v -1.967489 -3.179104 4.028453
v -3.052635 -2.237333 4.770656
v -1.967503 -2.138559 4.570506
v -3.052641 -1.046347 5.119819
v -1.967510 -0.995855 4.905517
v -3.052649 0.199071 5.237925
v -1.967518 0.199071 5.018839
v -3.052641 1.444490 5.119819
v -1.967510 1.393997 4.905517
v -3.052635 2.635476 4.770656
v -1.967503 2.536702 4.570506
v -3.052612 3.719980 4.205698
v -1.967489 3.577245 4.028453
v -3.052593 4.650604 3.449645
v -1.967468 4.470139 3.303054
v -3.052568 5.386675 2.535521
v -1.967438 5.176367 2.425997
v -3.052534 5.896021 1.503299
v -1.967409 5.665066 1.435607
v -3.052505 6.156391 0.398093
v -1.967382 5.914877 0.375201
v -3.052469 6.156391 -0.731824
v -1.967346 5.914877 -0.708901
v -3.052441 5.896021 -1.837045
v -1.967319 5.665066 -1.769315
v -3.052412 5.386675 -2.869260
v -1.967289 5.176367 -2.759687
v -3.052383 4.650602 -3.783381
v -1.967260 4.470139 -3.636750
v -3.052362 3.719980 -4.539437
v -1.967247 3.577244 -4.362145
v -3.052349 2.635475 -5.104394
v -1.967224 2.536701 -4.904195
v -3.052336 1.444490 -5.453557
v -1.967218 1.393997 -5.239202
v 1.966328 -0.945372 -5.024794
v 2.441080 -0.995856 -5.239102
v 2.441088 0.199070 -5.352429
v 1.966337 0.199070 -5.133317
v 3.594021 -1.046348 -5.453404
v 3.865299 -1.130502 -5.810597
v 3.865311 0.199070 -5.936688
v 3.594021 0.199070 -5.571508
v 4.068790 -1.256721 -6.346398
v 4.068790 0.199070 -6.484468
v 2.441072 -2.138568 -4.904097
v 3.594009 -2.237333 -5.104239
v 3.865295 -2.401958 -5.437844
v 4.068775 -2.648891 -5.938280
v 2.441059 -3.179105 -4.362042
v 3.593994 -3.321846 -4.539281
v 3.865273 -3.559742 -4.834729
v 4.068756 -3.916588 -5.277875
v 1.966288 -3.891533 -3.490033
v 2.441036 -4.071999 -3.636647
v 1.966307 -3.036364 -4.184789
v 3.593975 -4.252469 -3.783224
v 3.865250 -4.553246 -4.027575
v 4.068729 -5.004416 -4.394109
v 1.966263 -4.567924 -2.650025
v 2.441010 -4.778230 -2.759584
v 3.593945 -4.988539 -2.869107
v 3.865223 -5.339055 -3.051694
v 4.068695 -5.864824 -3.325593
v 2.440983 -5.266932 -1.769208
v 3.593918 -5.497888 -1.836885
v 3.865192 -5.882816 -1.949728
v 4.068661 -6.460205 -2.119008
v 2.440952 -5.516734 -0.708798
v 3.593887 -5.758249 -0.731668
v 3.865162 -6.160771 -0.769841
v 4.068626 -6.764549 -0.827092
v 1.966171 -5.275220 0.352393
v 2.440918 -5.516734 0.375304
v 1.966200 -5.275220 -0.685899
v 3.593849 -5.758249 0.398246
v 3.865124 -6.160771 0.436419
v 4.068588 -6.764549 0.493689
v 1.966143 -5.035974 1.368007
v 2.440887 -5.266932 1.435710
v 3.593822 -5.497888 1.503459
v 3.865089 -5.882816 1.616313
v 4.068546 -6.460205 1.785594
v 2.440861 -4.778230 2.426100
v 3.593788 -4.988539 2.535678
v 3.865059 -5.339054 2.718280
v 4.068520 -5.864824 2.992179
v 2.440832 -4.071998 3.303157
v 3.593765 -4.252468 3.449798
v 3.865032 -4.553246 3.694167
v 4.068481 -5.004416 4.060709
v 1.966072 -3.036363 3.851287
v 2.440807 -3.179104 4.028556
v 1.966091 -3.891532 3.156523
v 3.593746 -3.321846 4.205859
v 3.865002 -3.559741 4.501310
v 4.068462 -3.916587 4.944476
v 1.966057 -2.039794 4.370425
v 2.440794 -2.138567 4.570605
v 3.593723 -2.237333 4.770808
v 3.864986 -2.401958 5.104430
v 4.068439 -2.648890 5.604861
v 2.440788 -0.995855 4.905616
v 3.593716 -1.046347 5.119971
v 3.864975 -1.130502 5.477187
v 4.068424 -1.256720 6.013002
v 2.440781 0.199071 5.018939
v 3.593708 0.199071 5.238078
v 3.864975 0.199071 5.603267
v 4.068424 0.199071 6.151057
v 1.966051 1.343511 4.691287
v 2.440788 1.393997 4.905616
v 1.966043 0.199071 4.799815
v 3.593716 1.444490 5.119971
v 3.864975 1.528642 5.477187
v 4.068424 1.654860 6.013002
v 1.966057 2.437936 4.370425
v 2.440794 2.536702 4.570605
v 3.593723 2.635476 4.770808
v 3.864986 2.800100 5.104430
v 4.068439 3.047033 5.604861
v 2.440807 3.577245 4.028556
v 3.593746 3.719987 4.205859
v 3.865002 3.957884 4.501310
v 4.068462 4.314731 4.944471
v 2.440832 4.470139 3.303157
v 3.593765 4.650604 3.449798
v 3.865032 4.951389 3.694167
v 4.068481 5.402557 4.060709
v 1.966114 4.966059 2.316512
v 2.440861 5.176367 2.426097
v 1.966091 4.289675 3.156523
v 3.593788 5.386675 2.535678
v 3.865059 5.737188 2.718280
v 4.068520 6.262966 2.992179
v 1.966143 5.434115 1.368007
v 2.440887 5.665066 1.435710
v 3.593822 5.896021 1.503455
v 3.865089 6.280951 1.616313
v 4.068546 6.858347 1.785594
v 2.440918 5.914877 0.375304
v 3.593849 6.156391 0.398246
v 3.865124 6.558912 0.436416
v 4.068588 7.162693 0.493689
v 2.440952 5.914877 -0.708798
v 3.593887 6.156391 -0.731668
v 3.865162 6.558912 -0.769845
v 4.068626 7.162693 -0.827092
v 1.966236 5.434115 -1.701494
v 2.440983 5.665066 -1.769208
v 1.966200 5.673361 -0.685899
v 3.593918 5.896021 -1.836885
v 3.865192 6.280951 -1.949728
v 4.068661 6.858347 -2.119008
v 1.966263 4.966059 -2.650025
v 2.441010 5.176367 -2.759588
v 3.593945 5.386675 -2.869107
v 3.865223 5.737188 -3.051694
v 4.068695 6.262966 -3.325593
v 2.441036 4.470139 -3.636647
v 3.593975 4.650602 -3.783224
v 3.865250 4.951387 -4.027575
v 4.068729 5.402556 -4.394114
v 2.441059 3.577244 -4.362042
v 3.593994 3.719986 -4.539281
v 3.865273 3.957884 -4.834729
v 4.068756 4.314730 -5.277875
v 1.966320 2.437935 -4.703939
v 2.441072 2.536701 -4.904097
v 1.966307 3.434503 -4.184789
v 3.594009 2.635475 -5.104239
v 3.865295 2.800098 -5.437844
v 4.068775 3.047032 -5.938280
v 2.441080 1.393997 -5.239102
v 3.594021 1.444490 -5.453404
v 3.865299 1.528641 -5.810597
v 4.068790 1.654860 -6.346398
v 1.966328 1.343511 -5.024794
v 1.966288 4.289674 -3.490033
v 1.966171 5.673361 0.352389
v 1.966072 3.434504 3.851287
v 1.966051 -0.945371 4.691287
v 1.966114 -4.567924 2.316512
v 1.966236 -5.035974 -1.701494
v 1.966320 -2.039795 -4.703939
v 1.966307 1.009590 -4.192853
v 1.966307 0.333988 -4.256921
v 1.695021 -0.684507 -3.917443
v 1.966301 -0.718161 -4.060319
v 1.966301 0.199070 -4.147321
v 1.695021 0.199070 -4.001237
v 1.695013 -1.529463 -3.669736
v 1.966293 -1.595315 -3.803178
v 1.694963 -3.481330 -2.084004
v 1.966242 -3.621531 -2.157025
v 1.966263 -3.079426 -2.830262
v 1.694984 -2.959115 -2.732530
v 1.694942 -3.842690 -1.351678
v 1.966228 -3.996665 -1.396810
v 1.694872 -3.842690 1.018153
v 1.966156 -3.996665 1.063304
v 1.966179 -4.188419 0.249328
v 1.694901 -4.027406 0.234057
v 1.694857 -3.481330 1.750487
v 1.966127 -3.621531 1.823520
v 1.694805 -1.529463 3.336219
v 1.966085 -1.595314 3.469668
v 1.966091 -2.394034 3.053588
v 1.694822 -2.298879 2.935412
v 1.694801 -0.684506 3.583922
v 1.966078 -0.718161 3.726832
v 1.694805 1.927604 3.336219
v 1.966085 1.993448 3.469668
v 1.966078 1.116301 3.726832
v 1.694801 1.082641 3.583922
v 1.694822 2.697013 2.935412
v 1.966091 2.792176 3.053588
v 1.694872 4.240833 1.018153
v 1.966156 4.394800 1.063304
v 1.966127 4.019673 1.823520
v 1.694857 3.879466 1.750487
v 1.694901 4.425547 0.234057
v 1.966179 4.586554 0.249328
v 1.694963 3.879466 -2.084004
v 1.966242 4.019672 -2.157025
v 1.966228 4.394800 -1.396810
v 1.694942 4.240833 -1.351678
v 1.694984 3.357255 -2.732530
v 1.966263 3.477567 -2.830262
v 1.695021 1.082641 -3.917443
v 1.966301 1.116301 -4.060319
v 1.966293 1.993448 -3.803178
v 1.695013 1.927603 -3.669736
v 1.966276 2.792175 -3.387094
v 1.695000 2.697012 -3.268926
v 1.966200 4.586554 -0.582833
v 1.694920 4.425547 -0.567575
v 1.966114 3.477567 2.496753
v 1.694836 3.357255 2.399016
v 1.966072 0.199071 3.813811
v 1.694801 0.199071 3.667727
v 1.966114 -3.079425 2.496753
v 1.694836 -2.959115 2.399016
v 1.966200 -4.188419 -0.582833
v 1.694920 -4.027406 -0.567575
v 1.966276 -2.394034 -3.387094
v 1.695000 -2.298880 -3.268926
v 2.101917 -0.507788 -3.167295
v 1.728916 -0.608766 -3.595960
v 1.728924 0.199070 -3.672578
v 2.101917 0.199070 -3.234339
v 2.101913 -1.183756 -2.969126
v 1.728910 -1.381303 -3.369481
v 2.101883 -1.394862 -2.146218
v 2.101896 -1.799285 -2.648469
v 2.101889 -0.903901 -2.401971
v 1.728901 -2.084767 -3.003026
v 2.101875 -1.816152 -1.803957
v 2.101889 -2.327479 -2.219365
v 1.728888 -2.688416 -2.512594
v 2.101875 -2.745246 -1.700543
v 1.728867 -3.165863 -1.919667
v 2.101852 -3.034339 -1.114686
v 1.728853 -3.496252 -1.250119
v 2.101831 -2.497826 -0.422509
v 2.101839 -3.182112 -0.487397
v 2.101847 -2.379960 -0.922849
v 1.728830 -3.665133 -0.533231
v 2.101818 -2.497826 0.089011
v 2.101818 -3.182112 0.153895
v 1.728809 -3.665133 0.199702
v 2.101795 -3.034339 0.781196
v 1.728788 -3.496252 0.916598
v 2.101782 -2.745246 1.367042
v 1.728765 -3.165862 1.586139
v 2.101782 -1.816151 1.470462
v 2.101768 -2.327479 1.885867
v 2.101789 -2.149376 1.056632
v 1.728752 -2.688416 2.179091
v 2.101768 -1.394862 1.812713
v 2.101751 -1.799285 2.314979
v 1.728739 -2.084766 2.669509
v 2.101748 -1.183756 2.635633
v 1.728725 -1.381302 3.035956
v 2.101738 -0.507788 2.833812
v 1.728718 -0.608765 3.262450
v 2.101751 0.199071 2.280017
v 2.101738 0.199071 2.900832
v 2.101761 -0.364732 2.226546
v 1.728718 0.199071 3.339045
v 2.101761 0.762879 2.226546
v 2.101738 0.905930 2.833812
v 1.728718 1.006905 3.262450
v 2.101748 1.581898 2.635633
v 1.728725 1.779445 3.035956
v 2.101751 2.197426 2.314979
v 1.728739 2.482909 2.669509
v 2.101782 2.214294 1.470462
v 2.101768 2.725622 1.885867
v 2.101768 1.792994 1.812713
v 1.728752 3.086550 2.179088
v 2.101789 2.547517 1.056632
v 2.101782 3.143386 1.367042
v 1.728765 3.564003 1.586139
v 2.101795 3.432479 0.781192
v 1.728788 3.894394 0.916598
v 2.101818 3.580245 0.153895
v 1.728809 4.063282 0.199702
v 2.101831 2.895967 -0.422509
v 2.101839 3.580245 -0.487397
v 2.101818 2.895967 0.089011
v 1.728830 4.063282 -0.533231
v 2.101847 2.778095 -0.922849
v 2.101852 3.432479 -1.114686
v 1.728853 3.894394 -1.250119
v 2.101875 3.143386 -1.700543
v 1.728867 3.564003 -1.919667
v 2.101889 2.725621 -2.219365
v 1.728888 3.086550 -2.512594
v 2.101883 1.792994 -2.146218
v 2.101896 2.197425 -2.648469
v 2.101875 2.214292 -1.803957
v 1.728901 2.482908 -3.003026
v 2.101889 1.302042 -2.401971
v 2.101913 1.581897 -2.969126
v 1.728910 1.779444 -3.369481
v 2.101917 0.905930 -3.167295
v 1.728916 1.006905 -3.595960
v 2.101896 0.199070 -2.613511
v 2.101896 0.762878 -2.560041
v 2.101860 2.547517 -1.390130
v 2.101803 2.778095 0.589347
v 2.101761 1.302042 2.068484
v 2.101761 -0.903901 2.068488
v 2.101803 -2.379960 0.589347
v 2.101860 -2.149377 -1.390130
v 2.101896 -0.364732 -2.560041
v 1.762796 -0.339489 -2.452893
v 1.762796 0.199070 -2.503961
v 1.762791 -0.854507 -2.301908
v 1.457588 -1.156957 -1.850797
v 1.762783 -1.323491 -2.057588
v 1.457594 -0.739276 -2.068372
v 1.457581 -1.515375 -1.559617
v 1.762775 -1.725920 -1.730664
v 1.762762 -2.044223 -1.335359
v 1.762747 -2.264478 -0.889001
v 1.457542 -2.095304 -0.384347
v 1.762733 -2.377068 -0.411065
v 1.457560 -1.995030 -0.810010
v 1.457529 -2.095304 0.050815
v 1.762720 -2.377068 0.077540
v 1.762707 -2.264478 0.555476
v 1.762695 -2.044223 1.001853
v 1.457502 -1.515375 1.226085
v 1.762682 -1.725920 1.397136
v 1.457508 -1.798861 0.874026
v 1.457493 -1.156957 1.517268
v 1.762676 -1.323491 1.724086
v 1.762669 -0.854506 1.968394
v 1.762661 -0.339489 2.119380
v 1.457479 0.199071 1.914813
v 1.762661 0.199071 2.170451
v 1.457479 -0.280586 1.869327
v 1.457479 0.678727 1.869327
v 1.762661 0.737630 2.119380
v 1.762669 1.252656 1.968394
v 1.762676 1.721624 1.724086
v 1.457502 1.913515 1.226085
v 1.762682 2.124060 1.397136
v 1.457493 1.555096 1.517268
v 1.457508 2.197003 0.874026
v 1.762695 2.442358 1.001853
v 1.762707 2.662619 0.555476
v 1.762720 2.775209 0.077540
v 1.457542 2.493443 -0.384347
v 1.762733 2.775209 -0.411065
v 1.457529 2.493443 0.050815
v 1.457560 2.393164 -0.810010
v 1.762747 2.662619 -0.889001
v 1.762762 2.442358 -1.335359
v 1.762775 2.124059 -1.730664
v 1.457588 1.555096 -1.850797
v 1.762783 1.721624 -2.057588
v 1.457581 1.913515 -1.559617
v 1.457594 1.137417 -2.068372
v 1.762791 1.252655 -2.301908
v 1.762796 0.737630 -2.452893
v 1.457603 0.199070 -2.248343
v 1.457603 0.678727 -2.202859
v 1.457567 2.197003 -1.207551
v 1.457523 2.393164 0.476481
v 1.457489 1.137417 1.734843
v 1.457489 -0.739276 1.734843
v 1.457523 -1.995030 0.476481
v 1.457567 -1.798861 -1.207551
v 1.457603 -0.280586 -2.202859
v 1.457581 -0.154359 -1.667035
v 1.457588 0.199070 -1.700555
v 1.457581 -0.492343 -1.567956
v 1.491470 -0.252946 -0.728112
v 1.457573 -0.800111 -1.407643
v 1.491470 -0.113715 -0.800637
v 1.491463 -0.372411 -0.631040
v 1.457567 -1.064206 -1.193078
v 1.457567 -1.273091 -0.933660
v 1.457554 -1.417634 -0.640740
v 1.491453 -0.565723 -0.239286
v 1.457542 -1.491525 -0.327085
v 1.491453 -0.532298 -0.381181
v 1.491446 -0.565723 -0.094239
v 1.457537 -1.491525 -0.006452
v 1.457523 -1.417634 0.307197
v 1.457516 -1.273091 0.600127
v 1.491440 -0.372411 0.297511
v 1.457508 -1.064206 0.859542
v 1.491440 -0.466908 0.180167
v 1.491432 -0.252946 0.394576
v 1.457502 -0.800110 1.074111
v 1.457502 -0.492343 1.234420
v 1.457493 -0.154359 1.333495
v 1.491432 0.199071 0.527083
v 1.457493 0.199071 1.367022
v 1.491432 0.039182 0.511943
v 1.491432 0.358958 0.511943
v 1.457493 0.552499 1.333495
v 1.457502 0.890483 1.234420
v 1.457502 1.198244 1.074111
v 1.491440 0.770551 0.297511
v 1.457508 1.462345 0.859542
v 1.491432 0.651079 0.394576
v 1.491440 0.865046 0.180167
v 1.457516 1.671233 0.600127
v 1.457523 1.815776 0.307197
v 1.457537 1.889658 -0.006452
v 1.491453 0.963864 -0.239286
v 1.457542 1.889658 -0.327085
v 1.491446 0.963864 -0.094239
v 1.491453 0.930440 -0.381181
v 1.457554 1.815776 -0.640740
v 1.457567 1.671233 -0.933660
v 1.457567 1.462345 -1.193078
v 1.491470 0.651079 -0.728112
v 1.457573 1.198244 -1.407643
v 1.491463 0.770551 -0.631040
v 1.491470 0.511847 -0.800637
v 1.457581 0.890483 -1.567956
v 1.457581 0.552499 -1.667035
v 1.491470 0.199071 -0.860623
v 1.491470 0.358958 -0.845471
v 1.491463 0.865046 -0.513703
v 1.491440 0.930440 0.047656
v 1.491432 0.511847 0.467101
v 1.491432 -0.113715 0.467101
v 1.491440 -0.532298 0.047656
v 1.491463 -0.466908 -0.513703
v 1.491470 0.039182 -0.845471
v 1.016724 0.089675 -0.631158
v 1.016724 0.199071 -0.641522
v 1.016724 -0.014941 -0.600480
v 1.016716 -0.256600 -0.404157
v 1.016724 -0.191946 -0.484445
v 1.016716 -0.301342 -0.313481
v 1.016710 -0.301342 -0.020070
v 1.016710 -0.324209 -0.117162
v 1.016710 -0.256600 0.070598
v 1.016701 -0.014941 0.266917
v 1.016701 -0.110197 0.217303
v 1.016701 0.089675 0.297599
v 1.016701 0.413082 0.266917
v 1.016701 0.308466 0.297599
v 1.016701 0.508338 0.217303
v 1.016710 0.699476 -0.020070
v 1.016710 0.654740 0.070598
v 1.016710 0.722350 -0.117162
v 1.016716 0.654740 -0.404157
v 1.016716 0.699476 -0.313481
v 1.016724 0.590080 -0.484445
v 1.016724 0.308466 -0.631158
v 1.016724 0.413082 -0.600480
v 1.016724 0.508338 -0.550855
v 1.016716 0.722350 -0.216397
v 1.016701 0.590080 0.150897
v 1.016693 0.199071 0.307975
v 1.016701 -0.191946 0.150897
v 1.016716 -0.324209 -0.216397
v 1.016724 -0.110197 -0.550855
v 1.050627 0.199071 -0.166776
v 1.966171 4.693266 0.381850
v 1.966156 4.552031 0.981410
v 1.966127 4.057418 1.983748
v 1.966114 3.658126 2.479629
v 1.966091 2.754425 3.213809
v 1.966085 2.166120 3.520297
v 1.966072 1.009590 3.859347
v 1.966072 0.333988 3.923419
v 1.966072 -0.875392 3.808726
v 1.966078 -1.521468 3.619311
v 1.966091 -2.574593 3.070712
v 1.966108 -3.079425 2.660578
v 1.966135 -3.794202 1.772906
v 1.966152 -4.070506 1.212966
v 1.966179 -4.323337 0.139731
v 1.966200 -4.323337 -0.473229
v 1.966228 -4.070506 -1.546475
v 1.966242 -3.794202 -2.106421
v 1.966270 -3.079426 -2.994084
v 1.966288 -2.574594 -3.404214
v 1.966301 -1.521468 -3.952826
v 1.966301 -0.875393 -4.142224
v 1.966293 2.166119 -3.853799
v 1.966288 2.754424 -3.547326
v 1.966263 3.658126 -2.813142
v 1.966249 4.057417 -2.317266
v 1.966223 4.552031 -1.314916
v 1.966206 4.693266 -0.715356
v 2.469051 0.836589 -4.886426
v 2.162144 0.836589 -4.886435
v 2.157839 1.021505 -4.662656
v 2.473356 1.021505 -4.662644
v 2.469051 0.604083 -4.908475
v 2.664867 0.836589 -4.711999
v 2.664867 0.563882 -4.737866
v 2.509071 0.741528 -4.276643
v 2.509071 0.556554 -4.294176
v 2.664862 0.578137 -4.479478
v 2.664862 0.763116 -4.461930
v 2.473356 0.371640 -4.724271
v 2.162144 0.604083 -4.908486
v 2.157829 0.371640 -4.517972
v 2.157839 0.371640 -4.724279
v 2.473351 0.371640 -4.517969
v 2.157829 0.973970 -4.460844
v 2.473351 0.973970 -4.460839
v 2.122087 0.556554 -4.294179
v 2.122087 0.741528 -4.276650
v 2.473330 2.840120 -3.794263
v 2.157808 2.840113 -3.794291
v 2.122074 2.544733 -3.711317
v 2.509058 2.544733 -3.711309
v 2.509058 2.383662 -3.795201
v 2.122074 2.383662 -3.795218
v 2.157816 2.315614 -4.067511
v 2.473337 2.315614 -4.067498
v 2.473343 2.408617 -4.255986
v 2.157822 2.408617 -4.255991
v 2.162121 2.703997 -4.338979
v 2.469028 2.703997 -4.338975
v 2.469028 2.906466 -4.233495
v 2.664848 2.827840 -4.074147
v 2.664852 2.590374 -4.197850
v 2.664848 2.486913 -3.956572
v 2.664848 2.647986 -3.872647
v 2.473337 2.974514 -3.961184
v 2.157816 2.974514 -3.961195
v 2.162121 2.906466 -4.233500
v 2.468987 4.503054 -2.877385
v 2.162079 4.503054 -2.877393
v 2.157772 4.442471 -2.603635
v 2.473293 4.442471 -2.603631
v 2.468994 4.365639 -3.048039
v 2.664812 4.359395 -2.760652
v 2.664818 4.198229 -2.960816
v 2.509022 3.937199 -2.533090
v 2.509022 3.827884 -2.668847
v 2.664812 3.994947 -2.778368
v 2.664812 4.104264 -2.642594
v 2.473309 4.058388 -3.080632
v 2.162086 4.365639 -3.048043
v 2.157785 3.888467 -2.942586
v 2.157785 4.058388 -3.080640
v 2.473309 3.888467 -2.942578
v 2.157772 4.244451 -2.500489
v 2.473293 4.244451 -2.500485
v 2.122040 3.827884 -2.668855
v 2.122040 3.937199 -2.533094
v 2.473242 4.944153 -0.803178
v 2.157724 4.944153 -0.803189
v 2.121996 4.678164 -0.945718
v 2.508978 4.678164 -0.945710
v 2.508978 4.639493 -1.109853
v 2.121996 4.639493 -1.109860
v 2.157738 4.818229 -1.337689
v 2.473259 4.818229 -1.337678
v 2.473267 5.035692 -1.401448
v 2.157738 5.035692 -1.401452
v 2.162037 5.301688 -1.258908
v 2.468945 5.301688 -1.258905
v 2.468937 5.350293 -1.052568
v 2.664761 5.166449 -0.998670
v 2.664768 5.109438 -1.240666
v 2.664761 4.841475 -1.148599
v 2.664761 4.880146 -0.984441
v 2.473242 5.171558 -0.824739
v 2.157724 5.171558 -0.824746
v 2.162029 5.350293 -1.052575
v 2.473194 4.818229 1.004199
v 2.157673 4.818229 1.004188
v 2.121939 4.639493 0.776347
v 2.508921 4.639493 0.776351
v 2.508930 4.678164 0.612220
v 2.121946 4.678164 0.612212
v 2.157688 4.944153 0.469672
v 2.473207 4.944153 0.469680
v 2.473207 5.171558 0.491244
v 2.157688 5.171558 0.491237
v 2.161980 5.350293 0.719069
v 2.468887 5.350293 0.719077
v 2.468880 5.301688 0.925414
v 2.664703 5.109438 0.907191
v 2.664711 5.166449 0.665187
v 2.664711 4.880146 0.650958
v 2.664711 4.841475 0.815108
v 2.473194 5.035692 1.067954
v 2.157667 5.035692 1.067946
v 2.161972 5.301688 0.925406
v 2.468830 4.365639 2.714538
v 2.161922 4.365639 2.714530
v 2.157623 4.058389 2.747123
v 2.473145 4.058389 2.747130
v 2.468830 4.503054 2.543883
v 2.664652 4.198229 2.627326
v 2.664663 4.359395 2.427169
v 2.508877 3.827885 2.335360
v 2.508886 3.937199 2.199592
v 2.664663 4.104265 2.309112
v 2.664663 3.994948 2.444884
v 2.473158 4.442471 2.270141
v 2.161922 4.503054 2.543879
v 2.157637 4.244451 2.166987
v 2.157631 4.442471 2.270137
v 2.473158 4.244451 2.166991
v 2.157623 3.888467 2.609084
v 2.473145 3.888467 2.609092
v 2.121902 3.937199 2.199584
v 2.121895 3.827885 2.335353
v 2.473118 2.315614 3.734027
v 2.157597 2.315614 3.734015
v 2.121866 2.383663 3.461711
v 2.508850 2.383663 3.461718
v 2.508850 2.544734 3.377818
v 2.121866 2.544734 3.377814
v 2.157602 2.840121 3.460776
v 2.473124 2.840121 3.460783
v 2.473118 2.974514 3.627692
v 2.157597 2.974514 3.627688
v 2.161888 2.906466 3.900001
v 2.468796 2.906466 3.900004
v 2.468788 2.703997 4.005469
v 2.664616 2.590374 3.864367
v 2.664625 2.827841 3.740657
v 2.664625 2.647987 3.539168
v 2.664625 2.486914 3.623084
v 2.473106 2.408617 3.922496
v 2.157587 2.408617 3.922487
v 2.161880 2.703997 4.005465
v 2.468773 0.604084 4.574981
v 2.161865 0.604084 4.574976
v 2.157574 0.371641 4.390765
v 2.473093 0.371641 4.390777
v 2.468773 0.836590 4.552932
v 2.664602 0.563883 4.404384
v 2.664602 0.836590 4.378520
v 2.508837 0.556555 3.960685
v 2.508837 0.741530 3.943141
v 2.664612 0.763117 4.128455
v 2.664612 0.578138 4.145991
v 2.473093 1.021505 4.329154
v 2.161865 0.836590 4.552927
v 2.157583 0.973970 4.127345
v 2.157574 1.021505 4.329150
v 2.473101 0.973970 4.127349
v 2.157583 0.371641 4.184459
v 2.473101 0.371641 4.184466
v 2.121851 0.741530 3.943133
v 2.121851 0.556555 3.960677
v 2.473106 -1.607322 3.882560
v 2.157587 -1.607322 3.882552
v 2.121851 -1.337514 3.745970
v 2.508837 -1.337514 3.745974
v 2.508837 -1.160632 3.797839
v 2.121851 -1.160632 3.797835
v 2.157583 -1.031318 4.051421
v 2.473101 -1.031318 4.051425
v 2.473093 -1.078859 4.253222
v 2.157574 -1.078859 4.253215
v 2.161875 -1.348668 4.389796
v 2.468779 -1.348668 4.389803
v 2.468779 -1.571019 4.324622
v 2.664612 -1.530826 4.154014
v 2.664612 -1.270040 4.230472
v 2.664616 -1.224443 3.975047
v 2.664616 -1.401334 3.923182
v 2.473101 -1.700324 4.071029
v 2.157583 -1.700324 4.071021
v 2.161875 -1.571019 4.324617
v 2.468809 -3.445209 3.297641
v 2.161901 -3.445209 3.297637
v 2.157610 -3.449018 3.018523
v 2.473131 -3.449018 3.018531
v 2.468809 -3.271468 3.438796
v 2.664639 -3.331577 3.156535
v 2.664633 -3.127809 3.322093
v 2.508863 -2.971051 2.854716
v 2.508863 -2.832838 2.967021
v 2.664639 -2.971006 3.105472
v 2.664646 -3.109226 2.993196
v 2.473124 -2.963419 3.413043
v 2.161901 -3.271468 3.438792
v 2.157602 -2.829019 3.246123
v 2.157602 -2.963419 3.413035
v 2.473131 -2.829019 3.246135
v 2.157618 -3.279105 2.880465
v 2.473137 -3.279105 2.880476
v 2.121881 -2.832838 2.967013
v 2.121881 -2.971051 2.854709
v 2.473179 -4.354615 1.351512
v 2.157658 -4.354615 1.351508
v 2.121925 -4.061598 1.441028
v 2.508907 -4.061598 1.441035
v 2.508900 -3.985950 1.594340
v 2.121918 -3.985950 1.594336
v 2.157644 -4.108280 1.850726
v 2.473166 -4.108280 1.850730
v 2.473166 -4.306305 1.953891
v 2.157644 -4.306305 1.953883
v 2.161945 -4.599323 1.864356
v 2.468861 -4.599323 1.864360
v 2.468866 -4.694416 1.671645
v 2.664682 -4.527005 1.584453
v 2.664677 -4.415479 1.810454
v 2.664682 -4.174595 1.670134
v 2.664690 -4.250244 1.516826
v 2.473179 -4.572086 1.415263
v 2.157658 -4.572086 1.415259
v 2.161953 -4.694416 1.671637
v 2.468916 -5.102650 -0.272214
v 2.162008 -5.102650 -0.272222
v 2.157715 -4.875325 -0.461549
v 2.473236 -4.875325 -0.461545
v 2.468910 -5.102650 -0.061273
v 2.664738 -4.910400 -0.290441
v 2.664734 -4.910400 -0.043031
v 2.508957 -4.420581 -0.250650
v 2.508951 -4.420581 -0.082841
v 2.664734 -4.627086 -0.082833
v 2.664738 -4.627086 -0.250642
v 2.473215 -4.875325 0.128043
v 2.162003 -5.102650 -0.061280
v 2.157696 -4.647922 0.106482
v 2.157696 -4.875325 0.128039
v 2.473215 -4.647922 0.106490
v 2.157711 -4.647922 -0.439984
v 2.473236 -4.647922 -0.439981
v 2.121965 -4.420581 -0.082845
v 2.121975 -4.420581 -0.250653
v 2.473286 -4.108280 -2.184224
v 2.157768 -4.108280 -2.184228
v 2.122026 -3.985950 -1.927846
v 2.509008 -3.985950 -1.927842
v 2.509001 -4.061598 -1.774530
v 2.122017 -4.061598 -1.774534
v 2.157745 -4.354615 -1.685010
v 2.473272 -4.354615 -1.685006
v 2.473272 -4.572086 -1.748755
v 2.157751 -4.572086 -1.748765
v 2.162060 -4.694416 -2.005147
v 2.468971 -4.694416 -2.005139
v 2.468981 -4.599323 -2.197850
v 2.664787 -4.415479 -2.143945
v 2.664787 -4.527005 -1.917928
v 2.664782 -4.250244 -1.850317
v 2.664787 -4.174595 -2.003621
v 2.473286 -4.306305 -2.287381
v 2.157768 -4.306305 -2.287390
v 2.162066 -4.599323 -2.197858
v 2.469015 -3.271468 -3.772279
v 2.162107 -3.271468 -3.772286
v 2.157808 -2.963420 -3.746537
v 2.473330 -2.963420 -3.746533
v 2.469015 -3.445209 -3.631135
v 2.664839 -3.127809 -3.655568
v 2.664831 -3.331579 -3.490022
v 2.509045 -2.832838 -3.300511
v 2.509045 -2.971051 -3.188218
v 2.664825 -3.109227 -3.326684
v 2.664831 -2.971006 -3.438962
v 2.473316 -3.449019 -3.352017
v 2.162107 -3.445209 -3.631143
v 2.157795 -3.279106 -3.213975
v 2.157795 -3.449019 -3.352021
v 2.473316 -3.279106 -3.213971
v 2.157803 -2.829020 -3.579633
v 2.473322 -2.829020 -3.579625
v 2.122061 -2.971051 -3.188222
v 2.122061 -2.832838 -3.300515
v 2.473351 -1.031319 -4.384915
v 2.157822 -1.031319 -4.384920
v 2.122080 -1.160632 -4.131338
v 2.509064 -1.160632 -4.131330
v 2.509064 -1.337514 -4.079473
v 2.122080 -1.337514 -4.079481
v 2.157822 -1.607322 -4.216063
v 2.473343 -1.607322 -4.216054
v 2.473351 -1.700324 -4.404515
v 2.157829 -1.700324 -4.404531
v 2.162138 -1.571020 -4.658121
v 2.469046 -1.571020 -4.658113
v 2.469046 -1.348668 -4.723291
v 2.664862 -1.270040 -4.563947
v 2.664862 -1.530827 -4.487485
v 2.664852 -1.401334 -4.256670
v 2.664852 -1.224444 -4.308522
v 2.473351 -1.078860 -4.586718
v 2.157829 -1.078860 -4.586721
v 2.162138 -1.348668 -4.723299
v -2.950462 -2.475964 -10.204438
v -3.018290 -2.391818 -9.847211
v -3.018282 -0.111354 -10.063493
v -2.950455 -0.111354 -10.428670
v -3.255665 -2.324502 -9.561456
v -3.594793 -2.198269 -9.025659
v -3.594784 -0.111354 -9.223577
v -3.255665 -0.111354 -9.771337
v -3.764370 -1.912162 -7.811151
v -3.764385 -1.752274 -7.132466
v -3.764385 -0.111354 -7.288064
v -3.764364 -0.111354 -7.981931
v -3.018311 -4.572611 -9.207883
v -3.255686 -4.440916 -8.940995
v -3.594807 -4.193983 -8.440572
v -3.764385 -3.634273 -7.306292
v -3.764399 -3.321481 -6.672414
v -3.560968 -2.877000 -5.771646
v -3.560953 -1.525072 -6.167985
v -3.018337 -6.558428 -8.173410
v -3.255714 -6.368109 -7.937044
v -3.594835 -6.011262 -7.493890
v -3.764406 -5.202402 -6.489386
v -3.764420 -4.750392 -5.928049
v -3.560982 -4.108066 -5.130350
v -2.950554 -8.563257 -7.033353
v -3.018381 -8.262483 -6.789002
v -2.950512 -6.796331 -8.468846
v -3.255751 -8.021856 -6.593523
v -3.594872 -7.570685 -6.226992
v -3.764435 -6.548036 -5.396173
v -3.764448 -5.976553 -4.931890
v -2.950603 -9.960795 -5.297772
v -3.018425 -9.610281 -5.115179
v -3.255800 -9.329874 -4.969118
v -3.594913 -8.804103 -4.695230
v -3.764479 -7.612350 -4.074414
v -3.764484 -6.946373 -3.727479
v -3.018482 -10.542935 -3.225102
v -3.255857 -10.234989 -3.134835
v -3.594963 -9.657600 -2.965550
v -3.764521 -8.348845 -2.581880
v -3.764526 -7.617475 -2.367467
v -3.561075 -6.578165 -2.062760
v -3.561041 -5.999986 -3.234468
v -3.018539 -11.019684 -1.201360
v -3.255907 -10.697670 -1.170823
v -3.595020 -10.093884 -1.113565
v -3.764563 -8.725311 -0.983792
v -3.764568 -7.960526 -0.911264
v -3.561111 -6.873711 -0.808179
v -2.950783 -11.422208 0.905772
v -3.018602 -11.019684 0.867598
v -2.950718 -11.422208 -1.239526
v -3.255972 -10.697670 0.837058
v -3.595070 -10.093884 0.779788
v -3.764614 -8.725311 0.649993
v -3.764614 -7.960526 0.577472
v -2.950840 -10.927866 3.004194
v -3.018660 -10.542935 2.891340
v -3.256031 -10.234989 2.801063
v -3.595127 -9.657600 2.631778
v -3.764664 -8.348845 2.248080
v -3.764656 -7.617475 2.033668
v -3.018717 -9.610281 4.781427
v -3.256079 -9.329874 4.635352
v -3.595177 -8.804103 4.361449
v -3.764706 -7.612350 3.740626
v -3.764690 -6.946372 3.393687
v -3.561218 -5.999986 2.900691
v -3.561184 -6.578165 1.728976
v -3.018761 -8.262482 6.455256
v -3.256128 -8.021855 6.259753
v -3.595219 -7.570684 5.893218
v -3.764740 -6.548035 5.062385
v -3.764727 -5.976552 4.598102
v -3.561245 -5.164446 3.938338
v -2.950989 -6.796330 8.135091
v -3.018803 -6.558427 7.839650
v -2.950947 -8.563255 6.699603
v -3.256163 -6.368108 7.603286
v -3.595257 -6.011261 7.160112
v -3.764771 -5.202401 6.155603
v -3.764755 -4.750391 5.594260
v -2.951027 -4.737236 9.207742
v -3.018833 -4.572610 8.874129
v -3.256193 -4.440916 8.607230
v -3.595284 -4.193982 8.106799
v -3.764799 -3.634272 6.972498
v -3.764778 -3.321479 6.338622
v -3.018852 -2.391817 9.513472
v -3.256214 -2.324501 9.227698
v -3.595299 -2.198268 8.691875
v -3.764812 -1.912161 7.477370
v -3.764791 -1.752273 6.798671
v -3.561302 -1.525071 5.834205
v -3.561289 -2.876999 5.437869
v -3.018860 -0.111353 9.729735
v -3.256222 -0.111353 9.437579
v -3.595306 -0.111353 8.889785
v -3.764812 -0.111353 7.648135
v -3.764799 -0.111353 6.954279
v -3.561302 -0.111353 5.968276
v -2.951040 2.253257 9.870673
v -3.018852 2.169113 9.513472
v -2.951046 -0.111352 10.094924
v -3.256214 2.101790 9.227698
v -3.595299 1.975563 8.691875
v -3.764812 1.689456 7.477370
v -3.764791 1.529567 6.798671
v -2.951027 4.514523 9.207742
v -3.018833 4.349906 8.874129
v -3.256193 4.218203 8.607230
v -3.595284 3.971277 8.106799
v -3.764799 3.411558 6.972498
v -3.764778 3.098773 6.338622
v -3.018803 6.335724 7.839648
v -3.256163 6.145405 7.603286
v -3.595257 5.788549 7.160112
v -3.764771 4.979694 6.155603
v -3.764755 4.527685 5.594255
v -3.561274 3.885358 4.796568
v -3.561289 2.654294 5.437869
v -3.018761 8.039774 6.455253
v -3.256128 7.799149 6.259753
v -3.595219 7.347980 5.893214
v -3.764740 6.325331 5.062385
v -3.764727 5.753849 4.598102
v -3.561245 4.941742 3.938334
v -2.950897 9.738091 4.964015
v -3.018717 9.387573 4.781427
v -2.950947 8.340553 6.699599
v -3.256079 9.107166 4.635352
v -3.595177 8.581398 4.361449
v -3.764706 7.389645 3.740626
v -3.764690 6.723667 3.393687
v -2.950840 10.705158 3.004191
v -3.018660 10.320230 2.891340
v -3.256031 10.012283 2.801063
v -3.595127 9.434895 2.631773
v -3.764664 8.126137 2.248080
v -3.764656 7.394768 2.033668
v -3.018602 10.796978 0.867595
v -3.255972 10.474966 0.837054
v -3.595070 9.871178 0.779788
v -3.764614 8.502605 0.649993
v -3.764614 7.737812 0.577472
v -3.561146 6.651005 0.474418
v -3.561184 6.355461 1.728972
v -3.018539 10.796978 -1.201360
v -3.255907 10.474966 -1.170827
v -3.595020 9.871178 -1.113565
v -3.764563 8.502605 -0.983796
v -3.764568 7.737812 -0.911264
v -3.561111 6.651005 -0.808179
v -2.950661 10.705158 -3.337941
v -3.018482 10.320230 -3.225102
v -2.950718 11.199499 -1.239530
v -3.255857 10.012283 -3.134835
v -3.594963 9.434895 -2.965550
v -3.764521 8.126137 -2.581880
v -3.764526 7.394768 -2.367467
v -2.950603 9.738091 -5.297772
v -3.018425 9.387573 -5.115182
v -3.255800 9.107166 -4.969118
v -3.594913 8.581398 -4.695233
v -3.764479 7.389643 -4.074414
v -3.764484 6.723667 -3.727479
v -3.018381 8.039772 -6.789002
v -3.255751 7.799149 -6.593523
v -3.594872 7.347979 -6.226992
v -3.764435 6.325331 -5.396173
v -3.764448 5.753847 -4.931890
v -3.561010 4.941741 -4.272120
v -3.561041 5.777281 -3.234468
v -3.018337 6.335724 -8.173410
v -3.255714 6.145403 -7.937047
v -3.594835 5.788549 -7.493895
v -3.764406 4.979694 -6.489389
v -3.764420 4.527685 -5.928049
v -3.560982 3.885357 -5.130350
v -2.950483 4.514522 -9.541490
v -3.018311 4.349905 -9.207883
v -2.950512 6.573618 -8.468846
v -3.255686 4.218203 -8.940995
v -3.594807 3.971275 -8.440572
v -3.764385 3.411557 -7.306295
v -3.764399 3.098773 -6.672419
v -3.018290 2.169111 -9.847211
v -3.255665 2.101787 -9.561456
v -3.594793 1.975562 -9.025659
v -3.764370 1.689455 -7.811151
v -3.764385 1.529566 -7.132466
v -3.560953 1.302364 -6.167985
v -3.560968 2.654293 -5.771646
v -3.560953 -0.111354 -6.302045
v -2.950462 2.253256 -10.204438
v -2.950554 8.340549 -7.033353
v -3.561075 6.355461 -2.062764
v -2.950783 11.199499 0.905772
v -3.561218 5.777281 2.900691
v -2.950989 6.573620 8.135089
v -3.561302 1.302365 5.834205
v -2.951040 -2.475963 9.870673
v -3.561274 -4.108065 4.796568
v -2.950897 -9.960795 4.964015
v -3.561146 -6.873711 0.474421
v -2.950661 -10.927866 -3.337937
v -3.561010 -5.164447 -4.272115
v -2.950483 -4.737237 -9.541490
v 1.966486 -2.501213 -10.311475
v 0.881363 -2.518044 -10.382943
v 0.881367 -0.111354 -10.611180
v 1.966486 -0.111354 -10.538117
v -0.746313 -2.518044 -10.382977
v -1.763617 -2.501213 -10.311566
v -1.763609 -0.111354 -10.538201
v -0.746305 -0.111354 -10.611215
v 3.187218 -4.720772 -9.507974
v 1.966465 -4.786623 -9.641465
v 3.187241 -2.467553 -10.168546
v 0.881340 -4.819545 -9.708211
v -0.746334 -4.819545 -9.708249
v -1.763638 -4.786623 -9.641541
v 3.187191 -6.772539 -8.439164
v 1.966427 -6.867696 -8.557355
v 0.881313 -6.915281 -8.616467
v -0.746361 -6.915281 -8.616513
v -1.763672 -6.867696 -8.557450
v 1.966391 -8.653489 -7.106554
v 0.881269 -8.713650 -7.155442
v -0.746407 -8.713650 -7.155469
v -1.763708 -8.653489 -7.106633
v 1.966341 -10.065949 -5.352433
v 0.881218 -10.136058 -5.388982
v -0.746456 -10.136058 -5.389020
v -1.763760 -10.065949 -5.352518
v 3.187038 -10.889376 -3.326516
v 1.966276 -11.043347 -3.371682
v 3.187099 -9.925743 -5.279370
v 0.881163 -11.120332 -3.394274
v -0.746511 -11.120332 -3.394311
v -1.763815 -11.043342 -3.371778
v 3.186985 -11.381956 -1.235559
v 1.966223 -11.542965 -1.250867
v 0.881098 -11.623465 -1.258523
v -0.746576 -11.623465 -1.258554
v -1.763882 -11.542965 -1.250951
v 1.966156 -11.542965 0.917346
v 0.881033 -11.623465 0.924956
v -0.746641 -11.623465 0.924918
v -1.763943 -11.542965 0.917258
v 1.966091 -11.043347 3.038172
v 0.880970 -11.120332 3.060709
v -0.746706 -11.120332 3.060668
v -1.764000 -11.043342 3.038081
v 3.186806 -9.925743 4.945918
v 1.966038 -10.065949 5.018928
v 3.186859 -10.889376 2.993060
v 0.880913 -10.136058 5.055418
v -0.746761 -10.136058 5.055381
v -1.764067 -10.065949 5.018844
v 3.186756 -8.533175 6.675325
v 1.965986 -8.653487 6.773032
v 0.880865 -8.713647 6.821872
v -0.746811 -8.713647 6.821830
v -1.764114 -8.653487 6.772941
v 1.965942 -6.867694 8.223845
v 0.880817 -6.915280 8.282907
v -0.746855 -6.915280 8.282867
v -1.764151 -6.867694 8.223752
v 1.965916 -4.786622 9.307944
v 0.880791 -4.819544 9.374644
v -0.746883 -4.819544 9.374606
v -1.764187 -4.786622 9.307856
v 3.186661 -2.467551 9.835111
v 1.965893 -2.501212 9.977961
v 3.186676 -4.720771 9.174535
v 0.880770 -2.518043 10.049380
v -0.746904 -2.518043 10.049335
v -1.764210 -2.501212 9.977862
v 3.186653 -0.111352 10.058555
v 1.965887 -0.111352 10.204602
v 0.880764 -0.111352 10.277617
v -0.746910 -0.111352 10.277577
v -1.764215 -0.111352 10.204513
v 1.965893 2.278509 9.977961
v 0.880770 2.295338 10.049380
v -0.746904 2.295338 10.049335
v -1.764210 2.278509 9.977862
v 1.965916 4.563916 9.307944
v 0.880791 4.596838 9.374644
v -0.746883 4.596838 9.374606
v -1.764187 4.563916 9.307856
v 3.186710 6.549835 8.105701
v 1.965942 6.644991 8.223845
v 3.186676 4.498066 9.174535
v 0.880817 6.692568 8.282905
v -0.746855 6.692568 8.282866
v -1.764151 6.644991 8.223750
v 3.186756 8.310472 6.675325
v 1.965986 8.430784 6.773027
v 0.880865 8.490944 6.821867
v -0.746811 8.490944 6.821830
v -1.764114 8.430784 6.772941
v 1.966038 9.843243 5.018924
v 0.880913 9.913345 5.055415
v -0.746761 9.913345 5.055377
v -1.764067 9.843243 5.018839
v 1.966091 10.820641 3.038172
v 0.880970 10.897625 3.060706
v -0.746706 10.897625 3.060668
v -1.764000 10.820633 3.038077
v 3.186916 11.159245 0.902099
v 1.966156 11.320257 0.917346
v 3.186859 10.666668 2.993060
v 0.881033 11.400757 0.924952
v -0.746641 11.400757 0.924914
v -1.763943 11.320257 0.917254
v 3.186985 11.159245 -1.235559
v 1.966223 11.320257 -1.250867
v 0.881098 11.400757 -1.258523
v -0.746576 11.400757 -1.258554
v -1.763882 11.320257 -1.250951
v 1.966276 10.820641 -3.371686
v 0.881163 10.897625 -3.394274
v -0.746511 10.897625 -3.394315
v -1.763815 10.820633 -3.371778
v 1.966341 9.843243 -5.352433
v 0.881218 9.913345 -5.388982
v -0.746456 9.913345 -5.389024
v -1.763760 9.843243 -5.352518
v 3.187145 8.310471 -7.008780
v 1.966391 8.430782 -7.106554
v 3.187099 9.703037 -5.279375
v 0.881269 8.490942 -7.155442
v -0.746407 8.490942 -7.155473
v -1.763708 8.430782 -7.106633
v 3.187191 6.549833 -8.439168
v 1.966427 6.644989 -8.557359
v 0.881313 6.692568 -8.616471
v -0.746361 6.692568 -8.616513
v -1.763672 6.644989 -8.557454
v 1.966465 4.563915 -9.641465
v 0.881340 4.596836 -9.708211
v -0.746334 4.596836 -9.708249
v -1.763638 4.563915 -9.641541
v 3.187241 2.244843 -10.168546
v 1.966486 2.278507 -10.311475
v 3.187218 4.498064 -9.507974
v 0.881363 2.295337 -10.382943
v -0.746313 2.295337 -10.382977
v -1.763617 2.278507 -10.311566
v 3.187248 -0.111354 -10.391994
v 3.187038 10.666668 -3.326516
v 3.186806 9.703037 4.945914
v 3.186661 2.244846 9.835111
v 3.186710 -6.772538 8.105703
v 3.186916 -11.381956 0.902102
v 3.187145 -8.533177 -7.008775
v 4.034924 -2.013140 -8.239606
v 3.695858 -2.240349 -9.204091
v 3.695866 -0.111354 -9.405988
v 4.034927 -0.111354 -8.419965
v 3.322861 -2.374988 -9.775647
v 3.322865 -0.111354 -9.990300
v 4.136608 -3.255637 -6.538777
v 4.034908 -3.831812 -7.706438
v 4.136623 -1.718620 -6.989386
v 3.695847 -4.276291 -8.607209
v 3.322842 -4.539690 -9.141000
v 4.136589 -4.655236 -5.809674
v 4.034889 -5.487883 -6.843732
v 3.695816 -6.130212 -7.641447
v 3.322815 -6.510849 -8.114160
v 4.034851 -6.908972 -5.689214
v 3.695782 -7.721078 -6.348992
v 3.322773 -8.202329 -6.739985
v 4.034809 -8.032966 -4.293336
v 3.695732 -8.979358 -4.786347
v 3.322723 -9.540180 -5.078519
v 4.136486 -7.463500 -2.322133
v 4.034763 -8.810758 -2.717095
v 4.136532 -6.806171 -3.654256
v 3.695683 -9.850065 -3.021794
v 3.322674 -10.465953 -3.202379
v 4.136448 -7.799518 -0.895803
v 4.034718 -9.208341 -1.029401
v 3.695621 -10.295149 -1.132493
v 3.322609 -10.939178 -1.193566
v 4.034664 -9.208341 0.695991
v 3.695572 -10.295149 0.799056
v 3.322552 -10.939178 0.860110
v 4.034615 -8.810758 2.383696
v 3.695515 -9.850065 2.688369
v 3.322495 -10.465953 2.868926
v 4.136326 -6.806170 3.320834
v 4.034573 -8.032966 3.959929
v 4.136364 -7.463500 1.988715
v 3.695469 -8.979358 4.452926
v 3.322437 -9.540180 4.745062
v 4.136288 -5.856241 4.500547
v 4.034527 -6.908970 5.355806
v 3.695419 -7.721077 6.015574
v 3.322395 -8.202328 6.406524
v 4.034492 -5.487881 6.510322
v 3.695381 -6.130211 7.308023
v 3.322350 -6.510848 7.780711
v 4.034473 -3.831811 7.373026
v 3.695354 -4.276290 8.273787
v 3.322323 -4.539689 8.807559
v 4.136230 -1.718619 6.655971
v 4.034458 -2.013138 7.906200
v 4.136238 -3.255636 6.205367
v 3.695339 -2.240347 8.870650
v 3.322300 -2.374986 9.442183
v 4.136223 -0.111353 6.808398
v 4.034454 -0.111353 8.086562
v 3.695332 -0.111353 9.072558
v 3.322292 -0.111353 9.656844
v 4.034458 1.790433 7.906200
v 3.695339 2.017643 8.870650
v 3.322300 2.152281 9.442183
v 4.034473 3.609105 7.373026
v 3.695354 4.053587 8.273787
v 3.322323 4.316984 8.807559
v 4.136261 4.432528 5.476272
v 4.034492 5.265171 6.510322
v 4.136238 3.032929 6.205367
v 3.695381 5.907499 7.308021
v 3.322350 6.288147 7.780711
v 4.136288 5.633535 4.500544
v 4.034527 6.686266 5.355806
v 3.695419 7.498373 6.015574
v 3.322395 7.979614 6.406524
v 4.034573 7.810266 3.959926
v 3.695469 8.756653 4.452926
v 3.322437 9.317474 4.745059
v 4.034615 8.588051 2.383693
v 3.695515 9.627361 2.688369
v 3.322495 10.243246 2.868922
v 4.136402 7.576805 0.562392
v 4.034664 8.985626 0.695991
v 4.136364 7.240803 1.988711
v 3.695572 10.072441 0.799052
v 3.322552 10.716469 0.860110
v 4.136448 7.576805 -0.895806
v 4.034718 8.985626 -1.029401
v 3.695621 10.072441 -1.132497
v 3.322609 10.716469 -1.193566
v 4.034763 8.588051 -2.717095
v 3.695683 9.627361 -3.021798
v 3.322674 10.243246 -3.202379
v 4.034809 7.810266 -4.293340
v 3.695732 8.756653 -4.786347
v 3.322723 9.317474 -5.078519
v 4.136562 5.633534 -4.833963
v 4.034851 6.686266 -5.689214
v 4.136532 6.583466 -3.654256
v 3.695782 7.498371 -6.348992
v 3.322773 7.979612 -6.739987
v 4.136589 4.432528 -5.809674
v 4.034889 5.265169 -6.843732
v 3.695816 5.907499 -7.641447
v 3.322815 6.288145 -8.114160
v 4.034908 3.609104 -7.706438
v 3.695847 4.053585 -8.607209
v 3.322842 4.316982 -9.141000
v 4.136623 1.495906 -6.989386
v 4.034924 1.790432 -8.239606
v 4.136608 3.032929 -6.538782
v 3.695858 2.017642 -9.204091
v 3.322861 2.152280 -9.775647
v 4.136631 -0.111354 -7.141809
v 4.136486 7.240803 -2.322137
v 4.136326 6.583466 3.320830
v 4.136230 1.495906 6.655971
v 4.136261 -4.655235 5.476274
v 4.136402 -7.799518 0.562396
v 4.136562 -5.856242 -4.833963
vn 0.6320 0.7696 0.0909
vn 0.9126 0.3785 0.1546
vn 0.5027 0.2254 0.8346
vn 0.6059 0.4353 -0.6659
vn 0.5095 -0.4143 -0.7542
vn 0.8634 0.1711 -0.4746
vn 0.5121 0.5279 -0.6775
vn 0.9245 0.3712 -0.0868
vn 0.5309 0.7504 0.3937
vn 0.4968 -0.0657 -0.8654
vn 0.5372 -0.8256 -0.1723
vn 0.9421 -0.2118 -0.2600
vn 0.5932 0.0011 -0.8050
vn 0.8991 0.0976 -0.4267
vn 0.5323 0.7682 -0.3556
vn 0.6220 -0.6602 -0.4211
vn 0.5233 -0.6508 0.5502
vn 0.8805 -0.4525 -0.1417
vn 0.5218 -0.6757 -0.5207
vn 0.9116 -0.1151 -0.3946
vn 0.5036 0.2607 -0.8237
vn 0.6284 -0.7315 0.2648
vn 0.4999 -0.0636 0.8637
vn 0.9098 -0.3402 0.2376
vn 0.6321 -0.7698 0.0884
vn 0.9143 -0.3999 -0.0640
vn 0.5080 -0.3811 -0.7725
vn 0.5991 -0.2975 0.7434
vn 0.5170 0.5548 0.6518
vn 0.8985 -0.0674 0.4337
vn 0.5048 -0.3837 0.7733
vn 0.9226 -0.3462 0.1702
vn 0.5363 -0.8163 -0.2145
vn 0.5992 0.2994 0.7425
vn 0.5387 0.8422 -0.0217
vn 0.9043 0.2473 0.3478
vn 0.5947 0.1506 0.7897
vn 0.8605 -0.0179 0.5091
vn 0.5251 -0.6754 0.5177
vn 0.5277 0.7532 0.3926
vn 0.5153 0.5251 -0.6773
vn 0.9476 0.3108 -0.0737
vn 0.6219 0.6590 0.4231
vn 0.8714 0.3335 0.3598
vn 0.5003 -0.0999 0.8601
vn 0.5354 0.8444 0.0194
vn 0.5027 0.2255 -0.8345
vn 0.9443 0.2560 -0.2067
vn 0.6059 0.4352 0.6659
vn 0.8634 0.1711 0.4746
vn 0.5094 -0.4143 0.7542
vn 0.5121 0.5279 0.6776
vn 0.5309 0.7504 -0.3937
vn 0.9476 0.3110 0.0728
vn 0.4968 -0.0657 0.8654
vn 0.9168 -0.2522 0.3096
vn 0.5372 -0.8256 0.1724
vn 0.5931 0.0011 0.8051
vn 0.5323 0.7683 0.3556
vn 0.8990 0.0976 0.4269
vn 0.5202 -0.6537 0.5497
vn 0.9251 -0.3798 -0.0006
vn 0.5233 -0.6508 -0.5501
vn 0.5218 -0.6757 0.5207
vn 0.5036 0.2607 0.8237
vn 0.9116 -0.1151 0.3946
vn 0.5339 -0.8272 -0.1751
vn 0.9168 -0.2514 -0.3103
vn 0.5000 -0.0636 -0.8637
vn 0.6320 -0.7699 -0.0885
vn 0.5079 -0.3811 0.7725
vn 0.9144 -0.3998 0.0641
vn 0.5061 -0.4134 -0.7569
vn 0.9374 0.0333 -0.3466
vn 0.5170 0.5548 -0.6518
vn 0.5048 -0.3837 -0.7733
vn 0.5364 -0.8163 0.2144
vn 0.9226 -0.3462 -0.1702
vn 0.5993 0.2994 -0.7424
vn 0.8686 0.2871 -0.4039
vn 0.5387 0.8422 0.0217
vn 0.5948 0.1504 -0.7897
vn 0.5252 -0.6754 -0.5177
vn 0.8981 -0.0154 -0.4395
vn 0.5277 0.7532 -0.3926
vn 0.9476 0.3108 0.0738
vn 0.5152 0.5251 0.6774
vn 0.5290 0.7692 -0.3585
vn 0.5004 -0.0999 -0.8600
vn 0.9139 0.1871 -0.3602
vn -0.7804 -0.0982 -0.6175
vn -1.0000 -0.0000 -0.0000
vn -0.7796 0.0198 -0.6260
vn -0.7483 -0.4695 -0.4686
vn -0.7886 -0.3196 -0.5253
vn -0.8027 -0.5138 -0.3028
vn -0.8090 -0.5808 0.0905
vn -0.8095 -0.5854 -0.0453
vn -0.8059 -0.5490 0.2215
vn -0.7414 -0.3679 0.5613
vn -0.8603 -0.3608 0.3601
vn -0.7836 -0.2128 0.5837
vn -0.7812 0.1371 0.6090
vn -0.7303 -0.0000 0.6831
vn -0.8515 0.1955 0.4866
vn -0.8008 0.4923 0.3410
vn -0.8603 0.3608 0.3601
vn -0.8059 0.5490 0.2215
vn -0.8072 0.5626 -0.1787
vn -0.8095 0.5854 -0.0453
vn -0.8027 0.5138 -0.3028
vn -0.8515 0.1955 -0.4866
vn -0.7886 0.3196 -0.5253
vn -0.7812 0.1371 -0.6090
vn -0.7483 0.4695 -0.4686
vn -0.8090 0.5808 0.0905
vn -0.7414 0.3679 0.5612
vn -0.8488 -0.0996 0.5193
vn -0.8009 -0.4923 0.3410
vn -0.8072 -0.5626 -0.1787
vn -0.7836 -0.2127 -0.5837
vn -0.8490 -0.1160 -0.5156
vn -0.7851 -0.2495 -0.5669
vn -0.8965 -0.2553 -0.3621
vn -0.9025 -0.3540 -0.2452
vn -0.8679 -0.4606 -0.1859
vn -0.8090 -0.5808 -0.0906
vn -0.8689 -0.4717 0.1498
vn -0.9036 -0.3691 0.2174
vn -0.7484 -0.4695 0.4685
vn -0.8932 -0.1811 0.4115
vn -0.7317 -0.1284 0.6695
vn -0.9360 -0.0000 0.3520
vn -0.9104 0.2268 0.3460
vn -0.7484 0.4695 0.4685
vn -0.8689 0.4717 0.1498
vn -0.8706 0.4905 0.0379
vn -0.8090 0.5808 -0.0905
vn -0.9025 0.3540 -0.2452
vn -0.8603 0.3608 -0.3601
vn -0.8965 0.2553 -0.3621
vn -0.8045 0.2214 -0.5511
vn -0.7804 0.0982 -0.6175
vn -0.8899 -0.0144 -0.4559
vn -0.8679 0.4606 -0.1859
vn -0.9036 0.3691 0.2174
vn -0.7804 0.0982 0.6175
vn -0.9104 -0.2268 0.3460
vn -0.8706 -0.4905 0.0379
vn -0.8603 -0.3608 -0.3601
vn -0.8741 -0.0000 0.4857
vn -0.8746 0.0761 0.4789
vn -0.8808 0.2596 0.3960
vn -0.8849 0.3297 0.3290
vn -0.8888 0.3860 0.2470
vn -0.8937 0.4457 0.0519
vn -0.9342 0.3544 -0.0413
vn -0.8570 0.4849 -0.1746
vn -0.9163 0.2734 -0.2927
vn -0.8800 0.2469 -0.4057
vn -0.8214 0.1953 -0.5358
vn -0.7769 -0.0000 -0.6296
vn -0.9468 -0.0606 -0.3161
vn -0.8214 -0.1953 -0.5358
vn -0.8849 -0.3297 -0.3291
vn -0.8888 -0.3860 -0.2470
vn -0.8570 -0.4849 -0.1746
vn -0.8937 -0.4457 0.0519
vn -0.8914 -0.4203 0.1696
vn -0.8888 -0.3860 0.2470
vn -0.8808 -0.2596 0.3960
vn -0.8388 -0.2030 0.5052
vn -0.9090 -0.0654 0.4116
vn -0.8849 -0.3297 0.3290
vn -0.9342 -0.3544 -0.0413
vn -0.8800 -0.2469 -0.4057
vn -0.9468 0.0606 -0.3161
vn -0.8366 0.4503 -0.3120
vn -0.8914 0.4203 0.1696
vn -0.8773 0.1789 0.4454
vn -0.4433 0.1407 0.8853
vn -0.2579 0.2121 0.9426
vn -0.3029 0.0145 0.9529
vn -0.3343 -0.0224 0.9422
vn -0.1947 0.3849 0.9022
vn -0.3126 0.5336 0.7858
vn -0.5372 0.5843 0.6083
vn -0.2022 0.7089 0.6757
vn -0.4531 0.4634 0.7616
vn -0.4692 0.7379 0.4852
vn -0.3245 0.8056 0.4956
vn -0.2800 0.9149 0.2906
vn -0.2821 0.9529 0.1110
vn -0.2821 0.9529 -0.1110
vn -0.4794 0.8717 0.1015
vn -0.5853 0.8037 -0.1071
vn -0.2855 0.9011 -0.3265
vn -0.2796 0.9033 -0.3253
vn -0.2759 0.8281 -0.4879
vn -0.2707 0.7050 -0.6555
vn -0.2654 0.5556 -0.7880
vn -0.5372 0.5843 -0.6083
vn -0.4530 0.4634 -0.7616
vn -0.2609 0.3889 -0.8836
vn -0.4470 0.3063 -0.8405
vn -0.3041 0.1938 -0.9327
vn -0.1481 -0.0000 -0.9890
vn -0.3352 -0.1553 -0.9293
vn -0.3041 -0.1938 -0.9327
vn -0.5463 -0.0112 -0.8375
vn -0.4470 -0.3063 -0.8405
vn -0.2609 -0.3889 -0.8836
vn -0.2654 -0.5556 -0.7880
vn -0.2022 -0.7089 -0.6757
vn -0.4692 -0.7379 -0.4852
vn -0.3245 -0.8056 -0.4956
vn -0.5372 -0.5843 -0.6083
vn -0.2855 -0.9011 -0.3265
vn -0.2796 -0.9033 -0.3253
vn -0.2821 -0.9529 -0.1110
vn -0.2821 -0.9529 0.1110
vn -0.2800 -0.9149 0.2907
vn -0.4794 -0.8717 0.1015
vn -0.3618 -0.8677 0.3407
vn -0.3245 -0.8056 0.4956
vn -0.5453 -0.6959 0.4673
vn -0.2022 -0.7089 0.6757
vn -0.3126 -0.5336 0.7858
vn -0.1947 -0.3849 0.9022
vn -0.4531 -0.4634 0.7616
vn -0.4471 -0.3063 0.8404
vn -0.2111 -0.1956 0.9577
vn -0.5478 -0.1465 0.8237
vn -0.4605 -0.6059 0.6487
vn -0.5853 -0.8037 -0.1071
vn -0.4530 -0.4634 -0.7616
vn -0.4433 0.1407 -0.8853
vn -0.4692 0.7379 -0.4852
vn -0.3618 0.8678 0.3407
vn -0.4471 0.3063 0.8404
vn -0.8514 0.1152 0.5117
vn -0.8544 0.2094 0.4756
vn -0.8586 0.2954 0.4190
vn -0.8663 0.4106 0.2844
vn -0.8708 0.4626 0.1664
vn -0.8728 0.4848 0.0564
vn -0.8708 0.4626 -0.1666
vn -0.8663 0.4106 -0.2844
vn -0.8626 0.3581 -0.3573
vn -0.8544 0.2094 -0.4756
vn -0.8514 0.1152 -0.5117
vn -0.8501 0.0166 -0.5263
vn -0.8544 -0.2094 -0.4756
vn -0.8585 -0.2955 -0.4190
vn -0.8626 -0.3581 -0.3573
vn -0.8708 -0.4626 -0.1666
vn -0.8728 -0.4866 -0.0377
vn -0.8728 -0.4848 0.0565
vn -0.8672 -0.4195 0.2684
vn -0.8633 -0.3696 0.3436
vn -0.8586 -0.2955 0.4190
vn -0.8544 -0.2094 0.4756
vn -0.8514 -0.1152 0.5117
vn -0.8503 -0.0000 0.5263
vn -0.8708 -0.4626 0.1666
vn -0.8663 -0.4106 -0.2845
vn -0.8512 -0.0989 -0.5154
vn -0.8585 0.2955 -0.4190
vn -0.8728 0.4866 -0.0377
vn -0.8626 0.3581 0.3572
vn 0.0635 -0.1882 -0.9801
vn 0.2026 -0.1845 -0.9617
vn 0.2018 -0.0000 -0.9794
vn 0.0632 -0.0000 -0.9980
vn -0.2188 -0.0308 -0.9753
vn 0.0031 0.0193 -0.9998
vn 0.1027 -0.1737 -0.9794
vn -0.2199 -0.2142 -0.9517
vn 0.2246 -0.3501 -0.9094
vn -0.0359 -0.3725 -0.9273
vn 0.0630 -0.5477 -0.8343
vn 0.1881 -0.5498 -0.8138
vn 0.0667 -0.7063 -0.7048
vn 0.2125 -0.6917 -0.6902
vn 0.0654 -0.5471 -0.8345
vn 0.1081 -0.7145 -0.6912
vn -0.2295 -0.6644 -0.7113
vn -0.2251 -0.5064 -0.8324
vn 0.1954 -0.8180 -0.5410
vn 0.0681 -0.8403 -0.5378
vn 0.0659 -0.8597 -0.5065
vn -0.2342 -0.7992 -0.5536
vn 0.2204 -0.9181 -0.3293
vn 0.0670 -0.9509 -0.3021
vn 0.2523 -0.9584 -0.1336
vn 0.1313 -0.9870 -0.0922
vn 0.2440 -0.9651 0.0956
vn 0.0700 -0.9909 -0.1152
vn 0.0702 -0.9856 0.1536
vn -0.2410 -0.9640 -0.1124
vn 0.0034 -0.9957 0.0922
vn -0.2407 -0.9590 0.1495
vn 0.1986 -0.9168 0.3464
vn 0.0693 -0.9386 0.3380
vn 0.0669 -0.9509 0.3021
vn -0.2382 -0.9007 0.3634
vn 0.1104 -0.8457 0.5221
vn 0.1867 -0.8153 0.5481
vn 0.2607 -0.6834 0.6819
vn 0.0032 -0.7229 0.6910
vn 0.2083 -0.5372 0.8173
vn 0.0667 -0.7063 0.7047
vn 0.0655 -0.5187 0.8525
vn -0.2296 -0.6644 0.7112
vn 0.0203 -0.5599 0.8283
vn -0.2259 -0.5342 0.8146
vn 0.1579 -0.3681 0.9163
vn 0.0642 -0.3724 0.9259
vn 0.1038 -0.3575 0.9281
vn -0.2228 -0.3928 0.8922
vn 0.2487 -0.1824 0.9513
vn 0.0612 -0.1881 0.9802
vn 0.0609 -0.0000 0.9981
vn 0.1555 -0.0000 0.9878
vn 0.0635 0.1882 0.9801
vn 0.2487 0.1824 0.9513
vn 0.0632 -0.0000 0.9980
vn 0.0031 0.2074 0.9783
vn -0.2194 0.1532 0.9635
vn -0.2189 -0.0000 0.9757
vn 0.1579 0.3681 0.9163
vn 0.0642 0.3724 0.9259
vn 0.1594 0.3680 0.9161
vn -0.2222 0.3637 0.9046
vn 0.2083 0.5372 0.8173
vn 0.0203 0.5599 0.8283
vn 0.2607 0.6834 0.6820
vn 0.0032 0.7229 0.6910
vn 0.1867 0.8153 0.5481
vn 0.0667 0.7064 0.7047
vn 0.0683 0.8596 0.5064
vn 0.1104 0.8457 0.5221
vn -0.2342 0.7992 0.5536
vn -0.2296 0.6644 0.7112
vn 0.1986 0.9168 0.3464
vn 0.0693 0.9386 0.3379
vn 0.0669 0.9509 0.3021
vn -0.2382 0.9007 0.3634
vn 0.2440 0.9651 0.0956
vn 0.0034 0.9957 0.0922
vn 0.1313 0.9870 -0.0922
vn 0.2523 0.9584 -0.1336
vn 0.2203 0.9182 -0.3293
vn 0.0700 0.9909 -0.1152
vn 0.0696 0.9251 -0.3733
vn -0.2410 0.9640 -0.1124
vn 0.0670 0.9509 -0.3021
vn -0.2382 0.9007 -0.3634
vn 0.2169 0.8229 -0.5251
vn 0.0684 0.8201 -0.5681
vn 0.0659 0.8597 -0.5065
vn -0.2342 0.7992 -0.5536
vn 0.1082 0.7145 -0.6912
vn 0.1838 0.7107 -0.6790
vn 0.2089 0.5635 -0.7992
vn 0.0630 0.5477 -0.8343
vn 0.2049 0.3649 -0.9082
vn 0.0656 0.5187 -0.8524
vn 0.0642 0.3717 -0.9261
vn -0.2251 0.5065 -0.8324
vn 0.0032 0.3912 -0.9203
vn -0.2215 0.3339 -0.9162
vn 0.1028 0.2010 -0.9742
vn 0.2026 0.1844 -0.9617
vn 0.0635 0.1882 -0.9801
vn -0.2194 0.1532 -0.9635
vn -0.2295 0.6644 -0.7113
vn 0.0670 0.6811 -0.7291
vn -0.2407 0.9590 0.1495
vn 0.0698 0.9857 0.1536
vn -0.2259 0.5341 0.8147
vn 0.0651 0.5187 0.8525
vn -0.2198 -0.1836 0.9581
vn 0.0635 -0.1882 0.9801
vn -0.2342 -0.7992 0.5536
vn 0.0683 -0.8596 0.5064
vn -0.2382 -0.9007 -0.3634
vn 0.0691 -0.9251 -0.3733
vn -0.2222 -0.3631 -0.9049
vn 0.0644 -0.4020 -0.9134
vn -0.5508 0.1833 0.8143
vn -0.8215 0.2126 0.5291
vn -0.6038 0.4370 0.6667
vn -0.7196 0.5849 0.3743
vn -0.7260 0.6554 0.2082
vn -0.8434 0.5337 0.0621
vn -0.8411 0.5089 -0.1833
vn -0.8074 0.5084 -0.2995
vn -0.7133 0.5133 -0.4772
vn -0.6993 0.2880 -0.6542
vn -0.7862 0.1357 -0.6029
vn -0.4501 -0.0000 -0.8930
vn -0.6986 -0.2667 -0.6640
vn -0.7058 -0.4082 -0.5789
vn -0.5708 -0.6013 -0.5591
vn -0.8411 -0.5089 -0.1833
vn -0.6299 -0.7714 -0.0899
vn -0.7287 -0.6802 0.0792
vn -0.7196 -0.5849 0.3743
vn -0.7123 -0.4968 0.4958
vn -0.7049 -0.3889 0.5932
vn -0.8215 -0.2126 0.5291
vn -0.5508 -0.1833 0.8143
vn -0.6930 -0.0000 0.7209
vn -0.7260 -0.6554 0.2082
vn -0.8074 -0.5084 -0.2995
vn -0.8184 -0.1082 -0.5644
vn -0.5626 0.4764 -0.6757
vn -0.4873 0.8674 -0.1010
vn -0.8316 0.3931 0.3923
vn -0.8206 -0.0000 0.5715
vn -0.8219 0.1251 0.5557
vn -0.4914 0.1561 0.8568
vn -0.5389 -0.0000 0.8424
vn -0.1478 -0.0000 0.9890
vn -0.1077 0.1684 0.9798
vn -0.6526 0.2824 0.7031
vn -0.1247 0.3700 0.9206
vn -0.5028 0.4810 0.7182
vn -0.1265 0.5438 0.8296
vn -0.8283 0.2913 0.4786
vn -0.8336 0.3771 0.4036
vn -0.5608 0.6064 0.5638
vn -0.1177 0.6924 0.7118
vn -0.8390 0.4473 0.3098
vn -0.5686 0.7087 0.4175
vn -0.1479 0.8213 0.5511
vn -0.5748 0.7799 0.2477
vn -0.1338 0.9190 0.3708
vn -0.5081 0.8580 0.0754
vn -0.1234 0.9837 0.1309
vn -0.8464 0.5289 0.0616
vn -0.8464 0.5289 -0.0616
vn -0.6250 0.7732 -0.1076
vn -0.1521 0.9841 -0.0917
vn -0.8445 0.5104 -0.1622
vn -0.5730 0.7600 -0.3067
vn -0.1224 0.9391 -0.3212
vn -0.6329 0.6452 -0.4281
vn -0.1433 0.8250 -0.5466
vn -0.4911 0.6323 -0.5992
vn -0.1295 0.6769 -0.7246
vn -0.8347 0.3898 -0.3890
vn -0.8283 0.2912 -0.4786
vn -0.5028 0.4810 -0.7182
vn -0.1107 0.5278 -0.8421
vn -0.8248 0.2108 -0.5247
vn -0.6526 0.2824 -0.7031
vn -0.1353 0.3563 -0.9245
vn -0.4252 0.1705 -0.8889
vn -0.1077 0.1684 -0.9798
vn -0.6467 -0.0000 -0.7627
vn -0.1478 -0.0000 -0.9890
vn -0.8206 -0.0000 -0.5715
vn -0.8217 -0.1075 -0.5598
vn -0.4252 -0.1705 -0.8889
vn -0.0977 -0.1875 -0.9774
vn -0.8253 -0.2275 -0.5169
vn -0.6103 -0.2844 -0.7393
vn -0.1500 -0.3685 -0.9174
vn -0.5500 -0.4341 -0.7135
vn -0.1267 -0.5435 -0.8298
vn -0.5099 -0.6026 -0.6139
vn -0.1130 -0.6882 -0.7166
vn -0.8355 -0.4024 -0.3742
vn -0.8406 -0.4667 -0.2750
vn -0.6329 -0.6452 -0.4281
vn -0.1433 -0.8250 -0.5466
vn -0.8445 -0.5104 -0.1622
vn -0.5730 -0.7600 -0.3067
vn -0.1224 -0.9391 -0.3212
vn -0.6250 -0.7732 -0.1076
vn -0.1521 -0.9841 -0.0917
vn -0.5081 -0.8580 0.0753
vn -0.1234 -0.9837 0.1310
vn -0.8464 -0.5289 0.0616
vn -0.8434 -0.4983 0.2010
vn -0.5748 -0.7799 0.2477
vn -0.1338 -0.9190 0.3708
vn -0.8390 -0.4473 0.3098
vn -0.5686 -0.7087 0.4175
vn -0.1479 -0.8213 0.5511
vn -0.5608 -0.6064 0.5638
vn -0.1177 -0.6924 0.7118
vn -0.5028 -0.4810 0.7182
vn -0.1266 -0.5438 0.8296
vn -0.8284 -0.2912 0.4785
vn -0.8248 -0.2108 0.5247
vn -0.6527 -0.2824 0.7030
vn -0.1246 -0.3699 0.9207
vn -0.4914 -0.1561 0.8568
vn -0.1078 -0.1684 0.9798
vn -0.8219 -0.1251 0.5557
vn -0.8337 -0.3770 0.4035
vn -0.8464 -0.5289 -0.0615
vn -0.8301 -0.3213 -0.4558
vn -0.8217 0.1074 -0.5598
vn -0.8406 0.4667 -0.2750
vn -0.8434 0.4983 0.2010
vn -0.8248 0.2108 0.5247
vn 0.2885 0.1682 0.9426
vn 0.3043 -0.0000 0.9526
vn 0.8294 -0.0000 0.5586
vn 0.8307 0.1222 0.5432
vn 0.8555 0.0975 0.5085
vn 0.9000 -0.0000 0.4359
vn 0.5216 -0.0000 0.8532
vn 0.5232 0.1605 0.8370
vn 0.9696 0.0447 0.2404
vn 0.9948 0.0224 0.0997
vn 0.9947 0.0032 0.1027
vn 0.9792 -0.0020 0.2030
vn 0.5264 0.2911 0.7988
vn 0.3258 0.3653 0.8720
vn 0.8909 0.1771 0.4183
vn 0.9798 0.0728 0.1865
vn 0.5343 0.4634 0.7070
vn 0.3136 0.5206 0.7941
vn 0.9713 0.1293 0.1999
vn 0.8848 0.2555 0.3898
vn 0.3184 0.6471 0.6927
vn 0.7858 0.3391 0.5173
vn 0.8882 0.3365 0.3129
vn 0.8887 0.3245 0.3239
vn 0.4747 0.6387 0.6056
vn 0.9812 0.1351 0.1377
vn 0.9953 0.0710 0.0660
vn 0.9951 0.0571 0.0810
vn 0.3245 0.7776 0.5386
vn 0.9196 0.3385 0.1994
vn 0.5506 0.7076 0.4429
vn 0.8930 0.3877 0.2284
vn 0.9771 0.1750 0.1213
vn 0.9955 0.0819 0.0482
vn 0.3297 0.8755 0.3533
vn 0.6043 0.7553 0.2537
vn 0.9779 0.1941 0.0783
vn 0.9074 0.3978 0.1354
vn 0.3330 0.9317 0.1452
vn 0.5605 0.8257 0.0639
vn 0.9784 0.2054 0.0240
vn 0.8849 0.4610 0.0668
vn 0.3335 0.9400 -0.0727
vn 0.8963 0.4421 0.0342
vn 0.8960 0.4387 -0.0684
vn 0.8973 0.4401 -0.0341
vn 0.5599 0.8187 -0.1276
vn 0.9957 0.0925 -0.0071
vn 0.9957 0.0922 0.0106
vn 0.9783 0.2046 -0.0319
vn 0.3306 0.8880 -0.3197
vn 0.9096 0.3910 -0.1408
vn 0.8870 0.4363 -0.1515
vn 0.5568 0.7815 -0.2814
vn 0.9956 0.0891 -0.0284
vn 0.9779 0.1941 -0.0783
vn 0.5019 0.7337 -0.4581
vn 0.3496 0.7783 -0.5216
vn 0.8924 0.3777 -0.2470
vn 0.9771 0.1750 -0.1212
vn 0.2958 0.6908 -0.6598
vn 0.5419 0.5892 -0.5993
vn 0.8972 0.3063 -0.3181
vn 0.9812 0.1351 -0.1377
vn 0.3144 0.5470 -0.7758
vn 0.8784 0.3384 -0.3376
vn 0.8369 0.2845 -0.4676
vn 0.5805 0.4333 -0.6894
vn 0.8971 0.2364 -0.3731
vn 0.9951 0.0570 -0.0809
vn 0.9953 0.0710 -0.0660
vn 0.9754 0.1242 -0.1820
vn 0.3259 0.3653 -0.8720
vn 0.9507 0.1156 -0.2876
vn 0.8680 0.1960 -0.4563
vn 0.5264 0.2911 -0.7988
vn 0.9949 0.0405 -0.0923
vn 0.9703 0.0889 -0.2250
vn 0.2885 0.1682 -0.9426
vn 0.5881 0.1406 -0.7965
vn 0.8792 0.1046 -0.4649
vn 0.9738 0.0357 -0.2245
vn 0.4087 -0.0000 -0.9127
vn 0.3044 -0.0000 -0.9525
vn 0.8782 -0.0000 -0.4783
vn 0.9792 -0.0020 -0.2030
vn 0.2885 -0.1682 -0.9426
vn 0.8671 -0.0000 -0.4981
vn 0.8307 -0.1222 -0.5432
vn 0.5881 -0.1406 -0.7965
vn 0.8792 -0.1046 -0.4649
vn 0.9948 -0.0192 -0.1004
vn 0.9947 0.0031 -0.1026
vn 0.9678 -0.0408 -0.2485
vn 0.3318 -0.3351 -0.8818
vn 0.9107 -0.1664 -0.3780
vn 0.4791 -0.3192 -0.8177
vn 0.8817 -0.1901 -0.4318
vn 0.9743 -0.0771 -0.2115
vn 0.9949 -0.0406 -0.0923
vn 0.3137 -0.5206 -0.7941
vn 0.6408 -0.4209 -0.6420
vn 0.9713 -0.1293 -0.1998
vn 0.8848 -0.2555 -0.3898
vn 0.5419 -0.5892 -0.5993
vn 0.2958 -0.6908 -0.6598
vn 0.8879 -0.3140 -0.3362
vn 0.9764 -0.1558 -0.1496
vn 0.3496 -0.7783 -0.5216
vn 0.8784 -0.3384 -0.3376
vn 0.8920 -0.3895 -0.2294
vn 0.9008 -0.3608 -0.2415
vn 0.5019 -0.7337 -0.4581
vn 0.9820 -0.1581 -0.1036
vn 0.9955 -0.0819 -0.0483
vn 0.9953 -0.0710 -0.0660
vn 0.3306 -0.8880 -0.3198
vn 0.9398 -0.3216 -0.1158
vn 0.8870 -0.4363 -0.1515
vn 0.5569 -0.7815 -0.2814
vn 0.9779 -0.1941 -0.0783
vn 0.9956 -0.0892 -0.0283
vn 0.5599 -0.8187 -0.1276
vn 0.3335 -0.9399 -0.0727
vn 0.9783 -0.2046 -0.0319
vn 0.8973 -0.4401 -0.0341
vn 0.5605 -0.8257 0.0639
vn 0.3330 -0.9317 0.1452
vn 0.9748 -0.2216 0.0243
vn 0.8849 -0.4610 0.0668
vn 0.8948 -0.4254 0.1352
vn 0.3297 -0.8755 0.3533
vn 0.8543 -0.5182 0.0401
vn 0.6043 -0.7553 0.2538
vn 0.9074 -0.3978 0.1354
vn 0.9813 -0.1794 0.0702
vn 0.9956 -0.0883 0.0314
vn 0.9957 -0.0918 0.0143
vn 0.8920 -0.3895 0.2295
vn 0.3245 -0.7776 0.5386
vn 0.8930 -0.3877 0.2284
vn 0.5506 -0.7076 0.4429
vn 0.9955 -0.0819 0.0483
vn 0.9771 -0.1750 0.1213
vn 0.4747 -0.6387 0.6056
vn 0.3184 -0.6471 0.6927
vn 0.8887 -0.3245 0.3239
vn 0.9812 -0.1351 0.1377
vn 0.5819 -0.4588 0.6715
vn 0.3125 -0.4938 0.8115
vn 0.9713 -0.1293 0.1999
vn 0.8848 -0.2555 0.3898
vn 0.8339 -0.2223 0.5051
vn 0.3318 -0.3351 0.8818
vn 0.9135 -0.2344 0.3324
vn 0.8909 -0.1771 0.4183
vn 0.4790 -0.3192 0.8177
vn 0.9949 -0.0405 0.0923
vn 0.9951 -0.0571 0.0810
vn 0.9798 -0.0728 0.1865
vn 0.2885 -0.1682 0.9426
vn 0.5231 -0.1605 0.8370
vn 0.9635 -0.0504 0.2630
vn 0.8555 -0.0975 0.5085
vn 0.9087 -0.0917 0.4072
vn 0.9948 -0.0195 0.1003
vn 0.9953 -0.0710 0.0660
vn 0.8882 -0.3365 0.3129
vn 0.9957 -0.0925 -0.0071
vn 0.8960 -0.4387 -0.0684
vn 0.9951 -0.0571 -0.0809
vn 0.8999 -0.2391 -0.3647
vn 0.9948 0.0224 -0.0996
vn 0.8307 0.1222 -0.5432
vn 0.9955 0.0819 -0.0483
vn 0.8920 0.3895 -0.2294
vn 0.9956 0.0891 0.0284
vn 0.8949 0.4254 0.1352
vn 0.9949 0.0406 0.0924
vn 0.9507 0.1155 0.2877
vn 0.7635 0.3536 0.5404
vn 0.6097 0.6714 0.4212
vn 0.8651 -0.4265 0.2641
vn 0.6162 -0.7435 0.2600
vn 0.8820 0.0888 0.4629
vn 0.9360 -0.0000 0.3521
vn 0.8728 -0.0000 0.4880
vn 0.9307 0.0651 0.3600
vn 0.8270 0.2081 0.5223
vn 0.9555 0.1100 0.2738
vn 0.9254 0.3102 0.2177
vn 0.9280 0.3209 0.1891
vn 0.9423 0.2452 0.2280
vn 0.8829 0.3205 0.3431
vn 0.8901 0.4210 0.1744
vn 0.9062 0.4029 0.1280
vn 0.9301 0.3501 -0.1112
vn 0.9621 0.2709 -0.0315
vn 0.7805 0.6210 -0.0723
vn 0.9278 0.3451 -0.1418
vn 0.9444 0.2833 -0.1668
vn 0.8870 0.3796 -0.2630
vn 0.8842 0.1741 -0.4334
vn 0.9400 0.1966 -0.2788
vn 0.8095 0.3039 -0.5024
vn 0.9322 0.1328 -0.3368
vn 0.8739 0.1068 -0.4743
vn 0.9177 0.0624 -0.3923
vn 0.8842 -0.1741 -0.4334
vn 0.9545 -0.0562 -0.2928
vn 0.8737 -0.0916 -0.4777
vn 0.8761 -0.1797 -0.4474
vn 0.8788 -0.2480 -0.4076
vn 0.9225 -0.2224 -0.3155
vn 0.8909 -0.4274 -0.1539
vn 0.9712 -0.2242 -0.0807
vn 0.9036 -0.3690 -0.2174
vn 0.8870 -0.3796 -0.2630
vn 0.9073 -0.4155 -0.0647
vn 0.8291 -0.5576 -0.0414
vn 0.9036 -0.3691 0.2175
vn 0.9460 -0.3088 0.0982
vn 0.8901 -0.4210 0.1744
vn 0.9254 -0.3102 0.2177
vn 0.9423 -0.2452 0.2280
vn 0.8829 -0.3205 0.3431
vn 0.8739 -0.1067 0.4743
vn 0.9177 -0.0624 0.3923
vn 0.9374 -0.1192 0.3272
vn 0.8765 -0.1940 0.4407
vn 0.8555 -0.2838 0.4330
vn 0.8796 -0.2608 0.3978
vn 0.9311 -0.3637 0.0282
vn 0.8922 -0.4455 0.0738
vn 0.9253 -0.2777 -0.2581
vn 0.8829 -0.3205 -0.3431
vn 0.9173 -0.0126 -0.3980
vn 0.8728 0.0154 -0.4879
vn 0.9002 0.3190 -0.2965
vn 0.8829 0.3205 -0.3431
vn 0.9311 0.3637 0.0282
vn 0.8922 0.4455 0.0738
vn 0.8875 0.2526 0.3853
vn 0.8796 0.2608 0.3979
vn 0.8995 -0.0809 -0.4293
vn 0.9173 -0.0000 -0.3981
vn 0.8868 -0.0000 -0.4621
vn 0.9724 -0.0440 -0.2291
vn 0.8898 -0.1702 -0.4235
vn 0.9420 -0.1233 -0.3123
vn 0.9564 -0.1683 -0.2387
vn 0.8543 0.2094 0.4758
vn 0.7086 0.4066 0.5767
vn 0.9376 -0.1824 -0.2960
vn 0.9222 0.2736 0.2732
vn 0.9422 -0.2373 -0.2367
vn 0.9079 -0.2978 -0.2950
vn 0.9443 -0.2771 -0.1773
vn 0.9276 -0.3146 -0.2013
vn 0.9294 -0.3422 -0.1381
vn 0.9462 -0.3084 -0.0979
vn 0.8195 0.5692 0.0663
vn 0.9230 -0.3836 -0.0297
vn 0.8161 0.5359 0.2163
vn 0.9308 -0.3612 -0.0563
vn 0.9771 -0.2114 0.0247
vn 0.7309 0.6743 -0.1051
vn 0.9310 -0.3626 0.0423
vn 0.9032 -0.4039 0.1455
vn 0.9298 -0.3463 0.1247
vn 0.9112 -0.3479 0.2208
vn 0.9759 -0.1838 0.1176
vn 0.9223 0.2736 -0.2730
vn 0.9167 -0.2926 0.2721
vn 0.6567 0.6352 -0.4065
vn 0.9245 -0.2628 0.2762
vn 0.9399 -0.1872 0.2856
vn 0.7087 0.4066 -0.5766
vn 0.9564 -0.1601 0.2442
vn 0.9015 -0.1600 0.4022
vn 0.9607 -0.1035 0.2576
vn 0.8875 -0.0868 0.4525
vn 0.9407 -0.0619 0.3335
vn 0.9722 -0.0000 0.2343
vn 0.8513 0.1152 -0.5119
vn 0.6284 -0.0001 -0.7779
vn 0.8988 0.0014 0.4383
vn 0.8513 -0.1152 -0.5119
vn 0.8875 0.0868 0.4525
vn 0.9179 0.0747 0.3897
vn 0.9196 0.1465 0.3646
vn 0.9607 0.1034 0.2576
vn 0.9399 0.1872 0.2856
vn 0.9439 0.1828 0.2751
vn 0.9223 -0.2736 -0.2730
vn 0.9167 0.2926 0.2721
vn 0.7087 -0.4066 -0.5766
vn 0.9245 0.2628 0.2762
vn 0.9759 0.1838 0.1176
vn 0.6566 -0.6354 -0.4064
vn 0.9112 0.3479 0.2208
vn 0.9032 0.4039 0.1455
vn 0.9298 0.3463 0.1247
vn 0.9310 0.3626 0.0423
vn 0.9771 0.2113 0.0246
vn 0.7580 -0.6479 0.0755
vn 0.9470 0.3203 -0.0248
vn 0.7309 -0.6743 -0.1051
vn 0.9308 0.3612 -0.0563
vn 0.8701 -0.4571 0.1845
vn 0.9219 0.3692 -0.1173
vn 0.9294 0.3422 -0.1381
vn 0.9443 0.2771 -0.1773
vn 0.9276 0.3146 -0.2013
vn 0.9079 0.2978 -0.2950
vn 0.9422 0.2373 -0.2367
vn 0.9564 0.1683 -0.2387
vn 0.8632 -0.3698 0.3438
vn 0.7086 -0.4066 0.5767
vn 0.9376 0.1824 -0.2960
vn 0.8543 -0.2094 0.4758
vn 0.8898 0.1702 -0.4235
vn 0.9420 0.1233 -0.3123
vn 0.8995 0.0809 -0.4293
vn 0.9724 0.0439 -0.2291
vn 0.8500 -0.0166 0.5265
vn 0.6976 -0.1573 0.6990
vn 0.8123 -0.4913 0.3144
vn 0.9273 -0.3521 -0.1268
vn 0.7959 -0.2439 -0.5541
vn 0.7959 0.2439 -0.5541
vn 0.9273 0.3521 -0.1267
vn 0.7210 0.5696 0.3946
vn 0.6298 0.1463 0.7629
vn 0.5053 0.0133 0.8628
vn 0.4826 0.1650 0.8602
vn 0.4858 0.2993 0.8212
vn 0.5172 0.4573 0.7234
vn 0.9302 0.1479 0.3360
vn 0.9412 0.1851 0.2826
vn 0.8384 0.3858 0.3850
vn 0.4427 0.6347 0.6334
vn 0.5093 0.7270 0.4606
vn 0.5157 0.8074 0.2865
vn 0.5535 0.8251 0.1136
vn 0.9158 0.3827 0.1216
vn 0.9170 0.3977 0.0308
vn 0.5192 0.8521 -0.0659
vn 0.9167 0.3947 -0.0615
vn 0.5156 0.8061 -0.2903
vn 0.5092 0.7250 -0.4639
vn 0.5013 0.6125 -0.6112
vn 0.8854 0.3915 -0.2505
vn 0.9435 0.2346 -0.2341
vn 0.8651 0.2891 -0.4099
vn 0.4920 0.4525 -0.7437
vn 0.4858 0.2993 -0.8212
vn 0.4478 0.1500 -0.8815
vn 0.5372 -0.0000 -0.8435
vn 0.8257 0.1063 -0.5540
vn 0.9574 -0.0000 -0.2887
vn 0.8576 -0.0808 -0.5079
vn 0.4826 -0.1616 -0.8608
vn 0.4517 -0.3148 -0.8348
vn 0.4920 -0.4525 -0.7437
vn 0.5013 -0.6125 -0.6112
vn 0.8651 -0.2891 -0.4099
vn 0.9435 -0.2346 -0.2341
vn 0.8854 -0.3915 -0.2505
vn 0.5092 -0.7250 -0.4639
vn 0.5156 -0.8062 -0.2903
vn 0.5192 -0.8521 -0.0659
vn 0.9170 -0.3977 0.0308
vn 0.5535 -0.8251 0.1136
vn 0.9168 -0.3946 -0.0615
vn 0.9156 -0.3783 0.1363
vn 0.4807 -0.8322 0.2764
vn 0.5092 -0.7249 0.4639
vn 0.4653 -0.6119 0.6396
vn 0.5172 -0.4573 0.7234
vn 0.8384 -0.3858 0.3850
vn 0.9412 -0.1851 0.2826
vn 0.9302 -0.1479 0.3360
vn 0.4858 -0.2993 0.8212
vn 0.4478 -0.1500 0.8815
vn 0.8256 -0.1063 0.5542
vn 0.9574 -0.0000 0.2888
vn 0.9456 -0.2740 0.1754
vn 0.9473 -0.3015 -0.1085
vn 0.9036 -0.1597 -0.3974
vn 0.9302 0.1479 -0.3360
vn 0.9473 0.3015 -0.1085
vn 0.9374 0.3001 0.1768
vn 0.8256 0.1063 0.5542
vn 0.9998 -0.0038 -0.0197
vn 0.9998 -0.0000 -0.0200
vn 0.9997 -0.0096 -0.0218
vn 0.9427 0.1830 0.2791
vn 0.9999 -0.0085 -0.0130
vn 0.7898 0.2293 0.5689
vn 0.9999 -0.0113 -0.0120
vn 0.8011 0.4232 0.4233
vn 0.9997 -0.0210 -0.0134
vn 0.9999 -0.0139 -0.0050
vn 0.9998 -0.0180 -0.0028
vn 0.8616 0.4776 0.1720
vn 0.9204 0.3883 0.0453
vn 0.9998 -0.0182 0.0014
vn 0.8144 0.5765 -0.0664
vn 0.9998 -0.0197 0.0071
vn 0.9999 -0.0126 0.0081
vn 0.9998 -0.0155 0.0155
vn 0.9469 0.2708 -0.1733
vn 0.7796 0.4591 -0.4259
vn 0.8946 0.2582 -0.3646
vn 0.9999 -0.0071 0.0109
vn 0.9997 -0.0096 0.0218
vn 0.9998 -0.0038 0.0196
vn 0.8400 -0.0000 -0.5426
vn 0.9998 -0.0000 0.0201
vn 0.8410 0.1019 -0.5313
vn 0.9998 0.0038 0.0196
vn 0.8410 -0.1019 -0.5313
vn 0.9997 0.0096 0.0218
vn 0.9999 0.0071 0.0109
vn 0.9998 0.0155 0.0155
vn 0.8946 -0.2582 -0.3647
vn 0.7797 -0.4591 -0.4259
vn 0.9469 -0.2708 -0.1733
vn 0.9999 0.0126 0.0081
vn 0.9998 0.0171 0.0068
vn 0.9998 0.0207 0.0024
vn 0.9204 -0.3883 0.0453
vn 0.9998 0.0180 -0.0027
vn 0.7398 -0.6683 -0.0778
vn 0.8616 -0.4776 0.1720
vn 0.9998 0.0173 -0.0062
vn 0.9998 0.0180 -0.0115
vn 0.9999 0.0113 -0.0120
vn 0.9426 -0.1830 0.2793
vn 0.9999 0.0086 -0.0130
vn 0.8011 -0.4232 0.4233
vn 0.9997 0.0096 -0.0218
vn 0.7898 -0.2292 0.5689
vn 0.9998 0.0038 -0.0197
vn 0.8400 -0.0000 0.5426
vn 0.8410 -0.1019 0.5314
vn 0.8578 -0.4329 0.2771
vn 0.8608 -0.4713 -0.1919
vn 0.7899 -0.2292 -0.5688
vn 0.7899 0.2292 -0.5688
vn 0.7892 0.5693 -0.2304
vn 0.8577 0.4330 0.2771
vn 0.8410 0.1019 0.5314
vn 0.7117 0.1323 0.6899
vn 0.8479 -0.0000 0.5302
vn 0.8516 0.1954 0.4865
vn 0.7361 0.5701 0.3649
vn 0.8604 0.3607 0.3600
vn 0.8687 0.4661 0.1678
vn 0.7968 0.5762 -0.1818
vn 0.8707 0.4885 -0.0569
vn 0.7362 0.5700 -0.3648
vn 0.7775 0.3260 -0.5378
vn 0.8516 0.1954 -0.4864
vn 0.7117 0.1323 -0.6899
vn 0.7117 -0.1324 -0.6899
vn 0.8516 -0.1954 -0.4864
vn 0.7775 -0.3260 -0.5378
vn 0.7362 -0.5701 -0.3647
vn 0.7968 -0.5762 -0.1818
vn 0.8707 -0.4885 -0.0569
vn 0.7361 -0.5701 0.3648
vn 0.8687 -0.4661 0.1678
vn 0.8604 -0.3607 0.3600
vn 0.7117 -0.1323 0.6899
vn 0.8515 -0.1954 0.4865
vn 0.7219 -0.3794 0.5787
vn 0.7450 -0.6626 0.0772
vn 0.7838 -0.4232 -0.4546
vn 0.8479 -0.0000 -0.5302
vn 0.7838 0.4232 -0.4546
vn 0.7450 0.6626 0.0772
vn 0.7218 0.3794 0.5788
vn 1.0000 -0.0000 -0.0000
vn 0.8253 -0.3100 -0.4720
vn 0.8008 -0.4179 0.4290
vn 0.8477 0.0067 -0.5304
vn 0.7848 -0.6159 0.0688
vn 0.8516 0.2017 -0.4838
vn 0.7818 -0.5857 -0.2140
vn 0.8252 0.3093 -0.4726
vn 0.8075 -0.5015 -0.3105
vn 0.8360 0.4619 -0.2962
vn 0.7956 -0.3390 -0.5021
vn 0.8163 0.0032 -0.5776
vn 0.8145 0.5752 0.0762
vn 0.8207 0.2157 -0.5290
vn 0.8068 0.4929 0.3258
vn 0.8308 0.3961 -0.3910
vn 0.7948 0.3258 0.5120
vn 0.8206 0.2135 0.5301
vn 0.8068 0.4929 -0.3257
vn 0.8704 0.4880 -0.0645
vn 0.7528 0.0006 0.6582
vn 0.8359 0.4607 0.2985
vn 0.7956 -0.3390 0.5021
vn 0.8173 0.1058 0.5664
vn 0.8146 -0.5771 0.0581
vn 0.8174 -0.1112 0.5652
vn 0.8116 -0.5465 -0.2063
vn 0.8254 -0.3120 0.4705
vn 0.8008 -0.4179 -0.4290
vn 0.6196 -0.7788 -0.0982
vn 0.5937 0.4467 0.6693
vn 0.5823 0.1593 0.7972
vn 0.6092 -0.6641 -0.4335
vn 0.5931 -0.4358 -0.6770
vn 0.5821 -0.1470 0.7997
vn 0.5821 -0.1469 -0.7998
vn 0.5930 -0.4359 0.6770
vn 0.6092 -0.6641 0.4334
vn 0.5824 0.1593 -0.7972
vn 0.5937 0.4468 -0.6693
vn 0.6196 -0.7788 0.0982
vn 0.6162 -0.7435 -0.2599
vn 0.6098 0.6714 -0.4212
vn 0.6197 0.7804 -0.0834
vn 0.6018 -0.5702 -0.5592
vn 0.5868 -0.3079 -0.7489
vn 0.6158 0.7388 0.2738
vn 0.6011 0.5608 0.5694
vn 0.5807 -0.0063 -0.8141
vn 0.5865 0.2959 -0.7540
vn 0.5864 0.2959 0.7540
vn 0.5806 -0.0063 0.8142
vn 0.6011 0.5608 -0.5693
vn 0.6157 0.7388 -0.2739
vn 0.5868 -0.3078 0.7489
vn 0.6018 -0.5701 0.5593
vn 0.6197 0.7804 0.0834
vn 0.5634 -0.8250 -0.0438
vn 0.6306 -0.6749 -0.3833
vn 0.5427 -0.5599 -0.6261
vn 0.6340 -0.7124 -0.3009
vn 0.6188 -0.5276 -0.5820
vn 0.5286 -0.2745 -0.8033
vn 0.5264 -0.2030 -0.8257
vn 0.6009 0.1148 -0.7910
vn 0.5250 0.1170 -0.8430
vn 0.6111 0.4018 -0.6820
vn 0.5469 0.6256 -0.5563
vn 0.6074 0.3302 -0.7225
vn 0.6228 0.5810 -0.5240
vn 0.5606 0.7950 -0.2319
vn 0.5624 0.8137 0.1470
vn 0.6364 0.7389 -0.2215
vn 0.5606 0.7950 0.2319
vn 0.6227 0.5811 0.5240
vn 0.5470 0.6256 0.5563
vn 0.6074 0.3303 0.7225
vn 0.6111 0.4017 0.6821
vn 0.5249 0.1170 0.8431
vn 0.5264 -0.2031 0.8256
vn 0.6009 0.1148 0.7910
vn 0.6025 -0.1858 0.7762
vn 0.5389 -0.4999 0.6780
vn 0.5547 -0.7264 0.4057
vn 0.6146 -0.4639 0.6380
vn 0.6305 -0.6749 0.3834
vn 0.5634 -0.8250 0.0438
vn -0.0000 0.9718 -0.2359
vn 0.3507 0.9047 -0.2421
vn 0.2596 0.5267 -0.8094
vn -0.0000 0.3325 -0.9431
vn 0.8846 0.3607 -0.2956
vn 0.8377 -0.4300 -0.3366
vn 0.2891 -0.2295 -0.9294
vn 0.4090 0.3036 0.8605
vn 0.2608 -0.4634 0.8469
vn 0.9045 -0.2688 0.3311
vn 0.8616 0.3177 0.3960
vn 0.3462 -0.8288 -0.4396
vn -0.0000 -0.2759 -0.9612
vn 0.3829 -0.8990 0.2128
vn -0.0000 -0.8912 0.4535
vn -0.0000 -0.8938 -0.4484
vn -0.0000 0.7714 0.6364
vn 0.3784 0.8296 0.4105
vn -0.0000 -0.4568 0.8896
vn -0.0000 0.1469 0.9892
vn -0.0001 0.5432 0.8396
vn -0.0000 -0.2296 0.9733
vn 0.3055 0.0197 0.9520
vn 0.4366 0.5301 0.7269
vn 0.3656 -0.7093 0.6027
vn -0.0000 -0.7749 0.6321
vn -0.0000 -0.9999 0.0128
vn 0.3829 -0.8994 -0.2108
vn 0.2101 0.0889 -0.9736
vn 0.3338 -0.5745 -0.7474
vn -0.0000 -0.6259 -0.7799
vn -0.0000 0.1000 -0.9950
vn 0.3566 0.7442 -0.5648
vn 0.8969 0.4422 0.0065
vn 0.8248 -0.1549 -0.5439
vn 0.9209 -0.3788 0.0920
vn 0.8512 0.0494 0.5225
vn 0.2791 0.9131 0.2971
vn -0.0000 0.9982 0.0593
vn -0.0000 0.6743 -0.7384
vn -0.0000 0.8701 0.4929
vn 0.2698 0.7009 0.6603
vn 0.3134 0.9119 -0.2650
vn 0.8934 0.4000 0.2045
vn 0.8228 0.0580 -0.5653
vn 0.2555 0.3633 -0.8959
vn 0.3766 -0.8953 0.2377
vn 0.9210 -0.3798 -0.0867
vn 0.8531 -0.1469 0.5007
vn 0.3094 -0.3356 0.8897
vn 0.2592 -0.3361 -0.9055
vn -0.0000 0.5852 -0.8109
vn -0.0000 -0.8458 -0.5335
vn -0.0000 -0.1426 -0.9898
vn 0.4480 -0.7261 -0.5216
vn -0.0000 0.1828 0.9832
vn 0.4254 0.2120 0.8798
vn -0.0000 -0.9718 0.2359
vn -0.0000 -0.5852 0.8109
vn -0.0000 -0.7828 0.6222
vn 0.4076 -0.6884 0.6000
vn 0.3551 -0.1954 0.9142
vn -0.0000 -0.0951 0.9955
vn 0.3774 -0.9070 -0.1868
vn -0.0000 -0.9749 -0.2227
vn -0.0000 -0.6394 -0.7689
vn 0.3593 -0.4320 -0.8272
vn 0.3549 0.7112 -0.6069
vn 0.3224 0.1127 -0.9399
vn -0.0000 0.0999 -0.9950
vn -0.0000 0.8676 -0.4972
vn 0.8394 0.4263 0.3372
vn 0.8792 0.1286 -0.4588
vn 0.2304 0.9462 0.2272
vn 0.8665 -0.3908 -0.3105
vn 0.9045 -0.2690 0.3310
vn 0.2601 0.3837 0.8861
vn -0.0000 0.5890 0.8081
vn -0.0000 0.9749 0.2227
vn -0.0000 -0.5533 0.8330
vn -0.0000 -0.9749 0.2227
vn 0.3774 -0.9070 0.1868
vn 0.4332 -0.4563 0.7772
vn 0.3202 -0.6550 -0.6844
vn -0.0000 -0.8676 -0.4972
vn -0.0000 -0.2914 -0.9566
vn 0.3522 -0.0892 -0.9317
vn 0.2743 0.9060 -0.3224
vn 0.3295 0.4579 -0.8257
vn -0.0000 0.4671 -0.8842
vn -0.0000 0.9979 -0.0646
vn 0.3061 0.7696 0.5604
vn 0.8228 0.1532 0.5473
vn 0.8849 0.3653 -0.2889
vn 0.8609 -0.3209 -0.3948
vn 0.9163 -0.3136 0.2492
vn 0.2559 0.0249 0.9664
vn -0.0001 0.2339 0.9723
vn -0.0000 0.7829 0.6222
vn -0.0000 -0.2759 0.9612
vn 0.3240 -0.2432 0.9143
vn 0.2554 0.3633 0.8960
vn -0.0000 0.5852 0.8109
vn 0.8720 0.0500 0.4870
vn 0.8420 0.4804 -0.2456
vn 0.3134 0.9119 0.2650
vn 0.8987 -0.1235 -0.4208
vn 0.8735 -0.4747 0.1084
vn 0.3766 -0.8954 -0.2377
vn 0.3095 -0.3355 -0.8897
vn 0.2698 0.7010 -0.6602
vn -0.0000 0.9718 0.2359
vn -0.0000 0.1828 -0.9831
vn -0.0000 0.8701 -0.4929
vn 0.4255 0.2119 -0.8798
vn 0.3722 -0.7235 0.5814
vn -0.0000 -0.9022 0.4314
vn -0.0000 -0.5852 -0.8109
vn -0.0000 -0.9718 -0.2359
vn -0.0000 -0.9941 0.1089
vn -0.0000 -0.6743 -0.7385
vn 0.4291 -0.7365 -0.5229
vn 0.4588 -0.8753 0.1528
vn 0.2547 -0.0725 -0.9643
vn -0.0000 -0.1000 -0.9950
vn -0.0000 0.5432 -0.8396
vn 0.4367 0.5301 -0.7268
vn 0.3566 0.7442 0.5648
vn 0.2792 0.9131 -0.2971
vn -0.0000 0.9982 -0.0594
vn -0.0000 0.6744 0.7384
vn 0.8247 -0.1549 0.5439
vn 0.8969 0.4422 -0.0064
vn 0.2101 0.0889 0.9736
vn 0.8512 0.0494 -0.5225
vn 0.9209 -0.3788 -0.0920
vn 0.2683 -0.6621 0.6997
vn 0.0001 -0.5066 0.8622
vn -0.0000 0.1000 0.9950
vn -0.0000 -0.8124 0.5831
vn 0.2782 -0.8932 0.3533
vn 0.3391 -0.2877 0.8957
vn -0.0000 -0.1469 0.9891
vn 0.8377 -0.4300 0.3367
vn 0.8846 0.3607 0.2957
vn 0.2148 0.4544 0.8645
vn 0.3486 0.2424 -0.9054
vn 0.8616 0.3176 -0.3959
vn 0.9045 -0.2688 -0.3310
vn 0.3156 -0.5377 -0.7819
vn 0.2810 0.9493 0.1411
vn -0.0000 0.4568 0.8896
vn -0.0000 0.8388 -0.5444
vn -0.0000 0.9207 0.3903
vn 0.4514 0.7766 -0.4394
vn -0.0000 -0.9386 -0.3451
vn 0.4570 -0.8524 -0.2540
vn -0.0000 0.2759 -0.9612
vn -0.0000 -0.3325 -0.9431
vn -0.0000 -0.7034 -0.7108
vn -0.0000 -0.0888 -0.9960
vn 0.2549 -0.1100 -0.9607
vn 0.4442 -0.6662 -0.5990
vn 0.4217 0.6116 -0.6694
vn -0.0000 0.5105 -0.8599
vn -0.0000 0.9925 -0.1225
vn 0.4597 0.8865 -0.0523
vn 0.2526 0.1792 0.9508
vn 0.2736 0.7943 0.5424
vn -0.0000 0.6708 0.7416
vn -0.0000 -0.0418 0.9991
vn 0.2977 -0.5672 0.7679
vn 0.8961 -0.4334 0.0955
vn 0.8286 0.2547 0.4986
vn 0.9189 0.3525 -0.1769
vn 0.8531 -0.1467 -0.5008
vn 0.2813 -0.9562 -0.0809
vn -0.0001 -0.9852 0.1716
vn -0.0000 -0.6259 0.7799
vn -0.0000 -0.9582 -0.2859
vn 0.2750 -0.8251 -0.4936
vn 0.3092 -0.8307 0.4629
vn -0.0000 -0.8938 0.4484
vn 0.8959 -0.4308 -0.1081
vn 0.8227 0.0493 0.5663
vn 0.2527 -0.1852 0.9497
vn 0.8512 0.0497 -0.5225
vn 0.2565 0.2536 -0.9327
vn 0.5161 0.7532 -0.4078
vn 0.9216 0.3881 -0.0027
vn 0.3281 0.4145 0.8488
vn -0.0000 -0.4126 0.9109
vn 0.3276 0.8770 0.3516
vn -0.0000 0.9431 0.3325
vn 0.0002 0.4569 0.8895
vn -0.0000 -0.3675 -0.9300
vn 0.4301 -0.3765 -0.8205
vn -0.0000 0.8938 -0.4484
vn -0.0000 0.2868 -0.9580
vn -0.0000 0.1048 -0.9945
vn -0.0000 0.7401 -0.6725
vn 0.3143 0.5028 -0.8052
vn 0.3522 -0.0875 -0.9318
vn 0.3786 0.9252 -0.0264
vn -0.0000 1.0000 -0.0069
vn -0.0000 0.7862 0.6180
vn 0.3654 0.5877 0.7219
vn 0.3003 -0.6352 0.7116
vn 0.3221 0.0659 0.9444
vn 0.0001 0.0889 0.9960
vn -0.0000 -0.6353 0.7723
vn 0.8441 -0.4829 -0.2329
vn 0.8777 -0.0395 0.4776
vn 0.2767 -0.9549 -0.1075
vn 0.8706 0.4426 0.2147
vn 0.9012 0.2003 -0.3843
vn 0.3355 -0.6136 -0.7148
vn -0.0000 -0.6353 -0.7723
vn -0.0000 -0.9861 0.1664
vn -0.0000 -0.2868 -0.9580
vn 0.3250 -0.2889 -0.9005
vn 0.2701 -0.8129 -0.5160
vn -0.0000 -0.9567 -0.2909
vn 0.8340 -0.3515 -0.4253
vn 0.8820 -0.2124 0.4206
vn 0.3113 -0.8723 0.3770
vn 0.9080 0.3264 -0.2627
vn 0.3263 0.7837 -0.5285
vn 0.3733 0.8429 0.3875
vn 0.8618 0.3222 0.3917
vn 0.3249 -0.2890 0.9005
vn -0.0000 -0.8997 0.4366
vn 0.3546 0.2638 0.8970
vn -0.0000 0.4716 0.8818
vn -0.0000 -0.2868 0.9580
vn -0.0000 0.4717 -0.8818
vn 0.3547 0.2639 -0.8970
vn -0.0000 0.8997 0.4366
vn -0.0000 0.9567 -0.2909
vn -0.0000 0.7122 -0.7020
vn -0.0000 0.9861 0.1663
vn 0.4403 0.8959 -0.0582
vn 0.4405 0.6020 -0.6660
vn 0.2646 0.5921 0.7612
vn -0.0000 0.6353 0.7723
vn -0.0000 0.1048 0.9945
vn 0.3521 -0.0875 0.9319
vn 0.3154 -0.9477 -0.0494
vn 0.3354 -0.6136 0.7148
vn -0.0000 -0.6352 0.7723
vn -0.0000 -1.0000 -0.0069
vn 0.8737 -0.1405 -0.4657
vn 0.8371 -0.4214 0.3488
vn 0.2598 -0.5322 -0.8057
vn 0.9012 0.2003 0.3843
vn 0.8707 0.4425 -0.2147
vn 0.2566 0.1573 -0.9536
vn -0.0000 -0.0462 -0.9989
vn -0.0000 -0.7401 -0.6725
vn -0.0000 0.4568 -0.8896
vn 0.3282 0.4145 -0.8488
vn 0.2905 -0.3087 -0.9057
vn -0.0001 -0.2868 -0.9580
vn 0.8795 0.1394 -0.4550
vn 0.8484 -0.5293 -0.0050
vn 0.3423 -0.8468 -0.4072
vn 0.3719 0.8209 0.4334
vn 0.3064 0.1597 0.9384
vn 0.8973 0.0418 0.4395
vn 0.8744 0.4852 0.0034
vn 0.2309 -0.8815 0.4120
vn -0.0000 -0.3674 0.9301
vn 0.4301 -0.3764 0.8206
vn -0.0000 0.9762 -0.2169
vn 0.3785 0.8305 -0.4087
vn -0.0000 0.4126 0.9109
vn -0.0000 0.8938 0.4484
vn -0.0000 0.9925 0.1225
vn -0.0000 0.6258 0.7800
vn 0.2656 0.6237 0.7352
vn 0.4597 0.8865 0.0524
vn 0.4056 -0.1344 0.9041
vn -0.0000 0.0418 0.9991
vn -0.0000 -0.6218 0.7832
vn 0.3722 -0.7223 0.5829
vn 0.3500 -0.6104 -0.7106
vn 0.3526 -0.9353 -0.0285
vn -0.0000 -1.0000 -0.0068
vn -0.0000 -0.5105 -0.8599
vn 0.8286 0.2547 -0.4985
vn 0.8962 -0.4333 -0.0954
vn 0.2102 0.0957 -0.9730
vn 0.8572 -0.2352 0.4582
vn 0.9080 0.3263 0.2629
vn 0.2737 0.7943 -0.5424
vn -0.0000 0.6708 -0.7416
vn -0.0000 0.0889 -0.9960
vn -0.9387 -0.0000 -0.3447
vn -0.6493 -0.0000 -0.7605
vn -0.6501 -0.1193 -0.7504
vn -0.9066 -0.0721 -0.4159
vn -0.8146 -0.0000 -0.5800
vn -0.8160 -0.1269 -0.5640
vn -0.9405 -0.0533 -0.3356
vn -0.9403 -0.0000 -0.3404
vn -0.9977 -0.0000 -0.0679
vn -0.9977 -0.0148 -0.0659
vn -0.9967 0.0153 0.0796
vn -0.9908 -0.0000 0.1355
vn -0.8860 -0.1610 -0.4349
vn -0.8119 -0.2290 -0.5370
vn -0.9419 -0.1252 -0.3116
vn -0.9978 -0.0249 -0.0620
vn -0.9795 0.0381 0.1976
vn -0.9950 0.0374 0.0928
vn -0.9800 0.0742 0.1847
vn -0.9107 -0.2147 -0.3529
vn -0.8290 -0.3140 -0.4627
vn -0.9567 -0.1618 -0.2419
vn -0.9984 -0.0294 -0.0483
vn -0.9951 0.0540 0.0823
vn -0.9807 0.1071 0.1639
vn -0.6627 -0.4315 -0.6120
vn -0.7742 -0.4512 -0.4439
vn -0.8996 -0.3072 -0.3103
vn -0.8291 -0.3958 -0.3950
vn -0.9362 -0.2502 -0.2470
vn -0.9970 -0.0529 -0.0566
vn -0.9966 0.0567 0.0606
vn -0.5940 -0.6794 -0.4308
vn -0.9178 -0.3387 -0.2071
vn -0.8334 -0.4542 -0.3147
vn -0.9482 -0.2737 -0.1613
vn -0.9985 -0.0446 -0.0309
vn -0.9921 0.1060 0.0678
vn -0.9202 -0.3711 -0.1248
vn -0.8379 -0.5061 -0.2043
vn -0.9497 -0.2984 -0.0948
vn -0.9972 -0.0691 -0.0279
vn -0.9981 0.0582 0.0209
vn -0.9827 0.1739 0.0629
vn -0.9822 0.1584 0.1013
vn -0.9491 -0.3126 -0.0373
vn -0.8362 -0.5438 -0.0715
vn -0.9505 -0.3099 -0.0240
vn -0.9981 -0.0607 -0.0095
vn -0.9958 0.0910 0.0142
vn -0.9831 0.1827 0.0141
vn -0.6869 -0.7219 -0.0841
vn -0.6869 -0.7246 0.0561
vn -0.9214 -0.3869 0.0365
vn -0.8457 -0.5289 0.0715
vn -0.9619 -0.2713 0.0345
vn -0.9981 -0.0611 0.0047
vn -0.9958 0.0917 -0.0071
vn -0.6840 -0.6953 0.2209
vn -0.9202 -0.3711 0.1247
vn -0.8380 -0.5061 0.2042
vn -0.9497 -0.2971 0.0994
vn -0.9986 -0.0505 0.0160
vn -0.9938 0.1061 -0.0337
vn -0.9032 -0.3601 0.2336
vn -0.8345 -0.4642 0.2970
vn -0.9384 -0.2899 0.1879
vn -0.9980 -0.0541 0.0319
vn -0.9826 0.1720 -0.0695
vn -0.9942 0.0909 -0.0582
vn -0.9822 0.1583 -0.1015
vn -0.9139 -0.2772 0.2967
vn -0.8299 -0.4086 0.3799
vn -0.9315 -0.2496 0.2645
vn -0.9973 -0.0520 0.0519
vn -0.9970 0.0546 -0.0545
vn -0.9814 0.1357 -0.1356
vn -0.6706 -0.5433 0.5051
vn -0.6628 -0.4315 0.6120
vn -0.9107 -0.2147 0.3528
vn -0.8291 -0.3140 0.4626
vn -0.9643 -0.1451 0.2213
vn -0.9986 -0.0288 0.0439
vn -0.9952 0.0566 -0.0803
vn -0.5711 -0.3088 0.7606
vn -0.9081 -0.1434 0.3935
vn -0.8119 -0.2290 0.5370
vn -0.9163 -0.1493 0.3715
vn -0.9960 -0.0332 0.0826
vn -0.9950 0.0374 -0.0930
vn -0.8840 -0.0757 0.4614
vn -0.8160 -0.1269 0.5639
vn -0.9504 -0.0513 0.3066
vn -0.9985 -0.0102 0.0531
vn -0.9967 0.0153 -0.0797
vn -0.9795 0.0375 -0.1978
vn -0.9800 0.0740 -0.1849
vn -0.9208 0.0090 0.3899
vn -0.8199 -0.0086 0.5724
vn -0.9403 -0.0000 0.3404
vn -0.9977 -0.0000 0.0678
vn -0.9908 -0.0000 -0.1355
vn -0.9794 -0.0000 -0.2021
vn -0.6493 -0.0000 0.7605
vn -0.6502 0.1193 0.7504
vn -0.9068 0.0925 0.4112
vn -0.8080 0.0991 0.5808
vn -0.9407 0.0639 0.3331
vn -0.9977 0.0127 0.0663
vn -0.9977 -0.0127 -0.0664
vn -0.6541 0.2590 0.7107
vn -0.9089 0.1680 0.3817
vn -0.8181 0.1969 0.5403
vn -0.9273 0.1492 0.3432
vn -0.9971 0.0285 0.0708
vn -0.9934 -0.0427 -0.1062
vn -0.9113 0.2257 0.3443
vn -0.8236 0.3109 0.4744
vn -0.9643 0.1451 0.2213
vn -0.9986 0.0288 0.0439
vn -0.9952 -0.0566 -0.0803
vn -0.9805 -0.1021 -0.1679
vn -0.9800 -0.0741 -0.1848
vn -0.9139 0.2772 0.2967
vn -0.8299 0.4086 0.3799
vn -0.9315 0.2496 0.2645
vn -0.9973 0.0520 0.0519
vn -0.9970 -0.0546 -0.0545
vn -0.9814 -0.1357 -0.1356
vn -0.6706 0.5433 0.5051
vn -0.6782 0.6332 0.3730
vn -0.9032 0.3601 0.2336
vn -0.8345 0.4642 0.2970
vn -0.9384 0.2899 0.1879
vn -0.9980 0.0541 0.0318
vn -0.9942 -0.0909 -0.0582
vn -0.6840 0.6953 0.2209
vn -0.9202 0.3711 0.1247
vn -0.8380 0.5061 0.2042
vn -0.9497 0.2971 0.0994
vn -0.9986 0.0505 0.0160
vn -0.9938 -0.1061 -0.0337
vn -0.9214 0.3870 0.0365
vn -0.8457 0.5289 0.0715
vn -0.9619 0.2713 0.0345
vn -0.9981 0.0611 0.0047
vn -0.9958 -0.0917 -0.0071
vn -0.9830 -0.1814 -0.0283
vn -0.9826 -0.1720 -0.0695
vn -0.9491 0.3127 -0.0373
vn -0.8362 0.5438 -0.0715
vn -0.9505 0.3099 -0.0240
vn -0.9981 0.0607 -0.0095
vn -0.9958 -0.0910 0.0142
vn -0.9831 -0.1827 0.0141
vn -0.6869 0.7219 -0.0841
vn -0.6839 0.6953 -0.2209
vn -0.9202 0.3711 -0.1248
vn -0.8380 0.5061 -0.2042
vn -0.9497 0.2984 -0.0948
vn -0.9972 0.0691 -0.0279
vn -0.9981 -0.0582 0.0209
vn -0.5940 0.6794 -0.4308
vn -0.9178 0.3387 -0.2071
vn -0.8334 0.4542 -0.3147
vn -0.9482 0.2737 -0.1612
vn -0.9985 0.0446 -0.0309
vn -0.9921 -0.1060 0.0678
vn -0.8996 0.3072 -0.3103
vn -0.8290 0.3958 -0.3950
vn -0.9362 0.2502 -0.2470
vn -0.9970 0.0529 -0.0566
vn -0.9966 -0.0567 0.0606
vn -0.9815 -0.1401 0.1302
vn -0.9822 -0.1584 0.1013
vn -0.9107 0.2147 -0.3529
vn -0.8291 0.3140 -0.4627
vn -0.9567 0.1618 -0.2419
vn -0.9984 0.0294 -0.0483
vn -0.9951 -0.0540 0.0823
vn -0.9807 -0.1072 0.1638
vn -0.6607 0.3963 -0.6375
vn -0.7322 0.2370 -0.6385
vn -0.9085 0.1557 -0.3877
vn -0.8134 0.2101 -0.5425
vn -0.9517 0.1213 -0.2819
vn -0.9978 0.0249 -0.0620
vn -0.9950 -0.0373 0.0929
vn -0.8909 0.0880 -0.4456
vn -0.8157 0.1089 -0.5681
vn -0.9300 0.0674 -0.3613
vn -0.9977 0.0148 -0.0659
vn -0.9967 -0.0153 0.0796
vn -0.9795 -0.0375 0.1978
vn -0.9800 -0.0741 0.1847
vn -0.9794 -0.0000 0.2021
vn -0.6501 0.1193 -0.7504
vn -0.6684 0.5131 -0.5384
vn -0.9827 -0.1739 0.0629
vn -0.6869 0.7246 0.0561
vn -0.9822 -0.1583 -0.1014
vn -0.6618 0.4110 0.6270
vn -0.9795 -0.0375 -0.1978
vn -0.7286 -0.1115 0.6758
vn -0.9805 0.1022 -0.1679
vn -0.6782 -0.6332 0.3730
vn -0.9830 0.1814 -0.0283
vn -0.6839 -0.6953 -0.2209
vn -0.9815 0.1401 0.1302
vn -0.6552 -0.2816 -0.7010
vn 0.0932 -0.1563 -0.9833
vn 0.0337 -0.1881 -0.9816
vn 0.0448 -0.0000 -0.9990
vn 0.0929 -0.0000 -0.9957
vn -0.0357 -0.0000 -0.9994
vn -0.0288 -0.2070 -0.9779
vn -0.0807 -0.2011 -0.9762
vn -0.0851 -0.0000 -0.9964
vn 0.0981 -0.3580 -0.9285
vn 0.6124 -0.1736 -0.7713
vn 0.6165 -0.2935 -0.7306
vn 0.0293 -0.3855 -0.9222
vn -0.0485 -0.3723 -0.9268
vn -0.0830 -0.3715 -0.9247
vn 0.5502 -0.4535 -0.7012
vn 0.0906 -0.5290 -0.8438
vn -0.0318 -0.5600 -0.8279
vn 0.0418 -0.5646 -0.8243
vn -0.0842 -0.5179 -0.8513
vn 0.0977 -0.6794 -0.7272
vn 0.0354 -0.7074 -0.7059
vn -0.0379 -0.7318 -0.6805
vn -0.0877 -0.6944 -0.7142
vn 0.1040 -0.8292 -0.5492
vn 0.0311 -0.8503 -0.5254
vn -0.0464 -0.8531 -0.5197
vn -0.0857 -0.8272 -0.5554
vn 0.5732 -0.7729 -0.2723
vn 0.0961 -0.9286 -0.3585
vn 0.7320 -0.5780 -0.3607
vn 0.0442 -0.9474 -0.3170
vn -0.0337 -0.9457 -0.3233
vn -0.0893 -0.9236 -0.3727
vn 0.1030 -0.9828 -0.1532
vn 0.6491 -0.7585 -0.0587
vn 0.0371 -0.9926 -0.1153
vn -0.0396 -0.9962 -0.0771
vn -0.0920 -0.9870 -0.1316
vn 0.1026 -0.9880 0.1153
vn 0.0298 -0.9953 0.0925
vn -0.0317 -0.9898 0.1387
vn -0.0888 -0.9873 0.1316
vn 0.0316 -0.9458 0.3233
vn 0.0961 -0.9286 0.3585
vn -0.0472 -0.9473 0.3169
vn -0.0893 -0.9236 0.3727
vn 0.1000 -0.8381 0.5363
vn 0.5728 -0.7693 0.2831
vn 0.6376 -0.6333 0.4387
vn -0.0386 -0.8610 0.5072
vn 0.0361 -0.8419 0.5384
vn -0.0878 -0.8189 0.5672
vn 0.0979 -0.7044 0.7030
vn 0.6295 -0.5304 0.5678
vn 0.0354 -0.7074 0.7059
vn -0.0379 -0.7318 0.6805
vn -0.0859 -0.6801 0.7281
vn 0.0346 -0.5481 0.8357
vn 0.0962 -0.5457 0.8325
vn -0.0424 -0.5598 0.8275
vn -0.0864 -0.5293 0.8440
vn 0.0455 -0.3724 0.9270
vn 0.0998 -0.3889 0.9159
vn -0.0312 -0.3596 0.9326
vn -0.0811 -0.3896 0.9174
vn 0.0932 -0.1880 0.9777
vn 0.6153 -0.2699 0.7407
vn 0.6120 -0.1490 0.7767
vn 0.0270 -0.2070 0.9780
vn -0.0288 -0.1695 0.9851
vn -0.0807 -0.2011 0.9762
vn 0.6794 -0.0166 0.7336
vn 0.0981 0.0188 0.9950
vn 0.0335 -0.0000 0.9994
vn -0.0430 -0.0189 0.9989
vn -0.0832 0.0135 0.9964
vn 0.0897 0.2009 0.9755
vn 0.0270 0.2070 0.9780
vn -0.0359 0.1569 0.9870
vn -0.0822 0.2188 0.9723
vn 0.0408 0.3543 0.9342
vn 0.0946 0.4011 0.9111
vn -0.0312 0.3596 0.9326
vn -0.0832 0.4015 0.9121
vn 0.6217 0.4071 0.6692
vn 0.1016 0.5622 0.8208
vn 0.6153 0.2699 0.7407
vn 0.0396 0.5357 0.8435
vn -0.0424 0.5598 0.8275
vn -0.0845 0.5463 0.8333
vn 0.6295 0.5304 0.5678
vn 0.0979 0.7044 0.7030
vn 0.0354 0.7074 0.7059
vn -0.0379 0.7318 0.6805
vn -0.0859 0.6801 0.7281
vn 0.1000 0.8381 0.5363
vn 0.0361 0.8418 0.5386
vn -0.0387 0.8609 0.5072
vn -0.0878 0.8189 0.5672
vn 0.0961 0.9286 0.3585
vn 0.0316 0.9458 0.3233
vn -0.0472 0.9473 0.3169
vn -0.0893 0.9236 0.3727
vn 0.1026 0.9880 0.1153
vn 0.5729 0.7692 0.2830
vn 0.7405 0.6666 0.0857
vn 0.0298 0.9953 0.0925
vn -0.0317 0.9898 0.1387
vn -0.0888 0.9873 0.1316
vn 0.7159 0.6955 -0.0615
vn 0.1027 0.9828 -0.1532
vn 0.0371 0.9926 -0.1153
vn -0.0396 0.9962 -0.0771
vn -0.0920 0.9870 -0.1316
vn 0.0491 0.9397 -0.3384
vn 0.1017 0.9360 -0.3369
vn -0.0337 0.9457 -0.3233
vn -0.0893 0.9236 -0.3727
vn 0.1000 0.8381 -0.5363
vn 0.0242 0.8421 -0.5388
vn -0.0514 0.8412 -0.5383
vn -0.0880 0.8391 -0.5369
vn 0.6999 0.5182 -0.4915
vn 0.0977 0.6794 -0.7272
vn 0.7320 0.5780 -0.3606
vn 0.0354 0.7074 -0.7059
vn -0.0303 0.7223 -0.6909
vn -0.0849 0.7158 -0.6931
vn 0.5502 0.4535 -0.7012
vn 0.0959 0.5457 -0.8325
vn -0.0369 0.5479 -0.8357
vn 0.0463 0.5477 -0.8354
vn -0.0867 0.5630 -0.8219
vn 0.0983 0.3839 -0.9181
vn 0.0292 0.3597 -0.9326
vn -0.0436 0.3543 -0.9341
vn -0.0832 0.4015 -0.9121
vn 0.6124 0.1736 -0.7713
vn 0.0896 0.1743 -0.9806
vn 0.6165 0.2935 -0.7306
vn -0.0288 0.2070 -0.9779
vn 0.0270 0.1695 -0.9852
vn -0.0807 0.2011 -0.9762
vn 0.6105 -0.0000 -0.7920
vn 0.4714 0.8298 -0.2988
vn 0.6376 0.6333 0.4387
vn 0.5090 0.1396 0.8494
vn 0.6217 -0.4071 0.6692
vn 0.7405 -0.6666 0.0857
vn 0.6999 -0.5182 -0.4915
vn 0.9790 -0.0384 -0.2000
vn 0.8830 -0.0884 -0.4609
vn 0.9168 -0.0000 -0.3994
vn 0.9789 -0.0000 -0.2044
vn 0.9122 -0.0712 -0.4035
vn 0.8831 -0.0000 -0.4692
vn 0.9969 -0.0288 -0.0726
vn 0.9743 -0.0898 -0.2066
vn 0.9969 -0.0147 -0.0776
vn 0.9040 -0.1594 -0.3967
vn 0.9125 -0.1466 -0.3819
vn 0.9836 -0.1027 -0.1482
vn 0.9970 -0.0417 -0.0645
vn 0.9051 -0.2210 -0.3633
vn 0.9073 -0.2423 -0.3436
vn 0.9091 -0.2949 -0.2943
vn 0.9854 -0.1216 -0.1191
vn 0.9102 -0.2932 -0.2926
vn 0.9784 -0.1747 -0.1104
vn 0.9031 -0.3676 -0.2218
vn 0.9128 -0.3357 -0.2325
vn 0.9974 -0.0674 -0.0271
vn 0.9824 -0.1780 -0.0565
vn 0.9973 -0.0608 -0.0420
vn 0.9155 -0.3731 -0.1505
vn 0.9150 -0.3810 -0.1330
vn 0.9974 -0.0710 -0.0110
vn 0.9827 -0.1848 -0.0143
vn 0.9171 -0.3939 -0.0614
vn 0.9163 -0.3982 -0.0424
vn 0.9162 -0.3975 0.0503
vn 0.9826 -0.1834 0.0286
vn 0.9173 -0.3969 0.0308
vn 0.9238 -0.3624 0.1232
vn 0.9822 -0.1740 0.0702
vn 0.9093 -0.3931 0.1365
vn 0.9973 -0.0633 0.0373
vn 0.9859 -0.1398 0.0915
vn 0.9974 -0.0689 0.0219
vn 0.9123 -0.3449 0.2207
vn 0.9228 -0.3281 0.2021
vn 0.9972 -0.0548 0.0511
vn 0.9811 -0.1400 0.1339
vn 0.9106 -0.3026 0.2814
vn 0.9084 -0.2854 0.3056
vn 0.9803 -0.1118 0.1631
vn 0.9051 -0.2210 0.3633
vn 0.9073 -0.2423 0.3437
vn 0.9703 -0.0901 0.2244
vn 0.8921 -0.1586 0.4232
vn 0.9043 -0.1720 0.3907
vn 0.9867 -0.0306 0.1594
vn 0.9969 -0.0291 0.0725
vn 0.9969 -0.0147 0.0777
vn 0.9021 -0.0813 0.4239
vn 0.9173 -0.0750 0.3910
vn 0.9968 -0.0000 0.0794
vn 0.9694 -0.0000 0.2454
vn 0.8822 -0.0000 0.4708
vn 0.9014 -0.0000 0.4331
vn 0.9173 0.0750 0.3910
vn 0.9867 0.0306 0.1594
vn 0.9021 0.0813 0.4239
vn 0.9703 0.0901 0.2244
vn 0.8920 0.1586 0.4232
vn 0.9043 0.1720 0.3907
vn 0.9847 0.0941 0.1464
vn 0.9969 0.0291 0.0725
vn 0.9971 0.0441 0.0626
vn 0.9123 0.2180 0.3466
vn 0.9073 0.2423 0.3437
vn 0.9775 0.1485 0.1498
vn 0.9972 0.0549 0.0511
vn 0.8987 0.3025 0.3175
vn 0.9106 0.3026 0.2814
vn 0.9123 0.3449 0.2207
vn 0.9860 0.1398 0.0914
vn 0.9228 0.3281 0.2021
vn 0.9822 0.1740 0.0702
vn 0.9238 0.3624 0.1232
vn 0.9093 0.3931 0.1365
vn 0.9826 0.1834 0.0286
vn 0.9974 0.0689 0.0219
vn 0.9974 0.0715 0.0056
vn 0.9162 0.3975 0.0503
vn 0.9173 0.3969 0.0308
vn 0.9827 0.1848 -0.0143
vn 0.9974 0.0710 -0.0111
vn 0.9163 0.3982 -0.0424
vn 0.9079 0.4149 -0.0600
vn 0.9824 0.1780 -0.0565
vn 0.9150 0.3810 -0.1330
vn 0.9222 0.3611 -0.1387
vn 0.9818 0.1634 -0.0963
vn 0.9125 0.3467 -0.2173
vn 0.9128 0.3357 -0.2325
vn 0.9811 0.1417 -0.1317
vn 0.9973 0.0608 -0.0420
vn 0.9971 0.0516 -0.0551
vn 0.9092 0.2973 -0.2915
vn 0.8997 0.3011 -0.3160
vn 0.9836 0.1027 -0.1482
vn 0.9970 0.0417 -0.0645
vn 0.8983 0.2370 -0.3699
vn 0.9169 0.2241 -0.3303
vn 0.9743 0.0898 -0.2066
vn 0.9125 0.1466 -0.3819
vn 0.9040 0.1594 -0.3968
vn 0.9790 0.0384 -0.2000
vn 0.9969 0.0288 -0.0726
vn 0.9969 0.0150 -0.0776
vn 0.8830 0.0884 -0.4609
vn 0.9122 0.0712 -0.4035
vn 0.9968 -0.0000 -0.0793
vn 0.9974 0.0674 -0.0271
vn 0.9973 0.0633 0.0373
vn 0.9969 0.0147 0.0777
vn 0.9971 -0.0441 0.0626
vn 0.9974 -0.0715 0.0057
vn 0.9971 -0.0516 -0.0551
s 1
g off
g LlantaTraseraDer_flgrey.012
usemtl flgrey.012
f 32//1 181//2 31//3
f 19//4 21//5 182//6
f 16//7 183//8 15//9
f 3//10 5//11 184//12
f 120//13 185//14 119//15
f 107//16 109//17 186//18
f 104//19 187//20 103//21
f 91//22 93//23 188//24
f 88//25 189//26 87//27
f 75//28 77//29 190//30
f 72//31 191//32 71//33
f 59//34 61//35 192//36
f 56//37 193//38 55//39
f 43//40 45//41 194//42
f 40//43 195//44 39//45
f 38//46 37//47 196//48
f 41//49 197//50 42//51
f 54//52 53//53 198//54
f 57//55 199//56 58//57
f 70//58 69//59 200//60
f 73//61 201//62 74//63
f 86//64 85//65 202//66
f 89//67 203//68 90//69
f 102//70 101//71 204//72
f 105//73 205//74 106//75
f 118//76 117//77 206//78
f 1//79 207//80 2//81
f 14//82 13//83 208//84
f 17//85 209//86 18//87
f 30//88 29//89 210//90
s 2
f 211//91 212//92 213//93
f 214//94 212//92 215//95
f 216//96 212//92 214//94
f 217//97 212//92 218//98
f 219//99 212//92 217//97
f 220//100 212//92 221//101
f 222//102 212//92 220//100
f 223//103 212//92 224//104
f 225//105 212//92 223//103
f 226//106 212//92 227//107
f 228//108 212//92 226//106
f 229//109 212//92 230//110
f 231//111 212//92 229//109
f 232//112 212//92 233//113
f 213//93 212//92 234//114
f 234//114 212//92 232//112
f 233//113 212//92 235//115
f 235//115 212//92 231//111
f 230//110 212//92 236//116
f 236//116 212//92 228//108
f 227//107 212//92 237//117
f 237//117 212//92 225//105
f 224//104 212//92 238//118
f 238//118 212//92 222//102
f 221//101 212//92 239//119
f 239//119 212//92 219//99
f 218//98 212//92 240//120
f 240//120 212//92 216//96
f 215//95 212//92 241//121
f 241//121 212//92 211//91
f 243//122 242//123 241//121
f 241//121 211//91 243//122
f 242//123 244//124 215//95
f 215//95 241//121 242//123
f 216//96 246//125 245//126
f 245//126 240//120 216//96
f 240//120 245//126 247//127
f 247//127 218//98 240//120
f 219//99 249//128 248//129
f 248//129 239//119 219//99
f 239//119 248//129 250//130
f 250//130 221//101 239//119
f 222//102 252//131 251//132
f 251//132 238//118 222//102
f 251//132 253//133 224//104
f 224//104 238//118 251//132
f 255//105 254//134 237//117
f 237//117 225//105 255//105
f 237//117 254//134 256//135
f 256//135 227//107 237//117
f 258//136 257//137 236//116
f 236//116 228//108 258//136
f 257//137 259//138 230//110
f 230//110 236//116 257//137
f 261//139 260//140 235//115
f 235//115 231//111 261//139
f 235//115 260//140 262//141
f 262//141 233//113 235//115
f 264//142 263//143 234//114
f 234//114 232//112 264//142
f 263//143 265//144 213//93
f 213//93 234//114 263//143
f 233//113 262//141 264//142
f 264//142 232//112 233//113
f 266//145 261//139 231//111
f 231//111 229//109 266//145
f 259//138 266//145 229//109
f 229//109 230//110 259//138
f 267//146 258//136 228//108
f 228//108 226//106 267//146
f 256//135 267//146 226//106
f 226//106 227//107 256//135
f 223//103 268//147 255//105
f 255//105 225//105 223//103
f 224//104 253//133 268//147
f 268//147 223//103 224//104
f 220//100 269//148 252//131
f 252//131 222//102 220//100
f 250//130 269//148 220//100
f 220//100 221//101 250//130
f 217//97 270//149 249//128
f 249//128 219//99 217//97
f 218//98 247//127 270//149
f 270//149 217//97 218//98
f 214//94 271//150 246//125
f 246//125 216//96 214//94
f 244//124 271//150 214//94
f 214//94 215//95 244//124
f 265//144 243//122 211//91
f 211//91 213//93 265//144
f 265//144 273//151 272//152
f 272//152 243//122 265//144
f 244//124 275//153 274//154
f 274//154 271//150 244//124
f 274//154 276//155 246//125
f 246//125 271//150 274//154
f 278//156 277//157 270//149
f 270//149 247//127 278//156
f 277//157 279//158 249//128
f 249//128 270//149 277//157
f 281//159 280//160 269//148
f 269//148 250//130 281//159
f 280//160 282//161 252//131
f 252//131 269//148 280//160
f 253//133 284//162 283//163
f 283//163 268//147 253//133
f 283//163 285//164 255//105
f 255//105 268//147 283//163
f 287//165 286//166 267//146
f 267//146 256//135 287//165
f 267//146 286//166 288//167
f 288//167 258//136 267//146
f 290//168 289//169 266//145
f 266//145 259//138 290//168
f 289//169 291//170 261//139
f 261//139 266//145 289//169
f 262//141 293//171 292//172
f 292//172 264//142 262//141
f 294//173 273//151 265//144
f 265//144 263//143 294//173
f 264//142 292//172 294//173
f 294//173 263//143 264//142
f 295//174 293//171 262//141
f 262//141 260//140 295//174
f 261//139 291//170 295//174
f 295//174 260//140 261//139
f 257//137 296//175 290//168
f 290//168 259//138 257//137
f 258//136 288//167 296//175
f 296//175 257//137 258//136
f 254//134 297//176 287//165
f 287//165 256//135 254//134
f 255//105 285//164 297//176
f 297//176 254//134 255//105
f 298//177 284//162 253//133
f 253//133 251//132 298//177
f 252//131 282//161 298//177
f 298//177 251//132 252//131
f 248//129 299//178 281//159
f 281//159 250//130 248//129
f 279//158 299//178 248//129
f 248//129 249//128 279//158
f 245//126 300//179 278//156
f 278//156 247//127 245//126
f 246//125 276//155 300//179
f 300//179 245//126 246//125
f 301//180 275//153 244//124
f 244//124 242//123 301//180
f 243//122 272//152 301//180
f 301//180 242//123 243//122
f 302//181 303//182 304//183
f 302//181 304//183 305//184
f 303//182 306//185 301//180
f 301//180 272//152 303//182
f 301//180 306//185 307//186
f 307//186 275//153 301//180
f 308//187 309//188 307//186
f 308//187 307//186 310//189
f 311//190 312//191 309//188
f 311//190 309//188 308//187
f 312//191 313//192 300//179
f 300//179 276//155 312//191
f 313//192 314//193 278//156
f 278//156 300//179 313//192
f 316//194 314//193 317//195
f 315//196 316//194 317//195
f 318//197 319//198 316//194
f 318//197 316//194 315//196
f 279//158 319//198 320//199
f 320//199 299//178 279//158
f 299//178 320//199 321//200
f 321//200 281//159 299//178
f 323//201 321//200 324//202
f 322//203 323//201 324//202
f 326//204 323//201 322//203
f 325//205 326//204 322//203
f 282//161 326//204 327//206
f 327//206 298//177 282//161
f 327//206 328//207 284//162
f 284//162 298//177 327//206
f 329//208 330//209 328//207
f 329//208 328//207 331//210
f 332//211 333//212 330//209
f 332//211 330//209 329//208
f 333//212 334//213 297//176
f 297//176 285//164 333//212
f 334//213 335//214 287//165
f 287//165 297//176 334//213
f 336//215 337//216 335//214
f 336//215 335//214 338//217
f 339//218 340//219 337//216
f 339//218 337//216 336//215
f 288//167 340//219 341//220
f 341//220 296//175 288//167
f 341//220 342//221 290//168
f 290//168 296//175 341//220
f 344//222 342//221 345//223
f 343//224 344//222 345//223
f 347//225 344//222 343//224
f 346//226 347//225 343//224
f 347//225 348//227 295//174
f 295//174 291//170 347//225
f 295//174 348//227 349//228
f 349//228 293//171 295//174
f 351//229 349//228 352//230
f 350//231 351//229 352//230
f 292//172 351//229 353//232
f 353//232 294//173 292//172
f 305//184 304//183 353//232
f 305//184 353//232 354//233
f 294//173 353//232 304//183
f 304//183 273//151 294//173
f 353//232 351//229 350//231
f 354//233 353//232 350//231
f 349//228 351//229 292//172
f 292//172 293//171 349//228
f 349//228 348//227 355//234
f 352//230 349//228 355//234
f 348//227 347//225 346//226
f 355//234 348//227 346//226
f 289//169 344//222 347//225
f 347//225 291//170 289//169
f 290//168 342//221 344//222
f 344//222 289//169 290//168
f 345//223 342//221 341//220
f 345//223 341//220 356//235
f 341//220 340//219 339//218
f 356//235 341//220 339//218
f 337//216 340//219 288//167
f 288//167 286//166 337//216
f 287//165 335//214 337//216
f 337//216 286//166 287//165
f 338//217 335//214 334//213
f 338//217 334//213 357//236
f 357//236 334//213 333//212
f 357//236 333//212 332//211
f 330//209 333//212 285//164
f 285//164 283//163 330//209
f 284//162 328//207 330//209
f 330//209 283//163 284//162
f 328//207 327//206 358//237
f 331//210 328//207 358//237
f 327//206 326//204 325//205
f 358//237 327//206 325//205
f 280//160 323//201 326//204
f 326//204 282//161 280//160
f 281//159 321//200 323//201
f 323//201 280//160 281//159
f 321//200 320//199 359//238
f 324//202 321//200 359//238
f 320//199 319//198 318//197
f 359//238 320//199 318//197
f 316//194 319//198 279//158
f 279//158 277//157 316//194
f 278//156 314//193 316//194
f 316//194 277//157 278//156
f 317//195 314//193 313//192
f 317//195 313//192 360//239
f 360//239 313//192 312//191
f 360//239 312//191 311//190
f 274//154 309//188 312//191
f 312//191 276//155 274//154
f 307//186 309//188 274//154
f 274//154 275//153 307//186
f 310//189 307//186 306//185
f 310//189 306//185 361//240
f 361//240 306//185 303//182
f 361//240 303//182 302//181
f 304//183 303//182 272//152
f 272//152 273//151 304//183
f 363//241 362//242 361//240
f 361//240 302//181 363//241
f 362//242 364//243 310//189
f 310//189 361//240 362//242
f 311//190 366//244 365//245
f 365//245 360//239 311//190
f 365//245 367//246 317//195
f 317//195 360//239 365//245
f 369//247 368//248 359//238
f 359//238 318//197 369//247
f 368//248 370//249 324//202
f 324//202 359//238 368//248
f 325//205 372//250 371//251
f 371//251 358//237 325//205
f 358//237 371//251 373//252
f 373//252 331//210 358//237
f 375//253 374//254 357//236
f 357//236 332//211 375//253
f 374//254 376//255 338//217
f 338//217 357//236 374//254
f 378//256 377//257 356//235
f 356//235 339//218 378//256
f 377//257 379//258 345//223
f 345//223 356//235 377//257
f 346//226 381//259 380//260
f 380//260 355//234 346//226
f 355//234 380//260 382//261
f 382//261 352//230 355//234
f 350//231 384//262 383//263
f 383//263 354//233 350//231
f 354//233 383//263 385//264
f 385//264 305//184 354//233
f 352//230 382//261 384//262
f 384//262 350//231 352//230
f 386//265 381//259 346//226
f 346//226 343//224 386//265
f 345//223 379//258 386//265
f 386//265 343//224 345//223
f 336//215 387//266 378//256
f 378//256 339//218 336//215
f 338//217 376//255 387//266
f 387//266 336//215 338//217
f 388//267 375//253 332//211
f 332//211 329//208 388//267
f 331//210 373//252 388//267
f 388//267 329//208 331//210
f 322//203 389//268 372//250
f 372//250 325//205 322//203
f 324//202 370//249 389//268
f 389//268 322//203 324//202
f 315//196 390//269 369//247
f 369//247 318//197 315//196
f 317//195 367//246 390//269
f 390//269 315//196 317//195
f 308//187 391//270 366//244
f 366//244 311//190 308//187
f 364//243 391//270 308//187
f 308//187 310//189 364//243
f 385//264 363//241 302//181
f 302//181 305//184 385//264
s 3
f 392//271 393//272 394//273
f 392//271 394//273 395//274
f 385//275 397//276 396//277
f 396//277 363//278 385//275
f 398//279 399//280 396//277
f 398//279 396//277 393//272
f 401//281 399//280 398//279
f 400//282 401//281 398//279
f 402//283 403//284 400//282
f 402//283 400//282 404//285
f 401//281 405//286 391//287
f 391//287 364//288 401//281
f 407//289 403//284 402//283
f 406//290 407//289 402//283
f 405//286 408//291 366//292
f 366//292 391//287 405//286
f 409//293 410//294 408//291
f 409//293 408//291 407//289
f 411//295 412//296 410//294
f 411//295 410//294 409//293
f 414//297 411//295 415//298
f 413//299 414//297 415//298
f 367//300 412//296 416//301
f 416//301 390//302 367//300
f 418//303 414//297 413//299
f 417//304 418//303 413//299
f 390//302 416//301 419//305
f 419//305 369//306 390//302
f 421//307 419//305 418//303
f 420//308 421//307 418//303
f 422//309 423//310 421//307
f 422//309 421//307 420//308
f 425//311 422//309 426//312
f 424//313 425//311 426//312
f 370//314 423//310 427//315
f 427//315 389//316 370//314
f 429//317 425//311 424//313
f 428//318 429//317 424//313
f 427//315 430//319 372//320
f 372//320 389//316 427//315
f 431//321 432//322 430//319
f 431//321 430//319 429//317
f 434//323 432//322 431//321
f 433//324 434//323 431//321
f 435//325 436//326 433//324
f 435//325 433//324 437//327
f 434//323 438//328 388//329
f 388//329 373//330 434//323
f 440//331 436//326 435//325
f 439//332 440//331 435//325
f 438//328 441//333 375//334
f 375//334 388//329 438//328
f 442//335 443//336 441//333
f 442//335 441//333 440//331
f 444//337 445//338 443//336
f 444//337 443//336 442//335
f 447//339 444//337 448//340
f 446//341 447//339 448//340
f 445//338 449//342 387//343
f 387//343 376//344 445//338
f 451//345 447//339 446//341
f 450//346 451//345 446//341
f 449//342 452//347 378//348
f 378//348 387//343 449//342
f 453//349 454//350 452//347
f 453//349 452//347 451//345
f 456//351 454//350 453//349
f 455//352 456//351 453//349
f 458//353 455//352 459//354
f 457//355 458//353 459//354
f 379//356 456//351 460//357
f 460//357 386//358 379//356
f 462//359 458//353 457//355
f 461//360 462//359 457//355
f 386//358 460//357 463//361
f 463//361 381//362 386//358
f 465//363 463//361 462//359
f 464//364 465//363 462//359
f 466//365 467//366 465//363
f 466//365 465//363 464//364
f 469//367 466//365 470//368
f 468//369 469//367 470//368
f 382//370 467//366 471//371
f 471//371 384//372 382//370
f 473//373 471//371 469//367
f 472//374 473//373 469//367
f 394//273 472//374 474//375
f 395//274 394//273 474//375
f 383//376 473//373 397//276
f 397//276 385//275 383//376
f 394//273 397//276 473//373
f 394//273 473//373 472//374
f 384//372 471//371 473//373
f 473//373 383//376 384//372
f 474//375 472//374 469//367
f 474//375 469//367 468//369
f 469//367 471//371 467//366
f 469//367 467//366 466//365
f 380//377 465//363 467//366
f 467//366 382//370 380//377
f 466//365 464//364 475//378
f 470//368 466//365 475//378
f 381//362 463//361 465//363
f 465//363 380//377 381//362
f 464//364 462//359 461//360
f 475//378 464//364 461//360
f 463//361 460//357 458//353
f 462//359 463//361 458//353
f 460//357 456//351 455//352
f 458//353 460//357 455//352
f 454//350 456//351 379//356
f 379//356 377//379 454//350
f 459//354 455//352 453//349
f 459//354 453//349 476//380
f 452//347 454//350 377//379
f 377//379 378//348 452//347
f 476//380 453//349 451//345
f 476//380 451//345 450//346
f 451//345 452//347 449//342
f 451//345 449//342 447//339
f 449//342 445//338 444//337
f 447//339 449//342 444//337
f 443//336 445//338 376//344
f 376//344 374//381 443//336
f 448//340 444//337 442//335
f 448//340 442//335 477//382
f 375//334 441//333 443//336
f 443//336 374//381 375//334
f 477//382 442//335 440//331
f 477//382 440//331 439//332
f 441//333 438//328 436//326
f 440//331 441//333 436//326
f 436//326 438//328 434//323
f 436//326 434//323 433//324
f 371//383 432//322 434//323
f 434//323 373//330 371//383
f 433//324 431//321 478//384
f 437//327 433//324 478//384
f 430//319 432//322 371//383
f 371//383 372//320 430//319
f 478//384 431//321 429//317
f 478//384 429//317 428//318
f 430//319 427//315 425//311
f 429//317 430//319 425//311
f 427//315 423//310 422//309
f 425//311 427//315 422//309
f 368//385 421//307 423//310
f 423//310 370//314 368//385
f 426//312 422//309 420//308
f 426//312 420//308 479//386
f 369//306 419//305 421//307
f 421//307 368//385 369//306
f 479//386 420//308 418//303
f 479//386 418//303 417//304
f 419//305 416//301 414//297
f 418//303 419//305 414//297
f 414//297 416//301 412//296
f 414//297 412//296 411//295
f 410//294 412//296 367//300
f 367//300 365//387 410//294
f 415//298 411//295 409//293
f 415//298 409//293 480//388
f 408//291 410//294 365//387
f 365//387 366//292 408//291
f 480//388 409//293 407//289
f 480//388 407//289 406//290
f 407//289 408//291 405//286
f 407//289 405//286 403//284
f 405//286 401//281 400//282
f 403//284 405//286 400//282
f 399//280 401//281 364//288
f 364//288 362//389 399//280
f 400//282 398//279 481//390
f 404//285 400//282 481//390
f 363//278 396//277 399//280
f 399//280 362//389 363//278
f 398//279 393//272 392//271
f 481//390 398//279 392//271
f 396//277 397//276 394//273
f 393//272 396//277 394//273
s 4
f 392//92 483//391 482//392
f 482//392 481//92 392//92
f 481//92 482//392 484//393
f 484//393 404//92 481//92
f 486//394 485//395 480//92
f 480//92 406//92 486//394
f 485//395 487//396 415//92
f 415//92 480//92 485//395
f 417//92 489//397 488//398
f 488//398 479//92 417//92
f 488//398 490//399 426//92
f 426//92 479//92 488//398
f 428//92 492//400 491//401
f 491//401 478//92 428//92
f 491//401 493//402 437//92
f 437//92 478//92 491//401
f 495//403 494//404 477//92
f 477//92 439//92 495//403
f 494//404 496//405 448//92
f 448//92 477//92 494//404
f 498//406 497//407 476//92
f 476//92 450//92 498//406
f 497//407 499//408 459//92
f 459//92 476//92 497//407
f 501//409 500//410 475//92
f 475//92 461//92 501//409
f 475//92 500//410 502//411
f 502//411 470//92 475//92
f 504//412 503//413 474//92
f 474//92 468//92 504//412
f 474//92 503//413 505//414
f 505//414 395//92 474//92
f 502//411 504//412 468//92
f 468//92 470//92 502//411
f 457//92 506//415 501//409
f 501//409 461//92 457//92
f 459//92 499//408 506//415
f 506//415 457//92 459//92
f 507//416 498//406 450//92
f 450//92 446//92 507//416
f 448//92 496//405 507//416
f 507//416 446//92 448//92
f 435//92 508//417 495//403
f 495//403 439//92 435//92
f 437//92 493//402 508//417
f 508//417 435//92 437//92
f 424//92 509//418 492//400
f 492//400 428//92 424//92
f 490//399 509//418 424//92
f 424//92 426//92 490//399
f 413//92 510//419 489//397
f 489//397 417//92 413//92
f 487//396 510//419 413//92
f 413//92 415//92 487//396
f 402//92 511//420 486//394
f 486//394 406//92 402//92
f 404//92 484//393 511//420
f 511//420 402//92 404//92
f 505//414 483//391 392//92
f 392//92 395//92 505//414
f 144//421 122//422 512//423
f 512//423 513//424 144//421
f 505//414 515//425 514//426
f 514//426 483//391 505//414
f 512//423 516//427 517//428
f 517//428 514//426 512//423
f 517//428 516//427 518//429
f 518//429 519//430 517//428
f 518//429 123//431 150//432
f 150//432 520//433 518//429
f 484//393 519//430 521//434
f 521//434 511//420 484//393
f 520//433 150//432 125//435
f 125//435 522//436 520//433
f 521//434 523//437 486//394
f 486//394 511//420 521//434
f 522//436 524//438 525//439
f 525//439 523//437 522//436
f 524//438 526//440 527//441
f 527//441 525//439 524//438
f 126//442 149//443 528//444
f 528//444 526//440 126//442
f 527//441 529//445 510//419
f 510//419 487//396 527//441
f 528//444 149//443 128//446
f 128//446 530//447 528//444
f 510//419 529//445 531//448
f 531//448 489//397 510//419
f 530//447 532//449 533//450
f 533//450 531//448 530//447
f 533//450 532//449 534//451
f 534//451 535//452 533//450
f 129//453 148//454 536//455
f 536//455 534//451 129//453
f 535//452 537//456 509//418
f 509//418 490//399 535//452
f 148//454 131//457 538//458
f 538//458 536//455 148//454
f 537//456 539//459 492//400
f 492//400 509//418 537//456
f 539//459 538//458 540//460
f 540//460 541//461 539//459
f 540//460 542//462 543//463
f 543//463 541//461 540//460
f 542//462 132//464 147//465
f 147//465 544//466 542//462
f 493//402 543//463 545//467
f 545//467 508//417 493//402
f 147//465 134//468 546//469
f 546//469 544//466 147//465
f 545//467 547//470 495//403
f 495//403 508//417 545//467
f 547//470 546//469 548//471
f 548//471 549//472 547//470
f 549//472 548//471 550//473
f 550//473 551//474 549//472
f 135//475 146//476 552//477
f 552//477 550//473 135//475
f 496//405 551//474 553//478
f 553//478 507//416 496//405
f 146//476 137//479 554//480
f 554//480 552//477 146//476
f 507//416 553//478 555//481
f 555//481 498//406 507//416
f 555//481 554//480 556//482
f 556//482 557//483 555//481
f 557//483 556//482 558//484
f 558//484 559//485 557//483
f 138//486 145//487 560//488
f 560//488 558//484 138//486
f 559//485 561//489 506//415
f 506//415 499//408 559//485
f 145//487 140//490 562//491
f 562//491 560//488 145//487
f 561//489 563//492 501//409
f 501//409 506//415 561//489
f 563//492 562//491 564//493
f 564//493 565//494 563//492
f 565//494 564//493 566//495
f 566//495 567//496 565//494
f 141//497 143//498 568//499
f 568//499 566//495 141//497
f 502//411 567//496 569//500
f 569//500 504//412 502//411
f 569//500 568//499 570//501
f 570//501 571//502 569//500
f 570//501 142//503 144//421
f 144//421 513//424 570//501
f 571//502 515//425 505//414
f 505//414 503//413 571//502
f 570//501 513//424 515//425
f 515//425 571//502 570//501
f 569//500 571//502 503//413
f 503//413 504//412 569//500
f 568//499 143//498 142//503
f 142//503 570//501 568//499
f 566//495 568//499 569//500
f 569//500 567//496 566//495
f 565//494 567//496 502//411
f 502//411 500//410 565//494
f 139//504 141//497 566//495
f 566//495 564//493 139//504
f 501//409 563//492 565//494
f 565//494 500//410 501//409
f 140//490 139//504 564//493
f 564//493 562//491 140//490
f 561//489 560//488 562//491
f 562//491 563//492 561//489
f 559//485 558//484 560//488
f 560//488 561//489 559//485
f 497//407 557//483 559//485
f 559//485 499//408 497//407
f 556//482 136//505 138//486
f 138//486 558//484 556//482
f 555//481 557//483 497//407
f 497//407 498//406 555//481
f 137//479 136//505 556//482
f 556//482 554//480 137//479
f 553//478 552//477 554//480
f 554//480 555//481 553//478
f 550//473 552//477 553//478
f 553//478 551//474 550//473
f 494//404 549//472 551//474
f 551//474 496//405 494//404
f 133//506 135//475 550//473
f 550//473 548//471 133//506
f 495//403 547//470 549//472
f 549//472 494//404 495//403
f 134//468 133//506 548//471
f 548//471 546//469 134//468
f 544//466 546//469 547//470
f 547//470 545//467 544//466
f 543//463 542//462 544//466
f 544//466 545//467 543//463
f 541//461 543//463 493//402
f 493//402 491//401 541//461
f 130//507 132//464 542//462
f 542//462 540//460 130//507
f 539//459 541//461 491//401
f 491//401 492//400 539//459
f 538//458 131//457 130//507
f 130//507 540//460 538//458
f 536//455 538//458 539//459
f 539//459 537//456 536//455
f 535//452 534//451 536//455
f 536//455 537//456 535//452
f 533//450 535//452 490//399
f 490//399 488//398 533//450
f 532//449 127//508 129//453
f 129//453 534//451 532//449
f 531//448 533//450 488//398
f 488//398 489//397 531//448
f 530//447 128//446 127//508
f 127//508 532//449 530//447
f 528//444 530//447 531//448
f 531//448 529//445 528//444
f 526//440 528//444 529//445
f 529//445 527//441 526//440
f 485//395 525//439 527//441
f 527//441 487//396 485//395
f 524//438 124//509 126//442
f 126//442 526//440 524//438
f 486//394 523//437 525//439
f 525//439 485//395 486//394
f 522//436 125//435 124//509
f 124//509 524//438 522//436
f 520//433 522//436 523//437
f 523//437 521//434 520//433
f 518//429 520//433 521//434
f 521//434 519//430 518//429
f 517//428 519//430 484//393
f 484//393 482//392 517//428
f 516//427 121//510 123//431
f 123//431 518//429 516//427
f 483//391 514//426 517//428
f 517//428 482//392 483//391
f 122//422 121//510 516//427
f 516//427 512//423 122//422
f 515//425 513//424 512//423
f 512//423 514//426 515//425
s 1
f 573//511 574//512 575//513
f 572//514 573//511 575//513
f 577//515 578//516 579//517
f 576//518 577//515 579//517
f 580//519 152//520 174//521
f 580//519 174//521 581//522
f 583//523 576//518 573//511
f 582//524 583//523 573//511
f 584//525 585//526 580//519
f 584//525 580//519 577//515
f 587//527 583//523 582//524
f 586//528 587//527 582//524
f 589//529 585//526 584//525
f 588//530 589//529 584//525
f 591//531 586//528 592//532
f 590//533 591//531 592//532
f 594//534 588//530 587//527
f 593//535 594//534 587//527
f 595//536 180//537 153//538
f 595//536 153//538 589//529
f 597//539 591//531 590//533
f 596//540 597//539 590//533
f 598//541 599//542 594//534
f 598//541 594//534 593//535
f 600//543 155//544 180//537
f 600//543 180//537 595//536
f 601//545 602//546 598//541
f 601//545 598//541 597//539
f 604//547 600//543 599//542
f 603//548 604//547 599//542
f 605//549 606//550 602//546
f 605//549 602//546 601//545
f 608//551 604//547 603//548
f 607//552 608//551 603//548
f 610//553 605//549 611//554
f 609//555 610//553 611//554
f 613//556 607//552 606//550
f 612//557 613//556 606//550
f 179//558 156//559 608//551
f 614//560 179//558 608//551
f 616//561 610//553 609//555
f 615//562 616//561 609//555
f 618//563 613//556 612//557
f 617//564 618//563 612//557
f 158//565 179//558 614//560
f 619//566 158//565 614//560
f 621//567 617//564 616//561
f 620//568 621//567 616//561
f 622//569 623//570 619//566
f 622//569 619//566 618//563
f 624//571 625//572 621//567
f 624//571 621//567 620//568
f 626//573 627//574 623//570
f 626//573 623//570 622//569
f 629//575 624//571 630//576
f 628//577 629//575 630//576
f 631//578 632//579 626//573
f 631//578 626//573 625//572
f 178//580 159//581 627//574
f 633//582 178//580 627//574
f 635//583 629//575 628//577
f 634//584 635//583 628//577
f 637//585 632//579 631//578
f 636//586 637//585 631//578
f 161//587 178//580 633//582
f 638//588 161//587 633//582
f 639//589 640//590 636//586
f 639//589 636//586 635//583
f 641//591 642//592 638//588
f 641//591 638//588 637//585
f 644//593 640//590 639//589
f 643//594 644//593 639//589
f 645//595 646//596 642//592
f 645//595 642//592 641//591
f 648//597 643//594 649//598
f 647//599 648//597 649//598
f 650//600 651//601 645//595
f 650//600 645//595 644//593
f 177//602 162//603 646//596
f 652//604 177//602 646//596
f 654//605 648//597 647//599
f 653//606 654//605 647//599
f 655//607 656//608 651//601
f 655//607 651//601 650//600
f 657//609 164//610 177//602
f 657//609 177//602 652//604
f 658//611 659//612 655//607
f 658//611 655//607 654//605
f 661//613 657//609 656//608
f 660//614 661//613 656//608
f 663//615 659//612 658//611
f 662//616 663//615 658//611
f 664//617 665//618 661//613
f 664//617 661//613 660//614
f 667//619 662//616 668//620
f 666//621 667//619 668//620
f 670//622 664//617 663//615
f 669//623 670//622 663//615
f 671//624 176//625 165//626
f 671//624 165//626 665//618
f 673//627 667//619 666//621
f 672//628 673//627 666//621
f 675//629 670//622 669//623
f 674//630 675//629 669//623
f 676//631 167//632 176//625
f 676//631 176//625 671//624
f 678//633 674//630 673//627
f 677//634 678//633 673//627
f 680//635 676//631 675//629
f 679//636 680//635 675//629
f 682//637 678//633 677//634
f 681//638 682//637 677//634
f 684//639 680//635 679//636
f 683//640 684//639 679//636
f 685//641 686//642 681//638
f 685//641 681//638 687//643
f 688//644 689//645 683//640
f 688//644 683//640 682//637
f 690//646 175//647 168//648
f 690//646 168//648 684//639
f 691//649 692//650 686//642
f 691//649 686//642 685//641
f 694//651 689//645 688//644
f 693//652 694//651 688//644
f 170//653 175//647 690//646
f 695//654 170//653 690//646
f 697//655 693//652 692//650
f 696//656 697//655 692//650
f 698//657 699//658 695//654
f 698//657 695//654 694//651
f 701//659 697//655 696//656
f 700//660 701//659 696//656
f 703//661 699//658 698//657
f 702//662 703//661 698//657
f 704//663 705//664 700//660
f 704//663 700//660 706//665
f 708//666 702//662 701//659
f 707//667 708//666 701//659
f 173//668 171//669 703//661
f 709//670 173//668 703//661
f 710//671 711//672 707//667
f 710//671 707//667 705//664
f 713//673 709//670 708//666
f 712//674 713//673 708//666
f 575//513 574//512 710//671
f 575//513 710//671 714//675
f 579//517 578//516 712//674
f 579//517 712//674 711//672
f 581//522 174//521 172//676
f 581//522 172//676 713//673
f 578//516 581//522 713//673
f 578//516 713//673 712//674
f 579//517 711//672 710//671
f 574//512 579//517 710//671
f 172//676 173//668 709//670
f 713//673 172//676 709//670
f 712//674 708//666 707//667
f 711//672 712//674 707//667
f 714//675 710//671 705//664
f 714//675 705//664 704//663
f 708//666 709//670 703//661
f 708//666 703//661 702//662
f 707//667 701//659 700//660
f 705//664 707//667 700//660
f 171//669 169//677 699//658
f 703//661 171//669 699//658
f 701//659 702//662 698//657
f 701//659 698//657 697//655
f 706//665 700//660 696//656
f 706//665 696//656 715//678
f 169//677 170//653 695//654
f 699//658 169//677 695//654
f 698//657 694//651 693//652
f 697//655 698//657 693//652
f 715//678 696//656 692//650
f 715//678 692//650 691//649
f 694//651 695//654 690//646
f 694//651 690//646 689//645
f 693//652 688//644 686//642
f 692//650 693//652 686//642
f 689//645 690//646 684//639
f 689//645 684//639 683//640
f 688//644 682//637 681//638
f 686//642 688//644 681//638
f 684//639 168//648 166//679
f 684//639 166//679 680//635
f 682//637 683//640 679//636
f 682//637 679//636 678//633
f 687//643 681//638 677//634
f 687//643 677//634 716//680
f 680//635 166//679 167//632
f 680//635 167//632 676//631
f 678//633 679//636 675//629
f 678//633 675//629 674//630
f 716//680 677//634 673//627
f 716//680 673//627 672//628
f 676//631 671//624 670//622
f 675//629 676//631 670//622
f 673//627 674//630 669//623
f 673//627 669//623 667//619
f 670//622 671//624 665//618
f 670//622 665//618 664//617
f 669//623 663//615 662//616
f 667//619 669//623 662//616
f 665//618 165//626 163//681
f 665//618 163//681 661//613
f 664//617 660//614 659//612
f 663//615 664//617 659//612
f 668//620 662//616 658//611
f 668//620 658//611 717//682
f 661//613 163//681 164//610
f 661//613 164//610 657//609
f 659//612 660//614 656//608
f 659//612 656//608 655//607
f 658//611 654//605 653//606
f 717//682 658//611 653//606
f 657//609 652//604 651//601
f 656//608 657//609 651//601
f 655//607 650//600 648//597
f 654//605 655//607 648//597
f 652//604 646//596 645//595
f 651//601 652//604 645//595
f 648//597 650//600 644//593
f 648//597 644//593 643//594
f 162//603 160//683 642//592
f 646//596 162//603 642//592
f 645//595 641//591 640//590
f 644//593 645//595 640//590
f 649//598 643//594 639//589
f 649//598 639//589 718//684
f 160//683 161//587 638//588
f 642//592 160//683 638//588
f 641//591 637//585 636//586
f 640//590 641//591 636//586
f 718//684 639//589 635//583
f 718//684 635//583 634//584
f 638//588 633//582 632//579
f 637//585 638//588 632//579
f 635//583 636//586 631//578
f 635//583 631//578 629//575
f 633//582 627//574 626//573
f 632//579 633//582 626//573
f 629//575 631//578 625//572
f 629//575 625//572 624//571
f 159//581 157//685 623//570
f 627//574 159//581 623//570
f 625//572 626//573 622//569
f 625//572 622//569 621//567
f 630//576 624//571 620//568
f 630//576 620//568 719//686
f 157//685 158//565 619//566
f 623//570 157//685 619//566
f 621//567 622//569 618//563
f 621//567 618//563 617//564
f 719//686 620//568 616//561
f 719//686 616//561 615//562
f 618//563 619//566 614//560
f 618//563 614//560 613//556
f 616//561 617//564 612//557
f 616//561 612//557 610//553
f 613//556 614//560 608//551
f 613//556 608//551 607//552
f 610//553 612//557 606//550
f 610//553 606//550 605//549
f 608//551 156//559 154//687
f 608//551 154//687 604//547
f 607//552 603//548 602//546
f 606//550 607//552 602//546
f 605//549 601//545 720//688
f 611//554 605//549 720//688
f 604//547 154//687 155//544
f 604//547 155//544 600//543
f 602//546 603//548 599//542
f 602//546 599//542 598//541
f 601//545 597//539 596//540
f 720//688 601//545 596//540
f 600//543 595//536 594//534
f 599//542 600//543 594//534
f 597//539 598//541 593//535
f 597//539 593//535 591//531
f 594//534 595//536 589//529
f 594//534 589//529 588//530
f 591//531 593//535 587//527
f 591//531 587//527 586//528
f 589//529 153//538 151//689
f 589//529 151//689 585//526
f 587//527 588//530 584//525
f 587//527 584//525 583//523
f 592//532 586//528 582//524
f 592//532 582//524 721//690
f 585//526 151//689 152//520
f 585//526 152//520 580//519
f 583//523 584//525 577//515
f 583//523 577//515 576//518
f 582//524 573//511 572//514
f 721//690 582//524 572//514
f 580//519 581//522 578//516
f 577//515 580//519 578//516
f 573//511 576//518 579//517
f 573//511 579//517 574//512
f 2//81 207//80 722//691
f 722//691 6//692 2//81
f 723//693 184//12 5//11
f 723//693 5//11 4//694
f 3//10 184//12 207//80
f 207//80 1//79 3//10
f 725//695 726//696 727//697
f 724//698 725//695 727//697
f 728//699 729//700 725//695
f 728//699 725//695 724//698
f 730//701 731//702 732//703
f 730//701 732//703 733//704
f 734//705 735//706 731//702
f 734//705 731//702 730//701
f 737//707 738//708 739//709
f 736//710 737//707 739//709
f 741//711 737//707 736//710
f 740//712 741//711 736//710
f 743//713 744//714 745//715
f 742//716 743//713 745//715
f 746//717 747//718 743//713
f 746//717 743//713 742//716
f 749//719 750//720 751//721
f 748//722 749//719 751//721
f 752//723 753//724 749//719
f 752//723 749//719 748//722
f 754//725 755//726 756//727
f 754//725 756//727 757//728
f 759//729 755//726 754//725
f 758//730 759//729 754//725
f 761//731 762//732 763//733
f 760//734 761//731 763//733
f 765//735 761//731 760//734
f 764//736 765//735 760//734
f 766//737 767//738 768//739
f 766//737 768//739 769//740
f 727//697 726//696 767//738
f 727//697 767//738 766//737
f 769//740 768//739 770//741
f 769//740 770//741 771//742
f 770//741 765//735 764//736
f 771//742 770//741 764//736
f 762//732 772//743 773//744
f 763//733 762//732 773//744
f 772//743 759//729 758//730
f 773//744 772//743 758//730
f 757//728 756//727 774//745
f 757//728 774//745 775//746
f 775//746 774//745 753//724
f 775//746 753//724 752//723
f 751//721 750//720 776//747
f 751//721 776//747 777//748
f 777//748 776//747 747//718
f 777//748 747//718 746//717
f 744//714 778//749 779//750
f 745//715 744//714 779//750
f 778//749 741//711 740//712
f 779//750 778//749 740//712
f 739//709 738//708 780//751
f 739//709 780//751 781//752
f 781//752 780//751 735//706
f 781//752 735//706 734//705
f 733//704 732//703 782//753
f 733//704 782//753 783//754
f 782//753 729//700 728//699
f 783//754 782//753 728//699
f 785//755 786//756 787//757
f 784//758 785//755 787//757
f 788//759 789//760 785//755
f 788//759 785//755 784//758
f 791//761 788//759 792//762
f 790//763 791//761 792//762
f 793//764 783//754 728//699
f 793//764 728//699 789//760
f 794//765 795//766 791//761
f 794//765 791//761 790//763
f 733//704 783//754 793//764
f 796//767 733//704 793//764
f 797//768 798//769 796//767
f 797//768 796//767 795//766
f 800//770 798//769 797//768
f 799//771 800//770 797//768
f 801//772 802//773 799//771
f 801//772 799//771 803//774
f 804//775 781//752 734//705
f 804//775 734//705 800//770
f 806//776 802//773 801//772
f 805//777 806//776 801//772
f 807//778 739//709 781//752
f 807//778 781//752 804//775
f 808//779 809//780 807//778
f 808//779 807//778 806//776
f 811//781 809//780 808//779
f 810//782 811//781 808//779
f 812//783 813//784 810//782
f 812//783 810//782 814//785
f 815//786 779//750 740//712
f 815//786 740//712 811//781
f 817//787 813//784 812//783
f 816//788 817//787 812//783
f 818//789 745//715 779//750
f 818//789 779//750 815//786
f 820//790 818//789 817//787
f 819//791 820//790 817//787
f 821//792 822//793 820//790
f 821//792 820//790 819//791
f 824//794 821//792 825//795
f 823//796 824//794 825//795
f 777//748 746//717 822//793
f 826//797 777//748 822//793
f 827//798 828//799 824//794
f 827//798 824//794 823//796
f 751//721 777//748 826//797
f 829//800 751//721 826//797
f 831//801 829//800 828//799
f 830//802 831//801 828//799
f 832//803 833//804 831//801
f 832//803 831//801 830//802
f 834//805 835//806 832//803
f 834//805 832//803 836//807
f 775//746 752//723 833//804
f 837//808 775//746 833//804
f 839//809 835//806 834//805
f 838//810 839//809 834//805
f 757//728 775//746 837//808
f 840//811 757//728 837//808
f 841//812 842//813 840//811
f 841//812 840//811 839//809
f 844//814 842//813 841//812
f 843//815 844//814 841//812
f 845//816 846//817 843//815
f 845//816 843//815 847//818
f 773//744 758//730 844//814
f 848//819 773//744 844//814
f 849//820 850//821 846//817
f 849//820 846//817 845//816
f 763//733 773//744 848//819
f 851//822 763//733 848//819
f 852//823 853//824 851//822
f 852//823 851//822 850//821
f 855//825 853//824 852//823
f 854//826 855//825 852//823
f 857//827 854//826 858//828
f 856//829 857//827 858//828
f 859//830 771//742 764//736
f 859//830 764//736 855//825
f 860//831 861//832 857//827
f 860//831 857//827 856//829
f 769//740 771//742 859//830
f 862//833 769//740 859//830
f 864//834 862//833 861//832
f 863//835 864//834 861//832
f 865//836 787//757 863//835
f 865//836 863//835 866//837
f 727//697 766//737 864//834
f 786//756 727//697 864//834
f 787//757 786//756 864//834
f 787//757 864//834 863//835
f 766//737 769//740 862//833
f 864//834 766//737 862//833
f 863//835 861//832 860//831
f 866//837 863//835 860//831
f 861//832 862//833 859//830
f 861//832 859//830 857//827
f 857//827 859//830 855//825
f 857//827 855//825 854//826
f 855//825 764//736 760//734
f 855//825 760//734 853//824
f 858//828 854//826 852//823
f 858//828 852//823 867//838
f 760//734 763//733 851//822
f 853//824 760//734 851//822
f 852//823 850//821 849//820
f 867//838 852//823 849//820
f 850//821 851//822 848//819
f 850//821 848//819 846//817
f 846//817 848//819 844//814
f 846//817 844//814 843//815
f 844//814 758//730 754//725
f 844//814 754//725 842//813
f 843//815 841//812 868//839
f 847//818 843//815 868//839
f 754//725 757//728 840//811
f 842//813 754//725 840//811
f 868//839 841//812 839//809
f 868//839 839//809 838//810
f 840//811 837//808 835//806
f 839//809 840//811 835//806
f 837//808 833//804 832//803
f 835//806 837//808 832//803
f 752//723 748//722 831//801
f 833//804 752//723 831//801
f 832//803 830//802 869//840
f 836//807 832//803 869//840
f 831//801 748//722 751//721
f 831//801 751//721 829//800
f 830//802 828//799 827//798
f 869//840 830//802 827//798
f 828//799 829//800 826//797
f 828//799 826//797 824//794
f 826//797 822//793 821//792
f 824//794 826//797 821//792
f 746//717 742//716 820//790
f 822//793 746//717 820//790
f 825//795 821//792 819//791
f 825//795 819//791 870//841
f 742//716 745//715 818//789
f 820//790 742//716 818//789
f 870//841 819//791 817//787
f 870//841 817//787 816//788
f 817//787 818//789 815//786
f 817//787 815//786 813//784
f 813//784 815//786 811//781
f 813//784 811//781 810//782
f 811//781 740//712 736//710
f 811//781 736//710 809//780
f 810//782 808//779 871//842
f 814//785 810//782 871//842
f 736//710 739//709 807//778
f 809//780 736//710 807//778
f 871//842 808//779 806//776
f 871//842 806//776 805//777
f 807//778 804//775 802//773
f 806//776 807//778 802//773
f 804//775 800//770 799//771
f 802//773 804//775 799//771
f 800//770 734//705 730//701
f 800//770 730//701 798//769
f 803//774 799//771 797//768
f 803//774 797//768 872//843
f 730//701 733//704 796//767
f 798//769 730//701 796//767
f 797//768 795//766 794//765
f 872//843 797//768 794//765
f 796//767 793//764 791//761
f 795//766 796//767 791//761
f 793//764 789//760 788//759
f 791//761 793//764 788//759
f 789//760 728//699 724//698
f 789//760 724//698 785//755
f 792//762 788//759 784//758
f 792//762 784//758 873//844
f 785//755 724//698 727//697
f 785//755 727//697 786//756
f 784//758 787//757 865//836
f 873//844 784//758 865//836
f 873//844 865//836 875//845
f 874//846 873//844 875//845
f 876//847 792//762 873//844
f 876//847 873//844 874//846
f 878//848 876//847 879//849
f 877//850 878//848 879//849
f 880//851 881//852 878//848
f 880//851 878//848 877//850
f 872//843 794//765 881//852
f 882//853 872//843 881//852
f 803//774 872//843 882//853
f 883//854 803//774 882//853
f 885//855 883//854 886//856
f 884//857 885//855 886//856
f 888//858 885//855 884//857
f 887//859 888//858 884//857
f 889//860 871//842 805//777
f 889//860 805//777 888//858
f 814//785 871//842 889//860
f 890//861 814//785 889//860
f 892//862 890//861 893//863
f 891//864 892//862 893//863
f 894//865 895//866 892//862
f 894//865 892//862 891//864
f 870//841 816//788 895//866
f 896//867 870//841 895//866
f 825//795 870//841 896//867
f 897//868 825//795 896//867
f 899//869 897//868 900//870
f 898//871 899//869 900//870
f 901//872 902//873 899//869
f 901//872 899//869 898//871
f 903//874 869//840 827//798
f 903//874 827//798 902//873
f 904//875 836//807 869//840
f 904//875 869//840 903//874
f 906//876 904//875 907//877
f 905//878 906//876 907//877
f 908//879 909//880 906//876
f 908//879 906//876 905//878
f 910//881 868//839 838//810
f 910//881 838//810 909//880
f 847//818 868//839 910//881
f 911//882 847//818 910//881
f 912//883 913//884 911//882
f 912//883 911//882 914//885
f 915//886 916//887 913//884
f 915//886 913//884 912//883
f 917//888 867//838 849//820
f 917//888 849//820 916//887
f 858//828 867//838 917//888
f 918//889 858//828 917//888
f 920//890 918//889 921//891
f 919//892 920//890 921//891
f 922//893 923//894 920//890
f 922//893 920//890 919//892
f 866//837 860//831 923//894
f 924//895 866//837 923//894
f 865//836 866//837 924//895
f 875//845 865//836 924//895
f 875//845 924//895 926//896
f 925//897 875//845 926//896
f 926//896 924//895 923//894
f 926//896 923//894 922//893
f 860//831 856//829 920//890
f 923//894 860//831 920//890
f 856//829 858//828 918//889
f 920//890 856//829 918//889
f 921//891 918//889 917//888
f 921//891 917//888 927//898
f 917//888 916//887 915//886
f 927//898 917//888 915//886
f 916//887 849//820 845//816
f 916//887 845//816 913//884
f 845//816 847//818 911//882
f 913//884 845//816 911//882
f 914//885 911//882 910//881
f 914//885 910//881 928//899
f 910//881 909//880 908//879
f 928//899 910//881 908//879
f 838//810 834//805 906//876
f 909//880 838//810 906//876
f 906//876 834//805 836//807
f 906//876 836//807 904//875
f 904//875 903//874 929//900
f 907//877 904//875 929//900
f 929//900 903//874 902//873
f 929//900 902//873 901//872
f 902//873 827//798 823//796
f 902//873 823//796 899//869
f 823//796 825//795 897//868
f 899//869 823//796 897//868
f 900//870 897//868 896//867
f 900//870 896//867 930//901
f 930//901 896//867 895//866
f 930//901 895//866 894//865
f 816//788 812//783 892//862
f 895//866 816//788 892//862
f 892//862 812//783 814//785
f 892//862 814//785 890//861
f 893//863 890//861 889//860
f 893//863 889//860 931//902
f 889//860 888//858 887//859
f 931//902 889//860 887//859
f 888//858 805//777 801//772
f 888//858 801//772 885//855
f 801//772 803//774 883//854
f 885//855 801//772 883//854
f 883//854 882//853 932//903
f 886//856 883//854 932//903
f 882//853 881//852 880//851
f 932//903 882//853 880//851
f 881//852 794//765 790//763
f 881//852 790//763 878//848
f 878//848 790//763 792//762
f 878//848 792//762 876//847
f 876//847 874//846 933//904
f 879//849 876//847 933//904
f 933//904 874//846 875//845
f 933//904 875//845 925//897
f 934//905 933//904 925//897
f 934//905 925//897 935//906
f 879//849 933//904 934//905
f 936//907 879//849 934//905
f 937//908 938//909 936//907
f 937//908 936//907 939//910
f 941//911 938//909 937//908
f 940//912 941//911 937//908
f 932//903 880//851 941//911
f 942//913 932//903 941//911
f 943//914 886//856 932//903
f 943//914 932//903 942//913
f 945//915 943//914 946//916
f 944//917 945//915 946//916
f 948//918 945//915 944//917
f 947//919 948//918 944//917
f 949//920 931//902 887//859
f 949//920 887//859 948//918
f 950//921 893//863 931//902
f 950//921 931//902 949//920
f 952//922 950//921 953//923
f 951//924 952//922 953//923
f 954//925 955//926 952//922
f 954//925 952//922 951//924
f 930//901 894//865 955//926
f 956//927 930//901 955//926
f 957//928 900//870 930//901
f 957//928 930//901 956//927
f 958//929 959//930 957//928
f 958//929 957//928 960//931
f 962//932 959//930 958//929
f 961//933 962//932 958//929
f 929//900 901//872 962//932
f 963//934 929//900 962//932
f 964//935 907//877 929//900
f 964//935 929//900 963//934
f 966//936 964//935 967//937
f 965//938 966//936 967//937
f 968//939 969//940 966//936
f 968//939 966//936 965//938
f 928//899 908//879 969//940
f 970//941 928//899 969//940
f 914//885 928//899 970//941
f 971//942 914//885 970//941
f 972//943 973//944 971//942
f 972//943 971//942 974//945
f 975//946 976//947 973//944
f 975//946 973//944 972//943
f 977//948 927//898 915//886
f 977//948 915//886 976//947
f 978//949 921//891 927//898
f 978//949 927//898 977//948
f 979//950 980//951 978//949
f 979//950 978//949 981//952
f 983//953 980//951 979//950
f 982//954 983//953 979//950
f 984//955 926//896 922//893
f 984//955 922//893 983//953
f 985//956 935//906 984//955
f 985//956 984//955 986//957
f 925//897 926//896 984//955
f 935//906 925//897 984//955
f 984//955 983//953 982//954
f 986//957 984//955 982//954
f 922//893 919//892 980//951
f 983//953 922//893 980//951
f 919//892 921//891 978//949
f 980//951 919//892 978//949
f 981//952 978//949 977//948
f 981//952 977//948 987//958
f 977//948 976//947 975//946
f 987//958 977//948 975//946
f 915//886 912//883 973//944
f 976//947 915//886 973//944
f 912//883 914//885 971//942
f 973//944 912//883 971//942
f 971//942 970//941 988//959
f 974//945 971//942 988//959
f 970//941 969//940 968//939
f 988//959 970//941 968//939
f 908//879 905//878 966//936
f 969//940 908//879 966//936
f 905//878 907//877 964//935
f 966//936 905//878 964//935
f 967//937 964//935 963//934
f 967//937 963//934 989//960
f 989//960 963//934 962//932
f 989//960 962//932 961//933
f 962//932 901//872 898//871
f 962//932 898//871 959//930
f 898//871 900//870 957//928
f 959//930 898//871 957//928
f 957//928 956//927 990//961
f 960//931 957//928 990//961
f 956//927 955//926 954//925
f 990//961 956//927 954//925
f 955//926 894//865 891//864
f 955//926 891//864 952//922
f 952//922 891//864 893//863
f 952//922 893//863 950//921
f 953//923 950//921 949//920
f 953//923 949//920 991//962
f 949//920 948//918 947//919
f 991//962 949//920 947//919
f 948//918 887//859 884//857
f 948//918 884//857 945//915
f 945//915 884//857 886//856
f 945//915 886//856 943//914
f 946//916 943//914 942//913
f 946//916 942//913 992//963
f 942//913 941//911 940//912
f 992//963 942//913 940//912
f 941//911 880//851 877//850
f 941//911 877//850 938//909
f 938//909 877//850 879//849
f 938//909 879//849 936//907
f 939//910 936//907 934//905
f 939//910 934//905 993//964
f 934//905 935//906 985//956
f 993//964 934//905 985//956
f 994//965 993//964 985//956
f 994//965 985//956 995//966
f 939//910 993//964 994//965
f 996//967 939//910 994//965
f 997//968 992//963 940//912
f 997//968 940//912 998//969
f 946//916 992//963 997//968
f 999//970 946//916 997//968
f 1000//971 991//962 947//919
f 1000//971 947//919 1001//972
f 1002//973 953//923 991//962
f 1002//973 991//962 1000//971
f 990//961 954//925 1004//974
f 1003//975 990//961 1004//974
f 1005//976 960//931 990//961
f 1005//976 990//961 1003//975
f 989//960 961//933 1007//977
f 1006//978 989//960 1007//977
f 1008//979 967//937 989//960
f 1008//979 989//960 1006//978
f 988//959 968//939 1010//980
f 1009//981 988//959 1010//980
f 974//945 988//959 1009//981
f 1011//982 974//945 1009//981
f 1012//983 987//958 975//946
f 1012//983 975//946 1013//984
f 981//952 987//958 1012//983
f 1014//985 981//952 1012//983
f 1015//986 986//957 982//954
f 1015//986 982//954 1016//987
f 985//956 986//957 1015//986
f 995//966 985//956 1015//986
f 982//954 979//950 1017//988
f 1016//987 982//954 1017//988
f 1017//988 979//950 981//952
f 1017//988 981//952 1014//985
f 975//946 972//943 1018//989
f 1013//984 975//946 1018//989
f 1018//989 972//943 974//945
f 1018//989 974//945 1011//982
f 1010//980 968//939 965//938
f 1010//980 965//938 1019//990
f 1019//990 965//938 967//937
f 1019//990 967//937 1008//979
f 1007//977 961//933 958//929
f 1007//977 958//929 1020//991
f 958//929 960//931 1005//976
f 1020//991 958//929 1005//976
f 954//925 951//924 1021//992
f 1004//974 954//925 1021//992
f 951//924 953//923 1002//973
f 1021//992 951//924 1002//973
f 947//919 944//917 1022//993
f 1001//972 947//919 1022//993
f 1022//993 944//917 946//916
f 1022//993 946//916 999//970
f 940//912 937//908 1023//994
f 998//969 940//912 1023//994
f 1023//994 937//908 939//910
f 1023//994 939//910 996//967
f 1024//995 1023//994 996//967
f 1024//995 998//969 1023//994
f 1024//995 1022//993 999//970
f 1024//995 1001//972 1022//993
f 1024//995 1021//992 1002//973
f 1024//995 1004//974 1021//992
f 1024//995 1020//991 1005//976
f 1024//995 1007//977 1020//991
f 1024//995 1019//990 1008//979
f 1024//995 1010//980 1019//990
f 1024//995 1018//989 1011//982
f 1024//995 1013//984 1018//989
f 1024//995 1017//988 1014//985
f 1024//995 1016//987 1017//988
f 1024//995 995//966 1015//986
f 1024//995 1015//986 1016//987
f 1024//995 1014//985 1012//983
f 1024//995 1012//983 1013//984
f 1024//995 1011//982 1009//981
f 1024//995 1009//981 1010//980
f 1024//995 1008//979 1006//978
f 1024//995 1006//978 1007//977
f 1024//995 1005//976 1003//975
f 1024//995 1003//975 1004//974
f 1024//995 1002//973 1000//971
f 1024//995 1000//971 1001//972
f 1024//995 999//970 997//968
f 1024//995 997//968 998//969
f 1024//995 996//967 994//965
f 1024//995 994//965 995//966
f 196//48 716//680 672//628
f 672//628 195//44 196//48
f 755//726 759//729 1025//996
f 755//726 1025//996 1026//997
f 194//42 666//621 668//620
f 668//620 197//50 194//42
f 774//745 756//727 1027//998
f 774//745 1027//998 1028//999
f 198//54 717//682 653//606
f 653//606 193//38 198//54
f 749//719 753//724 1029//1000
f 749//719 1029//1000 1030//1001
f 192//36 647//599 649//598
f 649//598 199//56 192//36
f 776//747 750//720 1031//1002
f 776//747 1031//1002 1032//1003
f 200//60 718//684 634//584
f 634//584 191//32 200//60
f 743//713 747//718 1033//1004
f 743//713 1033//1004 1034//1005
f 190//30 628//577 630//576
f 630//576 201//62 190//30
f 1036//1006 778//749 744//714
f 744//714 1035//1007 1036//1006
f 719//686 615//562 189//26
f 719//686 189//26 202//66
f 1038//1008 737//707 741//711
f 741//711 1037//1009 1038//1008
f 188//24 609//555 611//554
f 611//554 203//68 188//24
f 1040//1010 780//751 738//708
f 738//708 1039//1011 1040//1010
f 204//72 720//688 596//540
f 596//540 187//20 204//72
f 731//702 735//706 1041//1012
f 731//702 1041//1012 1042//1013
f 590//533 592//532 205//74
f 590//533 205//74 186//18
f 1044//1014 782//753 732//703
f 732//703 1043//1015 1044//1014
f 721//690 572//514 185//14
f 721//690 185//14 206//78
f 1046//1016 725//695 729//700
f 729//700 1045//1017 1046//1016
f 184//12 575//513 714//675
f 714//675 207//80 184//12
f 767//738 726//696 723//693
f 767//738 723//693 722//691
f 208//84 704//663 706//665
f 706//665 183//8 208//84
f 1048//1018 770//741 768//739
f 768//739 1047//1019 1048//1018
f 715//678 691//649 209//86
f 715//678 209//86 182//6
f 1050//1020 761//731 765//735
f 765//735 1049//1021 1050//1020
f 685//641 687//643 181//2
f 685//641 181//2 210//90
f 1052//1022 772//743 762//732
f 762//732 1051//1023 1052//1022
f 782//753 592//532 721//690
f 782//753 721//690 729//700
f 780//751 611//554 720//688
f 780//751 720//688 735//706
f 630//576 719//686 741//711
f 778//749 630//576 741//711
f 649//598 718//684 747//718
f 776//747 649//598 747//718
f 668//620 717//682 753//724
f 774//745 668//620 753//724
f 772//743 687//643 716//680
f 772//743 716//680 759//729
f 706//665 715//678 765//735
f 770//741 706//665 765//735
f 714//675 704//663 768//739
f 767//738 714//675 768//739
f 691//649 685//641 762//732
f 761//731 691//649 762//732
f 755//726 672//628 666//621
f 755//726 666//621 756//727
f 653//606 647//599 750//720
f 749//719 653//606 750//720
f 634//584 628//577 744//714
f 743//713 634//584 744//714
f 737//707 615//562 609//555
f 737//707 609//555 738//708
f 596//540 590//533 732//703
f 731//702 596//540 732//703
f 725//695 572//514 575//513
f 725//695 575//513 726//696
f 762//732 685//641 210//90
f 762//732 210//90 1051//1023
f 181//2 687//643 772//743
f 772//743 1052//1022 181//2
f 765//735 715//678 182//6
f 765//735 182//6 1049//1021
f 209//86 691//649 761//731
f 761//731 1050//1020 209//86
f 768//739 704//663 208//84
f 768//739 208//84 1047//1019
f 183//8 706//665 770//741
f 770//741 1048//1018 183//8
f 726//696 575//513 184//12
f 726//696 184//12 723//693
f 207//80 714//675 767//738
f 767//738 722//691 207//80
f 729//700 721//690 206//78
f 729//700 206//78 1045//1017
f 185//14 572//514 725//695
f 725//695 1046//1016 185//14
f 732//703 590//533 186//18
f 732//703 186//18 1043//1015
f 205//74 592//532 782//753
f 782//753 1044//1014 205//74
f 735//706 720//688 204//72
f 735//706 204//72 1041//1012
f 187//20 596//540 731//702
f 731//702 1042//1013 187//20
f 738//708 609//555 188//24
f 738//708 188//24 1039//1011
f 203//68 611//554 780//751
f 780//751 1040//1010 203//68
f 741//711 719//686 202//66
f 741//711 202//66 1037//1009
f 189//26 615//562 737//707
f 737//707 1038//1008 189//26
f 744//714 628//577 190//30
f 744//714 190//30 1035//1007
f 201//62 630//576 778//749
f 778//749 1036//1006 201//62
f 747//718 718//684 200//60
f 747//718 200//60 1033//1004
f 191//32 634//584 743//713
f 743//713 1034//1005 191//32
f 750//720 647//599 192//36
f 750//720 192//36 1031//1002
f 199//56 649//598 776//747
f 776//747 1032//1003 199//56
f 753//724 717//682 198//54
f 753//724 198//54 1029//1000
f 193//38 653//606 749//719
f 749//719 1030//1001 193//38
f 756//727 666//621 194//42
f 756//727 194//42 1027//998
f 197//50 668//620 774//745
f 774//745 1028//999 197//50
f 759//729 716//680 196//48
f 759//729 196//48 1025//996
f 195//44 672//628 755//726
f 755//726 1026//997 195//44
f 208//84 183//8 16//7
f 208//84 16//7 14//82
f 1047//1019 208//84 13//83
f 1047//1019 13//83 12//1024
f 15//9 183//8 1048//1018
f 1048//1018 9//1025 15//9
f 18//87 209//86 1050//1020
f 1050//1020 22//1026 18//87
f 1049//1021 182//6 21//5
f 1049//1021 21//5 20//1027
f 182//6 209//86 17//85
f 182//6 17//85 19//4
f 30//88 210//90 181//2
f 181//2 32//1 30//88
f 1051//1023 210//90 29//89
f 1051//1023 29//89 28//1028
f 31//3 181//2 1052//1022
f 1052//1022 25//1029 31//3
f 38//46 196//48 195//44
f 195//44 40//43 38//46
f 1025//996 196//48 37//47
f 1025//996 37//47 36//1030
f 39//45 195//44 1026//997
f 1026//997 33//1031 39//45
f 42//51 197//50 1028//999
f 1028//999 46//1032 42//51
f 1027//998 194//42 45//41
f 1027//998 45//41 44//1033
f 43//40 194//42 197//50
f 197//50 41//49 43//40
f 54//52 198//54 193//38
f 193//38 56//37 54//52
f 1029//1000 198//54 53//53
f 1029//1000 53//53 52//1034
f 55//39 193//38 1030//1001
f 1030//1001 49//1035 55//39
f 58//57 199//56 1032//1003
f 1032//1003 62//1036 58//57
f 1031//1002 192//36 61//35
f 1031//1002 61//35 60//1037
f 192//36 199//56 57//55
f 192//36 57//55 59//34
f 200//60 191//32 72//31
f 200//60 72//31 70//58
f 1033//1004 200//60 69//59
f 1033//1004 69//59 68//1038
f 71//33 191//32 1034//1005
f 1034//1005 65//1039 71//33
f 74//63 201//62 1036//1006
f 1036//1006 78//1040 74//63
f 1035//1007 190//30 77//29
f 1035//1007 77//29 76//1041
f 190//30 201//62 73//61
f 190//30 73//61 75//28
f 86//64 202//66 189//26
f 189//26 88//25 86//64
f 1037//1009 202//66 85//65
f 1037//1009 85//65 84//1042
f 87//27 189//26 1038//1008
f 1038//1008 81//1043 87//27
f 90//69 203//68 1040//1010
f 1040//1010 94//1044 90//69
f 1039//1011 188//24 93//23
f 1039//1011 93//23 92//1045
f 188//24 203//68 89//67
f 188//24 89//67 91//22
f 204//72 187//20 104//19
f 204//72 104//19 102//70
f 1041//1012 204//72 101//71
f 1041//1012 101//71 100//1046
f 103//21 187//20 1042//1013
f 1042//1013 97//1047 103//21
f 106//75 205//74 1044//1014
f 1044//1014 110//1048 106//75
f 1043//1015 186//18 109//17
f 1043//1015 109//17 108//1049
f 186//18 205//74 105//73
f 186//18 105//73 107//16
f 118//76 206//78 185//14
f 185//14 120//13 118//76
f 1045//1017 206//78 117//77
f 1045//1017 117//77 116//1050
f 119//15 185//14 1046//1016
f 1046//1016 113//1051 119//15
f 34//1052 33//1031 1026//997
f 36//1030 35//1053 1025//996
f 34//1052 1026//997 1025//996
f 1025//996 35//1053 34//1052
f 1028//999 1027//998 47//1054
f 1028//999 47//1054 48//1055
f 44//1033 47//1054 1027//998
f 48//1055 46//1032 1028//999
f 50//1056 49//1035 1030//1001
f 52//1034 51//1057 1029//1000
f 1030//1001 1029//1000 51//1057
f 1030//1001 51//1057 50//1056
f 64//1058 1032//1003 1031//1002
f 1031//1002 63//1059 64//1058
f 60//1037 63//1059 1031//1002
f 64//1058 62//1036 1032//1003
f 66//1060 65//1039 1034//1005
f 68//1038 67//1061 1033//1004
f 66//1060 1034//1005 1033//1004
f 1033//1004 67//1061 66//1060
f 1036//1006 1035//1007 79//1062
f 1036//1006 79//1062 80//1063
f 76//1041 79//1062 1035//1007
f 80//1063 78//1040 1036//1006
f 82//1064 81//1043 1038//1008
f 84//1042 83//1065 1037//1009
f 1038//1008 1037//1009 83//1065
f 1038//1008 83//1065 82//1064
f 1040//1010 1039//1011 95//1066
f 1040//1010 95//1066 96//1067
f 92//1045 95//1066 1039//1011
f 96//1067 94//1044 1040//1010
f 98//1068 97//1047 1042//1013
f 100//1046 99//1069 1041//1012
f 98//1068 1042//1013 1041//1012
f 1041//1012 99//1069 98//1068
f 112//1070 1044//1014 1043//1015
f 1043//1015 111//1071 112//1070
f 108//1049 111//1071 1043//1015
f 112//1070 110//1048 1044//1014
f 114//1072 113//1051 1046//1016
f 116//1050 115//1073 1045//1017
f 1046//1016 1045//1017 115//1073
f 1046//1016 115//1073 114//1072
f 722//691 723//693 7//1074
f 722//691 7//1074 8//1075
f 4//694 7//1074 723//693
f 8//1075 6//692 722//691
f 10//1076 9//1025 1048//1018
f 12//1024 11//1077 1047//1019
f 1048//1018 1047//1019 11//1077
f 1048//1018 11//1077 10//1076
f 1050//1020 1049//1021 23//1078
f 1050//1020 23//1078 24//1079
f 20//1027 23//1078 1049//1021
f 24//1079 22//1026 1050//1020
f 26//1080 25//1029 1052//1022
f 28//1028 27//1081 1051//1023
f 1052//1022 1051//1023 27//1081
f 1052//1022 27//1081 26//1080
s 5
g LlantaTraseraDer_grey.009
usemtl grey.009
f 1055//1082 1056//1083 1053//1084
f 1053//1084 1054//1085 1055//1082
f 1058//1086 1059//1087 1057//1088
f 1057//1088 1053//1084 1058//1086
f 1060//1089 1061//1090 1062//1091
f 1060//1089 1062//1091 1063//1092
f 1064//1093 1057//1088 1059//1087
f 1058//1086 1053//1084 1056//1083
f 1057//1088 1065//1094 1054//1085
f 1054//1085 1053//1084 1057//1088
f 1062//1091 1059//1087 1058//1086
f 1058//1086 1063//1092 1062//1091
f 1068//1095 1066//1096 1067//1097
f 1067//1097 1064//1093 1068//1095
f 1055//1082 1069//1098 1070//1099
f 1055//1082 1070//1099 1056//1083
f 1070//1099 1060//1089 1063//1092
f 1061//1090 1068//1095 1062//1091
f 1070//1099 1063//1092 1058//1086
f 1056//1083 1070//1099 1058//1086
f 1059//1087 1062//1091 1068//1095
f 1068//1095 1064//1093 1059//1087
f 1057//1088 1064//1093 1067//1097
f 1067//1097 1065//1094 1057//1088
f 1061//1090 1071//1100 1066//1096
f 1061//1090 1066//1096 1068//1095
f 1069//1098 1072//1101 1060//1089
f 1070//1099 1069//1098 1060//1089
s 6
f 1074//1102 1075//1103 1076//1104
f 1073//1105 1074//1102 1076//1104
f 1077//1106 1078//1107 1079//1108
f 1077//1106 1079//1108 1080//1109
f 1084//1110 1081//1111 1082//1112
f 1082//1112 1083//1113 1084//1110
f 1085//1114 1086//1115 1087//1116
f 1084//1110 1085//1114 1087//1116
f 1077//1106 1088//1117 1089//1118
f 1076//1104 1077//1106 1089//1118
f 1081//1111 1084//1110 1087//1116
f 1086//1115 1085//1114 1090//1119
f 1074//1102 1073//1105 1090//1119
f 1091//1120 1074//1102 1090//1119
f 1082//1112 1081//1111 1080//1109
f 1079//1108 1082//1112 1080//1109
f 1088//1117 1087//1116 1086//1115
f 1086//1115 1089//1118 1088//1117
f 1084//1110 1083//1113 1092//1121
f 1092//1121 1085//1114 1084//1110
f 1073//1105 1076//1104 1089//1118
f 1077//1106 1080//1109 1088//1117
f 1073//1105 1089//1118 1086//1115
f 1090//1119 1073//1105 1086//1115
f 1087//1116 1088//1117 1080//1109
f 1080//1109 1081//1111 1087//1116
f 1091//1120 1090//1119 1085//1114
f 1085//1114 1092//1121 1091//1120
s 7
f 1095//1122 1096//1123 1093//1124
f 1093//1124 1094//1082 1095//1122
f 1093//1124 1098//1125 1099//1126
f 1097//1127 1093//1124 1099//1126
f 1101//1128 1102//1129 1103//1130
f 1100//1131 1101//1128 1103//1130
f 1104//1132 1097//1127 1099//1126
f 1098//1125 1093//1124 1096//1123
f 1105//1133 1094//1082 1093//1124
f 1105//1133 1093//1124 1097//1127
f 1102//1129 1099//1126 1098//1125
f 1098//1125 1103//1130 1102//1129
f 1106//1134 1107//1135 1104//1132
f 1106//1134 1104//1132 1108//1136
f 1096//1123 1095//1122 1109//1137
f 1109//1137 1110//1138 1096//1123
f 1110//1138 1100//1131 1103//1130
f 1101//1128 1108//1136 1102//1129
f 1110//1138 1103//1130 1098//1125
f 1096//1123 1110//1138 1098//1125
f 1099//1126 1102//1129 1108//1136
f 1108//1136 1104//1132 1099//1126
f 1097//1127 1104//1132 1107//1135
f 1107//1135 1105//1133 1097//1127
f 1101//1128 1111//1139 1106//1134
f 1101//1128 1106//1134 1108//1136
f 1109//1137 1112//1140 1100//1131
f 1110//1138 1109//1137 1100//1131
s 8
f 1115//1141 1116//1142 1113//1143
f 1113//1143 1114//1144 1115//1141
f 1117//1145 1118//1146 1119//1147
f 1117//1145 1119//1147 1120//1148
f 1124//1149 1121//1150 1122//1151
f 1122//1151 1123//1152 1124//1149
f 1126//1153 1127//1154 1124//1149
f 1124//1149 1125//1155 1126//1153
f 1117//1145 1128//1156 1129//1157
f 1116//1142 1117//1145 1129//1157
f 1121//1150 1124//1149 1127//1154
f 1126//1153 1125//1155 1130//1158
f 1114//1144 1113//1143 1130//1158
f 1131//1159 1114//1144 1130//1158
f 1122//1151 1121//1150 1120//1148
f 1119//1147 1122//1151 1120//1148
f 1127//1154 1126//1153 1129//1157
f 1129//1157 1128//1156 1127//1154
f 1123//1152 1132//1160 1125//1155
f 1123//1152 1125//1155 1124//1149
f 1113//1143 1116//1142 1129//1157
f 1117//1145 1120//1148 1128//1156
f 1113//1143 1129//1157 1126//1153
f 1130//1158 1113//1143 1126//1153
f 1127//1154 1128//1156 1120//1148
f 1120//1148 1121//1150 1127//1154
f 1131//1159 1130//1158 1125//1155
f 1125//1155 1132//1160 1131//1159
s 9
f 1134//1161 1135//1162 1136//1163
f 1133//1164 1134//1161 1136//1163
f 1137//1165 1138//1166 1139//1167
f 1137//1165 1139//1167 1140//1168
f 1144//1169 1141//1170 1142//1171
f 1142//1171 1143//1172 1144//1169
f 1145//1173 1146//1174 1147//1175
f 1144//1169 1145//1173 1147//1175
f 1148//1176 1149//1177 1136//1163
f 1136//1163 1137//1165 1148//1176
f 1141//1170 1144//1169 1147//1175
f 1146//1174 1145//1173 1150//1178
f 1150//1178 1151//1179 1134//1161
f 1134//1161 1133//1164 1150//1178
f 1142//1171 1141//1170 1140//1168
f 1139//1167 1142//1171 1140//1168
f 1147//1175 1146//1174 1149//1177
f 1149//1177 1148//1176 1147//1175
f 1143//1172 1152//1180 1145//1173
f 1143//1172 1145//1173 1144//1169
f 1133//1164 1136//1163 1149//1177
f 1137//1165 1140//1168 1148//1176
f 1133//1164 1149//1177 1146//1174
f 1150//1178 1133//1164 1146//1174
f 1147//1175 1148//1176 1140//1168
f 1140//1168 1141//1170 1147//1175
f 1151//1179 1150//1178 1145//1173
f 1145//1173 1152//1180 1151//1179
s 10
f 1155//1181 1156//1182 1153//1183
f 1153//1183 1154//1184 1155//1181
f 1158//1185 1159//1186 1157//1187
f 1157//1187 1153//1183 1158//1185
f 1162//1188 1163//1189 1160//1190
f 1160//1190 1161//1191 1162//1188
f 1164//1192 1157//1187 1159//1186
f 1158//1185 1153//1183 1156//1182
f 1154//1184 1153//1183 1157//1187
f 1165//1193 1154//1184 1157//1187
f 1162//1188 1159//1186 1158//1185
f 1158//1185 1163//1189 1162//1188
f 1166//1194 1167//1195 1164//1192
f 1166//1194 1164//1192 1168//1196
f 1170//1197 1156//1182 1155//1181
f 1155//1181 1169//1198 1170//1197
f 1170//1197 1160//1190 1163//1189
f 1161//1191 1168//1196 1162//1188
f 1170//1197 1163//1189 1158//1185
f 1156//1182 1170//1197 1158//1185
f 1159//1186 1162//1188 1168//1196
f 1168//1196 1164//1192 1159//1186
f 1157//1187 1164//1192 1167//1195
f 1167//1195 1165//1193 1157//1187
f 1161//1191 1171//1199 1166//1194
f 1161//1191 1166//1194 1168//1196
f 1169//1198 1172//1200 1160//1190
f 1170//1197 1169//1198 1160//1190
s 11
f 1174//1201 1175//1202 1176//1203
f 1173//1204 1174//1201 1176//1203
f 1177//1205 1178//1206 1179//1207
f 1177//1205 1179//1207 1180//1208
f 1184//1209 1181//1210 1182//1211
f 1182//1211 1183//1212 1184//1209
f 1186//1213 1187//1214 1184//1209
f 1184//1209 1185//1215 1186//1213
f 1188//1216 1189//1217 1176//1203
f 1176//1203 1177//1205 1188//1216
f 1181//1210 1184//1209 1187//1214
f 1186//1213 1185//1215 1190//1218
f 1190//1218 1191//1219 1174//1201
f 1174//1201 1173//1204 1190//1218
f 1179//1207 1182//1211 1181//1210
f 1179//1207 1181//1210 1180//1208
f 1187//1214 1186//1213 1189//1217
f 1189//1217 1188//1216 1187//1214
f 1183//1212 1192//1220 1185//1215
f 1183//1212 1185//1215 1184//1209
f 1173//1204 1176//1203 1189//1217
f 1177//1205 1180//1208 1188//1216
f 1173//1204 1189//1217 1186//1213
f 1190//1218 1173//1204 1186//1213
f 1187//1214 1188//1216 1180//1208
f 1180//1208 1181//1210 1187//1214
f 1191//1219 1190//1218 1185//1215
f 1185//1215 1192//1220 1191//1219
s 12
f 1195//1221 1196//1222 1193//1223
f 1193//1223 1194//1224 1195//1221
f 1193//1223 1198//1225 1199//1226
f 1197//1227 1193//1223 1199//1226
f 1201//1228 1202//1229 1203//1230
f 1200//1231 1201//1228 1203//1230
f 1204//1232 1197//1227 1199//1226
f 1198//1225 1193//1223 1196//1222
f 1197//1227 1205//1233 1194//1224
f 1194//1224 1193//1223 1197//1227
f 1199//1226 1198//1225 1203//1230
f 1203//1230 1202//1229 1199//1226
f 1206//1234 1207//1235 1204//1232
f 1206//1234 1204//1232 1208//1236
f 1196//1222 1195//1221 1209//1237
f 1209//1237 1210//1238 1196//1222
f 1210//1238 1200//1231 1203//1230
f 1201//1228 1208//1236 1202//1229
f 1210//1238 1203//1230 1198//1225
f 1196//1222 1210//1238 1198//1225
f 1199//1226 1202//1229 1208//1236
f 1208//1236 1204//1232 1199//1226
f 1197//1227 1204//1232 1207//1235
f 1207//1235 1205//1233 1197//1227
f 1201//1228 1211//1239 1206//1234
f 1201//1228 1206//1234 1208//1236
f 1209//1237 1212//1240 1200//1231
f 1210//1238 1209//1237 1200//1231
s 13
f 1214//1241 1215//1242 1216//1243
f 1213//1244 1214//1241 1216//1243
f 1217//1245 1218//1246 1219//1247
f 1217//1245 1219//1247 1220//1248
f 1224//1249 1221//1250 1222//1251
f 1222//1251 1223//1252 1224//1249
f 1225//1253 1226//1254 1227//1255
f 1224//1249 1225//1253 1227//1255
f 1217//1245 1228//1256 1229//1257
f 1216//1243 1217//1245 1229//1257
f 1221//1250 1224//1249 1227//1255
f 1226//1254 1225//1253 1230//1258
f 1230//1258 1231//1259 1214//1241
f 1214//1241 1213//1244 1230//1258
f 1219//1247 1222//1251 1221//1250
f 1219//1247 1221//1250 1220//1248
f 1228//1256 1227//1255 1226//1254
f 1226//1254 1229//1257 1228//1256
f 1223//1252 1232//1260 1225//1253
f 1223//1252 1225//1253 1224//1249
f 1213//1244 1216//1243 1229//1257
f 1217//1245 1220//1248 1228//1256
f 1213//1244 1229//1257 1226//1254
f 1230//1258 1213//1244 1226//1254
f 1227//1255 1228//1256 1220//1248
f 1220//1248 1221//1250 1227//1255
f 1231//1259 1230//1258 1225//1253
f 1225//1253 1232//1260 1231//1259
s 14
f 1235//1261 1236//1262 1233//1263
f 1233//1263 1234//1264 1235//1261
f 1233//1263 1238//1265 1239//1266
f 1237//1267 1233//1263 1239//1266
f 1243//1268 1240//1269 1241//1270
f 1241//1270 1242//1271 1243//1268
f 1244//1272 1237//1267 1239//1266
f 1238//1265 1233//1263 1236//1262
f 1245//1273 1234//1264 1233//1263
f 1245//1273 1233//1263 1237//1267
f 1242//1271 1239//1266 1238//1265
f 1238//1265 1243//1268 1242//1271
f 1248//1274 1246//1275 1247//1276
f 1247//1276 1244//1272 1248//1274
f 1236//1262 1235//1261 1249//1277
f 1249//1277 1250//1278 1236//1262
f 1250//1278 1240//1269 1243//1268
f 1241//1270 1248//1274 1242//1271
f 1250//1278 1243//1268 1238//1265
f 1236//1262 1250//1278 1238//1265
f 1239//1266 1242//1271 1248//1274
f 1248//1274 1244//1272 1239//1266
f 1237//1267 1244//1272 1247//1276
f 1247//1276 1245//1273 1237//1267
f 1248//1274 1241//1270 1251//1279
f 1251//1279 1246//1275 1248//1274
f 1249//1277 1252//1280 1240//1269
f 1250//1278 1249//1277 1240//1269
s 15
f 1254//1281 1255//1282 1256//1283
f 1253//1284 1254//1281 1256//1283
f 1257//1285 1258//1286 1259//1287
f 1257//1285 1259//1287 1260//1288
f 1264//1289 1261//1290 1262//1291
f 1262//1291 1263//1292 1264//1289
f 1266//1293 1267//1294 1264//1289
f 1264//1289 1265//1295 1266//1293
f 1257//1285 1268//1296 1269//1297
f 1256//1283 1257//1285 1269//1297
f 1261//1290 1264//1289 1267//1294
f 1266//1293 1265//1295 1270//1298
f 1271//1299 1254//1281 1253//1284
f 1271//1299 1253//1284 1270//1298
f 1260//1288 1259//1287 1262//1291
f 1262//1291 1261//1290 1260//1288
f 1267//1294 1266//1293 1269//1297
f 1269//1297 1268//1296 1267//1294
f 1264//1289 1263//1292 1272//1300
f 1272//1300 1265//1295 1264//1289
f 1253//1284 1256//1283 1269//1297
f 1257//1285 1260//1288 1268//1296
f 1253//1284 1269//1297 1266//1293
f 1270//1298 1253//1284 1266//1293
f 1267//1294 1268//1296 1260//1288
f 1260//1288 1261//1290 1267//1294
f 1271//1299 1270//1298 1265//1295
f 1265//1295 1272//1300 1271//1299
s 16
f 1275//1301 1276//1302 1273//1303
f 1273//1303 1274//1304 1275//1301
f 1278//1305 1279//1306 1277//1307
f 1277//1307 1273//1303 1278//1305
f 1283//1308 1280//1309 1281//1310
f 1281//1310 1282//1311 1283//1308
f 1284//1312 1277//1307 1279//1306
f 1278//1305 1273//1303 1276//1302
f 1277//1307 1285//1313 1274//1304
f 1274//1304 1273//1303 1277//1307
f 1279//1306 1278//1305 1283//1308
f 1283//1308 1282//1311 1279//1306
f 1288//1314 1286//1315 1287//1316
f 1287//1316 1284//1312 1288//1314
f 1275//1301 1289//1317 1290//1318
f 1275//1301 1290//1318 1276//1302
f 1290//1318 1280//1309 1283//1308
f 1281//1310 1288//1314 1282//1311
f 1290//1318 1283//1308 1278//1305
f 1276//1302 1290//1318 1278//1305
f 1279//1306 1282//1311 1288//1314
f 1288//1314 1284//1312 1279//1306
f 1277//1307 1284//1312 1287//1316
f 1287//1316 1285//1313 1277//1307
f 1281//1310 1291//1319 1286//1315
f 1281//1310 1286//1315 1288//1314
f 1289//1317 1292//1320 1280//1309
f 1290//1318 1289//1317 1280//1309
s 17
f 1294//1321 1295//1322 1296//1323
f 1293//1324 1294//1321 1296//1323
f 1297//1325 1298//1326 1299//1327
f 1297//1325 1299//1327 1300//1328
f 1304//1329 1301//1330 1302//1331
f 1302//1331 1303//1332 1304//1329
f 1306//1333 1307//1334 1304//1329
f 1304//1329 1305//1335 1306//1333
f 1296//1323 1297//1325 1308//1336
f 1296//1323 1308//1336 1309//1337
f 1301//1330 1304//1329 1307//1334
f 1306//1333 1305//1335 1310//1338
f 1310//1338 1311//1339 1294//1321
f 1294//1321 1293//1324 1310//1338
f 1300//1328 1299//1327 1302//1331
f 1302//1331 1301//1330 1300//1328
f 1308//1336 1307//1334 1306//1333
f 1306//1333 1309//1337 1308//1336
f 1304//1329 1303//1332 1312//1340
f 1312//1340 1305//1335 1304//1329
f 1293//1324 1296//1323 1309//1337
f 1297//1325 1300//1328 1308//1336
f 1293//1324 1309//1337 1306//1333
f 1310//1338 1293//1324 1306//1333
f 1307//1334 1308//1336 1300//1328
f 1300//1328 1301//1330 1307//1334
f 1311//1339 1310//1338 1305//1335
f 1305//1335 1312//1340 1311//1339
s 18
f 1315//1341 1316//1342 1313//1343
f 1313//1343 1314//1344 1315//1341
f 1313//1343 1318//1345 1319//1346
f 1317//1347 1313//1343 1319//1346
f 1320//1348 1321//1349 1322//1350
f 1320//1348 1322//1350 1323//1351
f 1324//1352 1317//1347 1319//1346
f 1318//1345 1313//1343 1316//1342
f 1325//1097 1314//1344 1313//1343
f 1325//1097 1313//1343 1317//1347
f 1322//1350 1319//1346 1318//1345
f 1318//1345 1323//1351 1322//1350
f 1326//1353 1327//1313 1324//1352
f 1326//1353 1324//1352 1328//1354
f 1315//1341 1329//1355 1330//1356
f 1315//1341 1330//1356 1316//1342
f 1330//1356 1320//1348 1323//1351
f 1321//1349 1328//1354 1322//1350
f 1330//1356 1323//1351 1318//1345
f 1316//1342 1330//1356 1318//1345
f 1319//1346 1322//1350 1328//1354
f 1328//1354 1324//1352 1319//1346
f 1324//1352 1327//1313 1325//1097
f 1324//1352 1325//1097 1317//1347
f 1321//1349 1331//1357 1326//1353
f 1321//1349 1326//1353 1328//1354
f 1329//1355 1332//1358 1320//1348
f 1330//1356 1329//1355 1320//1348
s 19
f 1334//1359 1335//1360 1336//1361
f 1333//1362 1334//1359 1336//1361
f 1337//1363 1338//1364 1339//1365
f 1337//1363 1339//1365 1340//1366
f 1344//1367 1341//1368 1342//1369
f 1342//1369 1343//1370 1344//1367
f 1346//1371 1347//1372 1344//1367
f 1344//1367 1345//1373 1346//1371
f 1337//1363 1348//1374 1349//1375
f 1336//1361 1337//1363 1349//1375
f 1341//1368 1344//1367 1347//1372
f 1346//1371 1345//1373 1350//1376
f 1334//1359 1333//1362 1350//1376
f 1351//1377 1334//1359 1350//1376
f 1340//1366 1339//1365 1342//1369
f 1342//1369 1341//1368 1340//1366
f 1347//1372 1346//1371 1349//1375
f 1349//1375 1348//1374 1347//1372
f 1345//1373 1344//1367 1343//1370
f 1343//1370 1352//1378 1345//1373
f 1333//1362 1336//1361 1349//1375
f 1337//1363 1340//1366 1348//1374
f 1333//1362 1349//1375 1346//1371
f 1350//1376 1333//1362 1346//1371
f 1347//1372 1348//1374 1340//1366
f 1340//1366 1341//1368 1347//1372
f 1351//1377 1350//1376 1345//1373
f 1345//1373 1352//1378 1351//1377
s 8
f 1115//1141 1118//1146 1117//1145
f 1115//1141 1117//1145 1116//1142
s 7
f 1112//1140 1111//1139 1101//1128
f 1112//1140 1101//1128 1100//1131
s 6
f 1075//1103 1078//1107 1077//1106
f 1075//1103 1077//1106 1076//1104
s 5
f 1072//1101 1071//1100 1061//1090
f 1072//1101 1061//1090 1060//1089
s 19
f 1336//1361 1335//1360 1338//1364
f 1338//1364 1337//1363 1336//1361
s 18
f 1320//1348 1332//1358 1331//1357
f 1331//1357 1321//1349 1320//1348
s 17
f 1295//1322 1298//1326 1297//1325
f 1295//1322 1297//1325 1296//1323
s 16
f 1292//1320 1291//1319 1281//1310
f 1292//1320 1281//1310 1280//1309
s 15
f 1255//1282 1258//1286 1257//1285
f 1255//1282 1257//1285 1256//1283
s 14
f 1240//1269 1252//1280 1251//1279
f 1251//1279 1241//1270 1240//1269
s 13
f 1216//1243 1215//1242 1218//1246
f 1218//1246 1217//1245 1216//1243
s 12
f 1212//1240 1211//1239 1201//1228
f 1212//1240 1201//1228 1200//1231
s 11
f 1175//1202 1178//1206 1177//1205
f 1175//1202 1177//1205 1176//1203
s 10
f 1160//1190 1172//1200 1171//1199
f 1171//1199 1161//1191 1160//1190
s 9
f 1136//1163 1135//1162 1138//1166
f 1138//1166 1137//1165 1136//1163
s 20
g LlantaTraseraDer_rubber.008
usemtl rubber.008
f 1355//1379 1356//1380 1353//1381
f 1353//1381 1354//1382 1355//1379
f 1360//1383 1357//1384 1358//1385
f 1358//1385 1359//1386 1360//1383
f 1364//1387 1361//1388 1362//1389
f 1362//1389 1363//1390 1364//1387
f 1357//1384 1354//1382 1365//1391
f 1365//1391 1366//1392 1357//1384
f 1361//1388 1358//1385 1367//1393
f 1367//1393 1368//1394 1361//1388
f 1371//1395 1362//1389 1369//1396
f 1369//1396 1370//1397 1371//1395
f 1366//1392 1365//1391 1372//1398
f 1372//1398 1373//1399 1366//1392
f 1367//1393 1374//1400 1375//1401
f 1375//1401 1368//1394 1367//1393
f 1369//1396 1376//1402 1377//1403
f 1377//1403 1370//1397 1369//1396
f 1380//1404 1378//1405 1379//1406
f 1379//1406 1372//1398 1380//1404
f 1373//1399 1381//1407 1382//1408
f 1382//1408 1374//1400 1373//1399
f 1375//1401 1383//1409 1384//1410
f 1384//1410 1376//1402 1375//1401
f 1378//1405 1385//1411 1386//1412
f 1386//1412 1379//1406 1378//1405
f 1382//1408 1381//1407 1387//1413
f 1387//1413 1388//1414 1382//1408
f 1384//1410 1383//1409 1389//1415
f 1389//1415 1390//1416 1384//1410
f 1386//1412 1391//1417 1392//1418
f 1392//1418 1387//1413 1386//1412
f 1388//1414 1393//1419 1394//1420
f 1394//1420 1389//1415 1388//1414
f 1390//1416 1395//1421 1396//1422
f 1396//1422 1397//1423 1390//1416
f 1391//1417 1398//1424 1399//1425
f 1399//1425 1392//1418 1391//1417
f 1393//1419 1400//1426 1401//1427
f 1401//1427 1394//1420 1393//1419
f 1396//1422 1395//1421 1402//1428
f 1402//1428 1403//1429 1396//1422
f 1398//1424 1406//1430 1404//1431
f 1404//1431 1405//1432 1398//1424
f 1400//1426 1399//1425 1407//1433
f 1407//1433 1408//1434 1400//1426
f 1402//1428 1401//1427 1409//1435
f 1409//1435 1410//1436 1402//1428
f 1405//1432 1404//1431 1411//1437
f 1411//1437 1412//1438 1405//1432
f 1407//1433 1413//1439 1414//1440
f 1414//1440 1408//1434 1407//1433
f 1410//1436 1409//1435 1415//1441
f 1415//1441 1416//1442 1410//1436
f 1413//1439 1412//1438 1417//1443
f 1417//1443 1418//1444 1413//1439
f 1414//1440 1419//1445 1420//1446
f 1420//1446 1415//1441 1414//1440
f 1423//1447 1416//1442 1421//1448
f 1421//1448 1422//1449 1423//1447
f 1417//1443 1424//1450 1425//1451
f 1425//1451 1418//1444 1417//1443
f 1419//1445 1426//1452 1427//1453
f 1427//1453 1420//1446 1419//1445
f 1421//1448 1428//1454 1429//1455
f 1429//1455 1422//1449 1421//1448
f 1424//1450 1432//1456 1430//1457
f 1430//1457 1431//1458 1424//1450
f 1426//1452 1425//1451 1433//1459
f 1433//1459 1434//1460 1426//1452
f 1427//1453 1435//1461 1436//1462
f 1436//1462 1428//1454 1427//1453
f 1431//1458 1430//1457 1437//1463
f 1437//1463 1438//1464 1431//1458
f 1433//1459 1439//1465 1440//1466
f 1440//1466 1434//1460 1433//1459
f 1435//1461 1441//1467 1442//1468
f 1442//1468 1436//1462 1435//1461
f 1438//1464 1443//1469 1444//1470
f 1444//1470 1439//1465 1438//1464
f 1441//1467 1440//1466 1445//1471
f 1445//1471 1446//1472 1441//1467
f 1442//1468 1447//1473 1448//1474
f 1448//1474 1449//1475 1442//1468
f 1443//1469 1450//1476 1451//1477
f 1451//1477 1444//1470 1443//1469
f 1445//1471 1452//1478 1453//1479
f 1453//1479 1446//1472 1445//1471
f 1448//1474 1447//1473 1454//1480
f 1454//1480 1455//1481 1448//1474
f 1450//1476 1458//1482 1456//1483
f 1456//1483 1457//1484 1450//1476
f 1451//1477 1459//1485 1460//1486
f 1460//1486 1452//1478 1451//1477
f 1453//1479 1461//1487 1462//1488
f 1462//1488 1454//1480 1453//1479
f 1457//1484 1456//1483 1463//1489
f 1463//1489 1464//1490 1457//1484
f 1460//1486 1459//1485 1465//1491
f 1465//1491 1466//1492 1460//1486
f 1462//1488 1461//1487 1467//1493
f 1467//1493 1468//1494 1462//1488
f 1464//1490 1469//1495 1470//1496
f 1470//1496 1465//1491 1464//1490
f 1467//1493 1466//1492 1471//1497
f 1471//1497 1472//1498 1467//1493
f 1468//1494 1473//1499 1474//1500
f 1474//1500 1475//1501 1468//1494
f 1470//1496 1469//1495 1476//1502
f 1476//1502 1477//1503 1470//1496
f 1471//1497 1478//1504 1479//1505
f 1479//1505 1472//1498 1471//1497
f 1473//1499 1480//1506 1481//1507
f 1481//1507 1474//1500 1473//1499
f 1484//1508 1482//1509 1483//1510
f 1483//1510 1476//1502 1484//1508
f 1477//1503 1485//1511 1486//1512
f 1486//1512 1478//1504 1477//1503
f 1480//1506 1479//1505 1487//1513
f 1487//1513 1488//1514 1480//1506
f 1482//1509 1489//1515 1490//1516
f 1490//1516 1483//1510 1482//1509
f 1486//1512 1485//1511 1491//1517
f 1491//1517 1492//1518 1486//1512
f 1488//1514 1487//1513 1493//1519
f 1493//1519 1494//1520 1488//1514
f 1490//1516 1495//1521 1496//1522
f 1496//1522 1491//1517 1490//1516
f 1493//1519 1492//1518 1497//1523
f 1497//1523 1498//1524 1493//1519
f 1494//1520 1499//1525 1500//1526
f 1500//1526 1501//1527 1494//1520
f 1495//1521 1502//1528 1503//1529
f 1503//1529 1496//1522 1495//1521
f 1498//1524 1497//1523 1504//1530
f 1504//1530 1505//1531 1498//1524
f 1499//1525 1506//1532 1507//1533
f 1507//1533 1500//1526 1499//1525
f 1502//1528 1510//1534 1508//1535
f 1508//1535 1509//1536 1502//1528
f 1503//1529 1511//1537 1512//1538
f 1512//1538 1504//1530 1503//1529
f 1505//1531 1513//1539 1514//1540
f 1514//1540 1506//1532 1505//1531
f 1509//1536 1508//1535 1515//1541
f 1515//1541 1516//1542 1509//1536
f 1511//1537 1517//1543 1518//1544
f 1518//1544 1512//1538 1511//1537
f 1514//1540 1513//1539 1519//1545
f 1519//1545 1520//1546 1514//1540
f 1517//1543 1516//1542 1521//1547
f 1521//1547 1522//1548 1517//1543
f 1519//1545 1518//1544 1523//1549
f 1523//1549 1524//1550 1519//1545
f 1520//1546 1525//1551 1526//1552
f 1526//1552 1527//1553 1520//1546
f 1521//1547 1528//1554 1529//1555
f 1529//1555 1522//1548 1521//1547
f 1524//1550 1523//1549 1530//1556
f 1530//1556 1531//1557 1524//1550
f 1525//1551 1532//1558 1533//1559
f 1533//1559 1526//1552 1525//1551
f 1528//1554 1536//1560 1534//1561
f 1534//1561 1535//1562 1528//1554
f 1529//1555 1537//1563 1538//1564
f 1538//1564 1530//1556 1529//1555
f 1531//1557 1539//1565 1540//1566
f 1540//1566 1532//1558 1531//1557
f 1537//1563 1535//1562 1541//1567
f 1541//1567 1542//1568 1537//1563
f 1538//1564 1543//1569 1544//1570
f 1544//1570 1539//1565 1538//1564
f 1540//1566 1545//1571 1546//1572
f 1546//1572 1547//1573 1540//1566
f 1541//1567 1355//1379 1360//1383
f 1360//1383 1542//1568 1541//1567
f 1543//1569 1359//1386 1364//1387
f 1364//1387 1544//1570 1543//1569
f 1546//1572 1545//1571 1363//1390
f 1363//1390 1548//1574 1546//1572
f 1545//1571 1544//1570 1364//1387
f 1364//1387 1363//1390 1545//1571
f 1543//1569 1542//1568 1360//1383
f 1360//1383 1359//1386 1543//1569
f 1549//1575 1356//1380 1355//1379
f 1355//1379 1541//1567 1549//1575
f 1540//1566 1539//1565 1544//1570
f 1544//1570 1545//1571 1540//1566
f 1537//1563 1542//1568 1543//1569
f 1543//1569 1538//1564 1537//1563
f 1534//1561 1549//1575 1541//1567
f 1541//1567 1535//1562 1534//1561
f 1533//1559 1532//1558 1540//1566
f 1540//1566 1547//1573 1533//1559
f 1531//1557 1530//1556 1538//1564
f 1538//1564 1539//1565 1531//1557
f 1528//1554 1535//1562 1537//1563
f 1537//1563 1529//1555 1528//1554
f 1525//1551 1524//1550 1531//1557
f 1531//1557 1532//1558 1525//1551
f 1523//1549 1522//1548 1529//1555
f 1529//1555 1530//1556 1523//1549
f 1521//1547 1550//1576 1536//1560
f 1536//1560 1528//1554 1521//1547
f 1519//1545 1524//1550 1525//1551
f 1525//1551 1520//1546 1519//1545
f 1517//1543 1522//1548 1523//1549
f 1523//1549 1518//1544 1517//1543
f 1516//1542 1515//1541 1550//1576
f 1550//1576 1521//1547 1516//1542
f 1551//1577 1514//1540 1520//1546
f 1520//1546 1527//1553 1551//1577
f 1513//1539 1512//1538 1518//1544
f 1518//1544 1519//1545 1513//1539
f 1511//1537 1509//1536 1516//1542
f 1516//1542 1517//1543 1511//1537
f 1506//1532 1514//1540 1551//1577
f 1551//1577 1507//1533 1506//1532
f 1505//1531 1504//1530 1512//1538
f 1512//1538 1513//1539 1505//1531
f 1503//1529 1502//1528 1509//1536
f 1509//1536 1511//1537 1503//1529
f 1498//1524 1505//1531 1506//1532
f 1506//1532 1499//1525 1498//1524
f 1496//1522 1503//1529 1504//1530
f 1504//1530 1497//1523 1496//1522
f 1552//1578 1510//1534 1502//1528
f 1502//1528 1495//1521 1552//1578
f 1493//1519 1498//1524 1499//1525
f 1499//1525 1494//1520 1493//1519
f 1492//1518 1491//1517 1496//1522
f 1496//1522 1497//1523 1492//1518
f 1489//1515 1552//1578 1495//1521
f 1495//1521 1490//1516 1489//1515
f 1488//1514 1494//1520 1501//1527
f 1501//1527 1553//1579 1488//1514
f 1487//1513 1486//1512 1492//1518
f 1492//1518 1493//1519 1487//1513
f 1483//1510 1490//1516 1491//1517
f 1491//1517 1485//1511 1483//1510
f 1481//1507 1480//1506 1488//1514
f 1488//1514 1553//1579 1481//1507
f 1479//1505 1478//1504 1486//1512
f 1486//1512 1487//1513 1479//1505
f 1477//1503 1476//1502 1483//1510
f 1483//1510 1485//1511 1477//1503
f 1473//1499 1472//1498 1479//1505
f 1479//1505 1480//1506 1473//1499
f 1470//1496 1477//1503 1478//1504
f 1478//1504 1471//1497 1470//1496
f 1554//1580 1484//1508 1476//1502
f 1476//1502 1469//1495 1554//1580
f 1468//1494 1467//1493 1472//1498
f 1472//1498 1473//1499 1468//1494
f 1466//1492 1465//1491 1470//1496
f 1470//1496 1471//1497 1466//1492
f 1464//1490 1463//1489 1554//1580
f 1554//1580 1469//1495 1464//1490
f 1555//1581 1462//1488 1468//1494
f 1468//1494 1475//1501 1555//1581
f 1460//1486 1466//1492 1467//1493
f 1467//1493 1461//1487 1460//1486
f 1457//1484 1464//1490 1465//1491
f 1465//1491 1459//1485 1457//1484
f 1454//1480 1462//1488 1555//1581
f 1555//1581 1455//1481 1454//1480
f 1453//1479 1452//1478 1460//1486
f 1460//1486 1461//1487 1453//1479
f 1450//1476 1457//1484 1459//1485
f 1459//1485 1451//1477 1450//1476
f 1447//1473 1446//1472 1453//1479
f 1453//1479 1454//1480 1447//1473
f 1445//1471 1444//1470 1451//1477
f 1451//1477 1452//1478 1445//1471
f 1556//1582 1458//1482 1450//1476
f 1450//1476 1443//1469 1556//1582
f 1442//1468 1441//1467 1446//1472
f 1446//1472 1447//1473 1442//1468
f 1440//1466 1439//1465 1444//1470
f 1444//1470 1445//1471 1440//1466
f 1438//1464 1437//1463 1556//1582
f 1556//1582 1443//1469 1438//1464
f 1557//1583 1436//1462 1442//1468
f 1442//1468 1449//1475 1557//1583
f 1434//1460 1440//1466 1441//1467
f 1441//1467 1435//1461 1434//1460
f 1431//1458 1438//1464 1439//1465
f 1439//1465 1433//1459 1431//1458
f 1429//1455 1428//1454 1436//1462
f 1436//1462 1557//1583 1429//1455
f 1427//1453 1426//1452 1434//1460
f 1434//1460 1435//1461 1427//1453
f 1424//1450 1431//1458 1433//1459
f 1433//1459 1425//1451 1424//1450
f 1420//1446 1427//1453 1428//1454
f 1428//1454 1421//1448 1420//1446
f 1419//1445 1418//1444 1425//1451
f 1425//1451 1426//1452 1419//1445
f 1417//1443 1558//1584 1432//1456
f 1432//1456 1424//1450 1417//1443
f 1415//1441 1420//1446 1421//1448
f 1421//1448 1416//1442 1415//1441
f 1413//1439 1418//1444 1419//1445
f 1419//1445 1414//1440 1413//1439
f 1412//1438 1411//1437 1558//1584
f 1558//1584 1417//1443 1412//1438
f 1559//1585 1410//1436 1416//1442
f 1416//1442 1423//1447 1559//1585
f 1408//1434 1414//1440 1415//1441
f 1415//1441 1409//1435 1408//1434
f 1407//1433 1405//1432 1412//1438
f 1412//1438 1413//1439 1407//1433
f 1403//1429 1402//1428 1410//1436
f 1410//1436 1559//1585 1403//1429
f 1400//1426 1408//1434 1409//1435
f 1409//1435 1401//1427 1400//1426
f 1399//1425 1398//1424 1405//1432
f 1405//1432 1407//1433 1399//1425
f 1395//1421 1394//1420 1401//1427
f 1401//1427 1402//1428 1395//1421
f 1393//1419 1392//1418 1399//1425
f 1399//1425 1400//1426 1393//1419
f 1560//1586 1406//1430 1398//1424
f 1398//1424 1391//1417 1560//1586
f 1389//1415 1394//1420 1395//1421
f 1395//1421 1390//1416 1389//1415
f 1388//1414 1387//1413 1392//1418
f 1392//1418 1393//1419 1388//1414
f 1385//1411 1560//1586 1391//1417
f 1391//1417 1386//1412 1385//1411
f 1561//1587 1384//1410 1390//1416
f 1390//1416 1397//1423 1561//1587
f 1382//1408 1388//1414 1389//1415
f 1389//1415 1383//1409 1382//1408
f 1379//1406 1386//1412 1387//1413
f 1387//1413 1381//1407 1379//1406
f 1377//1403 1376//1402 1384//1410
f 1384//1410 1561//1587 1377//1403
f 1374//1400 1382//1408 1383//1409
f 1383//1409 1375//1401 1374//1400
f 1373//1399 1372//1398 1379//1406
f 1379//1406 1381//1407 1373//1399
f 1369//1396 1368//1394 1375//1401
f 1375//1401 1376//1402 1369//1396
f 1367//1393 1366//1392 1373//1399
f 1373//1399 1374//1400 1367//1393
f 1562//1588 1380//1404 1372//1398
f 1372//1398 1365//1391 1562//1588
f 1361//1388 1368//1394 1369//1396
f 1369//1396 1362//1389 1361//1388
f 1357//1384 1366//1392 1367//1393
f 1367//1393 1358//1385 1357//1384
f 1354//1382 1353//1381 1562//1588
f 1562//1588 1365//1391 1354//1382
f 1363//1390 1362//1389 1371//1395
f 1371//1395 1548//1574 1363//1390
f 1364//1387 1359//1386 1358//1385
f 1358//1385 1361//1388 1364//1387
f 1360//1383 1355//1379 1354//1382
f 1354//1382 1357//1384 1360//1383
f 1563//1589 1564//1590 1565//1591
f 1563//1589 1565//1591 1566//1592
f 1570//1593 1567//1594 1568//1595
f 1568//1595 1569//1596 1570//1593
f 1572//1597 1563//1589 1573//1598
f 1571//1599 1572//1597 1573//1598
f 1574//1600 1575//1601 1567//1594
f 1574//1600 1567//1594 1564//1590
f 1568//1595 1576//1602 1562//1588
f 1562//1588 1353//1381 1568//1595
f 1577//1603 1578//1604 1572//1597
f 1577//1603 1572//1597 1571//1599
f 1580//1605 1575//1601 1574//1600
f 1579//1606 1580//1605 1574//1600
f 1562//1588 1576//1602 1581//1607
f 1581//1607 1380//1404 1562//1588
f 1582//1608 1583//1609 1579//1606
f 1582//1608 1579//1606 1578//1604
f 1580//1605 1584//1610 1585//1611
f 1585//1611 1581//1607 1580//1605
f 1586//1612 1587//1613 1583//1609
f 1586//1612 1583//1609 1582//1608
f 1584//1610 1588//1614 1589//1615
f 1589//1615 1585//1611 1584//1610
f 1590//1616 1591//1617 1586//1612
f 1590//1616 1586//1612 1592//1618
f 1587//1613 1593//1619 1594//1620
f 1594//1620 1588//1614 1587//1613
f 1385//1411 1589//1615 1595//1621
f 1595//1621 1560//1586 1385//1411
f 1597//1622 1591//1617 1590//1616
f 1596//1623 1597//1622 1590//1616
f 1598//1624 1599//1625 1594//1620
f 1598//1624 1594//1620 1593//1619
f 1560//1586 1595//1621 1600//1626
f 1600//1626 1406//1430 1560//1586
f 1601//1627 1602//1628 1598//1624
f 1601//1627 1598//1624 1597//1622
f 1599//1625 1603//1629 1604//1630
f 1604//1630 1600//1626 1599//1625
f 1606//1631 1602//1628 1601//1627
f 1605//1632 1606//1631 1601//1627
f 1604//1630 1603//1629 1607//1633
f 1607//1633 1608//1634 1604//1630
f 1610//1635 1605//1632 1611//1636
f 1609//1637 1610//1635 1611//1636
f 1613//1638 1607//1633 1606//1631
f 1612//1639 1613//1638 1606//1631
f 1608//1634 1614//1640 1558//1584
f 1558//1584 1411//1437 1608//1634
f 1616//1641 1610//1635 1609//1637
f 1615//1642 1616//1641 1609//1637
f 1612//1639 1617//1643 1618//1644
f 1618//1644 1613//1638 1612//1639
f 1614//1640 1619//1645 1432//1456
f 1432//1456 1558//1584 1614//1640
f 1621//1646 1617//1643 1616//1641
f 1620//1647 1621//1646 1616//1641
f 1619//1645 1618//1644 1622//1648
f 1622//1648 1623//1649 1619//1645
f 1625//1650 1621//1646 1620//1647
f 1624//1651 1625//1650 1620//1647
f 1622//1648 1626//1652 1627//1653
f 1627//1653 1623//1649 1622//1648
f 1629//1654 1624//1651 1630//1655
f 1628//1656 1629//1654 1630//1655
f 1626//1652 1625//1650 1631//1657
f 1631//1657 1632//1658 1626//1652
f 1437//1463 1627//1653 1633//1659
f 1633//1659 1556//1582 1437//1463
f 1634//1660 1635//1661 1629//1654
f 1634//1660 1629//1654 1628//1656
f 1636//1662 1637//1663 1632//1658
f 1636//1662 1632//1658 1631//1657
f 1556//1582 1633//1659 1638//1664
f 1638//1664 1458//1482 1556//1582
f 1639//1665 1640//1666 1636//1662
f 1639//1665 1636//1662 1635//1661
f 1638//1664 1637//1663 1641//1667
f 1641//1667 1642//1668 1638//1664
f 1644//1669 1640//1666 1639//1665
f 1643//1670 1644//1669 1639//1665
f 1642//1668 1641//1667 1645//1671
f 1645//1671 1646//1672 1642//1668
f 1647//1673 1648//1674 1643//1670
f 1647//1673 1643//1670 1649//1675
f 1645//1671 1644//1669 1650//1676
f 1650//1676 1651//1677 1645//1671
f 1646//1672 1652//1678 1554//1580
f 1554//1580 1463//1489 1646//1672
f 1653//1679 1654//1680 1648//1674
f 1653//1679 1648//1674 1647//1673
f 1655//1681 1656//1682 1651//1677
f 1655//1681 1651//1677 1650//1676
f 1554//1580 1652//1678 1657//1683
f 1657//1683 1484//1508 1554//1580
f 1658//1684 1659//1685 1655//1681
f 1658//1684 1655//1681 1654//1680
f 1656//1682 1660//1686 1661//1687
f 1661//1687 1657//1683 1656//1682
f 1662//1688 1663//1689 1659//1685
f 1662//1688 1659//1685 1658//1684
f 1660//1686 1664//1690 1665//1691
f 1665//1691 1661//1687 1660//1686
f 1667//1692 1662//1688 1668//1693
f 1666//1694 1667//1692 1668//1693
f 1663//1689 1669//1695 1670//1696
f 1670//1696 1664//1690 1663//1689
f 1489//1515 1665//1691 1671//1697
f 1671//1697 1552//1578 1489//1515
f 1672//1698 1673//1699 1667//1692
f 1672//1698 1667//1692 1666//1694
f 1669//1695 1674//1700 1675//1701
f 1675//1701 1670//1696 1669//1695
f 1552//1578 1671//1697 1676//1702
f 1676//1702 1510//1534 1552//1578
f 1678//1703 1674//1700 1673//1699
f 1677//1704 1678//1703 1673//1699
f 1676//1702 1675//1701 1679//1705
f 1679//1705 1680//1706 1676//1702
f 1681//1707 1682//1708 1678//1703
f 1681//1707 1678//1703 1677//1704
f 1680//1706 1679//1705 1683//1709
f 1683//1709 1684//1710 1680//1706
f 1685//1711 1686//1712 1681//1707
f 1685//1711 1681//1707 1687//1713
f 1682//1708 1688//1714 1689//1715
f 1689//1715 1683//1709 1682//1708
f 1515//1541 1684//1710 1690//1716
f 1690//1716 1550//1576 1515//1541
f 1691//1717 1692//1718 1686//1712
f 1691//1717 1686//1712 1685//1711
f 1694//1719 1689//1715 1688//1714
f 1693//1720 1694//1719 1688//1714
f 1550//1576 1690//1716 1695//1721
f 1695//1721 1536//1560 1550//1576
f 1696//1722 1697//1723 1693//1720
f 1696//1722 1693//1720 1692//1718
f 1694//1719 1698//1724 1699//1725
f 1699//1725 1695//1721 1694//1719
f 1700//1726 1701//1727 1696//1722
f 1700//1726 1696//1722 1702//1728
f 1704//1729 1698//1724 1697//1723
f 1703//1730 1704//1729 1697//1723
f 1534//1561 1699//1725 1705//1731
f 1705//1731 1549//1575 1534//1561
f 1565//1591 1703//1730 1701//1727
f 1566//1592 1565//1591 1701//1727
f 1705//1731 1704//1729 1570//1593
f 1570//1593 1569//1596 1705//1731
f 1549//1575 1705//1731 1569//1596
f 1569//1596 1356//1380 1549//1575
f 1703//1730 1565//1591 1570//1593
f 1570//1593 1704//1729 1703//1730
f 1706//1732 1566//1592 1701//1727
f 1706//1732 1701//1727 1700//1726
f 1698//1724 1704//1729 1705//1731
f 1705//1731 1699//1725 1698//1724
f 1701//1727 1703//1730 1697//1723
f 1701//1727 1697//1723 1696//1722
f 1536//1560 1695//1721 1699//1725
f 1699//1725 1534//1561 1536//1560
f 1697//1723 1698//1724 1694//1719
f 1697//1723 1694//1719 1693//1720
f 1696//1722 1692//1718 1691//1717
f 1702//1728 1696//1722 1691//1717
f 1690//1716 1689//1715 1694//1719
f 1694//1719 1695//1721 1690//1716
f 1693//1720 1688//1714 1686//1712
f 1692//1718 1693//1720 1686//1712
f 1683//1709 1689//1715 1690//1716
f 1690//1716 1684//1710 1683//1709
f 1688//1714 1682//1708 1681//1707
f 1686//1712 1688//1714 1681//1707
f 1680//1706 1684//1710 1515//1541
f 1515//1541 1508//1535 1680//1706
f 1682//1708 1683//1709 1679//1705
f 1682//1708 1679//1705 1678//1703
f 1681//1707 1677//1704 1707//1733
f 1687//1713 1681//1707 1707//1733
f 1676//1702 1680//1706 1508//1535
f 1508//1535 1510//1534 1676//1702
f 1679//1705 1675//1701 1674//1700
f 1678//1703 1679//1705 1674//1700
f 1707//1733 1677//1704 1673//1699
f 1707//1733 1673//1699 1672//1698
f 1671//1697 1670//1696 1675//1701
f 1675//1701 1676//1702 1671//1697
f 1674//1700 1669//1695 1667//1692
f 1673//1699 1674//1700 1667//1692
f 1664//1690 1670//1696 1671//1697
f 1671//1697 1665//1691 1664//1690
f 1667//1692 1669//1695 1663//1689
f 1667//1692 1663//1689 1662//1688
f 1482//1509 1661//1687 1665//1691
f 1665//1691 1489//1515 1482//1509
f 1663//1689 1664//1690 1660//1686
f 1663//1689 1660//1686 1659//1685
f 1668//1693 1662//1688 1658//1684
f 1668//1693 1658//1684 1708//1734
f 1484//1508 1657//1683 1661//1687
f 1661//1687 1482//1509 1484//1508
f 1656//1682 1655//1681 1659//1685
f 1659//1685 1660//1686 1656//1682
f 1708//1734 1658//1684 1654//1680
f 1708//1734 1654//1680 1653//1679
f 1651//1677 1656//1682 1657//1683
f 1657//1683 1652//1678 1651//1677
f 1654//1680 1655//1681 1650//1676
f 1654//1680 1650//1676 1648//1674
f 1646//1672 1645//1671 1651//1677
f 1651//1677 1652//1678 1646//1672
f 1650//1676 1644//1669 1643//1670
f 1648//1674 1650//1676 1643//1670
f 1642//1668 1646//1672 1463//1489
f 1463//1489 1456//1483 1642//1668
f 1640//1666 1644//1669 1645//1671
f 1645//1671 1641//1667 1640//1666
f 1649//1675 1643//1670 1639//1665
f 1649//1675 1639//1665 1709//1735
f 1638//1664 1642//1668 1456//1483
f 1456//1483 1458//1482 1638//1664
f 1641//1667 1637//1663 1636//1662
f 1640//1666 1641//1667 1636//1662
f 1709//1735 1639//1665 1635//1661
f 1709//1735 1635//1661 1634//1660
f 1633//1659 1632//1658 1637//1663
f 1637//1663 1638//1664 1633//1659
f 1636//1662 1631//1657 1629//1654
f 1635//1661 1636//1662 1629//1654
f 1626//1652 1632//1658 1633//1659
f 1633//1659 1627//1653 1626//1652
f 1629//1654 1631//1657 1625//1650
f 1629//1654 1625//1650 1624//1651
f 1623//1649 1627//1653 1437//1463
f 1437//1463 1430//1457 1623//1649
f 1621//1646 1625//1650 1626//1652
f 1626//1652 1622//1648 1621//1646
f 1624//1651 1620//1647 1710//1736
f 1630//1655 1624//1651 1710//1736
f 1619//1645 1623//1649 1430//1457
f 1430//1457 1432//1456 1619//1645
f 1622//1648 1618//1644 1617//1643
f 1621//1646 1622//1648 1617//1643
f 1620//1647 1616//1641 1615//1642
f 1710//1736 1620//1647 1615//1642
f 1614//1640 1613//1638 1618//1644
f 1618//1644 1619//1645 1614//1640
f 1617//1643 1612//1639 1610//1635
f 1616//1641 1617//1643 1610//1635
f 1608//1634 1607//1633 1613//1638
f 1613//1638 1614//1640 1608//1634
f 1612//1639 1606//1631 1605//1632
f 1610//1635 1612//1639 1605//1632
f 1604//1630 1608//1634 1411//1437
f 1411//1437 1404//1431 1604//1630
f 1603//1629 1602//1628 1606//1631
f 1606//1631 1607//1633 1603//1629
f 1611//1636 1605//1632 1601//1627
f 1611//1636 1601//1627 1711//1737
f 1600//1626 1604//1630 1404//1431
f 1404//1431 1406//1430 1600//1626
f 1599//1625 1598//1624 1602//1628
f 1602//1628 1603//1629 1599//1625
f 1601//1627 1597//1622 1596//1623
f 1711//1737 1601//1627 1596//1623
f 1594//1620 1599//1625 1600//1626
f 1600//1626 1595//1621 1594//1620
f 1597//1622 1598//1624 1593//1619
f 1597//1622 1593//1619 1591//1617
f 1588//1614 1594//1620 1595//1621
f 1595//1621 1589//1615 1588//1614
f 1591//1617 1593//1619 1587//1613
f 1591//1617 1587//1613 1586//1612
f 1585//1611 1589//1615 1385//1411
f 1385//1411 1378//1405 1585//1611
f 1584//1610 1583//1609 1587//1613
f 1587//1613 1588//1614 1584//1610
f 1586//1612 1582//1608 1712//1738
f 1592//1618 1586//1612 1712//1738
f 1380//1404 1581//1607 1585//1611
f 1585//1611 1378//1405 1380//1404
f 1583//1609 1584//1610 1580//1605
f 1583//1609 1580//1605 1579//1606
f 1582//1608 1578//1604 1577//1603
f 1712//1738 1582//1608 1577//1603
f 1575//1601 1580//1605 1581//1607
f 1581//1607 1576//1602 1575//1601
f 1578//1604 1579//1606 1574//1600
f 1578//1604 1574//1600 1572//1597
f 1568//1595 1567//1594 1575//1601
f 1575//1601 1576//1602 1568//1595
f 1572//1597 1574//1600 1564//1590
f 1572//1597 1564//1590 1563//1589
f 1569//1596 1568//1595 1353//1381
f 1353//1381 1356//1380 1569//1596
f 1564//1590 1567//1594 1570//1593
f 1564//1590 1570//1593 1565//1591
f 1563//1589 1566//1592 1706//1732
f 1573//1598 1563//1589 1706//1732
f 1713//1739 1714//1740 1715//1741
f 1713//1739 1715//1741 1716//1742
f 1717//1743 1573//1598 1706//1732
f 1717//1743 1706//1732 1718//1744
f 1719//1745 1720//1746 1713//1739
f 1719//1745 1713//1739 1721//1747
f 1723//1748 1717//1743 1714//1740
f 1722//1749 1723//1748 1714//1740
f 1725//1750 1720//1746 1719//1745
f 1724//1751 1725//1750 1719//1745
f 1726//1752 1727//1753 1723//1748
f 1726//1752 1723//1748 1722//1749
f 1729//1754 1726//1752 1725//1750
f 1728//1755 1729//1754 1725//1750
f 1712//1738 1577//1603 1727//1753
f 1730//1756 1712//1738 1727//1753
f 1731//1757 1732//1758 1729//1754
f 1731//1757 1729//1754 1728//1755
f 1733//1759 1592//1618 1712//1738
f 1733//1759 1712//1738 1730//1756
f 1734//1760 1735//1761 1731//1757
f 1734//1760 1731//1757 1736//1762
f 1738//1763 1733//1759 1732//1758
f 1737//1764 1738//1763 1732//1758
f 1739//1765 1740//1766 1735//1761
f 1739//1765 1735//1761 1734//1760
f 1742//1767 1738//1763 1737//1764
f 1741//1768 1742//1767 1737//1764
f 1744//1769 1741//1768 1740//1766
f 1743//1770 1744//1769 1740//1766
f 1745//1771 1711//1737 1596//1623
f 1745//1771 1596//1623 1742//1767
f 1747//1772 1744//1769 1743//1770
f 1746//1773 1747//1772 1743//1770
f 1748//1774 1611//1636 1711//1737
f 1748//1774 1711//1737 1745//1771
f 1749//1775 1750//1776 1746//1773
f 1749//1775 1746//1773 1751//1777
f 1752//1778 1753//1779 1748//1774
f 1752//1778 1748//1774 1747//1772
f 1754//1780 1755//1781 1750//1776
f 1754//1780 1750//1776 1749//1775
f 1757//1782 1753//1779 1752//1778
f 1756//1783 1757//1782 1752//1778
f 1758//1784 1759//1785 1756//1783
f 1758//1784 1756//1783 1755//1781
f 1760//1786 1710//1736 1615//1642
f 1760//1786 1615//1642 1757//1782
f 1761//1787 1762//1788 1759//1785
f 1761//1787 1759//1785 1758//1784
f 1763//1789 1630//1655 1710//1736
f 1763//1789 1710//1736 1760//1786
f 1765//1790 1761//1787 1766//1791
f 1764//1792 1765//1790 1766//1791
f 1768//1793 1763//1789 1762//1788
f 1767//1794 1768//1793 1762//1788
f 1769//1795 1770//1796 1765//1790
f 1769//1795 1765//1790 1764//1792
f 1771//1797 1772//1798 1768//1793
f 1771//1797 1768//1793 1767//1794
f 1774//1799 1771//1797 1770//1796
f 1773//1800 1774//1799 1770//1796
f 1775//1801 1709//1735 1634//1660
f 1775//1801 1634//1660 1772//1798
f 1776//1802 1777//1803 1774//1799
f 1776//1802 1774//1799 1773//1800
f 1649//1675 1709//1735 1775//1801
f 1778//1804 1649//1675 1775//1801
f 1780//1805 1776//1802 1781//1806
f 1779//1807 1780//1805 1781//1806
f 1782//1808 1783//1809 1778//1804
f 1782//1808 1778//1804 1777//1803
f 1785//1810 1780//1805 1779//1807
f 1784//1811 1785//1810 1779//1807
f 1786//1812 1787//1813 1783//1809
f 1786//1812 1783//1809 1782//1808
f 1789//1814 1786//1812 1785//1810
f 1788//1815 1789//1814 1785//1810
f 1708//1734 1653//1679 1787//1813
f 1790//1816 1708//1734 1787//1813
f 1791//1817 1792//1818 1789//1814
f 1791//1817 1789//1814 1788//1815
f 1668//1693 1708//1734 1790//1816
f 1793//1819 1668//1693 1790//1816
f 1795//1820 1791//1817 1796//1821
f 1794//1822 1795//1820 1796//1821
f 1797//1823 1798//1824 1793//1819
f 1797//1823 1793//1819 1792//1818
f 1800//1825 1795//1820 1794//1822
f 1799//1826 1800//1825 1794//1822
f 1801//1827 1802//1828 1798//1824
f 1801//1827 1798//1824 1797//1823
f 1803//1829 1804//1830 1801//1827
f 1803//1829 1801//1827 1800//1825
f 1805//1831 1707//1733 1672//1698
f 1805//1831 1672//1698 1802//1828
f 1806//1832 1807//1833 1804//1830
f 1806//1832 1804//1830 1803//1829
f 1687//1713 1707//1733 1805//1831
f 1808//1834 1687//1713 1805//1831
f 1810//1835 1806//1832 1811//1836
f 1809//1837 1810//1835 1811//1836
f 1812//1838 1813//1839 1808//1834
f 1812//1838 1808//1834 1807//1833
f 1815//1840 1810//1835 1809//1837
f 1814//1841 1815//1840 1809//1837
f 1816//1842 1817//1843 1813//1839
f 1816//1842 1813//1839 1812//1838
f 1818//1844 1819//1845 1816//1842
f 1818//1844 1816//1842 1815//1840
f 1820//1846 1702//1728 1691//1717
f 1820//1846 1691//1717 1817//1843
f 1822//1847 1818//1844 1823//1848
f 1821//1849 1822//1847 1823//1848
f 1824//1850 1825//1851 1820//1846
f 1824//1850 1820//1846 1819//1845
f 1826//1852 1716//1742 1822//1847
f 1826//1852 1822//1847 1821//1849
f 1718//1744 1825//1851 1824//1850
f 1715//1741 1718//1744 1824//1850
f 1706//1732 1700//1726 1825//1851
f 1718//1744 1706//1732 1825//1851
f 1715//1741 1824//1850 1822//1847
f 1716//1742 1715//1741 1822//1847
f 1700//1726 1702//1728 1820//1846
f 1825//1851 1700//1726 1820//1846
f 1822//1847 1824//1850 1819//1845
f 1822//1847 1819//1845 1818//1844
f 1820//1846 1817//1843 1816//1842
f 1819//1845 1820//1846 1816//1842
f 1823//1848 1818//1844 1815//1840
f 1823//1848 1815//1840 1814//1841
f 1817//1843 1691//1717 1685//1711
f 1817//1843 1685//1711 1813//1839
f 1815//1840 1816//1842 1812//1838
f 1815//1840 1812//1838 1810//1835
f 1685//1711 1687//1713 1808//1834
f 1813//1839 1685//1711 1808//1834
f 1810//1835 1812//1838 1807//1833
f 1810//1835 1807//1833 1806//1832
f 1807//1833 1808//1834 1805//1831
f 1807//1833 1805//1831 1804//1830
f 1806//1832 1803//1829 1827//1853
f 1811//1836 1806//1832 1827//1853
f 1804//1830 1805//1831 1802//1828
f 1804//1830 1802//1828 1801//1827
f 1803//1829 1800//1825 1799//1826
f 1827//1853 1803//1829 1799//1826
f 1672//1698 1666//1694 1798//1824
f 1802//1828 1672//1698 1798//1824
f 1800//1825 1801//1827 1797//1823
f 1800//1825 1797//1823 1795//1820
f 1666//1694 1668//1693 1793//1819
f 1798//1824 1666//1694 1793//1819
f 1795//1820 1797//1823 1792//1818
f 1795//1820 1792//1818 1791//1817
f 1793//1819 1790//1816 1789//1814
f 1792//1818 1793//1819 1789//1814
f 1791//1817 1788//1815 1828//1854
f 1796//1821 1791//1817 1828//1854
f 1789//1814 1790//1816 1787//1813
f 1789//1814 1787//1813 1786//1812
f 1788//1815 1785//1810 1784//1811
f 1828//1854 1788//1815 1784//1811
f 1653//1679 1647//1673 1783//1809
f 1787//1813 1653//1679 1783//1809
f 1785//1810 1786//1812 1782//1808
f 1785//1810 1782//1808 1780//1805
f 1647//1673 1649//1675 1778//1804
f 1783//1809 1647//1673 1778//1804
f 1782//1808 1777//1803 1776//1802
f 1780//1805 1782//1808 1776//1802
f 1777//1803 1778//1804 1775//1801
f 1777//1803 1775//1801 1774//1799
f 1781//1806 1776//1802 1773//1800
f 1781//1806 1773//1800 1829//1855
f 1775//1801 1772//1798 1771//1797
f 1774//1799 1775//1801 1771//1797
f 1773//1800 1770//1796 1769//1795
f 1829//1855 1773//1800 1769//1795
f 1634//1660 1628//1656 1768//1793
f 1772//1798 1634//1660 1768//1793
f 1770//1796 1771//1797 1767//1794
f 1770//1796 1767//1794 1765//1790
f 1768//1793 1628//1656 1630//1655
f 1768//1793 1630//1655 1763//1789
f 1767//1794 1762//1788 1761//1787
f 1765//1790 1767//1794 1761//1787
f 1763//1789 1760//1786 1759//1785
f 1762//1788 1763//1789 1759//1785
f 1766//1791 1761//1787 1758//1784
f 1766//1791 1758//1784 1830//1856
f 1760//1786 1757//1782 1756//1783
f 1759//1785 1760//1786 1756//1783
f 1830//1856 1758//1784 1755//1781
f 1830//1856 1755//1781 1754//1780
f 1757//1782 1615//1642 1609//1637
f 1757//1782 1609//1637 1753//1779
f 1755//1781 1756//1783 1752//1778
f 1755//1781 1752//1778 1750//1776
f 1753//1779 1609//1637 1611//1636
f 1753//1779 1611//1636 1748//1774
f 1752//1778 1747//1772 1746//1773
f 1750//1776 1752//1778 1746//1773
f 1748//1774 1745//1771 1744//1769
f 1747//1772 1748//1774 1744//1769
f 1751//1777 1746//1773 1743//1770
f 1751//1777 1743//1770 1831//1857
f 1745//1771 1742//1767 1741//1768
f 1744//1769 1745//1771 1741//1768
f 1831//1857 1743//1770 1740//1766
f 1831//1857 1740//1766 1739//1765
f 1742//1767 1596//1623 1590//1616
f 1742//1767 1590//1616 1738//1763
f 1741//1768 1737//1764 1735//1761
f 1740//1766 1741//1768 1735//1761
f 1738//1763 1590//1616 1592//1618
f 1738//1763 1592//1618 1733//1759
f 1737//1764 1732//1758 1731//1757
f 1735//1761 1737//1764 1731//1757
f 1733//1759 1730//1756 1729//1754
f 1732//1758 1733//1759 1729//1754
f 1736//1762 1731//1757 1728//1755
f 1736//1762 1728//1755 1832//1858
f 1729//1754 1730//1756 1727//1753
f 1729//1754 1727//1753 1726//1752
f 1832//1858 1728//1755 1725//1750
f 1832//1858 1725//1750 1724//1751
f 1577//1603 1571//1599 1723//1748
f 1727//1753 1577//1603 1723//1748
f 1726//1752 1722//1749 1720//1746
f 1725//1750 1726//1752 1720//1746
f 1723//1748 1571//1599 1573//1598
f 1723//1748 1573//1598 1717//1743
f 1722//1749 1714//1740 1713//1739
f 1720//1746 1722//1749 1713//1739
f 1714//1740 1717//1743 1718//1744
f 1714//1740 1718//1744 1715//1741
f 1713//1739 1716//1742 1826//1852
f 1721//1747 1713//1739 1826//1852
